{"current":{"favicon":"shopify:\/\/shop_images\/favicon-1_fb2e6828-aa51-4a85-9c76-f6833a5c49ce.png","preloader_enable":true,"preloader":"shopify:\/\/shop_images\/GameX_Preloader.gif","header_font":"montserrat_n4","h1_size":48,"h2_size":36,"h3_size":30,"h4_size":24,"h5_size":22,"h6_size":18,"base_font":"roboto_n4","type_base_size":16,"heading_line_height":1.3,"body_line_height":1.6,"additional_font":"roboto_n4","type_additional_size":48,"custom_font_script_1":"@import url('https:\/\/fonts.googleapis.com\/css2?family=Marcellus&display=swap');","custom_font_family_1":"'Marcellus', serif;","custom_font_script_2":"@import url('https:\/\/fonts.googleapis.com\/css2?family=Roboto:ital,wght@0,100;0,300;0,400;0,500;0,700;0,900;1,100;1,300;1,400;1,500;1,700;1,900&display=swap');","custom_font_family_2":"'Roboto', sans-serif;","custom_font_script_3":"@import url('https:\/\/fonts.googleapis.com\/css2?family=Josefin+Sans:ital,wght@0,100;0,200;0,300;0,400;0,500;0,600;0,700;1,100;1,200;1,300;1,400;1,500;1,600;1,700&display=swap');","custom_font_family_3":"'Josefin Sans', sans-serif;","container_width":1400,"tab_container_width":960,"fullwidth_gap":5,"gutter_width":30,"overall_border_radius":0,"primary_color":"#4f0e0f","secondary_color":"#8f1315","tertiary_color":"#000000","body_bg_color":"#4f0e0f","body_text_color":"#ffffff","overlay_color":"#000000","link_color":"#f7f7f7","link_hover_color":"#D8000C","heading_color":"#ffffff","product_bg_color":"#4f0e0f","product_text_color":"#1a1a1a","product_title_color":"#ffffff","product_title_hover_color":"#D8000C","vendor_color":"#ffffff","button_bg_color":"#8f1315","button_text_color":"#ffffff","button_bg_hover_color":"#000000","button_text_hover_color":"#ffffff","button_border_color":"#ffffff","button_hover_border_color":"#ffffff","button_border_width":0,"button_border_radius":0,"button_padding":"14px 40px 14px 40px","gradient":"linear-gradient(310deg, rgba(17, 189, 251, 1) 15%, rgba(33, 249, 150, 1) 85%)","gradient_hover":"linear-gradient(228deg, rgba(21, 209, 252, 1) 14%, rgba(187, 48, 254, 1) 83%)","blog_bg_color":"#ffffff","blog_link_color":"#8f1315","blog_link_hover_color":"#000000","blog_text_color":"#4f0e0f","blog_icon_color":"#4f0e0f","blog_button_bg_color":"#8f1315","blog_button_text_color":"rgba(0,0,0,0)","blog_button_bg_hover_color":"#000000","blog_button_text_hover_color":"rgba(0,0,0,0)","blog_link_hover_color_overlay":"#D8000C","blog_text_color_overlay":"#ffffff","blog_icon_color_overlay":"#ffffff","blog_button_bg_color_overlay":"#4f0e0f","blog_button_bg_hover_color_overlay":"#000000","blog_border_radius":0,"blog_gutter_width":30,"input_padding":"10px 20px 10px 20px","title_image_enable":false,"title_image":"shopify:\/\/shop_images\/quote-icon-2.png","title_image_position":"place_on_bottom","use_breadcrumb":true,"breadcrumb_image":"shopify:\/\/shop_images\/slider-1.jpg","color_image_overlay":"#8f1315","breadcrumb_text_color":"#ffffff","breadcrumb_text_hover_color":"#D8000C","breadcrumb_style":"center","image_overlay_opacity":3,"breadcrumb_padding_top":70,"breadcrumb_padding_bottom":70,"breadcrumb_margin_bottom":100,"enable_quick_view":false,"meta-lable-style":"one-half","show_product_swatches":true,"show_quick_shop_product_link":true,"show_quick_shop_desc":true,"enable_scroll_to_top":true,"collections_show_sale_circle":true,"collections_show_sold_out_circle":true,"secondary_image_use":true,"offer_price_enable":true,"collections_show_new_circle":true,"display_vendor":true,"truncated_description":false,"excerpt_count":"20","enable_add_cart":true,"item_aignment":"content-left","product_button_style":"button","icon_alignment":"icon-right","enable_compare":false,"enable_wishlist":false,"display_color_variant":true,"display_item_size":true,"product_review":false,"sidebar_width":400,"product_page_sidebar":"full-width","product_sidebar_mobile":false,"collection_sidebar_use":"left-sidebar","collection_sidebar_mobile":false,"blog_page_sidebar":"left-sidebar","blog_sidebar_mobile":false,"sidebar_title_bg":"rgba(0,0,0,0)","sidebar_title_border":"#ba8d69","cart_notes_enable":false,"ajax_cart_method":"drawer","search_grid":"3","search_results_per_page":"8","enable_timer":true,"timer_button_bg":"#ba8d69","social_twitter_link":"#","social_facebook_link":"#","social_pinterest_link":"#","social_google_plus_link":"#","social_instagram_link":"#","social_tumblr_link":"","social_youtube_link":"","social_vimeo_link":"","social_rss_link":"","social_linkedin_link":"","social_sharing_count":true,"share_facebook":true,"share_twitter":true,"share_pinterest":true,"share_google":true,"enable_free_shipping":true,"cart_goal_range":"USD[1000], INR[1192]","text":"Just","text1":"away from Free Shipping","enable_fake_visitors":true,"min_count":10,"max_count":100,"fake_heading":"People are viewing this right now","enable_fake_sales":true,"minqty":10,"maxqty":100,"password_bg_color":"#ffffff","password_bg_img":"shopify:\/\/shop_images\/modern-jewelry-and-accessories-on-display.jpg","password_logo":"shopify:\/\/shop_images\/about-icon-1.png","logo_txt_color":"#000000","pwd_header_color":"#000000","pwd_show_share_buttons":false,"pwd_newsletter_enable":true,"pwd_newsletter_form_heading_clr":"#000000","pwd_newsletter_inpt_bg":"#ffffff","pwd_newsletter_btn_bg":"#8f1315","pwd_newsletter_btn_hoverbg":"#000000","pwd_newsletter_btn_hovertxt":"#ffffff","pwd_placeholder_txt":"#000000","social_title_clr":"#000000","social_icon_clr":"#000000","social__icon_hoverclr":"#000000","checkout_logo_image":"shopify:\/\/shop_images\/gamex-logo-re_4e551976-0420-4319-825c-e910cd7f54ae.png","checkout_logo_position":"center","checkout_logo_size":"small","checkout_body_background_color":"#8f1315","checkout_sidebar_background_color":"#8f1315","checkout_accent_color":"#d9090d","checkout_button_color":"#000000","product_gap":100,"show_wislist":true,"timer":"903710998572@10\/24\/2022_00:00:00","gradient_button_bg_color":"linear-gradient(270deg, rgba(49, 202, 209, 1) 66%, rgba(249, 208, 163, 1) 100%)","sidebar_style":"grid","animae_enable":true,"favicon_enable":true,"enable_collection_sidebar":true,"enable_boxed":true,"breadcrumb_bg_image":true,"boxed_bg_color":"#ce5252","count_down_enable":true,"count_down_collections":true,"home_productdeal_time":"24 May","enable_color_swatch":true,"show_prt_quickview_desc":false,"show_smart_checkout":true,"social_sharing_style":"normal","sections":{"header":{"type":"header","blocks":{"9a293b0b-5169-4de3-b9e6-78bcfd01de73":{"type":"promo_image","disabled":true,"settings":{"mega_1":"Products","mega_columns":"four-column","row_reverse":false,"title_1":"Test","button_1":"click here","link_1":"shopify:\/\/collections","title_2":"","button_2":"","link_2":"","title_3":"","button_3":"","link_3":"","title_4":"","button_4":"","link_4":""}},"57e64a97-4526-462d-a088-892d198fb4ae":{"type":"product","disabled":true,"settings":{"mega_1":"Collections","mega_columns":"four-column","row_reverse":false,"product1":"1-template-default","product2":"3-template-gallery-style","product3":"2-template-carousel-style","product4":"idp-knockout-pink-running-shoes"}},"564c9f11-5d4d-4a8b-b7ca-ef0414753f9c":{"type":"promo_banner","disabled":true,"settings":{"mega_1":"catalog","mega_columns":"four-column","row_reverse":false,"title_1":"","button_1":"","link_1":"","title_2":"","button_2":"","link_2":""}},"80f4e5a7-1dd9-42c2-8c7c-1558f35bd1c2":{"type":"brands","disabled":true,"settings":{"mega_1":"Products","mega_columns":"four-column","row_reverse":false,"link_1":"","link_2":"","link_3":"","link_4":"","link_5":"","link_6":"","link_7":"","link_8":"","link_9":"","link_10":""}}},"block_order":["9a293b0b-5169-4de3-b9e6-78bcfd01de73","57e64a97-4526-462d-a088-892d198fb4ae","564c9f11-5d4d-4a8b-b7ca-ef0414753f9c","80f4e5a7-1dd9-42c2-8c7c-1558f35bd1c2"],"settings":{"full":false,"spacing_both_ends":true,"use_sticky_header":true,"use_sticky_mobile":true,"transparent_header":false,"show_announcement":true,"hide_announcement_mobile":true,"home_page_only":true,"bg_color":"#000000","text_color":"#ffffff","text_hover_color":"#d9090d","text":"<p>Save an extra 10% on almost everything & enjoy free shipping every day. <a href=\"\/collections\" title=\"All collections\">Join plum PLUS<\/a><\/p>","announcement_height":50,"topbar_bg":"#8f1315","disable_topbar":true,"disable_topbar_mobile":true,"header_mail":"","header_phone":"","header_contact":"#ffffff","header_contact_hover":"#ffffff","logo":"shopify:\/\/shop_images\/Game-X-logo-design_f06d057d-3a48-4fd6-9523-f18c92afcaac.png","logo_max_width":205,"menu_align":"menu_bottom","show_mobile_as_default":false,"mobile_screen_width":"1200","show_header_social":true,"search_type":"search-box","enable_predictive_search":true,"social_icon_color":"#ffffff","social_icon_hover_color":"#d9090d","social_icon_bg":"rgba(0,0,0,0)","social_icon_hover_bg":"rgba(0,0,0,0)","show_account":false,"show_header_cart":true,"show_header_wishlist":false,"show_header_compare":false,"icon_color":"#ffffff","icon_hover_color":"#ffffff","icon_bg":"rgba(0,0,0,0)","icon_hover_bg":"rgba(0,0,0,0)","enable_menu_indicator":true,"pick_menu":"main-menu","show_secondary_menu":false,"secondary_menu":"","header_bg":"#4f0e0f","menu_color":"#f7f7f7","menu_active_color":"#d9090d","menu_active_bg":"rgba(0,0,0,0)","mega_menu_bg":"#561a1b","submenu_color":"#ffffff","submenu_hover_color":"#d9090d","menu_bottom_bg":"#4f0e0f","menu_bottom_border":"#f3eeeb","font_size":18,"font_size_sub":18,"show_header_currency":false,"enable_sale":false,"sale_txt":"Sale","sale_tags":"Collections","enable_new":false,"new_txt":"New","new_tags":"Pages","enable_hot":true,"hot_txt":"Hot","hot_tags":"Products"}},"modal-newsletter":{"type":"modal-newsletter","settings":{"enable_newsletter_modal":true,"modal_popup_width":"730px","dt_sc_cookie-expires":4,"dt_sc_cookie-modal-delay":"1000","overlay_background_color":"#1d0a0a","overlay_background_transparency":"1","block_text_align":"text-start","dt_sc_modal_bg_image":"shopify:\/\/shop_images\/abo01.jpg","enable_overlay":true,"background_color":"#e9e9e9","overlay_transparency":"0.75","form_style":"style-6","form_gap":"15px","dt_sc_cookie_sub_title":"Huge Discount","dt_sc_cookie-modal-title":"GET <span>10%<\/span> OFF","dt_sc_cookie-modal-content":"Subscribe now and receive a discount on your first order","dt_sc_newsletter_additional_content":"Signup for exclusive updates","enable_social_icon":true,"section_title_color":"#000000","section_sub_title_color":"#000000","form_bg":"#ffffff","button_bg_color":"","button_text_color":"","button_hover_bg_color":"","button_hover_text_color":"","additional_text_color":"","social_icon_color":"","social_icon_hover_color":"#8f1315"}},"product-recommendations":{"type":"product-recommendations","settings":{"show_product_recommendations":true,"heading":"Recommended products","heading_position":"text-center"}},"footer":{"type":"footer","blocks":{"f377e467-c774-4b97-ae28-934bb0363f0b":{"type":"address","settings":{"title":"","footer_address":"No: 58 A, East Madison Street,\nBaltimore, MD, USA 4508.","footer_contact_no":"0000 - 123 - 456789","office_hours":"","footer_contact_id":"info@example.com","address_image":true,"address_logo":"shopify:\/\/shop_images\/Game-X-logo-design_00f2b5d0-4e34-46c5-9bcf-b070555ca7db.png","address_logo_height":160,"container_width":20,"column_alignment":"text-start"}},"28a557d9-cccb-40c8-a425-5693a91b930e":{"type":"menu","settings":{"title":"info","menu":"footer","container_width":19,"column_alignment":"text-start","footer_menu_style":"vertical"}},"ce24b8c6-1695-4e7c-91f5-8ba0e15fe943":{"type":"menu","settings":{"title":"our services","menu":"our-services","container_width":19,"column_alignment":"text-start","footer_menu_style":"vertical"}},"c51b8d84-4d5e-4615-a17a-63fbcfac93ef":{"type":"menu","settings":{"title":"support","menu":"support","container_width":18,"column_alignment":"text-start","footer_menu_style":"vertical"}},"0def0ac3-069f-4fc2-9961-110b54c7fc42":{"type":"blog","settings":{"title":"our blog","blog":"our-blog","post_limit":3,"blog_show_excerpt":false,"blog_show_date":true,"blog_show_comment":true,"container_width":24,"column_alignment":"text-start"}},"9bc53cec-d4e6-4497-8941-473f3c12e5a2":{"type":"social","settings":{"title":"","container_width":100,"column_alignment":"text-center"}}},"block_order":["f377e467-c774-4b97-ae28-934bb0363f0b","28a557d9-cccb-40c8-a425-5693a91b930e","ce24b8c6-1695-4e7c-91f5-8ba0e15fe943","c51b8d84-4d5e-4615-a17a-63fbcfac93ef","0def0ac3-069f-4fc2-9961-110b54c7fc42","9bc53cec-d4e6-4497-8941-473f3c12e5a2"],"settings":{"full":true,"spacing_both_ends":true,"padding":"100,20","top_space":70,"footer_bg_clr":"#8f1315","color_opacity":1,"footer_bg_img":false,"segmented_bg_clr":"#8f1315","show_footer_title":true,"footer_heading_clr":"#ffffff","footer_txt_clr":"#ffffff","footer_link_clr":"#ffffff","footer_link_hover_clr":"#D8000C","footer__bottom_bg":"#8f1315","footer_color":"#ffffff","footer_link_hover":"#1a1a1a","color_borders":"#a34042","show_payment_icons":true,"show_copyright":true,"show_social":true,"social_placement":"default","social_style":"inline","newsletter_placement":"default","payment_placement":"default","enable_inline_footer_menu":false,"footer":"footer","copyright_text":"Design Themes","copyright_link":"#","copyright_link_color":"#ffffff","copyright_link_color_hover":"#D8000C"}},"gdpr-cookies":{"type":"gdpr-cookies","settings":{"show_gdpr":true,"style":"right","enable_box_shadow":false,"text":"Please click Accept Cookies to continue to use the site.","accept":"Accept","decline":"Decline","bg_color":"#4f0e0f","text_color":"#ffffff","button_bg_color":"#8f1315","button_text_color":"#ffffff","button_text_hover_color":"#ffffff","button_bg_hover_color":"#000000","button_padding":"6px 20px"}},"related-products":{"type":"related-products","settings":{"show_related_products":true,"title":"Related products","heading_position":"text-center","grid":"5","rows":"1","enable_slider":true,"enable_auto_height":true,"autoplay":true,"pagination":false,"carousel_pagination_alignment":"center_pagination","carousel_pagination_bottom_alignment":"inside_element","navigation":true,"nav_arrow_position":"navigation-bottom-center","center_nav_arrow_alignment":"inside_container","navigation_button_color":"#ba8d69","navigation_button_icon_color":"#ffffff","navigation_button_hover_color":"#7d583b","navigation_button_hover_icon_color":"#ffffff","navigation_dot_color":"#ba8d69","navigation_dot_active_color":"#7d583b","column_gap":"30"}},"recently-viewed-products":{"type":"recently-viewed-products","settings":{"show_product_recently":true,"title":"Recently viewed products","heading_position":"text-center","items_to_show":"4"}},"customer-purchased":{"type":"customer-purchased","blocks":{"a99cf698-9b20-4fae-b092-53ec06ddc104":{"type":"image","settings":{"product":"aggro-gaming","from":"Texas, US","time":"10 minutes ago"}},"9d66bd40-a2ec-4683-a573-704c38a7a0e9":{"type":"image","settings":{"product":"fire-gaming","from":"Newyork, US","time":"45 minutes ago"}},"230b0ecb-020f-4c39-bf47-52b587056412":{"type":"image","settings":{"product":"master-gaming","from":"Chennai, India","time":"19 minutes ago"}},"8dbb4b4f-d9ca-4553-b804-4271607154ff":{"type":"image","settings":{"product":"oneup-gaming","from":"Sydney, Australia","time":"27 minutes ago"}}},"block_order":["a99cf698-9b20-4fae-b092-53ec06ddc104","9d66bd40-a2ec-4683-a573-704c38a7a0e9","230b0ecb-020f-4c39-bf47-52b587056412","8dbb4b4f-d9ca-4553-b804-4271607154ff"],"settings":{"display_recent_purchase":true,"placement":"left","text":"Someone recently bought"}},"home-featured-product":{"type":"home-featured-product","settings":{"featured_product":"1-template-default","gallery_type":"thumbnails_horizontal","enable_zoom":true,"enable_video_looping":true,"show_variants_swatches":true,"show_product_vendor":true,"show_product_type":true,"show_product_sku":true,"show_product_quantity":true,"display_back_in_stock":true,"show_quantity_selector":true,"show_checkout":true}},"contact":{"type":"contact","settings":{"full":false,"spacing_both_ends":false,"padding":"10,10","margin":"0,0","section_heading":"Contact us","section_sub_heading":"Sub Heading","section_description":"Use this text to share the information which you like!.","section_button_text":"","section_heading_color":"","section_sub_heading_color":"","section_description_color":"","section_button_bg_color":"","section_button_text_color":"","section_button_hover_bg_color":"","section_button_hover_text_color":"","heading_position":"text-center","contact_layout":"left_iconblock_form_inline","enable_gmap":true,"contact_iframe_code":"<iframe width=\"1920\" height=\"578\" style=\"border:0;overflow:hidden;\" src=\"https:\/\/maps.google.co.in\/?ie=UTF8&t=m&ll=-37.823006,144.977388&spn=0.02034,0.042915&z=14&output=embed\"><\/iframe>","enable_contact_info":true,"contactborder_color":"","contact_hvrborder_color":"","icontactheading_color":"","contacticon_bg_color":"","contacticon_color":"","contacticon_hoverbg_color":"","contacticonhover_color":"","contact_phone":true,"contact_module_contact_phonetitle":"Phone","contact_icon_1":"fa fa-phone","contact_phone1":"<b>Toll-Free: <\/b> 0803 - 080 - 3081","contact_phone2":"<b>Fax: <\/b> 0803 - 080 - 3082","contact_module_email":true,"contact_module_contact_title":"Email","contact_icon_2":"fa fa-envelope","contact_module_email1":"mail@example.com","contact_module_email2":"support@somemail.com","contact_module_address":true,"contact_module_address_title":"Address","contact_icon_3":"fa fa-location-arrow","contact_module_address1":"No: 58 A, East Madison Street,","contact_module_address2":"Baltimore, MD, USA\n4508","enable_contact_form":true,"contact_form_title":"Contact Form"}},"password-header":{"type":"password-header","settings":{}},"password-content":{"type":"password-content","settings":{}},"password-footer":{"type":"password-footer","settings":{}},"inner-page-overlay-section":{"type":"inner-page-overlay-section","blocks":{"0a08a964-6d51-4d48-af43-5b23545eb901":{"type":"content","settings":{"image":"shopify:\/\/shop_images\/woman-in-park-afternoon.jpeg","title":"Heading","sub_title":"Sub Heading","text":"Sed vestibulum nulla elementum auctor tincidunt. Aliquam sit amet cursus mauris. Sed vitae mattis ipsum. Vestibulum enim nulla, sollicitudin ac hendrerit nec, tempor quis nisl"}},"4145683e-7576-418c-b041-39a1c7aef9eb":{"type":"content","settings":{"image":"shopify:\/\/shop_images\/woman-in-park-afternoon.jpeg","title":"Heading","sub_title":"Sub Heading","text":"Sed vestibulum nulla elementum auctor tincidunt. Aliquam sit amet cursus mauris. Sed vitae mattis ipsum. Vestibulum enim nulla, sollicitudin ac hendrerit nec, tempor quis nisl"}}},"block_order":["0a08a964-6d51-4d48-af43-5b23545eb901","4145683e-7576-418c-b041-39a1c7aef9eb"],"settings":{"enable":true,"full":false,"spacing_both_ends":false,"padding":"10,10","margin":"0,0","show_background_image":false,"background_style":"default","enable_overlay":false,"background_color":"","overlay_transparency":"0.5","section_heading":"inner-page overlay section","section_sub_heading":"Sub Heading","section_description":"Use this text to share the information which you like!.","section_button_text":"","section_button_link":"","section_heading_color":"","section_sub_heading_color":"","section_description_color":"","section_button_bg_color":"","section_button_text_color":"","section_button_hover_bg_color":"","section_button_hover_text_color":"","heading_position":"text-center","grid":"5","overlay_style_height":600,"overlay_style_height_laptop":500,"overlay_style_height_mobile":400,"block_bg":"","block_heading_color":"","block_sub_heading_color":"","block_description_color":""}},"inner-page-masonary-overlay-section":{"type":"inner-page-masonary-overlay-section","blocks":{"3c4117f4-c21a-4f52-b622-56ed5fd1bdb8":{"type":"content","settings":{"image":"shopify:\/\/shop_images\/woman-in-park-afternoon.jpeg","title":"Heading","sub_title":"Sub Heading","text":"Sed vestibulum nulla elementum auctor tincidunt. Aliquam sit amet cursus mauris. Sed vitae mattis ipsum. Vestibulum enim nulla, sollicitudin ac hendrerit nec, tempor quis nisl"}},"dbf69147-888d-49b5-8d79-231c07f09f08":{"type":"content","settings":{"image":"shopify:\/\/shop_images\/woman-in-park-afternoon.jpeg","title":"Heading","sub_title":"Sub Heading","text":"Sed vestibulum nulla elementum auctor tincidunt. Aliquam sit amet cursus mauris. Sed vitae mattis ipsum. Vestibulum enim nulla, sollicitudin ac hendrerit nec, tempor quis nisl"}}},"block_order":["3c4117f4-c21a-4f52-b622-56ed5fd1bdb8","dbf69147-888d-49b5-8d79-231c07f09f08"],"settings":{"enable":true,"full":false,"spacing_both_ends":false,"padding":"100,100","margin":"100,100","show_background_image":false,"background_style":"default","enable_overlay":true,"background_color":"#ba8d69","overlay_transparency":"0.1","section_heading":"inner-page overlay section","section_sub_heading":"Sub Heading","section_description":"Use this text to share the information which you like!.","section_button_text":"","section_button_link":"","section_heading_color":"","section_sub_heading_color":"","section_description_color":"","section_button_bg_color":"","section_button_text_color":"","section_button_hover_bg_color":"","section_button_hover_text_color":"","heading_position":"text-center","primary_image":"shopify:\/\/shop_images\/woman-in-park-afternoon.jpeg","primary_title":"Title","primary_sub_title":"Sub title","primary_description":"Short description","primary_button_text":"","primary_button_link":"","main_banner_height":600,"main_banner_height_lap":550,"main_banner_height_tab":500,"main_banner_height_mobile":450,"block_bg":"","block_heading_color":"","block_sub_heading_color":"","block_description_color":"","primary_button_bg_color":"","primary_button_text_color":"","primary_button_hover_bg_color":"","primary_button_hover_text_color":""}},"inner-page-partial-overlay-section":{"type":"inner-page-partial-overlay-section","blocks":{"f9247685-5350-46d3-ba87-7c3f753f1be1":{"type":"content","settings":{"image":"shopify:\/\/shop_images\/woman-in-park-afternoon.jpeg","font_icon":"fa fa-lightbulb-o","title":"Heading","text":"Sed vestibulum nulla elementum auctor tincidunt. Aliquam sit amet cursus mauris. Sed vitae mattis ipsum. Vestibulum enim nulla, sollicitudin ac hendrerit nec, tempor quis nisl","price":"$10.99","text_align":"content-left"}},"a6789bfc-6408-46b6-9b7e-a3bbdecfb7d4":{"type":"content","settings":{"image":"shopify:\/\/shop_images\/woman-in-park-afternoon.jpeg","font_icon":"fa fa-lightbulb-o","title":"Heading","text":"Sed vestibulum nulla elementum auctor tincidunt. Aliquam sit amet cursus mauris. Sed vitae mattis ipsum. Vestibulum enim nulla, sollicitudin ac hendrerit nec, tempor quis nisl","price":"$10.99","text_align":"content-left"}},"23739f70-e743-4a3f-9a1f-e919ceafe6b1":{"type":"content","settings":{"image":"shopify:\/\/shop_images\/woman-in-park-afternoon.jpeg","font_icon":"fa fa-lightbulb-o","title":"Heading","text":"Sed vestibulum nulla elementum auctor tincidunt. Aliquam sit amet cursus mauris. Sed vitae mattis ipsum. Vestibulum enim nulla, sollicitudin ac hendrerit nec, tempor quis nisl","price":"$10.99","text_align":"content-right"}},"a21f3c7a-5ff1-4ee9-bc1b-9dfc25ff4045":{"type":"content","settings":{"image":"shopify:\/\/shop_images\/woman-in-park-afternoon.jpeg","font_icon":"fa fa-lightbulb-o","title":"Heading","text":"Sed vestibulum nulla elementum auctor tincidunt. Aliquam sit amet cursus mauris. Sed vitae mattis ipsum. Vestibulum enim nulla, sollicitudin ac hendrerit nec, tempor quis nisl","price":"$10.99","text_align":"content-right"}}},"block_order":["f9247685-5350-46d3-ba87-7c3f753f1be1","a6789bfc-6408-46b6-9b7e-a3bbdecfb7d4","23739f70-e743-4a3f-9a1f-e919ceafe6b1","a21f3c7a-5ff1-4ee9-bc1b-9dfc25ff4045"],"settings":{"enable":true,"full":false,"spacing_both_ends":false,"padding":"10,10","margin":"0,0","show_background_image":false,"background_style":"default","enable_overlay":false,"background_color":"","overlay_transparency":"0.5","section_heading":"inner-page partial overlay section","section_sub_heading":"Sub Heading","section_description":"Use this text to share the information which you like!.","section_button_text":"","section_button_link":"","section_heading_color":"","section_sub_heading_color":"","section_description_color":"","section_button_bg_color":"","section_button_text_color":"","section_button_hover_bg_color":"","section_button_hover_text_color":"","heading_position":"text-center","grid":"2","overlay_style_height":500,"overlay_style_height_laptop":550,"overlay_style_height_tab":600,"overlay_style_height_mobile":650,"block_bg":"","block_heading_color":"","block_description_color":"","block_price_bg_color":"","block_price_color":"","block_icon_color":"","block_icon_bg_color":""}},"inner-page-list-with-image-section":{"type":"inner-page-list-with-image-section","blocks":{"db918014-b52f-40ba-a490-e373871cdd31":{"type":"content","settings":{"sub_title":"Extreme Performance"}},"a622fd04-6936-4748-9677-545e085429a7":{"type":"content","settings":{"sub_title":"Extreme Performance"}},"771569b2-c0bb-475f-b048-fe9918f013fe":{"type":"content","settings":{"sub_title":"Extreme Performance"}},"ef2ce8e6-c6cf-46dd-aa6d-87d4d3ec8dfd":{"type":"content","settings":{"sub_title":"Extreme Performance"}},"e9dd0b5a-6569-4fd5-a441-0206d1d6e4d1":{"type":"content","settings":{"sub_title":"Extreme Performance"}}},"block_order":["db918014-b52f-40ba-a490-e373871cdd31","a622fd04-6936-4748-9677-545e085429a7","771569b2-c0bb-475f-b048-fe9918f013fe","ef2ce8e6-c6cf-46dd-aa6d-87d4d3ec8dfd","e9dd0b5a-6569-4fd5-a441-0206d1d6e4d1"],"settings":{"enable":true,"full":false,"spacing_both_ends":false,"padding":"100,100","margin":"100,100","show_background_image":false,"background_style":"default","enable_overlay":true,"background_color":"","overlay_transparency":"0.1","section_heading":"List with image section","section_sub_heading":"Sub Heading","section_description":"Use this text to share the information which you like!.","section_button_text":"","section_button_link":"","section_heading_color":"","section_sub_heading_color":"","section_description_color":"","section_button_bg_color":"","section_button_text_color":"","section_button_hover_bg_color":"","section_button_hover_text_color":"","heading_position":"text-center","middle_image":"shopify:\/\/shop_images\/woman-in-park-afternoon.jpeg","title":"Heading","text":"Sed vestibulum nulla elementum auctor tincidunt. Aliquam sit amet cursus mauris. Sed vitae mattis ipsum. Vestibulum enim nulla, sollicitudin ac hendrerit nec, tempor quis nisl","block_heading_color":"","block_description_color":"","block_list_icon_color":"","block_list_color":""}},"inner-page-content-with-image-section":{"type":"inner-page-content-with-image-section","blocks":{"eca2e29f-66b5-4161-a1a9-c2d3c01af5a5":{"type":"content","settings":{"image":"shopify:\/\/shop_images\/woman-in-park-afternoon.jpeg","font_icon":"fa fa-lightbulb-o","title":"Heading","text":"Sed vestibulum nulla elementum auctor tincidunt. Aliquam sit amet cursus mauris. Sed vitae mattis ipsum. Vestibulum enim nulla, sollicitudin ac hendrerit nec, tempor quis nisl","reverse_column":false}},"4bdd8e8a-ef7f-4ad9-9d8a-d5fd43d8383d":{"type":"content","settings":{"image":"shopify:\/\/shop_images\/hotspot-image.jpg","font_icon":"fa fa-lightbulb-o","title":"Heading","text":"Sed vestibulum nulla elementum auctor tincidunt. Aliquam sit amet cursus mauris. Sed vitae mattis ipsum. Vestibulum enim nulla, sollicitudin ac hendrerit nec, tempor quis nisl","reverse_column":true}},"935a8cd4-eac1-44a8-a002-ad2872f4709e":{"type":"content","settings":{"image":"shopify:\/\/shop_images\/grocery-shelves-with-food.jpg","font_icon":"fa fa-lightbulb-o","title":"Heading","text":"Sed vestibulum nulla elementum auctor tincidunt. Aliquam sit amet cursus mauris. Sed vitae mattis ipsum. Vestibulum enim nulla, sollicitudin ac hendrerit nec, tempor quis nisl","reverse_column":false}}},"block_order":["eca2e29f-66b5-4161-a1a9-c2d3c01af5a5","4bdd8e8a-ef7f-4ad9-9d8a-d5fd43d8383d","935a8cd4-eac1-44a8-a002-ad2872f4709e"],"settings":{"enable":true,"full":false,"spacing_both_ends":false,"padding":"10,10","margin":"0,0","show_background_image":false,"background_style":"default","enable_overlay":false,"background_color":"","overlay_transparency":"0.5","section_heading":"List with image section 2","section_sub_heading":"Sub Heading","section_description":"Use this text to share the information which you like!.","section_button_text":"","section_button_link":"","section_heading_color":"","section_sub_heading_color":"","section_description_color":"","section_button_bg_color":"","section_button_text_color":"","section_button_hover_bg_color":"","section_button_hover_text_color":"","heading_position":"text-center","block_bg_image":"shopify:\/\/shop_images\/pattern-leaf.png","block_bg":"","block_heading_color":"","block_description_color":"","block_icon_color":""}},"inner-page-image-with-icon-section":{"type":"inner-page-image-with-icon-section","blocks":{"ce7b5ad3-875e-4a77-bf80-b4c716a46f90":{"type":"content","settings":{"font_icon":"fa fa-lightbulb-o","title":"Heading","text":"Sed vestibulum nulla elementum auctor tincidunt. Aliquam sit amet cursus mauris. Sed vitae mattis ipsum. Vestibulum enim nulla, sollicitudin ac hendrerit nec, tempor quis nisl"}},"17993132-11fc-4ee6-baaa-71cee23aa200":{"type":"content","settings":{"font_icon":"fa fa-lightbulb-o","title":"Heading","text":"Sed vestibulum nulla elementum auctor tincidunt. Aliquam sit amet cursus mauris. Sed vitae mattis ipsum. Vestibulum enim nulla, sollicitudin ac hendrerit nec, tempor quis nisl"}},"ce38b171-7135-4dfe-93e3-81fba7225e2a":{"type":"content","settings":{"font_icon":"fa fa-lightbulb-o","title":"Heading","text":"Sed vestibulum nulla elementum auctor tincidunt. Aliquam sit amet cursus mauris. Sed vitae mattis ipsum. Vestibulum enim nulla, sollicitudin ac hendrerit nec, tempor quis nisl"}}},"block_order":["ce7b5ad3-875e-4a77-bf80-b4c716a46f90","17993132-11fc-4ee6-baaa-71cee23aa200","ce38b171-7135-4dfe-93e3-81fba7225e2a"],"settings":{"enable":true,"full":false,"spacing_both_ends":false,"padding":"100,100","margin":"100,100","show_background_image":false,"background_style":"default","enable_overlay":true,"background_color":"","overlay_transparency":"0.1","section_heading":"Image with icon section","section_sub_heading":"Sub Heading","section_description":"Use this text to share the information which you like!.","section_button_text":"","section_button_link":"","section_heading_color":"","section_sub_heading_color":"","section_description_color":"","section_button_bg_color":"","section_button_text_color":"","section_button_hover_bg_color":"","section_button_hover_text_color":"","heading_position":"text-center","grid":"3","image":"shopify:\/\/shop_images\/woman-in-park-afternoon.jpeg","block_heading_color":"","block_description_color":"","block_icon_bg_color":"","block_icon_color":"","block_icon_bg_hover_color":"","block_icon_hover_color":""}},"inner-page-image-with-icon-section-type-2":{"type":"inner-page-image-with-icon-section-type-2","blocks":{"5ff26465-8491-4577-bc08-08762ac3cabc":{"type":"content","settings":{"font_icon":"fa fa-lightbulb-o","title":"Heading","text":"Sed vestibulum nulla elementum auctor tincidunt. Aliquam sit amet cursus mauris. Sed vitae mattis ipsum. Vestibulum enim nulla, sollicitudin ac hendrerit nec, tempor quis nisl"}},"f23db09e-9afd-441a-ae13-d7b5996ca327":{"type":"content","settings":{"font_icon":"fa fa-lightbulb-o","title":"Heading","text":"Sed vestibulum nulla elementum auctor tincidunt. Aliquam sit amet cursus mauris. Sed vitae mattis ipsum. Vestibulum enim nulla, sollicitudin ac hendrerit nec, tempor quis nisl"}},"4935a70f-cefe-483d-98eb-70636ede9f91":{"type":"content","settings":{"font_icon":"fa fa-lightbulb-o","title":"Heading","text":"Sed vestibulum nulla elementum auctor tincidunt. Aliquam sit amet cursus mauris. Sed vitae mattis ipsum. Vestibulum enim nulla, sollicitudin ac hendrerit nec, tempor quis nisl"}}},"block_order":["5ff26465-8491-4577-bc08-08762ac3cabc","f23db09e-9afd-441a-ae13-d7b5996ca327","4935a70f-cefe-483d-98eb-70636ede9f91"],"settings":{"enable":true,"full":false,"spacing_both_ends":false,"padding":"10,10","margin":"0,0","show_background_image":false,"background_style":"default","enable_overlay":false,"background_color":"","overlay_transparency":"0.5","section_heading":"Image with icon section type 2","section_sub_heading":"Sub Heading","section_description":"Use this text to share the information which you like!.","section_button_text":"","section_button_link":"","section_heading_color":"","section_sub_heading_color":"","section_description_color":"","section_button_bg_color":"","section_button_text_color":"","section_button_hover_bg_color":"","section_button_hover_text_color":"","heading_position":"text-center","image":"shopify:\/\/shop_images\/woman-in-park-afternoon.jpeg","main_title":"Heading","sub_title":"Sed vestibulum nulla elementum auctor tincidunt. Aliquam sit amet cursus mauris. Sed vitae mattis ipsum.","block_heading_color":"","block_description_color":"","block_icon_bg_color":"","block_icon_color":"","block_icon_bg_hover_color":"","block_icon_hover_color":""}},"inner-page-icon-text-section":{"type":"inner-page-icon-text-section","blocks":{"6ed4671d-4f64-4b0a-8ae1-44c5a48376e6":{"type":"content","settings":{"image":"shopify:\/\/shop_images\/brand-5.png","title":"Heading","text":"Sed vestibulum nulla elementum auctor tincidunt aliquam sit amet cursus mauris"}},"78019ec0-73ac-4457-bf6e-38479870a3a6":{"type":"content","settings":{"image":"shopify:\/\/shop_images\/brand-3.png","title":"Heading","text":"Sed vestibulum nulla elementum auctor tincidunt aliquam sit amet cursus mauris"}},"ae79a7c3-9e0a-4ba0-8f69-0fd82e92ec79":{"type":"content","settings":{"image":"shopify:\/\/shop_images\/brand-4.png","title":"Heading","text":"Sed vestibulum nulla elementum auctor tincidunt aliquam sit amet cursus mauris"}},"6791cdc7-7e64-475c-b321-9566ca5e4f82":{"type":"content","settings":{"image":"shopify:\/\/shop_images\/brand-6.png","title":"Heading","text":"Sed vestibulum nulla elementum auctor tincidunt aliquam sit amet cursus mauris"}}},"block_order":["6ed4671d-4f64-4b0a-8ae1-44c5a48376e6","78019ec0-73ac-4457-bf6e-38479870a3a6","ae79a7c3-9e0a-4ba0-8f69-0fd82e92ec79","6791cdc7-7e64-475c-b321-9566ca5e4f82"],"settings":{"enable":true,"full":false,"spacing_both_ends":false,"padding":"100,100","margin":"100,100","background_image":"shopify:\/\/shop_images\/place.jpg","show_background_image":true,"background_style":"default","enable_overlay":true,"background_color":"","overlay_transparency":"0.1","section_heading":"Icon with text","section_sub_heading":"Sub Heading","section_description":"Use this text to share the information which you like!.","section_button_text":"","section_button_link":"","section_heading_color":"","section_sub_heading_color":"","section_description_color":"","section_button_bg_color":"","section_button_text_color":"","section_button_hover_bg_color":"","section_button_hover_text_color":"","heading_position":"text-center","column":"four-column","block_heading_color":"","block_description_color":"","block_image_bg_color":"","block_image_bg_hover_color":""}},"inner-page-team-section":{"type":"inner-page-team-section","blocks":{"87423189-7920-4045-99e2-148c25a11979":{"type":"content","settings":{"image":"shopify:\/\/shop_images\/support-block-image.jpg","name":"Name","designation":"Customer support","facebook":"#","twitter":"#","pinterest":"#","youtube":"#"}},"8e98ff50-12a4-4169-8919-91f92bd960a3":{"type":"content","settings":{"image":"shopify:\/\/shop_images\/support-block-image.jpg","name":"Name","designation":"Customer support","facebook":"#","twitter":"#","pinterest":"#","youtube":"#"}},"af12c133-f72e-4a02-a6a1-e161127752eb":{"type":"content","settings":{"image":"shopify:\/\/shop_images\/support-block-image.jpg","name":"Name","designation":"Customer support","facebook":"#","twitter":"#","pinterest":"#","youtube":"#"}},"1568878c-641d-4f2b-8110-53208a8b8555":{"type":"content","settings":{"image":"shopify:\/\/shop_images\/support-block-image.jpg","name":"Name","designation":"Customer support","facebook":"#","twitter":"#","pinterest":"#","youtube":"#"}}},"block_order":["87423189-7920-4045-99e2-148c25a11979","8e98ff50-12a4-4169-8919-91f92bd960a3","af12c133-f72e-4a02-a6a1-e161127752eb","1568878c-641d-4f2b-8110-53208a8b8555"],"settings":{"enable":true,"full":false,"spacing_both_ends":false,"padding":"10,10","margin":"0,0","show_background_image":false,"background_style":"default","enable_overlay":false,"background_color":"","overlay_transparency":"0.5","section_heading":"inner-page our team","section_sub_heading":"Sub Heading","section_description":"Use this text to share the information which you like!.","section_button_text":"","section_button_link":"","section_heading_color":"","section_sub_heading_color":"","section_description_color":"","section_button_bg_color":"","section_button_text_color":"","section_button_hover_bg_color":"","section_button_hover_text_color":"","heading_position":"text-center","column":"four-column","block_heading_color":"","block_designation_color":"","block_bg":"","block_social_icon_bg_color":"","block_social_icon_color":"","block_social_icon_hover_bg_color":"","block_social_icon_hover_color":""}},"inner-page-info-box-section":{"type":"inner-page-info-box-section","settings":{"enable":true,"full":false,"spacing_both_ends":false,"padding":"100,100","margin":"100,100","show_background_image":false,"background_style":"default","enable_overlay":true,"background_color":"","overlay_transparency":"0.1","section_heading":"Custom Info Box","section_sub_heading":"Sub Heading","section_description":"Use this text to share the information which you like!.","section_button_text":"","section_button_link":"","section_heading_color":"","section_sub_heading_color":"","section_description_color":"","section_button_bg_color":"","section_button_text_color":"","section_button_hover_bg_color":"","section_button_hover_text_color":"","heading_position":"text-center","heading":"Join Us :","sub_heading":"let's get our hands dirty","text":"Etiam sit amet orci eget eros faucibus tincidunt. Duis leo. Sed fringilla mauris sit amet nibh. Donec sodales sagittis magna.","button_text":"Shop Now","button_link":"shopify:\/\/collections","block_bg":"","block_border":"","block_heading_color":"","block_sub_heading_color":"","block_description_color":"","block_button_bg_color":"","block_button_text_color":"","block_button_hover_bg_color":"","block_button_hover_text_color":""}},"inner-page-icon-box-section":{"type":"inner-page-icon-box-section","blocks":{"3ed109fc-5e30-443a-a0da-1cf7c1061261":{"type":"content","settings":{"font_icon":"fa fa-lightbulb-o","title":"Heading","text":"Sed vestibulum nulla elementum auctor tincidunt. Aliquam sit amet cursus mauris. Sed vitae mattis ipsum. Vestibulum enim nulla, sollicitudin ac hendrerit nec, tempor quis nisl","reverse_column":false}},"0e21e84e-d959-492e-a039-930f1a6fb3cc":{"type":"content","settings":{"font_icon":"fa fa-lightbulb-o","title":"Heading","text":"Sed vestibulum nulla elementum auctor tincidunt. Aliquam sit amet cursus mauris. Sed vitae mattis ipsum. Vestibulum enim nulla, sollicitudin ac hendrerit nec, tempor quis nisl","reverse_column":false}},"4dfa00c9-68cc-4949-9e86-0a632a06a256":{"type":"content","settings":{"font_icon":"fa fa-lightbulb-o","title":"Heading","text":"Sed vestibulum nulla elementum auctor tincidunt. Aliquam sit amet cursus mauris. Sed vitae mattis ipsum. Vestibulum enim nulla, sollicitudin ac hendrerit nec, tempor quis nisl","reverse_column":false}},"00e516cb-3ddd-465e-bf8d-ff3985d85fe0":{"type":"content","settings":{"font_icon":"fa fa-lightbulb-o","title":"Heading","text":"Sed vestibulum nulla elementum auctor tincidunt. Aliquam sit amet cursus mauris. Sed vitae mattis ipsum. Vestibulum enim nulla, sollicitudin ac hendrerit nec, tempor quis nisl","reverse_column":false}},"b1ef7e73-aab8-41f6-9c7b-317169229202":{"type":"content","settings":{"font_icon":"fa fa-lightbulb-o","title":"Heading","text":"Sed vestibulum nulla elementum auctor tincidunt. Aliquam sit amet cursus mauris. Sed vitae mattis ipsum. Vestibulum enim nulla, sollicitudin ac hendrerit nec, tempor quis nisl","reverse_column":false}},"44225a65-096f-45a7-9674-ead43341d922":{"type":"content","settings":{"font_icon":"fa fa-lightbulb-o","title":"Heading","text":"Sed vestibulum nulla elementum auctor tincidunt. Aliquam sit amet cursus mauris. Sed vitae mattis ipsum. Vestibulum enim nulla, sollicitudin ac hendrerit nec, tempor quis nisl","reverse_column":false}}},"block_order":["3ed109fc-5e30-443a-a0da-1cf7c1061261","0e21e84e-d959-492e-a039-930f1a6fb3cc","4dfa00c9-68cc-4949-9e86-0a632a06a256","00e516cb-3ddd-465e-bf8d-ff3985d85fe0","b1ef7e73-aab8-41f6-9c7b-317169229202","44225a65-096f-45a7-9674-ead43341d922"],"settings":{"enable":true,"full":false,"spacing_both_ends":false,"padding":"10,10","margin":"0,0","show_background_image":false,"background_style":"default","enable_overlay":false,"background_color":"#f5f5f5","overlay_transparency":"0.5","section_heading":"Icon box section","section_sub_heading":"Sub Heading","section_description":"Use this text to share the information which you like!.","section_button_text":"","section_button_link":"","section_heading_color":"","section_sub_heading_color":"","section_description_color":"","section_button_bg_color":"","section_button_text_color":"","section_button_hover_bg_color":"","section_button_hover_text_color":"","heading_position":"text-center","grid":"3","block_heading_color":"","block_description_color":"","block_icon_bg_color":"","block_icon_color":"","block_icon_bg_hover_color":"","block_icon_hover_color":""}},"inner-page-number-counter-section":{"type":"inner-page-number-counter-section","blocks":{"5b187497-011f-40fe-9038-d10d9fafa333":{"type":"class","settings":{"class":"fa fa-plus","title":"Title","text":"Lorem ipsum dolor sit amet","value":"50","value_text":"K"}},"d4932658-17f4-404f-9067-dea98f539f7a":{"type":"class","settings":{"class":"fa fa-minus","title":"Title","text":"Lorem ipsum dolor sit amet","value":"50","value_text":"K"}},"a991868b-226b-4f7c-b6cf-fcd0ca154901":{"type":"class","settings":{"class":"fa fa-home","title":"Title","text":"Lorem ipsum dolor sit amet","value":"50","value_text":"K"}},"3cf774a2-40f5-47bb-9392-29a454783c06":{"type":"class","settings":{"class":"fa fa-cogs","title":"Title","text":"Lorem ipsum dolor sit amet","value":"50","value_text":"K"}}},"block_order":["5b187497-011f-40fe-9038-d10d9fafa333","d4932658-17f4-404f-9067-dea98f539f7a","a991868b-226b-4f7c-b6cf-fcd0ca154901","3cf774a2-40f5-47bb-9392-29a454783c06"],"settings":{"enable":true,"full":false,"spacing_both_ends":false,"padding":"100,100","margin":"100,100","show_background_image":false,"background_style":"default","enable_overlay":true,"background_color":"","overlay_transparency":"0.1","section_heading":"Number Counter","section_sub_heading":"Sub Heading","section_description":"Use this text to share the information which you like!.","section_button_text":"","section_button_link":"","section_heading_color":"","section_sub_heading_color":"","section_description_color":"","section_button_bg_color":"","section_button_text_color":"","section_button_hover_bg_color":"","section_button_hover_text_color":"","heading_position":"text-center","grid":"4","column_gap":"30","counter_style":"grid","vertical_position":"vertical-top","block_text_align":"text-start","reverse_column":false,"enable_boxed":false,"enable_overall_border":false,"border_radius":"0","icon_border_radius":"0px","block_icon_outer_size":"75","block_icon_size":"50","enable_box_shadow":false,"block_bg_color":"","block_icon_border_color":"","block_icon_bg_color":"","block_icon_color":"","block_title_color":"","block_text_color":"","block_value_color":"","block_value_text_color":"","block_border_color":""}},"inner-page-brand-logos":{"type":"inner-page-brand-logos","blocks":{"688a45f9-6fe8-4976-9fcc-c33557293bfd":{"type":"Image","settings":{"image":"shopify:\/\/shop_images\/brand-5.png","title":"Brand Name","link":""}},"7cca641f-b7f6-4c06-9323-f205d890fcdc":{"type":"Image","settings":{"image":"shopify:\/\/shop_images\/brand-6.png","title":"Brand Name","link":""}},"d8f2ff80-12c9-4ceb-ba90-8e53427b1867":{"type":"Image","settings":{"image":"shopify:\/\/shop_images\/brand-3.png","title":"Brand Name","link":""}},"28144626-1aef-4b15-bf48-cbab4b14a341":{"type":"Image","settings":{"title":"Brand Name","link":""}},"2d4f7067-da92-443a-b520-c4308dbbee54":{"type":"Image","settings":{"title":"Brand Name","link":""}},"096757bd-86cd-49a3-9269-1d84abc3da03":{"type":"Image","settings":{"title":"Brand Name","link":""}}},"block_order":["688a45f9-6fe8-4976-9fcc-c33557293bfd","7cca641f-b7f6-4c06-9323-f205d890fcdc","d8f2ff80-12c9-4ceb-ba90-8e53427b1867","28144626-1aef-4b15-bf48-cbab4b14a341","2d4f7067-da92-443a-b520-c4308dbbee54","096757bd-86cd-49a3-9269-1d84abc3da03"],"settings":{"enable":true,"full":false,"spacing_both_ends":false,"padding":"","margin":"","show_background_image":false,"background_style":"default","enable_overlay":false,"background_color":"","overlay_transparency":"0.1","section_heading":"Brand logos","section_sub_heading":"Sub Heading","section_description":"Use this text to share the information which you like!.","section_button_text":"","section_button_link":"","section_heading_color":"","section_sub_heading_color":"","section_description_color":"","section_button_bg_color":"","section_button_text_color":"","section_button_hover_bg_color":"","section_button_hover_text_color":"","heading_position":"text-center","grid":"3","block_style":"style-3","enable_box_shadow":false,"column_gap":"30","border_radius":"0","block_border_color":"","block_background_color":"rgba(0,0,0,0)","enable_slider":true,"enable_auto_height":true,"items_per_view":4,"slider_autoplay":0,"dots":true,"carousel_pagination_alignment":"center_pagination","arrows":true,"nav_arrow_position":"navigation-bottom-center","center_nav_arrow_alignment":"outside_container","navigation_button_color":"","navigation_button_icon_color":"","navigation_button_hover_color":"","navigation_button_hover_icon_color":"","navigation_dot_color":"","navigation_dot_active_color":""}},"inner-page-testimonials-section":{"type":"inner-page-testimonials-section","blocks":{"bc0e66ac-1e3d-4f6a-9827-b38dd843d394":{"type":"content","settings":{"quote":"<p>Lorem Ipsum is simply dummy text of the printing and typesetting industry. Lorem Ipsum has been the industry&#x27;s standard dummy text ever since the 1500s, when an unknown printer took a galley of type.<\/p>","icon":"shopify:\/\/shop_images\/support-block-image.jpg","author":"Author Name","job":"Author Designation","star":"3"}},"ce438f17-9ea3-48ee-acd5-80fd1e5c97df":{"type":"content","settings":{"quote":"<p>Lorem Ipsum is simply dummy text of the printing and typesetting industry. Lorem Ipsum has been the industry&#x27;s standard dummy text ever since the 1500s, when an unknown printer took a galley of type.<\/p>","icon":"shopify:\/\/shop_images\/support-block-image.jpg","author":"Author Name","job":"Author Designation","star":"3"}},"fbaaff31-fba1-4696-a6d6-f5a02ac2e9cf":{"type":"content","settings":{"quote":"<p>Lorem Ipsum is simply dummy text of the printing and typesetting industry. Lorem Ipsum has been the industry&#x27;s standard dummy text ever since the 1500s, when an unknown printer took a galley of type.<\/p>","author":"Author Name","job":"Author Designation","star":"3"}}},"block_order":["bc0e66ac-1e3d-4f6a-9827-b38dd843d394","ce438f17-9ea3-48ee-acd5-80fd1e5c97df","fbaaff31-fba1-4696-a6d6-f5a02ac2e9cf"],"settings":{"enable":true,"full":false,"spacing_both_ends":false,"padding":"100,100","margin":"100,0","show_background_image":false,"background_style":"default","enable_overlay":true,"background_color":"","overlay_transparency":"0.1","section_heading":"Testimonials","section_sub_heading":"Sub Heading","section_description":"Use this text to share the information which you like!.","section_button_text":"","section_button_link":"","section_heading_color":"","section_sub_heading_color":"","section_description_color":"","section_button_bg_color":"","section_button_text_color":"","section_button_hover_bg_color":"","section_button_hover_text_color":"","heading_position":"text-center","grid":"1","block_style":"style_1","boxed_styles":"content_boxed","enable_box_shadow":false,"reverse_column":false,"text_position":"text-start","quote_style":"no-quote-icon","author_info_style":"style_2","border_radius":"0px","boxed_border_radius":"0","column_gap":"30","content_width":"30\/70","lap_content_width":"20\/80","vertical_position":"vertical-top","testimonial_border_color":"","testimonial_background_color":"","testimonial_content_color":"","testimonial_review_color":"","testimonial_author_text_color":"","testimonial_author_designation_color":"","testimonial_author_separator_color":"","testimonial_quote_icon_color":"","enable_slider":true,"enable_auto_height":true,"items_per_view":3,"slider_autoplay":0,"dots":true,"carousel_pagination_alignment":"center_pagination","carousel_pagination_bottom_alignment":"outside_element","arrows":false,"nav_arrow_position":"center-navigation","center_nav_arrow_alignment":"outside_container","navigation_button_color":"","navigation_button_icon_color":"","navigation_button_hover_color":"","navigation_button_hover_icon_color":"","navigation_dot_color":"","navigation_dot_active_color":""}},"1625463344dad1f849":{"type":"slideshow","blocks":{"4c516436-6dbf-4e7a-9a98-247eb52ed300":{"type":"Slider","settings":{"mobile_bg_clr":"","text_alignment":"text-center","content_position":"dt-sc-flex-center","show_image":false,"title_2":"Sub Heading","subheading_color":"","subheading_size":"20","title":"Heading","heading_color":"","heading_size":"54","desc":"Few lines of short description.","desc_color":"","desc_size":"14","button":"Shop Now","link":"","btn_bg_color":"","btn_txt_color":"","btn_hoverbg_color":"","btn_hovertxt_color":"","button_2":"","link_2":"","btn_bg_color_2":"","btn_txt_color_2":"","btn_hoverbg_color_2":"","btn_hovertxt_color_2":"","slide_content_bg":""}},"7a7d1364-f948-4c91-984f-e95ae233b188":{"type":"Slider","settings":{"mobile_bg_clr":"","text_alignment":"text-center","content_position":"dt-sc-flex-center","show_image":false,"title_2":"Sub Heading","subheading_color":"","subheading_size":"20","title":"Heading","heading_color":"","heading_size":"54","desc":"Few lines of short description.","desc_color":"","desc_size":"14","button":"Shop Now","link":"","btn_bg_color":"","btn_txt_color":"","btn_hoverbg_color":"","btn_hovertxt_color":"","button_2":"","link_2":"","btn_bg_color_2":"","btn_txt_color_2":"","btn_hoverbg_color_2":"","btn_hovertxt_color_2":"","slide_content_bg":""}}},"block_order":["4c516436-6dbf-4e7a-9a98-247eb52ed300","7a7d1364-f948-4c91-984f-e95ae233b188"],"settings":{"full":true,"spacing_both_ends":false,"margin":"0,0","slider_height":850,"slider_height_lap":700,"slider_height_tab":600,"slider_height_mobile":350,"content_within_container":false,"enable_box_shadow":false,"border_radius":"0","content_border_radius":"0","autoplay":false,"slideshow_speed":"5000","dots":true,"carousel_pagination_alignment":"center_pagination","carousel_pagination_bottom_alignment":"inside_element","arrows":false,"nav_arrow_position":"navigation-bottom-center","center_nav_arrow_alignment":"outside_container","navigation_button_color":"","navigation_button_icon_color":"","navigation_button_hover_color":"","navigation_button_hover_icon_color":"","navigation_dot_color":"","navigation_dot_active_color":"","custom_class_name":""}},"16254637395b779024":{"type":"home-product-carousel","settings":{"full":false,"spacing_both_ends":false,"padding":"0,0","margin":"100,100","show_background_image":false,"background_style":"default","enable_overlay":false,"background_color":"","overlay_transparency":"0.5","section_heading":"Product Carousel","section_sub_heading":"","section_description":"","section_button_text":"","section_button_link":"","section_heading_color":"","section_sub_heading_color":"","section_description_color":"","section_button_bg_color":"","section_button_text_color":"","section_button_hover_bg_color":"","section_button_hover_text_color":"","heading_position":"text-start","grouped_content_bg":"","grouped_column_gap":"30","grouped_content_padding":"0","group_border_radius":"0","enable_group_box_shadow":false,"reverse_column":false,"content_width":"30\/70","lap_content_width":"35\/65","additional_block_background_color":"","additional_block_box_shadow":false,"additional_content_padding":"0","additional_block_border_radius":"0","enable_main_content":true,"main_block_background_color":"","enable_main_block_box_shadow":false,"main_block_border_radius":"0","main_content_padding":"0","collection":"","column_gap":"30","border_radius":"0","enable_list_view":false,"grid":"4","post_limit":2,"enable_slider":false,"items_per_view":4,"rows":3,"slider_autoplay":0,"enable_auto_height":false,"dots":false,"carousel_pagination_alignment":"center_pagination","carousel_pagination_bottom_alignment":"outside_element","arrows":false,"nav_arrow_position":"navigation-top-right","center_nav_arrow_alignment":"inside_container","navigation_button_color":"","navigation_button_icon_color":"","navigation_button_hover_color":"","navigation_button_hover_icon_color":"","navigation_dot_color":"","navigation_dot_active_color":"","custom_class_name":""}},"16254638834e702403":{"type":"home-grid-banner","blocks":{"16254638834e702403-0":{"type":"content","settings":{"show_image":true,"block_title":"Title","block_sub_title":"","block_description":"Pair text with an image to focus on your chosen product, collection, or blog post. Add details on availability, style, or even provide a review.","block_button_text":"Button","block_button_link":"shopify:\/\/collections\/best-collections","block_text_align":"text-start","content_position":"center-left","reverse_column":false,"block_banner_bg":"","block_content_box_bg":"","block_heading_color":"","block_sub_heading_color":"","block_description_color":"","block_button_bg_color":"","block_button_text_color":"","block_button_hover_bg_color":"","block_button_hover_text_color":"","overlay_style":"use_overlay","overlay_color":"","overlay_opacity":"0.5","rotation_degree":"180"}}},"block_order":["16254638834e702403-0"],"settings":{"full":false,"spacing_both_ends":false,"padding":"0,0","margin":"0,0","show_background_image":false,"background_style":"default","enable_overlay":false,"background_color":"","overlay_transparency":"0.5","section_heading":"","section_sub_heading":"","section_description":"","section_button_text":"","section_button_link":"","section_heading_color":"","section_sub_heading_color":"","section_description_color":"","section_button_bg_color":"","section_button_text_color":"","section_button_hover_bg_color":"","section_button_hover_text_color":"","heading_position":"text-center","block_banner_style":"list","column_gap":"30","grid":"2","border_radius":"0","enable_box_shadow":false,"equal_height":false,"content_width":"50\/50","lap_content_width":"40\/60","overlay_style_height":600,"overlay_style_height_laptop":500,"overlay_style_height_mobile":400,"custom_class_name":""}},"162546445354753e59":{"type":"home-featured-blog","settings":{"full":false,"spacing_both_ends":false,"padding":"100,100","margin":"100,100","show_background_image":false,"background_style":"default","enable_overlay":true,"background_color":"","overlay_transparency":"0.5","section_heading":"Blog Listing","section_sub_heading":"","section_description":"","section_button_text":"","section_button_link":"","section_heading_color":"","section_sub_heading_color":"","section_description_color":"","section_button_bg_color":"","section_button_text_color":"","section_button_hover_bg_color":"","section_button_hover_text_color":"","heading_position":"text-center","blog":"news","blog_show_author":true,"blog_show_date":true,"blog_comments":false,"blog_show_tag":false,"blog_show_button":true,"blog_show_description":true,"enable_blog_icons":false,"block_banner_style":"grid-style","post_limit":1,"grid":"1","text_position":"text-center","enable_box_shadow":false,"vertical_position":"vertical-center","content_width":"50\/50","lap_content_width":"40\/60","overlay_style_height":400,"overlay_style":"use_overlay","overlay_color":"","overlay_opacity":"0.5","rotation_degree":"180","split_blog_layout":false,"split_gap":"30","enable_masonry_grid":false,"main_banner_style":"grid-style","additional_banner_style":"list-style","enable_masonry_reverse":false,"blog_bg_color":"","blog_link_color":"","blog_link_hover_color":"","blog_text_color":"","blog_icon_color":"","blog_button_bg_color":"","blog_button_text_color":"","blog_button_bg_hover_color":"","blog_button_text_hover_color":"","blog_link_color_overlay":"","blog_link_hover_color_overlay":"","blog_text_color_overlay":"","blog_icon_color_overlay":"","blog_button_bg_color_overlay":"","blog_button_text_color_overlay":"","blog_button_bg_hover_color_overlay":"","blog_button_text_hover_color_overlay":"","masonry_content_width":"50\/50","lap_masonry_content_width":"40\/60","enable_slider":false,"enable_auto_height":true,"items_per_view":2,"column_gap":"30","slider_autoplay":0,"dots":true,"carousel_pagination_alignment":"center_pagination","arrows":true,"nav_arrow_position":"center-navigation","center_nav_arrow_alignment":"outside_container","navigation_button_color":"","navigation_button_icon_color":"","navigation_button_hover_color":"","navigation_button_hover_icon_color":"","navigation_dot_color":"","navigation_dot_active_color":"","custom_class_name":""}},"1625464732dee99c61":{"type":"home-masonry-banner","blocks":{"1625464732dee99c61-0":{"type":"content","settings":{"show_image":true,"block_title":"Title","block_sub_title":"Sub title","block_description":"Short description","block_button_text":"","block_button_link":"","block_text_align":"text-center","content_position":"center","image_position":"center","reverse_column":false,"block_banner_bg":"","block_heading_color":"","block_sub_heading_color":"","block_description_color":"","block_button_bg_color":"","block_button_text_color":"","block_button_hover_bg_color":"","block_button_hover_text_color":"","overlay_style":"use_overlay","overlay_color":"","overlay_opacity":"0.5","rotation_degree":"180"}},"1625464732dee99c61-1":{"type":"content","settings":{"show_image":true,"block_title":"Title","block_sub_title":"Sub title","block_description":"Short description","block_button_text":"","block_button_link":"","block_text_align":"text-center","content_position":"center","image_position":"center","reverse_column":false,"block_banner_bg":"","block_heading_color":"","block_sub_heading_color":"","block_description_color":"","block_button_bg_color":"","block_button_text_color":"","block_button_hover_bg_color":"","block_button_hover_text_color":"","overlay_style":"use_overlay","overlay_color":"","overlay_opacity":"0.5","rotation_degree":"180"}}},"block_order":["1625464732dee99c61-0","1625464732dee99c61-1"],"settings":{"full":false,"spacing_both_ends":false,"padding":"0,0","margin":"0,0","show_background_image":false,"background_style":"default","enable_overlay":false,"background_color":"","overlay_transparency":"0.5","section_heading":"Masonry grid banner","section_sub_heading":"Sub Heading","section_description":"Use this text to share the information which you like!.","section_button_text":"","section_button_link":"","heading_position":"text-center","section_heading_color":"","section_sub_heading_color":"","section_description_color":"","section_button_bg_color":"","section_button_text_color":"","section_button_hover_bg_color":"","section_button_hover_text_color":"","main_banner_style":"overlay","block_banner_style":"overlay","reverse_column":false,"column_gap":"30px","enable_box_shadow":false,"border_radius":"0","content_width":"65\/35","lap_content_width":"40\/60","primary_text_align":"text-center","primary_position":"center","primary_title":"Title","primary_sub_title":"Sub title","primary_description":"Short description","primary_button_text":"","primary_button_link":"","primary_banner_bg":"","primary_heading_color":"","primary_sub_heading_color":"","primary_description_color":"","primary_button_bg_color":"","primary_button_text_color":"","primary_button_hover_bg_color":"","primary_button_hover_text_color":"","overlay_style":"use_overlay","overlay_color":"","overlay_opacity":"0.5","rotation_degree":"180","block_style":"style-2","overlay_style_height":300,"overlay_style_height_laptop":550,"overlay_style_height_tab":500,"overlay_style_height_mobile":450,"custom_class_name":""}},"gift_card-logo":{"type":"gift_card-logo","settings":{"logo":"shopify:\/\/shop_images\/thumb-image-new.png","logo_max_width":100}},"faq-template-1":{"type":"faq-template-1","blocks":{"e1a2fa1e-be78-4bc9-a3f7-70d80f1be39b":{"type":"icon","settings":{"icon":"shopify:\/\/shop_images\/thumb-image-new.png","title":"Heading","desc":"Lorem ipsum dolor sit amet"}},"857eea99-7589-4517-a0d4-aca53402bfc0":{"type":"icon","settings":{"icon":"shopify:\/\/shop_images\/video-mask.png","title":"Heading","desc":"Lorem ipsum dolor sit amet"}},"b848418e-c273-496e-8046-df3cd5a2bf7e":{"type":"class","settings":{"class":"fa fa-home","title":"Heading","desc":"Lorem ipsum dolor sit amet"}},"d15e4963-2706-4682-9c98-b70fd4e102e3":{"type":"class","settings":{"class":"fa fa-gear","title":"Heading","desc":"Lorem ipsum dolor sit amet"}}},"block_order":["e1a2fa1e-be78-4bc9-a3f7-70d80f1be39b","857eea99-7589-4517-a0d4-aca53402bfc0","b848418e-c273-496e-8046-df3cd5a2bf7e","d15e4963-2706-4682-9c98-b70fd4e102e3"],"settings":{"full":false,"spacing_both_ends":false,"padding":"0,0","margin":"0,100","background_image":"shopify:\/\/shop_images\/background-04.jpg","show_background_image":true,"background_style":"parallax","background_size":"repeat","enable_overlay":true,"background_color":"","overlay_transparency":"0","section_heading":"FAQ Block","section_sub_heading":"","section_description":"Use this text to share the information which you like!.","section_button_text":"","section_button_link":"","section_heading_color":"","section_sub_heading_color":"","section_description_color":"","section_button_bg_color":"","section_button_text_color":"","section_button_hover_bg_color":"","section_button_hover_text_color":"","heading_position":"text-center","block_style":"default-style","text_position":"text-start","border_radius":"0","enable_box_shadow":true,"enable_heading_icons":true,"faq_icon_size":"30","enable_segmented_layout":false,"segmented_layout_gap":"15","faq_heading_color":"","faq_heading_bg_color":"","faq_content_color":"","faq_content_bg_color":"","custom_class_name":""}},"faq-template-2":{"type":"faq-template-2","blocks":{"18d3f5b5-bd2e-41f2-a4e5-e889658f12f7":{"type":"text","settings":{}},"95608e7d-70cf-4983-8b39-6745bb529d26":{"type":"text","settings":{}}},"block_order":["18d3f5b5-bd2e-41f2-a4e5-e889658f12f7","95608e7d-70cf-4983-8b39-6745bb529d26"],"settings":{"full":false,"spacing_both_ends":false,"padding":"0,100","margin":"0,0","show_background_image":true,"background_image":"shopify:\/\/shop_images\/background-04.jpg","background_style":"parallax","background_size":"repeat","enable_overlay":true,"background_color":"#ffffff","overlay_transparency":"0","section_heading":"FAQ Block","section_sub_heading":"","section_description":"Use this text to share the information which you like!.","section_button_text":"","section_button_link":"","section_heading_color":"","section_sub_heading_color":"","section_description_color":"","section_button_bg_color":"","section_button_text_color":"","section_button_hover_bg_color":"","section_button_hover_text_color":"","heading_position":"text-center"}},"portfolio-1":{"type":"portfolio-1","blocks":{"4003c2ac-b603-4fdb-a0fd-3535e4a35de6":{"type":"tab","settings":{"image":"shopify:\/\/shop_images\/logo.png","iframe":"https:\/\/www.youtube.com\/embed\/JJMPKgyCoSY","tag":"1","title":"","text":"","link":""}},"acae49f3-24b6-4872-bac0-192e1c5c6c7c":{"type":"tab","settings":{"image":"shopify:\/\/shop_images\/logo.png","iframe":"https:\/\/www.youtube.com\/embed\/JJMPKgyCoSY","tag":"2","title":"","text":"","link":""}},"a450b212-aeaa-467e-9e71-d4a5d336efca":{"type":"tab","settings":{"image":"shopify:\/\/shop_images\/logo.png","iframe":"https:\/\/www.youtube.com\/embed\/JJMPKgyCoSY","tag":"2","title":"","text":"","link":""}},"de195532-0c25-47ee-a313-120f554bc9f4":{"type":"tab","settings":{"image":"shopify:\/\/shop_images\/logo.png","iframe":"https:\/\/www.youtube.com\/embed\/JJMPKgyCoSY","tag":"1","title":"","text":"","link":""}},"f5ba892d-390a-4f27-bca6-587d37d4bf47":{"type":"tab","settings":{"image":"shopify:\/\/shop_images\/logo.png","iframe":"https:\/\/www.youtube.com\/embed\/JJMPKgyCoSY","tag":"3","title":"","text":"","link":""}}},"block_order":["4003c2ac-b603-4fdb-a0fd-3535e4a35de6","acae49f3-24b6-4872-bac0-192e1c5c6c7c","a450b212-aeaa-467e-9e71-d4a5d336efca","de195532-0c25-47ee-a313-120f554bc9f4","f5ba892d-390a-4f27-bca6-587d37d4bf47"],"settings":{"full":false,"spacing_both_ends":false,"padding":"0,0","margin":"0,0","show_background_image":false,"background_style":"none","background_size":"auto","enable_overlay":false,"background_color":"#ffffff","overlay_transparency":"0.5","section_heading":"Portfolio","section_sub_heading":"Sub Heading","section_description":"Use this text to share the information which you like!.","section_button_text":"","section_button_link":"","section_heading_color":"","section_sub_heading_color":"","section_description_color":"","section_button_bg_color":"","section_button_text_color":"","section_button_hover_bg_color":"","section_button_hover_text_color":"","heading_position":"text-center","shop_by_tags_list":"1, 2, 3, 4, 5","grid":"4","gallery_spacing":30,"isotope_overlay_color":"","isotope_title_color":"","isotope_description_color":"","isotope_icon_bg_color":"","isotope_icon_color":"","isotope_icon_hover_bg_color":"","isotope_icon_hover_color":"","custom_class_name":""}},"portfolio-2":{"type":"portfolio-2","blocks":{"7a278fb0-906e-40e7-85bf-24d962eeee8e":{"type":"tab","settings":{"image":"shopify:\/\/shop_images\/logo.png","iframe":"https:\/\/www.youtube.com\/embed\/JJMPKgyCoSY","title":"","text":"","link":""}},"3ee9af76-92e9-43c0-99d3-fe3e554c2ea6":{"type":"tab","settings":{"image":"shopify:\/\/shop_images\/logo.png","iframe":"https:\/\/www.youtube.com\/embed\/JJMPKgyCoSY","title":"","text":"","link":""}},"42652359-06cc-4214-b719-cdc49e190311":{"type":"tab","settings":{"image":"shopify:\/\/shop_images\/logo.png","iframe":"https:\/\/www.youtube.com\/embed\/JJMPKgyCoSY","title":"","text":"","link":""}},"44db6692-6e34-4429-a4c7-51f46dd0c06a":{"type":"tab","settings":{"image":"shopify:\/\/shop_images\/logo.png","iframe":"https:\/\/www.youtube.com\/embed\/JJMPKgyCoSY","title":"","text":"","link":""}},"ccea2ba7-3de2-4a33-858f-55db8b780672":{"type":"tab","settings":{"image":"shopify:\/\/shop_images\/logo.png","iframe":"https:\/\/www.youtube.com\/embed\/JJMPKgyCoSY","title":"","text":"","link":""}}},"block_order":["7a278fb0-906e-40e7-85bf-24d962eeee8e","3ee9af76-92e9-43c0-99d3-fe3e554c2ea6","42652359-06cc-4214-b719-cdc49e190311","44db6692-6e34-4429-a4c7-51f46dd0c06a","ccea2ba7-3de2-4a33-858f-55db8b780672"],"settings":{"full":false,"spacing_both_ends":false,"padding":"0,0","margin":"0,0","show_background_image":false,"background_style":"none","background_size":"auto","enable_overlay":false,"background_color":"","overlay_transparency":"0.5","section_heading":"Portfolio","section_sub_heading":"Sub Heading","section_description":"Use this text to share the information which you like!.","section_button_text":"","section_button_link":"","section_heading_color":"","section_sub_heading_color":"","section_description_color":"","section_button_bg_color":"","section_button_text_color":"","section_button_hover_bg_color":"","section_button_hover_text_color":"","heading_position":"text-center","shop_by_tags_list":"","grid":"4","gallery_spacing":30,"isotope_overlay_color":"","isotope_title_color":"","isotope_description_color":"","isotope_icon_bg_color":"","isotope_icon_color":"","isotope_icon_hover_bg_color":"","isotope_icon_hover_color":"","custom_class_name":""}},"portfolio-blog-template":{"type":"portfolio-blog-template","settings":{"full":false,"spacing_both_ends":false,"padding":"0,0","margin":"0,0","blog":"portfolio","blog_results_per_page":6,"blog_show_author":true,"blog_show_date":true,"blog_comments":false,"blog_show_tag":false,"blog_show_button":true,"blog_show_description":true,"enable_blog_icons":false,"block_banner_style":"list-style","grid":"2","gallery_spacing":30,"text_position":"text-center","column_gap":"30","enable_box_shadow":false,"content_width":"50\/50","lap_content_width":"40\/60","vertical_position":"vertical-top","overlay_style":"use_overlay","overlay_color":"","overlay_opacity":"0.5","rotation_degree":"180","split_blog_layout":false,"split_gap":"30"}}},"content_for_index":["1625463344dad1f849","16254637395b779024","16254638834e702403","162546445354753e59","1625464732dee99c61"]}}