{"sections":{"1655723930e4c1ec5f":{"type":"slideshow","blocks":{"310ecc99-6e2c-4356-96b0-40a5a1b07598":{"type":"Slider","settings":{"image":"shopify:\/\/shop_images\/demo-6-1_7974cd7d-21f4-44d8-a930-2a8523e60bef.jpg","desktop_bg_clr":"","mobile_image":"shopify:\/\/shop_images\/aara-mobileslider2_66f3a93c-5930-4e9e-8893-1b87512f9e18.jpg","mobile_bg_clr":"#f3eeeb","show_bg_text":false,"bg_text":"fashion Tees","bg_text_clr":"","text_alignment":"text-start","content_position":"center-left","show_image":false,"title_2":"","subheading_color":"","subheading_size":"20","title":"Perfect & Luxurious Party Wear Collections","heading_color":"#000000","show_additional_color":false,"additional_color":"","heading_size":"40","show_additional_text":false,"additional_text":"","additional_text_color":"#d7d7d7","show_additional_text_shadow":true,"additional_text_shadow_color":"","additional_text_size":"54","show_custom_text":false,"custom_text1":"","custom_text2":"","custom_text_color":"","desc":"Rgesrntdt augue interdum velit euismod. Congue nisi vitae suscipit.","desc_color":"#000000","desc_size":"16","button":"Shop Now","link":"shopify:\/\/collections\/new-arrivals-demo-7","btn_bg_color":"#d6a6ad","btn_txt_color":"#000000","btn_hoverbg_color":"#d6a6ad","btn_hovertxt_color":"#000000","button_2":"","link_2":"","btn_bg_color_2":"","btn_txt_color_2":"","btn_hoverbg_color_2":"","btn_hovertxt_color_2":"","slide_content_bg":"rgba(0,0,0,0)"}},"4c683250-938b-4eec-8693-f0dff4c03629":{"type":"Slider","settings":{"image":"shopify:\/\/shop_images\/demo1_299a7cd4-99d8-4333-bfcd-93272977aaf0.jpg","desktop_bg_clr":"","mobile_image":"shopify:\/\/shop_images\/aara-mobileslider6.1.png","mobile_bg_clr":"#f3eeeb","show_bg_text":false,"bg_text":"fashion Tees","bg_text_clr":"","text_alignment":"text-end","content_position":"center-right","show_image":false,"title_2":"","subheading_color":"","subheading_size":"20","title":"Trendy & Glamorous  Dress Collections","heading_color":"#000000","show_additional_color":false,"additional_color":"","heading_size":"40","show_additional_text":false,"additional_text":"","additional_text_color":"#d7d7d7","show_additional_text_shadow":true,"additional_text_shadow_color":"","additional_text_size":"54","show_custom_text":false,"custom_text1":"","custom_text2":"","custom_text_color":"","desc":"Tincidunt augue interdum velit euismod. Congue nisi vitae suscipit.","desc_color":"#000000","desc_size":"16","button":"Shop Now","link":"shopify:\/\/collections\/best-sellers-demo-7","btn_bg_color":"#d6a6ad","btn_txt_color":"#000000","btn_hoverbg_color":"#d6a6ad","btn_hovertxt_color":"#000000","button_2":"","link_2":"","btn_bg_color_2":"","btn_txt_color_2":"","btn_hoverbg_color_2":"","btn_hovertxt_color_2":"","slide_content_bg":"rgba(0,0,0,0)"}},"82c5e650-2c5f-4e5c-9cf7-fea580714308":{"type":"Slider","settings":{"image":"shopify:\/\/shop_images\/demo1-2_3a88dc70-32a8-4115-991c-4ab25eac0c22.jpg","desktop_bg_clr":"","mobile_image":"shopify:\/\/shop_images\/demo1-21_864115a7-b88e-4584-a332-7dfbd234c8ab.jpg","mobile_bg_clr":"#f3eeeb","show_bg_text":false,"bg_text":"fashion Tees","bg_text_clr":"","text_alignment":"text-center","content_position":"dt-sc-flex-center","show_image":false,"title_2":"","subheading_color":"","subheading_size":"20","title":"Best Stylish Desgins <br> For Outfits","heading_color":"#000000","show_additional_color":false,"additional_color":"","heading_size":"40","show_additional_text":false,"additional_text":"","additional_text_color":"#d7d7d7","show_additional_text_shadow":true,"additional_text_shadow_color":"","additional_text_size":"54","show_custom_text":false,"custom_text1":"","custom_text2":"","custom_text_color":"","desc":"Gesridunt augue interdum velit euismod. Congue nisi vitae suscipit.","desc_color":"#000000","desc_size":"16","button":"Shop Now","link":"shopify:\/\/collections\/shop-demo-7","btn_bg_color":"#d6a6ad","btn_txt_color":"#000000","btn_hoverbg_color":"#d6a6ad","btn_hovertxt_color":"#000000","button_2":"","link_2":"","btn_bg_color_2":"","btn_txt_color_2":"","btn_hoverbg_color_2":"","btn_hovertxt_color_2":"","slide_content_bg":"rgba(0,0,0,0)"}}},"block_order":["310ecc99-6e2c-4356-96b0-40a5a1b07598","4c683250-938b-4eec-8693-f0dff4c03629","82c5e650-2c5f-4e5c-9cf7-fea580714308"],"settings":{"full":true,"spacing_both_ends":false,"margin":"0,0","slider_height":790,"slider_height_lap":640,"slider_height_tab":650,"slider_height_mobile":560,"content_within_container":false,"enable_box_shadow":false,"border_radius":"0","content_border_radius":"0","autoplay":false,"slideshow_speed":"5000","dots":false,"carousel_pagination_alignment":"center_pagination","carousel_pagination_bottom_alignment":"inside_element","arrows":true,"nav_arrow_position":"center-navigation","center_nav_arrow_alignment":"inside_container","navigation_button_color":"rgba(0,0,0,0)","navigation_button_icon_color":"#000000","navigation_button_hover_color":"rgba(0,0,0,0)","navigation_button_hover_icon_color":"#000000","navigation_dot_color":"","navigation_dot_active_color":"","show_support_block":false,"support_block_alignment":"left_support_block","support_block_txt_1":"","support_block_txt_2":"","support_block_txt_3":"","support_block_icon_clr":"","support_block_hover_icon_clr":"","support_block_text_clr":"","support_block_hover_text_clr":"","custom_class_name":"demo-6-custom-slider"}},"1655884633ffc72b46":{"type":"home-grid-banner","blocks":{"16558846334ee6c673-0":{"type":"content","settings":{"block_image":"shopify:\/\/shop_images\/image-1_ae717fa1-7d81-4719-81e5-9af3a812fddc.jpg","show_image":true,"block_title":"Embellished","underline_color":"#f0f0f0","block_sub_title":"","block_description":"","show_scroll_txt":false,"block_scroll_txt":"Scroll Text","block_button_text":"","block_button_link":"shopify:\/\/collections\/shop-demo-7","use_title_link":true,"enable_button_link_2":false,"block_button_text_2":"","block_button_link_2":"","enable_tag":false,"tag_text":"","block_text_align":"text-center","content_position":"bottom-center","reverse_column":false,"block_banner_bg":"rgba(0,0,0,0)","block_content_box_bg":"","block_heading_color":"","block_sub_heading_color":"","scroll_txt_color":"","block_description_color":"","block_button_bg_color":"","block_button_text_color":"","block_button_hover_bg_color":"","block_button_hover_text_color":"","block_button_bg_color_2":"","block_button_text_color_2":"","block_button_hover_bg_color_2":"","block_button_hover_text_color_2":"","overlay_style":"use_overlay","overlay_color":"#ef1b22","overlay_opacity":"0.3","rotation_degree":"180"}},"16558846334ee6c673-1":{"type":"content","settings":{"block_image":"shopify:\/\/shop_images\/image-2_03561221-8709-4a78-9bba-b3ebd6b2e088.jpg","show_image":true,"block_title":"Floral Print","underline_color":"#f0f0f0","block_sub_title":"","block_description":"","show_scroll_txt":false,"block_scroll_txt":"Scroll Text","block_button_text":"","block_button_link":"shopify:\/\/collections\/hot-deals-demo-7","use_title_link":true,"enable_button_link_2":false,"block_button_text_2":"","block_button_link_2":"","enable_tag":false,"tag_text":"","block_text_align":"text-center","content_position":"bottom-center","reverse_column":false,"block_banner_bg":"rgba(0,0,0,0)","block_content_box_bg":"","block_heading_color":"","block_sub_heading_color":"","scroll_txt_color":"","block_description_color":"","block_button_bg_color":"","block_button_text_color":"","block_button_hover_bg_color":"","block_button_hover_text_color":"","block_button_bg_color_2":"","block_button_text_color_2":"","block_button_hover_bg_color_2":"","block_button_hover_text_color_2":"","overlay_style":"use_overlay","overlay_color":"#ef1b22","overlay_opacity":"0.3","rotation_degree":"180"}},"bb52be47-22aa-4fe2-b91d-3c8cca7cc82d":{"type":"content","settings":{"block_image":"shopify:\/\/shop_images\/image-3_b8f2106b-5f10-4932-b613-4fd9a94d9944.jpg","show_image":true,"block_title":"Self-Design","underline_color":"#f0f0f0","block_sub_title":"","block_description":"","show_scroll_txt":false,"block_scroll_txt":"Scroll Text","block_button_text":"","block_button_link":"shopify:\/\/collections\/new-arrivals-demo-7","use_title_link":true,"enable_button_link_2":false,"block_button_text_2":"","block_button_link_2":"","enable_tag":false,"tag_text":"","block_text_align":"text-center","content_position":"bottom-center","reverse_column":false,"block_banner_bg":"rgba(0,0,0,0)","block_content_box_bg":"","block_heading_color":"","block_sub_heading_color":"","scroll_txt_color":"","block_description_color":"","block_button_bg_color":"","block_button_text_color":"","block_button_hover_bg_color":"","block_button_hover_text_color":"","block_button_bg_color_2":"","block_button_text_color_2":"","block_button_hover_bg_color_2":"","block_button_hover_text_color_2":"","overlay_style":"use_overlay","overlay_color":"#ef1b22","overlay_opacity":"0.3","rotation_degree":"180"}}},"block_order":["16558846334ee6c673-0","16558846334ee6c673-1","bb52be47-22aa-4fe2-b91d-3c8cca7cc82d"],"settings":{"full":false,"spacing_both_ends":false,"padding":"100,100","margin":"0,0","show_background_image":false,"background_style":"none","background_size":"auto","enable_overlay":false,"background_color":"","overlay_transparency":"0.5","section_heading":"Perfect Evening Look","section_sub_heading":"Versatile Urban Dress","section_description":"","section_button_text":"","section_button_link":"","section_heading_color":"","section_sub_heading_color":"","section_description_color":"","section_button_bg_color":"","section_button_text_color":"","section_button_hover_bg_color":"","section_button_hover_text_color":"","heading_position":"text-center","block_banner_style":"overlay","column_gap":"30","grid":"3","border_radius":"0","enable_box_shadow":false,"equal_height":false,"content_width":"50\/50","lap_content_width":"40\/60","overlay_style_height":520,"overlay_style_height_laptop":400,"overlay_style_height_mobile":430,"custom_class_name":"demo-6-custom-overlay-banner"}},"16558918178741a22c":{"type":"home-featured-product","blocks":{"65399d79-271f-458c-99dd-3ecb2358276a":{"type":"CMS","settings":{"title":"Details","page_content":"shipping-information"}},"5fd7c424-8f05-4a8a-9833-3991ba871d48":{"type":"CMS","settings":{"title":"Size & Fit","page_content":"shipping-information"}},"234acffe-d075-4aeb-8718-5db8014ac21a":{"type":"CMS","settings":{"title":"Size Chart","page_content":"size-chart"}}},"block_order":["65399d79-271f-458c-99dd-3ecb2358276a","5fd7c424-8f05-4a8a-9833-3991ba871d48","234acffe-d075-4aeb-8718-5db8014ac21a"],"settings":{"full":true,"spacing_both_ends":true,"padding":"50,0","margin":"0,0","show_background_image":false,"background_style":"none","background_size":"auto","enable_overlay":false,"background_color":"","overlay_transparency":"0.5","section_heading":"","section_sub_heading":"","section_description":"","section_button_text":"","section_button_link":"","section_heading_color":"","section_sub_heading_color":"","section_description_color":"","section_button_bg_color":"","section_button_text_color":"","section_button_hover_bg_color":"","section_button_hover_text_color":"","heading_position":"text-center","featured_product":"stride-dress","gallery_type":"thumbnails_horizontal","vertical_style":"dt-sc-product-vertical-thumb-left","disable_thumbnails":false,"enable_zoom":true,"enable_video_looping":false,"meta-lable-style":"full-width","show_featured_shop_desc":true,"enable_enquiry":true,"featured_view_desc_truncate":"30","show_variants_swatches":true,"swatch_as":"color","deals_section":false,"show_size_chart":false,"show_product_vendor":false,"show_product_type":false,"show_product_sku":false,"show_product_quantity":true,"display_back_in_stock":false,"show_quantity_selector":true,"reviews":true,"show_checkout":true,"hide_addtocart":false,"product_tab1":true,"product_tab1_heading":"Description","content_background_color":"rgba(0,0,0,0)"}},"1656329016e878e1d5":{"type":"home-product-carousel","settings":{"full":false,"spacing_both_ends":false,"padding":"100,100","margin":"30,0","show_background_image":false,"background_style":"none","background_size":"auto","enable_overlay":true,"background_color":"","overlay_transparency":"0.5","show_style_image":false,"section_heading":"Exclusive Collections","section_sub_heading":"Party Style","section_description":"","section_button_text":"","section_button_link":"","section_heading_color":"","section_sub_heading_color":"","section_description_color":"","section_button_bg_color":"","section_button_text_color":"","section_button_hover_bg_color":"","section_button_hover_text_color":"","heading_position":"text-center","grouped_content_bg":"","grouped_column_gap":"30","grouped_content_padding":"0","group_border_radius":"","enable_group_box_shadow":false,"reverse_column":false,"content_width":"25\/75","lap_content_width":"35\/65","additional_block_background_color":"","additional_block_box_shadow":false,"additional_content_padding":"0","additional_block_border_radius":"0","enable_main_content":true,"main_block_background_color":"","enable_main_block_box_shadow":false,"main_block_border_radius":"0","main_content_padding":"0","collection":"shop-demo-7","column_gap":"30","border_radius":"0","enable_list_view":false,"grid":"4","enable_additional_button":true,"additional_button_text":"Explore","additional_button_link":"shopify:\/\/collections\/shop-demo-7","additional_button_background_color":"#d6a6ad","additional_button_color":"#000000","additional_button_hover_background_color":"#d6a6ad","additional_button_hover_color":"#000000","post_limit":8,"enable_slider":false,"items_per_view":4,"items_laptop_view":3,"items_tablet_view":2,"items_mobile_view":1,"rows":3,"slider_autoplay":0,"enable_auto_height":false,"dots":false,"carousel_pagination_alignment":"center_pagination","carousel_pagination_bottom_alignment":"outside_element","arrows":false,"nav_arrow_position":"navigation-top-right","center_nav_arrow_alignment":"inside_container","navigation_button_color":"","navigation_button_icon_color":"","navigation_button_hover_color":"","navigation_button_hover_icon_color":"","navigation_dot_color":"","navigation_dot_active_color":"","custom_class_name":"custom-collection-section"}},"16570942228bab5612":{"type":"home-testimonial","blocks":{"16570942221d240dd1-0":{"type":"content","settings":{"quote":"<p>‘’ Adipiscing tristique risus nec feugiat in fermentum posuere urna nec setr. ‘’<\/p>","icon":"shopify:\/\/shop_images\/test04_79abe3fa-8066-467c-b7c0-f6ccc3ec4ddc.jpg","author":"Lenda Lena","job":"Professor","star":"0","content_bg_color":"#f4e9d4"}},"3287eb28-7c2a-4ba4-b9ed-a0d8ca36ec4b":{"type":"content","settings":{"quote":"<p>‘’Congue eu consequat ac felis donec et odio. Adipiscing at in tellus niesra. ‘’<\/p>","icon":"shopify:\/\/shop_images\/test03_829832c6-b4ac-45a3-b3de-c325b898ea70.jpg","author":"Sandra Hendry","job":"Developer","star":"0","content_bg_color":"#bee1e6"}},"6bec550d-8a9a-4d37-ab05-6a883cae5f5e":{"type":"content","settings":{"quote":"<p>‘’ Fermentum iaculis eu non diam phasellus lorem sed risus vestibulum. ‘’<\/p>","icon":"shopify:\/\/shop_images\/test05_28abb4f1-37a5-4440-bdaa-d41e5835bf4d.jpg","author":"Chandelle","job":"Choreographer","star":"0","content_bg_color":"#f3a298"}}},"block_order":["16570942221d240dd1-0","3287eb28-7c2a-4ba4-b9ed-a0d8ca36ec4b","6bec550d-8a9a-4d37-ab05-6a883cae5f5e"],"settings":{"full":false,"spacing_both_ends":false,"padding":"100,100","margin":"0,0","show_background_image":true,"background_image":"shopify:\/\/shop_images\/testimonial-2-bg.png","background_style":"none","background_size":"auto","enable_overlay":false,"background_color":"#bee1e6","overlay_transparency":".5","section_heading":"Our Clients","section_sub_heading":"Get In Touch","section_description":"Try our new customers","section_button_text":"","section_button_link":"","section_heading_color":"","text_underline_color":"rgba(0,0,0,0)","section_sub_heading_color":"","section_description_color":"","section_button_bg_color":"","section_button_text_color":"","section_button_hover_bg_color":"","section_button_hover_text_color":"","heading_position":"text-center","grid":"1","block_style":"style_3","boxed_styles":"default","enable_box_shadow":false,"reverse_column":false,"text_position":"text-center","quote_icon":"shopify:\/\/shop_images\/quote-icon.png","quote_style":"quote-icon-in-content","author_info_style":"style_2","border_radius":"30px 0px 30px 30px","boxed_border_radius":"30px 0px 30px 30px","column_gap":"30","content_width":"30\/70","lap_content_width":"20\/80","tab_content_width":"30\/70","vertical_position":"vertical-center","testimonial_border_color":"","testimonial_background_color":"","testimonial_content_color":"","testimonial_review_color":"","testimonial_author_text_color":"#000000","testimonial_author_designation_color":"#000000","testimonial_author_separator_color":"","testimonial_quote_icon_color":"#000000","enable_slider":true,"enable_auto_height":true,"items_per_view":3,"slider_autoplay":0,"dots":true,"carousel_pagination_alignment":"custom_pagination","arrows":true,"nav_arrow_position":"navigation-top-right","center_nav_arrow_alignment":"outside_container","navigation_button_color":"rgba(0,0,0,0)","navigation_button_icon_color":"#000000","navigation_button_hover_color":"rgba(0,0,0,0)","navigation_button_hover_icon_color":"#666666","navigation_dot_color":"#d2d2d2","navigation_dot_active_color":"#000000","custom_class_name":"demo-4-custom-html-two"}},"165595599806e968c3":{"type":"home-html-text","settings":{"full":false,"spacing_both_ends":false,"padding":"100,100","margin":"00,0","show_background_image":true,"background_image":"shopify:\/\/shop_images\/grid01_e8f4a64b-3377-4c76-981c-a14f6203338f.jpg","background_style":"fixed","background_size":"cover","enable_overlay":true,"background_color":"#f2eeed","overlay_transparency":"1","section_heading":"Affordable Mini Dress","section_sub_heading":"20% offer","section_description":"Non curabitur gravida arcu ac tortor dignissim convallis. Mauris cursus mattis molestie a iaculis at erat. Ullamcorper dignissim cras tincidunt lobortis feugiat vivamus at augue. Vel turpis nunc eget ipsum nunc.","section_button_text":"Explore","section_button_link":"shopify:\/\/collections\/hot-deals-demo-7","section_button_2_text":"","section_button_2_link":"","section_heading_color":"","section_sub_heading_color":"","section_description_color":"","section_button_bg_color":"#d6a6ad","section_button_text_color":"#000000","section_button_hover_bg_color":"#d6a6ad","section_button_hover_text_color":"#000000","heading_position":"text-start","html":"","custom_class_name":"demo-6-customs-banner"}},"16570954043b850665":{"type":"home-image-gallery","blocks":{"165709540492b6a91b-0":{"type":"image_image","settings":{"image":"shopify:\/\/shop_images\/insta01_527ff148-9d77-4f31-b6e1-1469fde6d5a8.jpg","show_icon":true,"icon":"fa fa-instagram","link":"https:\/\/www.instagram.com\/p\/CgjPnCvpmNQ\/?utm_source=ig_web_copy_link"}},"165709540492b6a91b-1":{"type":"image_image","settings":{"image":"shopify:\/\/shop_images\/insta02_39fec9e9-82f9-4945-8f42-8d0cf936ea6a.jpg","show_icon":true,"icon":"fa fa-instagram","link":"https:\/\/www.instagram.com\/p\/CgjPY5nJ4EU\/?utm_source=ig_web_copy_link"}},"165709540492b6a91b-2":{"type":"image_image","settings":{"image":"shopify:\/\/shop_images\/insta03_b1978676-5af1-4e01-a3c1-2219266d2440.jpg","show_icon":true,"icon":"fa fa-instagram","link":"https:\/\/www.instagram.com\/p\/CgjPanlJj1L\/?utm_source=ig_web_copy_link"}},"165709540492b6a91b-3":{"type":"image_image","settings":{"image":"shopify:\/\/shop_images\/insta04_01d39d74-6361-489f-b439-c88f12ac44cb.jpg","show_icon":true,"icon":"fa fa-instagram","link":"https:\/\/www.instagram.com\/p\/CgjPdpRJhWQ\/?utm_source=ig_web_copy_link"}},"165709540492b6a91b-4":{"type":"image_image","settings":{"image":"shopify:\/\/shop_images\/insta05_58f74ed7-b126-4627-822d-1deff1cb5d54.jpg","show_icon":true,"icon":"fa fa-instagram","link":"https:\/\/www.instagram.com\/p\/CgjPfZPpvNu\/?utm_source=ig_web_copy_link"}},"922c169d-adb3-4ec5-8e33-89763f2982b9":{"type":"image_image","settings":{"image":"shopify:\/\/shop_images\/insta06_0032b3f1-6c76-4def-8280-e995140273cf.jpg","show_icon":true,"icon":"fa fa-instagram","link":"https:\/\/www.instagram.com\/p\/CgjPhGNJX8k\/?utm_source=ig_web_copy_link"}},"dbcdf2f6-fa8a-4195-9ec3-657bb06d2c22":{"type":"image_image","settings":{"image":"shopify:\/\/shop_images\/insta07_0cec432e-1461-4309-a181-959210a011ca.jpg","show_icon":true,"icon":"fa fa-instagram","link":"https:\/\/www.instagram.com\/p\/CgjPjb-JHhB\/?utm_source=ig_web_copy_link"}}},"block_order":["165709540492b6a91b-0","165709540492b6a91b-1","165709540492b6a91b-2","165709540492b6a91b-3","165709540492b6a91b-4","922c169d-adb3-4ec5-8e33-89763f2982b9","dbcdf2f6-fa8a-4195-9ec3-657bb06d2c22"],"settings":{"full":true,"spacing_both_ends":true,"padding":"80,0","margin":"0,-30","background_image":"shopify:\/\/shop_images\/testimonial-2-bg.png","show_background_image":true,"background_style":"parallax","background_size":"auto","show_section_bg_icon":true,"section_bg_icon_code":"f16d","background_icon_color":"#bee1e6","enable_overlay":false,"background_color":"","overlay_transparency":"0.5","section_heading":"Best Instagram Updates","section_sub_heading":"Check out our post","section_description":"","section_button_text":"","section_button_link":"","section_heading_color":"","text_underline_color":"rgba(0,0,0,0)","section_sub_heading_color":"","section_description_color":"","section_button_bg_color":"","section_button_text_color":"","section_button_hover_bg_color":"","section_button_hover_text_color":"","heading_position":"text-start","grid":"6","column_gap":"15","image_list_text":"","image_list_link":"","item_height":360,"item_height_laptop":320,"item_height_tab":310,"item_height_mobile":290,"image_link_bg_color":"","image_overlay_color":"#f3efec","image_link_text_color":"","image_link_hover_bg_color":"","image_link_hover_text_color":"#000000","enable_slider":true,"remove_button_space":false,"enable_auto_height":true,"items_per_view":6,"slider_autoplay":3,"dots":false,"carousel_pagination_alignment":"center_pagination","arrows":true,"nav_arrow_position":"navigation-top-right","center_nav_arrow_alignment":"outside_container","navigation_button_color":"rgba(0,0,0,0)","navigation_button_icon_color":"#000000","navigation_button_hover_color":"rgba(0,0,0,0)","navigation_button_hover_icon_color":"#000000","navigation_dot_color":"","navigation_dot_active_color":"","custom_class_name":"demo-1-image-list  custom-instagram demo-7-custom-instagram"}},"165709290991af8a54":{"type":"home-brand-logos","blocks":{"165709290972282cdf-0":{"type":"Image","settings":{"image":"shopify:\/\/shop_images\/brlog01_3ab9a1b0-4e82-4725-9b0a-5e6e7f26c0dc.png","title":"Brand Name","link":""}},"165709290972282cdf-1":{"type":"Image","settings":{"image":"shopify:\/\/shop_images\/brlog02_4f84f240-ef9d-4ced-bd59-c463893b372a.png","title":"Brand Name","link":""}},"165709290972282cdf-2":{"type":"Image","settings":{"image":"shopify:\/\/shop_images\/brlog03_d9214d1e-289e-487f-bd7f-f45485c4ea34.png","title":"Brand Name","link":""}},"165709290972282cdf-3":{"type":"Image","settings":{"image":"shopify:\/\/shop_images\/brlog04_97267fde-bbd2-4ad4-ac54-ffb7b23c8ade.png","title":"Brand Name","link":""}},"165709290972282cdf-4":{"type":"Image","settings":{"image":"shopify:\/\/shop_images\/brlog05_44a2a88f-d56b-49ac-865b-50ce70873436.png","title":"Brand Name","link":""}},"5d75fd23-0128-4357-9ca1-09e5cc344aac":{"type":"Image","settings":{"image":"shopify:\/\/shop_images\/brlog07_e3e65f07-01e5-44d0-963d-eec7c50fac7e.png","title":"Brand Name","link":""}}},"block_order":["165709290972282cdf-0","165709290972282cdf-1","165709290972282cdf-2","165709290972282cdf-3","165709290972282cdf-4","5d75fd23-0128-4357-9ca1-09e5cc344aac"],"settings":{"full":false,"spacing_both_ends":false,"padding":"90,0","margin":"0,0","show_background_image":false,"background_style":"none","background_size":"cover","enable_overlay":false,"background_color":"","overlay_transparency":"0.5","section_heading":"","section_sub_heading":"","section_description":"","section_button_text":"","section_button_link":"","section_heading_color":"","section_sub_heading_color":"","section_description_color":"","section_button_bg_color":"","section_button_text_color":"","section_button_hover_bg_color":"","section_button_hover_text_color":"","heading_position":"text-center","grid":"5","block_style":"style-1","enable_box_shadow":false,"column_gap":"10","border_radius":"0","swipe_on_mobile":false,"block_border_color":"","block_background_color":"","enable_slider":true,"enable_auto_height":true,"items_per_view":5,"slider_autoplay":0,"dots":false,"carousel_pagination_alignment":"center_pagination","arrows":true,"nav_arrow_position":"center-navigation","center_nav_arrow_alignment":"outside_container","navigation_button_color":"rgba(0,0,0,0)","navigation_button_icon_color":"#000000","navigation_button_hover_color":"rgba(0,0,0,0)","navigation_button_hover_icon_color":"#878787","navigation_dot_color":"","navigation_dot_active_color":"","custom_class_name":"custom-brand-logo"}}},"order":["1655723930e4c1ec5f","1655884633ffc72b46","16558918178741a22c","1656329016e878e1d5","16570942228bab5612","165595599806e968c3","16570954043b850665","165709290991af8a54"]}