{"current":{"favicon":"shopify:\/\/shop_images\/favicon.png","preloader_enable":false,"preloader":"shopify:\/\/shop_images\/preloader.gif","header_font":"oswald_n7","h1_size":48,"h2_size":36,"h3_size":30,"h4_size":26,"h5_size":24,"h6_size":18,"base_font":"poppins_n4","type_base_size":16,"type_base_size_tablet_mobile":14,"heading_line_height":1.5,"body_line_height":1.8,"type_additional_size":16,"type_additional_size_tablet":16,"custom_font_script_1":"@import url('https:\/\/fonts.googleapis.com\/css2?family=Oswald:wght@200;300;400;500;600;700&display=swap');","custom_font_family_1":"'Oswald', sans-serif;","custom_font_script_2":"@import url('https:\/\/fonts.googleapis.com\/css2?family=Poppins:wght@100;200;300;400;500;600;700&display=swap');","custom_font_family_2":"'Poppins', sans-serif;","custom_font_script_3":"@import url('https:\/\/fonts.googleapis.com\/css2?family=Permanent+Marker&display=swap');","custom_font_family_3":"'Permanent Marker', cursive;","container_width":1330,"tab_container_width":960,"fullwidth_gap":10,"gutter_width":30,"overall_border_radius":20,"primary_color":"#ff6700","secondary_color":"#faf7f2","tertiary_color":"#feeae3","body_bg_color":"#ffffff","body_text_color":"#565656","overlay_color":"#ff6700","link_color":"#565656","link_hover_color":"#ff6700","heading_color":"#ff6700","border_color":"#ebebeb","product_bg_color":"rgba(0,0,0,0)","product_text_color":"#565656","product_title_color":"#3c3c3c","product_title_hover_color":"#ff6700","button_bg_color":"#ffffff","button_text_color":"#3c3c3c","button_bg_hover_color":"#ff6700","button_text_hover_color":"#ffffff","button_border_color":"#ff6700","button_hover_border_color":"#ff6700","button_border_width":1,"button_border_radius":50,"button_padding":"10px  40px","gradient":"linear-gradient(310deg, rgba(255, 103, 0, 1) 15%, rgba(255, 255, 255, 1) 85%)","gradient_hover":"linear-gradient(228deg, rgba(255, 255, 255, 1) 14%, rgba(255, 103, 0, 1) 83%)","blog_bg_color":"rgba(0,0,0,0)","blog_link_color":"#565656","blog_link_hover_color":"#ff6700","blog_text_color":"#565656","blog_icon_color":"#ff6700","blog_button_bg_color":"rgba(0,0,0,0)","blog_button_text_color":"#ff6700","blog_button_bg_hover_color":"rgba(0,0,0,0)","blog_button_text_hover_color":"#3c3c3c","blog_link_hover_color_overlay":"#ff6700","blog_text_color_overlay":"#ffffff","blog_icon_color_overlay":"#ffffff","blog_button_bg_color_overlay":"#ff6700","blog_button_bg_hover_color_overlay":"#ff6700","blog_border_radius":20,"blog_gutter_width":30,"input_padding":"10px 20px","shadow_color":"#f8f8f8","title_image_enable":false,"title_image":"shopify:\/\/shop_images\/quote-icon-2.png","title_image_position":"place_on_bottom","use_breadcrumb":true,"breadcrumb_image":"shopify:\/\/shop_images\/skateboarder-ollie-black-and-white.jpg","color_image_overlay":"#ffffff","breadcrumb_text_color":"#3c3c3c","breadcrumb_text_hover_color":"#ff6700","breadcrumb_style":"center","image_overlay_opacity":70,"breadcrumb_padding_top":150,"breadcrumb_padding_bottom":150,"breadcrumb_margin_bottom":80,"enable_quick_view":true,"show_product_swatches":true,"show_quick_shop_product_link":true,"show_quick_shop_desc":false,"show_wislist":true,"enable_scroll_to_top":true,"collections_show_sale_circle":false,"collections_show_sold_out_circle":true,"secondary_image_use":true,"offer_price_enable":false,"collections_show_new_circle":false,"display_vendor":false,"truncated_description":false,"excerpt_count":"20","enable_add_cart":true,"item_aignment":"content-center","product_button_style":"icon","icon_alignment":"icon-center","enable_compare":false,"enable_wishlist":true,"display_color_variant":false,"display_item_size":false,"product_review":true,"sidebar_width":300,"product_page_sidebar":"left-sidebar","collection_sidebar_use":"left-sidebar","blog_page_sidebar":"left-sidebar","collection_sidebar_mobile":false,"product_sidebar_mobile":true,"sidebar_title_bg":"#ff6700","sidebar_title_color":"#ffffff","sidebar_title_border":"#ff6700","cart_notes_enable":false,"ajax_cart_method":"drawer","search_grid":"3","search_results_per_page":"8","enable_timer":false,"timer_button_bg":"#ff6700","social_twitter_link":"#","social_facebook_link":"#","social_pinterest_link":"","social_google_plus_link":"","social_instagram_link":"#","social_tumblr_link":"","social_youtube_link":"","social_vimeo_link":"","social_rss_link":"","social_linkedin_link":"#","social_sharing_blog":true,"social_sharing_count":true,"share_facebook":true,"share_twitter":true,"share_pinterest":true,"share_google":true,"cart_goal_range":"USD[10], INR[740.91]","enable_fake_visitors":true,"min_count":10,"max_count":100,"fake_heading":"People are viewing this right now","enable_fake_sales":true,"minqty":10,"maxqty":100,"password_bg_color":"#eef8f9","password_bg_img":"shopify:\/\/shop_images\/modern-jewelry-and-accessories-on-display.jpg","password_logo":"shopify:\/\/shop_images\/logo-2.png","logo_txt_color":"#ff6700","pwd_header_color":"#ff6700","pwd_show_share_buttons":false,"pwd_newsletter_enable":true,"pwd_newsletter_form_heading_clr":"#1a1a1a","pwd_newsletter_inpt_bg":"#ffffff","pwd_newsletter_btn_bg":"#ff6700","pwd_newsletter_btn_hoverbg":"#3c3c3c","pwd_placeholder_txt":"#3c3c3c","checkout_logo_image":"shopify:\/\/shop_images\/logo-1.png","checkout_body_background_color":"#ffffff","checkout_sidebar_background_color":"#ffffff","checkout_accent_color":"#ff6700","checkout_button_color":"#ff6700","timer":"903710998572@10\/24\/2022_00:00:00","gradient_button_bg_color":"linear-gradient(270deg, rgba(49, 202, 209, 1) 66%, rgba(249, 208, 163, 1) 100%)","sidebar_style":"grid","animae_enable":true,"favicon_enable":true,"enable_collection_sidebar":true,"enable_boxed":true,"breadcrumb_bg_image":true,"boxed_bg_color":"#ce5252","count_down_enable":true,"count_down_collections":true,"home_productdeal_time":"24 May","enable_color_swatch":true,"show_prt_quickview_desc":false,"show_smart_checkout":true,"social_sharing_style":"normal","sections":{"header":{"type":"header","blocks":{"9a293b0b-5169-4de3-b9e6-78bcfd01de73":{"type":"promo_image","settings":{"mega_1":"","mega_columns":"three-column","row_reverse":false,"title_1":"Test","button_1":"click here","link_1":"shopify:\/\/collections","title_2":"","button_2":"","link_2":"","title_3":"","button_3":"","link_3":"","title_4":"","button_4":"","link_4":""}},"57e64a97-4526-462d-a088-892d198fb4ae":{"type":"product","settings":{"mega_1":"","mega_columns":"four-column","row_reverse":false,"product1":"bardot-skater-dress","product2":"fantosy-shoulder-bag","product3":"beevee-messenger-bag-1","product4":"penny-nickel-skateboard"}},"564c9f11-5d4d-4a8b-b7ca-ef0414753f9c":{"type":"promo_banner","settings":{"mega_1":"catalog","mega_columns":"four-column","row_reverse":false,"title_1":"","button_1":"","link_1":"","title_2":"","button_2":"","link_2":""}},"80f4e5a7-1dd9-42c2-8c7c-1558f35bd1c2":{"type":"brands","settings":{"mega_1":"","mega_columns":"four-column","row_reverse":false,"link_1":"","link_2":"","link_3":"","link_4":"","link_5":"","link_6":"","link_7":"","link_8":"","link_9":"","link_10":""}}},"block_order":["9a293b0b-5169-4de3-b9e6-78bcfd01de73","57e64a97-4526-462d-a088-892d198fb4ae","564c9f11-5d4d-4a8b-b7ca-ef0414753f9c","80f4e5a7-1dd9-42c2-8c7c-1558f35bd1c2"],"settings":{"full":true,"spacing_both_ends":true,"use_sticky_header":true,"use_sticky_mobile":false,"show_announcement":false,"hide_announcement_mobile":true,"home_page_only":true,"bg_color":"#ff6700","text_color":"#ffffff","text_hover_color":"rgba(0,0,0,0)","text":"<p>Announcement <a href=\"\/collections\" target=\"_blank\" title=\"All collections\">Text<\/a><\/p>","announcement_height":30,"topbar_bg":"#ff6700","disable_topbar":true,"disable_topbar_mobile":false,"header_mail":"sample@example.com","header_phone":"9876543210","header_contact":"#ffffff","header_contact_hover":"#ff6700","logo":"shopify:\/\/shop_images\/logo_92cb6fb2-1d38-414f-88f4-8f6aa11eff8e.png","logo_max_width":205,"menu_align":"logo_left","mobile_screen_width":"1280","show_header_social":true,"search_type":"none","enable_predictive_search":true,"social_icon_color":"#ff6700","social_icon_hover_color":"#ffffff","social_icon_bg":"#ffffff","social_icon_hover_bg":"rgba(0,0,0,0)","show_account":false,"show_header_cart":false,"show_header_wishlist":false,"show_header_compare":false,"icon_color":"#ff6700","icon_hover_color":"#ff6700","icon_bg":"rgba(0,0,0,0)","icon_hover_bg":"rgba(0,0,0,0)","togle_menu":"main-menu","large_screen_font_size":32,"large_menu_bg":"#ffffff","large_menu_color":"#3c3c3c","large_menu_active_color":"#ff6700","large_menu_active_bg":"","enable_menu_indicator":false,"pick_menu":"main-menu","show_secondary_menu":false,"secondary_menu":"","header_bg":"rgba(0,0,0,0)","menu_color":"#565656","menu_active_color":"#ff6700","menu_active_bg":"rgba(0,0,0,0)","mega_menu_bg":"#ff6700","mobile_menu_bg":"#565656","submenu_color":"#ffffff","submenu_hover_color":"#ffffff","font_size":22,"font_size_sub":18,"show_header_currency":false,"enable_sale":false,"sale_txt":"Sale","sale_tags":"Catalog,Child 4","enable_new":false,"new_txt":"New","new_tags":"Child 1, Sub Menu 2.3","enable_hot":false,"hot_txt":"Hot","hot_tags":"Shop, Test 2"}},"modal-newsletter":{"type":"modal-newsletter","settings":{"enable_newsletter_modal":true,"dt_sc_cookie-expires":4,"dt_sc_cookie-modal-delay":"1000","overlay_background_color":"#ffceac","overlay_background_transparency":"0.92","block_text_align":"text-center","dt_sc_modal_bg_image":"shopify:\/\/shop_images\/home-image-010.jpg","enable_overlay":true,"background_color":"#000000","overlay_transparency":"0.75","form_style":"style-5","form_gap":"15px","dt_sc_cookie_sub_title":"Huge Discount","dt_sc_cookie-modal-title":"GET <span>10%<\/span> OFF","dt_sc_cookie-modal-content":"Subscribe now and receive a discount on your first order","dt_sc_newsletter_additional_content":"Signup for exclusive updates","enable_social_icon":true,"section_title_color":"#ff6700","section_sub_title_color":"#ffffff","form_bg":"#ffffff","button_bg_color":"#ffffff","button_text_color":"#565656","button_hover_bg_color":"#ff6700","button_hover_text_color":"#ffffff","additional_text_color":"#ffffff","social_icon_color":"#ffffff","social_icon_hover_color":"#ff6700"}},"product-recommendations":{"type":"product-recommendations","settings":{"show_product_recommendations":true,"heading":"Recommended products","heading_position":"text-center"}},"footer":{"type":"footer","blocks":{"cfc59b83-497c-4282-adf9-5d9d08be353e":{"type":"logo","settings":{"title":"","text":"","link_text":"","url":"","footer_btn_color":"#ff6700","footer_btn_bg":"#ff6700","footer_btn_hover_color":"#ff6700","footer_btn_hover_bg":"#ff6700","logo":"shopify:\/\/shop_images\/logo-2.png","footer_logo_height":60,"container_width":25,"column_alignment":"text-start"}},"0def0ac3-069f-4fc2-9961-110b54c7fc42":{"type":"blog","disabled":true,"settings":{"title":"Featured posts","blog":"news","post_limit":2,"blog_show_excerpt":true,"blog_show_date":true,"blog_show_comment":true,"container_width":33,"column_alignment":"text-start"}},"fc673e94-de81-455f-bc70-636c5e5a8c60":{"type":"menu","disabled":true,"settings":{"title":"Footer menu","menu":"footer","container_width":15,"footer_menu_style":"vertical","column_alignment":"text-start"}},"28a557d9-cccb-40c8-a425-5693a91b930e":{"type":"menu","settings":{"title":"","menu":"footer","container_width":50,"footer_menu_style":"Horizontal","column_alignment":"text-center"}},"9bc53cec-d4e6-4497-8941-473f3c12e5a2":{"type":"social","settings":{"title":"","container_width":25,"column_alignment":"text-center"}},"49f8ccf7-8fd8-4a12-9737-1a9f7c16f171":{"type":"html","disabled":true,"settings":{"title":"HTML","html":"<p>Lorem ipsum dolor sit amet, consectetur adipiscing elit, sed do eiusmod tempor incididunt ut labore et dolore magna aliqua. .<\/p>","container_width":33,"column_alignment":"text-start"}},"d588ba90-3502-439f-a5a1-c2c679ebebf6":{"type":"address","disabled":true,"settings":{"title":"Contact us","footer_address":"No.20, Lorem ipsum,\nVestibulum a lectus tellus.","footer_contact_no":"9876543210","office_hours":"","footer_contact_id":"sample@example.com","container_width":25,"column_alignment":"text-start"}}},"block_order":["cfc59b83-497c-4282-adf9-5d9d08be353e","0def0ac3-069f-4fc2-9961-110b54c7fc42","fc673e94-de81-455f-bc70-636c5e5a8c60","28a557d9-cccb-40c8-a425-5693a91b930e","9bc53cec-d4e6-4497-8941-473f3c12e5a2","49f8ccf7-8fd8-4a12-9737-1a9f7c16f171","d588ba90-3502-439f-a5a1-c2c679ebebf6"],"settings":{"full":false,"spacing_both_ends":false,"padding":"40,10","top_space":70,"footer_bg_clr":"#ffffff","color_opacity":0.9,"footer_bg_img":false,"segmented_bg_clr":"#ffffff","show_footer_title":true,"footer_heading_clr":"#ff6700","footer_txt_clr":"#565656","footer_link_clr":"#565656","footer_link_hover_clr":"#ff6700","footer__bottom_bg":"#ffffff","footer_color":"#565656","footer_link_hover":"#ff6700","color_borders":"#ffffff","show_payment_icons":true,"show_copyright":true,"show_social":true,"social_placement":"default","social_style":"inline","newsletter_placement":"default","payment_placement":"default","enable_inline_footer_menu":false,"footer":"footer","copyright_text":"Design Themes","copyright_link":"#","copyright_link_color":"#565656","copyright_link_color_hover":"#ff6700"}},"gdpr-cookies":{"type":"gdpr-cookies","settings":{"show_gdpr":false,"style":"bottom","enable_box_shadow":true,"text":"Please click Accept Cookies to continue to use the site.","accept":"Accept","decline":"Decline","bg_color":"#feeae3","text_color":"#565656","button_bg_color":"#ffffff","button_text_color":"#3c3c3c","button_text_hover_color":"#ffffff","button_bg_hover_color":"#ff6700","button_padding":"5px 30px"}},"related-products":{"type":"related-products","settings":{"show_related_products":true,"title":"Related products","heading_position":"text-center","grid":"5","rows":"1","enable_slider":true,"enable_auto_height":true,"autoplay":true,"pagination":false,"carousel_pagination_alignment":"center_pagination","carousel_pagination_bottom_alignment":"inside_element","navigation":true,"nav_arrow_position":"navigation-bottom-center","center_nav_arrow_alignment":"inside_container","navigation_button_color":"#ff6700","navigation_button_icon_color":"#ffffff","navigation_button_hover_color":"#70bdc2","navigation_button_hover_icon_color":"#ffffff","navigation_dot_color":"#ff6700","navigation_dot_active_color":"#70bdc2","column_gap":"30"}},"recently-viewed-products":{"type":"recently-viewed-products","settings":{"show_product_recently":true,"title":"Recently viewed products","heading_position":"text-center","items_to_show":"4"}},"customer-purchased":{"type":"customer-purchased","blocks":{"a99cf698-9b20-4fae-b092-53ec06ddc104":{"type":"image","settings":{"product":"caster-boards-skateboard","from":"Texas, US","time":"10 minutes ago"}},"9d66bd40-a2ec-4683-a573-704c38a7a0e9":{"type":"image","settings":{"product":"electric-skateboards","from":"Newyork, US","time":"45 minutes ago"}},"230b0ecb-020f-4c39-bf47-52b587056412":{"type":"image","settings":{"product":"mini-boards-skateboard","from":"Chennai, India","time":"19 minutes ago"}},"8dbb4b4f-d9ca-4553-b804-4271607154ff":{"type":"image","settings":{"product":"short-boards","from":"Sydney, Australia","time":"27 minutes ago"}}},"block_order":["a99cf698-9b20-4fae-b092-53ec06ddc104","9d66bd40-a2ec-4683-a573-704c38a7a0e9","230b0ecb-020f-4c39-bf47-52b587056412","8dbb4b4f-d9ca-4553-b804-4271607154ff"],"settings":{"display_recent_purchase":false,"placement":"right","text":"Someone recently bought"}},"home-featured-product":{"type":"home-featured-product","settings":{"featured_product":"bardot-skater-dress","gallery_type":"thumbnails_horizontal","enable_zoom":true,"enable_video_looping":true,"show_variants_swatches":true,"show_product_vendor":true,"show_product_type":true,"show_product_sku":true,"show_product_quantity":true,"display_back_in_stock":true,"show_quantity_selector":true,"show_checkout":true}},"contact":{"type":"contact","settings":{"full":false,"spacing_both_ends":false,"padding":"10,10","margin":"0,0","section_heading":"Contact us","section_sub_heading":"Sub Heading","section_description":"Use this text to share the information which you like!.","section_button_text":"","section_heading_color":"","section_sub_heading_color":"","section_description_color":"","section_button_bg_color":"","section_button_text_color":"","section_button_hover_bg_color":"","section_button_hover_text_color":"","heading_position":"text-center","contact_layout":"left_iconblock_form_inline","enable_gmap":true,"contact_iframe_code":"<iframe width=\"1920\" height=\"578\" style=\"border:0;overflow:hidden;\" src=\"https:\/\/maps.google.co.in\/?ie=UTF8&t=m&ll=-37.823006,144.977388&spn=0.02034,0.042915&z=14&output=embed\"><\/iframe>","enable_contact_info":true,"contactborder_color":"","contact_hvrborder_color":"","icontactheading_color":"","contacticon_bg_color":"","contacticon_color":"","contacticon_hoverbg_color":"","contacticonhover_color":"","contact_phone":true,"contact_module_contact_phonetitle":"Phone","contact_icon_1":"fa fa-phone","contact_phone1":"<b>Toll-Free: <\/b> 0803 - 080 - 3081","contact_phone2":"<b>Fax: <\/b> 0803 - 080 - 3082","contact_module_email":true,"contact_module_contact_title":"Email","contact_icon_2":"fa fa-envelope","contact_module_email1":"mail@example.com","contact_module_email2":"support@somemail.com","contact_module_address":true,"contact_module_address_title":"Address","contact_icon_3":"fa fa-location-arrow","contact_module_address1":"No: 58 A, East Madison Street,","contact_module_address2":"Baltimore, MD, USA\n4508","enable_contact_form":true,"contact_form_title":"Contact Form"}},"password-header":{"type":"password-header","settings":{}},"password-content":{"type":"password-content","settings":{}},"password-footer":{"type":"password-footer","settings":{}},"faq-template":{"type":"faq-template","blocks":{"1b4b54c9-8880-4fe6-9658-1dc17d72ad38":{"type":"icon","settings":{"title":"How will my order be delivered to me?","desc":"Ut labore et dolore magna aliqua consectetur adipiscing elit, sed do eiusmod tempor incididunt ut labore et dolore magna aliqua. Ut enim ad minim veniam, quis nostrud exercitation ullamco laboris nisi ut aliquip ex ea commodo consequat. Duis aute irure dolor in reprehenderit in voluptate velit esse cillum dolore eu fugiat nulla pariatur. Excepteur sint occaecat cupidatat non proident, sunt in culpa qui official."}},"c9ef30d7-2afe-4f1c-bc34-b622971ed9fa":{"type":"class","settings":{"class":"fa fa-home","title":"what do I need to know?","desc":"Duis aute irure dolor in reprehenderit in voluptate velit esse cillum dolore eu fugiat nulla pariatur. Excepteur sint occaecat cupidatat non proident, sunt in culpa qui official. Ut labore et dolore magna aliqua consectetur adipiscing elit, sed do eiusmod tempor incididunt ut labore et dolore magna aliqua. Ut enim ad minim veniam, quis nostrud exercitation ullamco laboris nisi ut aliquip ex ea commodo consequat."}},"a23264fd-3d0a-439a-8d7e-8b928c3fcfea":{"type":"icon","settings":{"title":"How will I know if order is placed successfully?","desc":"Nisl nunc mi ipsum faucibus vitae aliquet nec. Diam vel quam elementum pulvinar. Tortor vitae purus faucibus ornare suspendisse sed nisi lacus sed. Ut etiam sit amet nisl. Magna fermentum iaculis eu non diam phasellus vestibulum. Blandit massa enim nec dui nunc mattis enim. Turpis massa tincidunt dui ut ornare. Suspendisse potenti nullam ac tortor vitae purus faucibus ornare. Dui sapien eget mi proin sed libero enim."}},"4b594d7f-a753-4ce9-909f-d259ea920afa":{"type":"icon","settings":{"title":"How do I check the status of my order?","desc":"Blandit cursus risus at ultrices mi. Commodo odio aenean sed adipiscing. Semper quis lectus nulla at volutpat diam ut venenatis tellus. Mi ipsum faucibus vitae aliquet nec ullamcorper sit amet. Arcu dictum varius duis at consectetur lorem donec. Orci eu lobortis elementum nibh. Enim neque volutpat ac tincidunt vitae. Donec enim diam vulputate ut pharetra. Consectetur lorem donec massa sapien faucibus et. Consectetur adipiscing elit ut aliquam. Tortor id aliquet lectus proin. In iaculis nunc sed augue."}},"099946c1-ec40-4a73-86d5-a511d0277541":{"type":"icon","settings":{"title":"Can I cancel my order?","desc":"Orci phasellus egestas tellus rutrum tellus pellentesque eu tincidunt. Eu augue ut lectus arcu bibendum at. Nunc sed augue lacus viverra vitae congue eu. Arcu cursus euismod quis viverra nibh cras pulvinar mattis nunc. Ut diam quam nulla porttitor massa id neque. Elementum eu facilisis sed odio morbi quis commodo. Mollis aliquam ut porttitor leo a diam sollicitudin tempor. Pellentesque habitant morbi tristique senectus et netus et malesuada fames. Enim eu turpis egestas pretium aenean."}}},"block_order":["1b4b54c9-8880-4fe6-9658-1dc17d72ad38","c9ef30d7-2afe-4f1c-bc34-b622971ed9fa","a23264fd-3d0a-439a-8d7e-8b928c3fcfea","4b594d7f-a753-4ce9-909f-d259ea920afa","099946c1-ec40-4a73-86d5-a511d0277541"],"settings":{"full":false,"spacing_both_ends":false,"section_heading":"Frequently Asked Questions","section_sub_heading":"","section_description":"A lot more questions","section_button_text":"","section_button_link":"","section_heading_color":"#ff6700","section_sub_heading_color":"#000000","section_description_color":"#000000","section_button_bg_color":"#ff6700","section_button_text_color":"#ffffff","section_button_hover_bg_color":"#ffffff","section_button_hover_text_color":"#ffffff","heading_position":"text-center","block_style":"default-style","text_position":"text-start","border_radius":"0","enable_box_shadow":false,"enable_heading_icons":false,"faq_icon_size":"30","enable_segmented_layout":true,"segmented_layout_gap":"15","faq_heading_color":"#ff6700","faq_heading_bg_color":"#feeae3","faq_content_color":"#1a1a1a","faq_content_bg_color":"#ffffff","custom_class_name":""}},"1625463344dad1f849":{"type":"slideshow","blocks":{"4c516436-6dbf-4e7a-9a98-247eb52ed300":{"type":"Slider","settings":{"mobile_bg_clr":"","text_alignment":"text-center","content_position":"dt-sc-flex-center","show_image":false,"title_2":"Sub Heading","subheading_color":"","subheading_size":"20","title":"Heading","heading_color":"","heading_size":"54","desc":"Few lines of short description.","desc_color":"","desc_size":"14","button":"Shop Now","link":"","btn_bg_color":"","btn_txt_color":"","btn_hoverbg_color":"","btn_hovertxt_color":"","button_2":"","link_2":"","btn_bg_color_2":"","btn_txt_color_2":"","btn_hoverbg_color_2":"","btn_hovertxt_color_2":"","slide_content_bg":""}},"7a7d1364-f948-4c91-984f-e95ae233b188":{"type":"Slider","settings":{"mobile_bg_clr":"","text_alignment":"text-center","content_position":"dt-sc-flex-center","show_image":false,"title_2":"Sub Heading","subheading_color":"","subheading_size":"20","title":"Heading","heading_color":"","heading_size":"54","desc":"Few lines of short description.","desc_color":"","desc_size":"14","button":"Shop Now","link":"","btn_bg_color":"","btn_txt_color":"","btn_hoverbg_color":"","btn_hovertxt_color":"","button_2":"","link_2":"","btn_bg_color_2":"","btn_txt_color_2":"","btn_hoverbg_color_2":"","btn_hovertxt_color_2":"","slide_content_bg":""}}},"block_order":["4c516436-6dbf-4e7a-9a98-247eb52ed300","7a7d1364-f948-4c91-984f-e95ae233b188"],"settings":{"full":true,"spacing_both_ends":false,"margin":"0,0","slider_height":850,"slider_height_lap":700,"slider_height_tab":600,"slider_height_mobile":350,"content_within_container":false,"enable_box_shadow":false,"border_radius":"0","content_border_radius":"0","autoplay":false,"slideshow_speed":"5000","dots":true,"carousel_pagination_alignment":"center_pagination","carousel_pagination_bottom_alignment":"inside_element","arrows":false,"nav_arrow_position":"navigation-bottom-center","center_nav_arrow_alignment":"outside_container","navigation_button_color":"","navigation_button_icon_color":"","navigation_button_hover_color":"","navigation_button_hover_icon_color":"","navigation_dot_color":"","navigation_dot_active_color":"","custom_class_name":""}},"16254637395b779024":{"type":"home-product-carousel","settings":{"full":false,"spacing_both_ends":false,"padding":"0,0","margin":"100,100","show_background_image":false,"background_style":"default","enable_overlay":false,"background_color":"","overlay_transparency":"0.5","section_heading":"Product Carousel","section_sub_heading":"","section_description":"","section_button_text":"","section_button_link":"","section_heading_color":"","section_sub_heading_color":"","section_description_color":"","section_button_bg_color":"","section_button_text_color":"","section_button_hover_bg_color":"","section_button_hover_text_color":"","heading_position":"text-start","grouped_content_bg":"","grouped_column_gap":"30","grouped_content_padding":"0","group_border_radius":"0","enable_group_box_shadow":false,"reverse_column":false,"content_width":"30\/70","lap_content_width":"35\/65","additional_block_background_color":"","additional_block_box_shadow":false,"additional_content_padding":"0","additional_block_border_radius":"0","enable_main_content":true,"main_block_background_color":"","enable_main_block_box_shadow":false,"main_block_border_radius":"0","main_content_padding":"0","collection":"","column_gap":"30","border_radius":"0","enable_list_view":false,"grid":"4","post_limit":2,"enable_slider":false,"items_per_view":4,"rows":3,"slider_autoplay":0,"enable_auto_height":false,"dots":false,"carousel_pagination_alignment":"center_pagination","carousel_pagination_bottom_alignment":"outside_element","arrows":false,"nav_arrow_position":"navigation-top-right","center_nav_arrow_alignment":"inside_container","navigation_button_color":"","navigation_button_icon_color":"","navigation_button_hover_color":"","navigation_button_hover_icon_color":"","navigation_dot_color":"","navigation_dot_active_color":"","custom_class_name":""}},"16254638834e702403":{"type":"home-grid-banner","blocks":{"16254638834e702403-0":{"type":"content","settings":{"show_image":true,"block_title":"Title","block_sub_title":"","block_description":"Pair text with an image to focus on your chosen product, collection, or blog post. Add details on availability, style, or even provide a review.","block_button_text":"Button","block_button_link":"shopify:\/\/collections\/best-collections","block_text_align":"text-start","content_position":"center-left","reverse_column":false,"block_banner_bg":"","block_content_box_bg":"","block_heading_color":"","block_sub_heading_color":"","block_description_color":"","block_button_bg_color":"","block_button_text_color":"","block_button_hover_bg_color":"","block_button_hover_text_color":"","overlay_style":"use_overlay","overlay_color":"","overlay_opacity":"0.5","rotation_degree":"180"}}},"block_order":["16254638834e702403-0"],"settings":{"full":false,"spacing_both_ends":false,"padding":"0,0","margin":"0,0","show_background_image":false,"background_style":"default","enable_overlay":false,"background_color":"","overlay_transparency":"0.5","section_heading":"","section_sub_heading":"","section_description":"","section_button_text":"","section_button_link":"","section_heading_color":"","section_sub_heading_color":"","section_description_color":"","section_button_bg_color":"","section_button_text_color":"","section_button_hover_bg_color":"","section_button_hover_text_color":"","heading_position":"text-center","block_banner_style":"list","column_gap":"30","grid":"2","border_radius":"0","enable_box_shadow":false,"equal_height":false,"content_width":"50\/50","lap_content_width":"40\/60","overlay_style_height":600,"overlay_style_height_laptop":500,"overlay_style_height_mobile":400,"custom_class_name":""}},"162546445354753e59":{"type":"home-featured-blog","settings":{"full":false,"spacing_both_ends":false,"padding":"100,100","margin":"100,100","show_background_image":false,"background_style":"default","enable_overlay":true,"background_color":"","overlay_transparency":"0.5","section_heading":"Blog Listing","section_sub_heading":"","section_description":"","section_button_text":"","section_button_link":"","section_heading_color":"","section_sub_heading_color":"","section_description_color":"","section_button_bg_color":"","section_button_text_color":"","section_button_hover_bg_color":"","section_button_hover_text_color":"","heading_position":"text-center","blog":"news","blog_show_author":true,"blog_show_date":true,"blog_comments":false,"blog_show_tag":false,"blog_show_button":true,"blog_show_description":true,"enable_blog_icons":false,"block_banner_style":"grid-style","post_limit":1,"grid":"1","text_position":"text-center","enable_box_shadow":false,"vertical_position":"vertical-center","content_width":"50\/50","lap_content_width":"40\/60","overlay_style_height":400,"overlay_style":"use_overlay","overlay_color":"","overlay_opacity":"0.5","rotation_degree":"180","split_blog_layout":false,"split_gap":"30","enable_masonry_grid":false,"main_banner_style":"grid-style","additional_banner_style":"list-style","enable_masonry_reverse":false,"blog_bg_color":"","blog_link_color":"","blog_link_hover_color":"","blog_text_color":"","blog_icon_color":"","blog_button_bg_color":"","blog_button_text_color":"","blog_button_bg_hover_color":"","blog_button_text_hover_color":"","blog_link_color_overlay":"","blog_link_hover_color_overlay":"","blog_text_color_overlay":"","blog_icon_color_overlay":"","blog_button_bg_color_overlay":"","blog_button_text_color_overlay":"","blog_button_bg_hover_color_overlay":"","blog_button_text_hover_color_overlay":"","masonry_content_width":"50\/50","lap_masonry_content_width":"40\/60","enable_slider":false,"enable_auto_height":true,"items_per_view":2,"column_gap":"30","slider_autoplay":0,"dots":true,"carousel_pagination_alignment":"center_pagination","arrows":true,"nav_arrow_position":"center-navigation","center_nav_arrow_alignment":"outside_container","navigation_button_color":"","navigation_button_icon_color":"","navigation_button_hover_color":"","navigation_button_hover_icon_color":"","navigation_dot_color":"","navigation_dot_active_color":"","custom_class_name":""}},"1625464732dee99c61":{"type":"home-masonry-banner","blocks":{"1625464732dee99c61-0":{"type":"content","settings":{"show_image":true,"block_title":"Title","block_sub_title":"Sub title","block_description":"Short description","block_button_text":"","block_button_link":"","block_text_align":"text-center","content_position":"center","image_position":"center","reverse_column":false,"block_banner_bg":"","block_heading_color":"","block_sub_heading_color":"","block_description_color":"","block_button_bg_color":"","block_button_text_color":"","block_button_hover_bg_color":"","block_button_hover_text_color":"","overlay_style":"use_overlay","overlay_color":"","overlay_opacity":"0.5","rotation_degree":"180"}},"1625464732dee99c61-1":{"type":"content","settings":{"show_image":true,"block_title":"Title","block_sub_title":"Sub title","block_description":"Short description","block_button_text":"","block_button_link":"","block_text_align":"text-center","content_position":"center","image_position":"center","reverse_column":false,"block_banner_bg":"","block_heading_color":"","block_sub_heading_color":"","block_description_color":"","block_button_bg_color":"","block_button_text_color":"","block_button_hover_bg_color":"","block_button_hover_text_color":"","overlay_style":"use_overlay","overlay_color":"","overlay_opacity":"0.5","rotation_degree":"180"}}},"block_order":["1625464732dee99c61-0","1625464732dee99c61-1"],"settings":{"full":false,"spacing_both_ends":false,"padding":"0,0","margin":"0,0","show_background_image":false,"background_style":"default","enable_overlay":false,"background_color":"","overlay_transparency":"0.5","section_heading":"Masonry grid banner","section_sub_heading":"Sub Heading","section_description":"Use this text to share the information which you like!.","section_button_text":"","section_button_link":"","heading_position":"text-center","section_heading_color":"","section_sub_heading_color":"","section_description_color":"","section_button_bg_color":"","section_button_text_color":"","section_button_hover_bg_color":"","section_button_hover_text_color":"","main_banner_style":"overlay","block_banner_style":"overlay","reverse_column":false,"column_gap":"30px","enable_box_shadow":false,"border_radius":"0","content_width":"65\/35","lap_content_width":"40\/60","primary_text_align":"text-center","primary_position":"center","primary_title":"Title","primary_sub_title":"Sub title","primary_description":"Short description","primary_button_text":"","primary_button_link":"","primary_banner_bg":"","primary_heading_color":"","primary_sub_heading_color":"","primary_description_color":"","primary_button_bg_color":"","primary_button_text_color":"","primary_button_hover_bg_color":"","primary_button_hover_text_color":"","overlay_style":"use_overlay","overlay_color":"","overlay_opacity":"0.5","rotation_degree":"180","block_style":"style-2","overlay_style_height":300,"overlay_style_height_laptop":550,"overlay_style_height_tab":500,"overlay_style_height_mobile":450,"custom_class_name":""}},"gift_card-logo":{"type":"gift_card-logo","settings":{"logo":"shopify:\/\/shop_images\/thumb-image-new.png","logo_max_width":100}}},"content_for_index":["1625463344dad1f849","16254637395b779024","16254638834e702403","162546445354753e59","1625464732dee99c61"]}}