{"sections":{"1655539293ef5faa61":{"type":"slideshow-with-wave","blocks":{"121efc6f-4b78-4dce-b92c-813280095fe8":{"type":"Slider","settings":{"image":"shopify:\/\/shop_images\/asdasd.png","desktop_bg_clr":"#f2eeed","mobile_image":"shopify:\/\/shop_images\/demomobl1.png","mobile_bg_clr":"#f2eeed","show_bg_text":true,"bg_text":"fashion Tees","bg_text_clr":"#e9e5e4","show_round":true,"round_clr":"#d1d1d1","text_alignment":"text-start","content_position":"center-left","show_image":false,"title_2":"Classic Designs","subheading_color":"","subheading_size":"30","title":"Formal Shirts <span>2022<\/span>","heading_color":"","show_additional_color":true,"additional_color":"#83c6e2","heading_size":"50","show_additional_text":false,"additional_text":"","additional_text_color":"","show_additional_text_shadow":true,"additional_text_shadow_color":"","additional_text_size":"54","desc":"Accumsan lacus vel facilisis volutpat","desc_color":"","desc_size":"16","button":"Shop Now","link":"shopify:\/\/collections\/best-sellers-demo-4","btn_bg_color":"#d6a6ad","btn_txt_color":"#000000","btn_hoverbg_color":"#d6a6ad","btn_hovertxt_color":"#000000","button_2":"","link_2":"","btn_bg_color_2":"","btn_txt_color_2":"","btn_hoverbg_color_2":"","btn_hovertxt_color_2":"","slide_content_bg":"rgba(0,0,0,0)"}},"07f1751c-5a19-439e-8679-81c6769afedc":{"type":"Slider","settings":{"image":"shopify:\/\/shop_images\/asdf.png","desktop_bg_clr":"#f2eeed","mobile_image":"shopify:\/\/shop_images\/demomobl2.png","mobile_bg_clr":"#f2eeed","show_bg_text":true,"bg_text":"fashion Tees","bg_text_clr":"#e9e5e4","show_round":true,"round_clr":"#d1d1d1","text_alignment":"text-start","content_position":"center-left","show_image":false,"title_2":"Trendy Designs","subheading_color":"","subheading_size":"30","title":"Casual Frock <span>2022<\/span>","heading_color":"","show_additional_color":true,"additional_color":"#83c6e2","heading_size":"50","show_additional_text":false,"additional_text":"","additional_text_color":"","show_additional_text_shadow":true,"additional_text_shadow_color":"","additional_text_size":"54","desc":"Gesumsan lacus vel facilisis","desc_color":"","desc_size":"16","button":"Shop Now","link":"shopify:\/\/collections\/new-arrivals-demo-4","btn_bg_color":"#d6a6ad","btn_txt_color":"#000000","btn_hoverbg_color":"#d6a6ad","btn_hovertxt_color":"#000000","button_2":"","link_2":"","btn_bg_color_2":"","btn_txt_color_2":"","btn_hoverbg_color_2":"","btn_hovertxt_color_2":"","slide_content_bg":"rgba(0,0,0,0)"}}},"block_order":["121efc6f-4b78-4dce-b92c-813280095fe8","07f1751c-5a19-439e-8679-81c6769afedc"],"settings":{"full":true,"spacing_both_ends":false,"margin":"0,0","slider_height":850,"slider_height_lap":700,"slider_height_tab":600,"slider_height_mobile":560,"content_within_container":false,"enable_box_shadow":false,"border_radius":"0","content_border_radius":"0","autoplay":false,"slideshow_speed":"5000","dots":true,"carousel_pagination_alignment":"right_pagination","carousel_pagination_bottom_alignment":"inside_element","arrows":false,"nav_arrow_position":"navigation-bottom-center","center_nav_arrow_alignment":"inside_container","navigation_button_color":"","navigation_button_icon_color":"","navigation_button_hover_color":"","navigation_button_hover_icon_color":"","navigation_dot_color":"","navigation_dot_active_color":"","show_support_block":true,"show_wave":true,"support_block_alignment":"left_support_block","support_block_txt_1":"Free Delivery","support_block_link_1":"shopify:\/\/pages\/contact","support_block_img_1":"shopify:\/\/shop_images\/icon-3_4aa0e857-d496-4fb5-adc7-71165bddad4b.png","support_block_txt_2":"Secure Guarantee","support_block_link_2":"shopify:\/\/pages\/contact","support_block_img_2":"shopify:\/\/shop_images\/icon-2_fc350b3e-b12f-427c-bffc-6dcaa08faf54.png","support_block_txt_3":"Easy Returns","support_block_link_3":"shopify:\/\/pages\/contact","support_block_img_3":"shopify:\/\/shop_images\/icon-1_d2e0589f-0b08-46dd-86fe-fe82898497ef.png","support_block_icon_clr":"#000000","support_block_hover_icon_clr":"#83c6e2","support_block_text_clr":"#000000","support_block_hover_text_clr":"#83c6e2","custom_class_name":"demo-3-custom-slider"}},"1655267592e9e5a26a":{"type":"home-masonry-banner","blocks":{"16552675921b9f8112-0":{"type":"content","settings":{"block_image":"shopify:\/\/shop_images\/image-1_9107daab-1861-41c1-aeef-00824c592a7c.jpg","show_image":true,"block_title":"Modern Designs","block_sub_title":"","block_description":"","block_button_text":"Shop Now","block_button_link":"shopify:\/\/collections\/best-sellers-demo-4","use_title_link":true,"block_text_align":"text-center","content_position":"center","image_position":"center","reverse_column":false,"block_banner_bg":"rgba(0,0,0,0)","block_heading_color":"","block_sub_heading_color":"","block_description_color":"","block_button_bg_color":"#d6a6ad","block_button_text_color":"#000000","block_button_hover_bg_color":"#d6a6ad","block_button_hover_text_color":"#000000","overlay_style":"use_overlay","overlay_color":"#b5b5b5","overlay_opacity":"0.8","rotation_degree":"180"}},"16552675921b9f8112-1":{"type":"content","settings":{"block_image":"shopify:\/\/shop_images\/image-2.jpg","show_image":true,"block_title":"Pretty Collections","block_sub_title":"","block_description":"","block_button_text":"Shop Now","block_button_link":"shopify:\/\/collections\/new-arrivals-demo-4","use_title_link":true,"block_text_align":"text-center","content_position":"center","image_position":"center","reverse_column":true,"block_banner_bg":"rgba(0,0,0,0)","block_heading_color":"","block_sub_heading_color":"","block_description_color":"","block_button_bg_color":"#d6a6ad","block_button_text_color":"#000000","block_button_hover_bg_color":"#d6a6ad","block_button_hover_text_color":"#000000","overlay_style":"use_overlay","overlay_color":"#b5b5b5","overlay_opacity":"0.8","rotation_degree":"180"}}},"block_order":["16552675921b9f8112-0","16552675921b9f8112-1"],"settings":{"full":false,"spacing_both_ends":false,"padding":"100,100","margin":"0,0","show_background_image":true,"background_image":"shopify:\/\/shop_images\/bg-3-1.png","background_style":"none","background_size":"auto","enable_overlay":false,"background_color":"","overlay_transparency":"0.5","section_heading":"","section_sub_heading":"","section_description":"","section_button_text":"","section_button_link":"","heading_position":"text-center","section_heading_color":"","section_sub_heading_color":"","section_description_color":"","section_button_bg_color":"","section_button_text_color":"","section_button_hover_bg_color":"","section_button_hover_text_color":"","main_banner_style":"grid","block_banner_style":"overlay","reverse_column":false,"column_gap":"50px","enable_box_shadow":false,"border_radius":"0","content_width":"35\/65","lap_content_width":"36\/64","tab_content_width":"36\/64","primary_text_align":"text-start","primary_position":"top-left","enable_main_img":false,"image_position":"top left","primary_title":"Explore Designs!","underline_color":"rgba(0,0,0,0)","primary_sub_title":"About us","primary_description":"Ultrices vitae auctor eu augue ut. Sit amet nisl suscipit adipiscing bibendum est. Nunc vel risus commodo viverra maecenas. Non enim praesent elementum facilisis. Facilisis magna etiam tempor orci eu lobortis elementum nibh. Leo in vitae turpis massa. Enim tortor at auctor urna. Integer malesuada nunc vel risus. Cursus eget nunc scelerisque viverra.","primary_button_text":"Shop Now","primary_button_link":"shopify:\/\/collections\/shop-demo-4","set_heading_link":false,"primary_banner_bg":"rgba(0,0,0,0)","primary_heading_color":"","primary_sub_heading_color":"","primary_description_color":"","primary_button_bg_color":"#d6a6ad","primary_button_text_color":"#000000","primary_button_hover_bg_color":"#d6a6ad","primary_button_hover_text_color":"#000000","overlay_style":"use_overlay","overlay_color":"","overlay_opacity":"0.5","rotation_degree":"180","block_style":"default","enable_badge":true,"overlay_style_height":600,"overlay_style_height_laptop":550,"overlay_style_height_tab":500,"overlay_style_height_mobile":450,"custom_class_name":"demo-2-custom-masonry-one"}},"1656329016e878e1d5":{"type":"home-product-carousel","blocks":{"0d963bbf-f2d1-4056-9961-50159578b511":{"type":"banner","settings":{"block_image":"shopify:\/\/shop_images\/image-3_1f00af15-e807-4f7e-b86b-01c7de46c288.jpg","show_image":true,"block_title":"Flat 15% Offer","block_sub_title":"","block_description":"","block_button_text":"Shop Now","block_button_link":"shopify:\/\/collections\/new-arrivals-demo-4","block_banner_style":"overlay","block_text_align":"text-start","grid_banner_box_shadow":false,"grid_banner_border_radius":"0","overlay_style_height":"730","content_position":"bottom-left","enable_offer_tag":true,"offer_title":"Summer Sales","show_icon":true,"offer_icon":"shopify:\/\/shop_images\/Fire-animation-1.gif","grid_banner_heading_color":"","grid_banner_sub_heading_color":"","grid_banner_description_color":"","grid_banner_button_bg_color":"rgba(0,0,0,0)","grid_banner_button_text_color":"#000000","grid_banner_button_hover_bg_color":"rgba(0,0,0,0)","grid_banner_button_hover_text_color":"#000000","grid_banner_content_bg":"rgba(0,0,0,0)","banner_image_overlay_style":"with-overlay","banner_image_overlay_color":"#f2f2f2","banner_image_overlay_opacity":"0.5","banner_image_rotation_degree":"180"}}},"block_order":["0d963bbf-f2d1-4056-9961-50159578b511"],"settings":{"full":true,"spacing_both_ends":true,"padding":"150,0","margin":"0,0","show_background_image":false,"background_style":"none","background_size":"auto","enable_overlay":true,"background_color":"#bee1e6","overlay_transparency":"0.5","show_style_image":false,"section_heading":"Modern Collections","section_sub_heading":"Special Products","section_description":"","section_button_text":"","section_button_link":"","section_heading_color":"","section_sub_heading_color":"","section_description_color":"","section_button_bg_color":"","section_button_text_color":"","section_button_hover_bg_color":"","section_button_hover_text_color":"","heading_position":"text-center","grouped_content_bg":"rgba(0,0,0,0)","grouped_column_gap":"10","grouped_content_padding":"0","group_border_radius":"","enable_group_box_shadow":false,"reverse_column":false,"content_width":"26\/74","lap_content_width":"30\/70","additional_block_background_color":"rgba(0,0,0,0)","additional_block_box_shadow":false,"additional_content_padding":"0","additional_block_border_radius":"0","enable_main_content":true,"main_block_background_color":"rgba(0,0,0,0)","enable_main_block_box_shadow":false,"main_block_border_radius":"0","main_content_padding":"0","collection":"new-arrivals-demo-4","column_gap":"0","border_radius":"0","enable_list_view":false,"grid":"3","enable_additional_button":false,"additional_button_text":"Explore","additional_button_link":"","additional_button_background_color":"","additional_button_color":"","additional_button_hover_background_color":"","additional_button_hover_color":"","post_limit":3,"enable_slider":false,"items_per_view":4,"items_laptop_view":3,"items_tablet_view":2,"items_mobile_view":1,"rows":1,"slider_autoplay":0,"enable_auto_height":false,"dots":false,"carousel_pagination_alignment":"center_pagination","carousel_pagination_bottom_alignment":"outside_element","arrows":false,"nav_arrow_position":"navigation-top-right","center_nav_arrow_alignment":"inside_container","navigation_button_color":"","navigation_button_icon_color":"","navigation_button_hover_color":"","navigation_button_hover_icon_color":"","navigation_dot_color":"","navigation_dot_active_color":"","custom_class_name":"demo-2-custom-product-carousel"}},"1656909357b46c1d8c":{"type":"home-product-carousel","blocks":{"779156c7-f8f2-4a4b-aed7-567f6d659add":{"type":"banner","settings":{"block_image":"shopify:\/\/shop_images\/image-4_341a0bf3-26e9-4f74-ad50-11392c73c488.jpg","show_image":true,"block_title":"Catchy Designs","block_sub_title":"","block_description":"","block_button_text":"Shop Now","block_button_link":"shopify:\/\/collections\/shop-demo-4","block_banner_style":"overlay","block_text_align":"text-center","grid_banner_box_shadow":false,"grid_banner_border_radius":"0","overlay_style_height":"730","content_position":"top-center","enable_offer_tag":false,"offer_title":"","show_icon":false,"grid_banner_heading_color":"","grid_banner_sub_heading_color":"","grid_banner_description_color":"","grid_banner_button_bg_color":"rgba(0,0,0,0)","grid_banner_button_text_color":"#000000","grid_banner_button_hover_bg_color":"rgba(0,0,0,0)","grid_banner_button_hover_text_color":"#000000","grid_banner_content_bg":"rgba(0,0,0,0)","banner_image_overlay_style":"with-overlay","banner_image_overlay_color":"","banner_image_overlay_opacity":"0","banner_image_rotation_degree":"180"}}},"block_order":["779156c7-f8f2-4a4b-aed7-567f6d659add"],"settings":{"full":true,"spacing_both_ends":true,"padding":"40,180","margin":"0,0","show_background_image":false,"background_style":"none","background_size":"auto","enable_overlay":true,"background_color":"#bee1e6","overlay_transparency":".5","show_style_image":false,"section_heading":"","section_sub_heading":"","section_description":"","section_button_text":"","section_button_link":"","section_heading_color":"","section_sub_heading_color":"","section_description_color":"","section_button_bg_color":"","section_button_text_color":"","section_button_hover_bg_color":"","section_button_hover_text_color":"","heading_position":"text-center","grouped_content_bg":"rgba(0,0,0,0)","grouped_column_gap":"10","grouped_content_padding":"0","group_border_radius":"","enable_group_box_shadow":false,"reverse_column":true,"content_width":"25\/75","lap_content_width":"30\/70","additional_block_background_color":"rgba(0,0,0,0)","additional_block_box_shadow":false,"additional_content_padding":"0","additional_block_border_radius":"0","enable_main_content":true,"main_block_background_color":"rgba(0,0,0,0)","enable_main_block_box_shadow":false,"main_block_border_radius":"0","main_content_padding":"0","collection":"best-sellers-demo-4","column_gap":"0","border_radius":"0","enable_list_view":false,"grid":"3","enable_additional_button":true,"additional_button_text":"Explore","additional_button_link":"shopify:\/\/collections\/best-sellers-demo-4","additional_button_background_color":"#d6a6ad","additional_button_color":"#000000","additional_button_hover_background_color":"#d6a6ad","additional_button_hover_color":"#000000","post_limit":3,"enable_slider":false,"items_per_view":4,"items_laptop_view":3,"items_tablet_view":2,"items_mobile_view":1,"rows":3,"slider_autoplay":0,"enable_auto_height":false,"dots":false,"carousel_pagination_alignment":"center_pagination","carousel_pagination_bottom_alignment":"outside_element","arrows":false,"nav_arrow_position":"navigation-top-right","center_nav_arrow_alignment":"inside_container","navigation_button_color":"","navigation_button_icon_color":"","navigation_button_hover_color":"","navigation_button_hover_icon_color":"","navigation_dot_color":"","navigation_dot_active_color":"","custom_class_name":"demo-2-custom-product-carousel demo-2-custom-two"}},"1655278732fb9c9f3d":{"type":"home-masonry-banner","blocks":{"16552787320da04ded-0":{"type":"content","settings":{"block_image":"shopify:\/\/shop_images\/image-5.jpg","show_image":true,"block_title":"Teen Collections","block_sub_title":"","block_description":"","block_button_text":"Shop now","block_button_link":"shopify:\/\/collections","use_title_link":true,"block_text_align":"text-center","content_position":"center","image_position":"center","reverse_column":true,"block_banner_bg":"rgba(0,0,0,0)","block_heading_color":"","block_sub_heading_color":"","block_description_color":"","block_button_bg_color":"#d6a6ad","block_button_text_color":"#000000","block_button_hover_bg_color":"#d6a6ad","block_button_hover_text_color":"#000000","overlay_style":"use_overlay","overlay_color":"#b5b5b5","overlay_opacity":"0.8","rotation_degree":"180"}},"16552787320da04ded-1":{"type":"content","settings":{"block_image":"shopify:\/\/shop_images\/image-6.jpg","show_image":true,"block_title":"Accessories","block_sub_title":"","block_description":"","block_button_text":"Shop Now","block_button_link":"shopify:\/\/collections","use_title_link":true,"block_text_align":"text-center","content_position":"center","image_position":"center","reverse_column":false,"block_banner_bg":"rgba(0,0,0,0)","block_heading_color":"","block_sub_heading_color":"","block_description_color":"","block_button_bg_color":"#d6a6ad","block_button_text_color":"#000000","block_button_hover_bg_color":"#d6a6ad","block_button_hover_text_color":"#000000","overlay_style":"use_overlay","overlay_color":"#b5b5b5","overlay_opacity":"0.8","rotation_degree":"180"}}},"block_order":["16552787320da04ded-0","16552787320da04ded-1"],"settings":{"full":false,"spacing_both_ends":false,"padding":"50,100","margin":"0,00","show_background_image":true,"background_image":"shopify:\/\/shop_images\/bg-3-2.png","background_style":"none","background_size":"auto","enable_overlay":false,"background_color":"","overlay_transparency":"0.5","section_heading":"","section_sub_heading":"","section_description":"","section_button_text":"","section_button_link":"","heading_position":"text-center","section_heading_color":"","section_sub_heading_color":"","section_description_color":"","section_button_bg_color":"","section_button_text_color":"","section_button_hover_bg_color":"","section_button_hover_text_color":"","main_banner_style":"grid","block_banner_style":"overlay","reverse_column":true,"column_gap":"50px","enable_box_shadow":false,"border_radius":"0","content_width":"35\/65","lap_content_width":"36\/64","tab_content_width":"50\/50","primary_text_align":"text-start","primary_position":"center","enable_main_img":false,"image_position":"top left","primary_title":"Fabulous Design","underline_color":"","primary_sub_title":"Unique Style","primary_description":"Marquwan vitae turpis massa. Enim tortor at auctor urna. Integer malesuada nunc vel risus. Cursus eget nunc scelerisque viverra mauris in aliquam sem fringilla. Vivamus at augue eget arcu. Nisi quis eleifend quam adipiscing. Vulputate odio ut enim blandit volutpat maecenas volutpat ermentum dui faucibus in ornare teluse dolores.","primary_button_text":"Explore","primary_button_link":"shopify:\/\/collections\/new-arrivals-demo-4","set_heading_link":false,"primary_banner_bg":"rgba(0,0,0,0)","primary_heading_color":"","primary_sub_heading_color":"","primary_description_color":"","primary_button_bg_color":"#d6a6ad","primary_button_text_color":"#000000","primary_button_hover_bg_color":"#d6a6ad","primary_button_hover_text_color":"#000000","overlay_style":"use_overlay","overlay_color":"","overlay_opacity":"0.5","rotation_degree":"180","block_style":"default","enable_badge":true,"overlay_style_height":600,"overlay_style_height_laptop":550,"overlay_style_height_tab":500,"overlay_style_height_mobile":450,"custom_class_name":"demo-2-custom-masonry-one demo-2-custom-masonry-two"}},"16569127235fc9e4d0":{"type":"home-testimonial","blocks":{"165691272340c69da5-0":{"type":"content","settings":{"quote":"<p>‘’ Aliquam purus sit amet luctus venenatis lectus magna fringilla urna yhres. ‘’<\/p>","icon":"shopify:\/\/shop_images\/test04_79abe3fa-8066-467c-b7c0-f6ccc3ec4ddc.jpg","author":"Lenda Lena","job":"CEO","star":"0","content_bg_color":"#f4e9d4"}},"28461969-4eb6-4d48-a173-870a9566ccf1":{"type":"content","settings":{"quote":"<p>‘’ Verquam purus sit amet luctus venenatis lectus magna fringilla urna yhres. ‘’<\/p>","icon":"shopify:\/\/shop_images\/test03_829832c6-b4ac-45a3-b3de-c325b898ea70.jpg","author":"Angelia","job":"Director","star":"0","content_bg_color":"#bee1e6"}},"9d38194d-1348-4037-a9bc-26adbe3967ed":{"type":"content","settings":{"quote":"<p>‘’Seduam purus sit amet luctus venenatis lectus magna fringilla urna yhres. ‘’<\/p>","icon":"shopify:\/\/shop_images\/test05_28abb4f1-37a5-4440-bdaa-d41e5835bf4d.jpg","author":"Roselin","job":"Customer","star":"0","content_bg_color":"#f3a298"}}},"block_order":["165691272340c69da5-0","28461969-4eb6-4d48-a173-870a9566ccf1","9d38194d-1348-4037-a9bc-26adbe3967ed"],"settings":{"full":false,"spacing_both_ends":false,"padding":"100,100","margin":"0,0","show_background_image":false,"background_style":"none","background_size":"auto","enable_overlay":true,"background_color":"#bee1e6","overlay_transparency":".5","section_heading":"Our Clients","section_sub_heading":"Get In Touch","section_description":"Try our new customers","section_button_text":"","section_button_link":"","section_heading_color":"","text_underline_color":"rgba(0,0,0,0)","section_sub_heading_color":"","section_description_color":"","section_button_bg_color":"","section_button_text_color":"","section_button_hover_bg_color":"","section_button_hover_text_color":"","heading_position":"text-center","grid":"1","block_style":"style_3","boxed_styles":"default","enable_box_shadow":false,"reverse_column":false,"text_position":"text-center","quote_icon":"shopify:\/\/shop_images\/quote-icon.png","quote_style":"quote-icon-in-content","author_info_style":"style_2","border_radius":"30px 0px 30px 30px","boxed_border_radius":"30px 0px 30px 30px","column_gap":"30","content_width":"30\/70","lap_content_width":"20\/80","tab_content_width":"30\/70","vertical_position":"vertical-center","testimonial_border_color":"","testimonial_background_color":"","testimonial_content_color":"","testimonial_review_color":"","testimonial_author_text_color":"#000000","testimonial_author_designation_color":"#000000","testimonial_author_separator_color":"","testimonial_quote_icon_color":"#000000","enable_slider":true,"enable_auto_height":true,"items_per_view":3,"slider_autoplay":0,"dots":true,"carousel_pagination_alignment":"custom_pagination","arrows":true,"nav_arrow_position":"navigation-top-right","center_nav_arrow_alignment":"outside_container","navigation_button_color":"rgba(0,0,0,0)","navigation_button_icon_color":"#000000","navigation_button_hover_color":"rgba(0,0,0,0)","navigation_button_hover_icon_color":"#666666","navigation_dot_color":"#d2d2d2","navigation_dot_active_color":"#000000","custom_class_name":"demo-4-custom-html-two"}},"16569138233d5bf1b6":{"type":"home-image-gallery","blocks":{"1656913823d8ebb34e-0":{"type":"image_image","settings":{"image":"shopify:\/\/shop_images\/insta01_834f3eb8-62d2-4076-8321-819017f00647.jpg","show_icon":true,"icon":"fa fa-instagram","link":"https:\/\/www.instagram.com\/p\/CgjPpgdp3Pl\/?utm_source=ig_web_copy_link"}},"1656913823d8ebb34e-1":{"type":"image_image","settings":{"image":"shopify:\/\/shop_images\/insta02_181c2406-8111-43f1-9978-00dcdf921f10.jpg","show_icon":true,"icon":"fa fa-instagram","link":"https:\/\/www.instagram.com\/p\/CgjPrGuJyaH\/?utm_source=ig_web_copy_link"}},"1656913823d8ebb34e-2":{"type":"image_image","settings":{"image":"shopify:\/\/shop_images\/insta03_a72b2aca-90d9-4709-a3f6-f014af7c9850.jpg","show_icon":true,"icon":"fa fa-instagram","link":"https:\/\/www.instagram.com\/p\/CgjPt8HpDrY\/?utm_source=ig_web_copy_link"}},"1656913823d8ebb34e-3":{"type":"image_image","settings":{"image":"shopify:\/\/shop_images\/insta04_9ed4552f-7bc8-41ae-abfb-7be828dc4550.jpg","show_icon":true,"icon":"fa fa-instagram","link":"https:\/\/www.instagram.com\/p\/CgjPwRfpj0r\/?utm_source=ig_web_copy_link"}},"1656913823d8ebb34e-4":{"type":"image_image","settings":{"image":"shopify:\/\/shop_images\/insta05_10bb8814-c79d-41e6-8448-3f1d28614155.jpg","show_icon":true,"icon":"fa fa-instagram","link":"https:\/\/www.instagram.com\/p\/CgjPyUxpPOG\/?utm_source=ig_web_copy_link"}},"1656913823d8ebb34e-5":{"type":"image_image","settings":{"image":"shopify:\/\/shop_images\/insta06_d362920b-8fad-4d5f-b0a5-9a6f8cf30ad7.jpg","show_icon":true,"icon":"fa fa-instagram","link":"https:\/\/www.instagram.com\/p\/CgjP228MG06\/?utm_source=ig_web_copy_link"}},"1656913823d8ebb34e-6":{"type":"image_image","settings":{"image":"shopify:\/\/shop_images\/insta07_ad8942ac-e0fc-4173-b3e6-6db9e63de9d9.jpg","show_icon":true,"icon":"fa fa-instagram","link":"https:\/\/www.instagram.com\/p\/CgjP4Y1s3xA\/?utm_source=ig_web_copy_link"}}},"block_order":["1656913823d8ebb34e-0","1656913823d8ebb34e-1","1656913823d8ebb34e-2","1656913823d8ebb34e-3","1656913823d8ebb34e-4","1656913823d8ebb34e-5","1656913823d8ebb34e-6"],"settings":{"full":true,"spacing_both_ends":true,"padding":"80,0","margin":"0,0","background_image":"shopify:\/\/shop_images\/testimonial-2-bg.png","show_background_image":true,"background_style":"parallax","background_size":"auto","enable_overlay":false,"background_color":"","overlay_transparency":"0.5","section_heading":"Best Instagram Updates","section_sub_heading":"Check out our post","section_description":"","section_button_text":"","section_button_link":"","section_heading_color":"","text_underline_color":"rgba(0,0,0,0)","section_sub_heading_color":"","section_description_color":"","section_button_bg_color":"","section_button_text_color":"","section_button_hover_bg_color":"","section_button_hover_text_color":"","heading_position":"text-center","grid":"6","column_gap":"15","image_list_text":"","image_list_link":"","item_height":360,"item_height_laptop":320,"item_height_tab":310,"item_height_mobile":290,"image_link_bg_color":"","image_overlay_color":"#d6d6d6","image_link_text_color":"","image_link_hover_bg_color":"","image_link_hover_text_color":"#b7b7b7","enable_slider":true,"remove_button_space":true,"enable_auto_height":true,"items_per_view":6,"slider_autoplay":0,"dots":false,"carousel_pagination_alignment":"center_pagination","arrows":false,"nav_arrow_position":"navigation-top-right","center_nav_arrow_alignment":"outside_container","navigation_button_color":"#f2eeed","navigation_button_icon_color":"#92a8b4","navigation_button_hover_color":"#dcdcdc","navigation_button_hover_icon_color":"#c4cbcf","navigation_dot_color":"","navigation_dot_active_color":"","custom_class_name":"demo-1-image-list  custom-instagram demo-3-custom-instagram"}},"1656918266cfda4716":{"type":"home-brand-logos","blocks":{"1656918266b701c84b-0":{"type":"Image","settings":{"image":"shopify:\/\/shop_images\/brlog01_3ab9a1b0-4e82-4725-9b0a-5e6e7f26c0dc.png","title":"Brand Name","link":""}},"1656918266b701c84b-1":{"type":"Image","settings":{"image":"shopify:\/\/shop_images\/brlog02_4f84f240-ef9d-4ced-bd59-c463893b372a.png","title":"Brand Name","link":""}},"1656918266b701c84b-2":{"type":"Image","settings":{"image":"shopify:\/\/shop_images\/brlog03_d9214d1e-289e-487f-bd7f-f45485c4ea34.png","title":"Brand Name","link":""}},"1656918266b701c84b-3":{"type":"Image","settings":{"image":"shopify:\/\/shop_images\/brlog04_97267fde-bbd2-4ad4-ac54-ffb7b23c8ade.png","title":"Brand Name","link":""}},"1656918266b701c84b-5":{"type":"Image","settings":{"image":"shopify:\/\/shop_images\/brlog05_44a2a88f-d56b-49ac-865b-50ce70873436.png","title":"Brand Name","link":""}},"1656918266b701c84b-4":{"type":"Image","settings":{"image":"shopify:\/\/shop_images\/brlog07_e3e65f07-01e5-44d0-963d-eec7c50fac7e.png","title":"Brand Name","link":""}}},"block_order":["1656918266b701c84b-0","1656918266b701c84b-1","1656918266b701c84b-2","1656918266b701c84b-3","1656918266b701c84b-5","1656918266b701c84b-4"],"settings":{"full":false,"spacing_both_ends":false,"padding":"100,100","margin":"0,-100","show_background_image":true,"background_image":"shopify:\/\/shop_images\/INSTA-Bg-9_b719c343-48fe-4d1b-af86-442da02357de.png","background_style":"none","background_size":"cover","enable_overlay":false,"background_color":"","overlay_transparency":"0.5","section_heading":"","section_sub_heading":"","section_description":"","section_button_text":"","section_button_link":"","section_heading_color":"","section_sub_heading_color":"","section_description_color":"","section_button_bg_color":"","section_button_text_color":"","section_button_hover_bg_color":"","section_button_hover_text_color":"","heading_position":"text-center","grid":"5","block_style":"style-1","enable_box_shadow":false,"column_gap":"10","border_radius":"0","swipe_on_mobile":false,"block_border_color":"","block_background_color":"","enable_slider":true,"enable_auto_height":true,"items_per_view":5,"slider_autoplay":0,"dots":false,"carousel_pagination_alignment":"center_pagination","arrows":true,"nav_arrow_position":"center-navigation","center_nav_arrow_alignment":"outside_container","navigation_button_color":"rgba(0,0,0,0)","navigation_button_icon_color":"#000000","navigation_button_hover_color":"rgba(0,0,0,0)","navigation_button_hover_icon_color":"#878787","navigation_dot_color":"","navigation_dot_active_color":"","custom_class_name":"custom-brand-logo"}}},"order":["1655539293ef5faa61","1655267592e9e5a26a","1656329016e878e1d5","1656909357b46c1d8c","1655278732fb9c9f3d","16569127235fc9e4d0","16569138233d5bf1b6","1656918266cfda4716"]}