{"sections":{"main":{"type":"shop-right-sidebar","blocks":{"4afe737c-35ed-432f-9c8a-f944ac644d37":{"type":"menu","settings":{"filter_title":"Custom Menu","linklist":"collection"}},"c1f14e69-83d1-4c5d-b400-b6466f295358":{"type":"collection_filter","settings":{}},"d8c06ad2-b5c4-4ce8-a3b5-06f9c9bf52fb":{"type":"carousel","settings":{"title":"","collection":"best-sellers","limit":5}},"29bfbc1b-3c14-4598-bc93-0a77e4e0a6d3":{"type":"collection","settings":{"title":"","collection":"bundle-903710998572","limit":2}},"092d8a62-d51f-4ede-8c05-af1b468c517c":{"type":"image","settings":{"title":"","image":"shopify:\/\/shop_images\/t-shirt-store.jpg","link_text":"Shop Now","link":""}}},"block_order":["4afe737c-35ed-432f-9c8a-f944ac644d37","c1f14e69-83d1-4c5d-b400-b6466f295358","d8c06ad2-b5c4-4ce8-a3b5-06f9c9bf52fb","29bfbc1b-3c14-4598-bc93-0a77e4e0a6d3","092d8a62-d51f-4ede-8c05-af1b468c517c"],"settings":{"full":false,"spacing_both_ends":false,"padding":"30,0","margin":"0,0","show_collection_image":true,"banner_position":"with-in-container","show_excerpt":true,"show_sub_collection":true,"items":"3","collections_sort_enable":true,"collections_view_enable":true,"enable_items_per_page":true,"collections_custom_cols":true,"pagination":"loadmore_btn","grid":"3","rows":"4","filter_type":"vertical"}}},"order":["main"]}