{"sections":{"16484715585d0b75d2":{"type":"slideshow","blocks":{"7e33837d-b447-4031-9b6f-97da7a46ad45":{"type":"Slider","settings":{"slider_type":"image","video_url":"https:\/\/storage.googleapis.com\/coverr-main\/mp4\/Palm_Trees.mp4","iframe_url":"","mobile_bg_clr":"#f4f4f4","text_alignment":"text-end","content_position":"center-right","block_image":"shopify:\/\/shop_images\/slider01_30e07055-a4ea-47dd-a329-3e36ae83904e.jpg","show_image":true,"show_content":true,"title_2":"Hot Deals","subheading_color":"#000000","subheading_size":"24","title_3":"Top Brand","heading_3_color":"#565e41","heading_3_size":"74","title":"Women's Collection","heading_color":"#000000","heading_size":"54","desc":"Scelerisque fermentum dui faucibus in ornare quam viverra orci","desc_color":"#000000","desc_size":"16","button":"Shop Now","link":"shopify:\/\/collections\/hot-deals-demo-10","btn_bg_color":"#e9e4de","btn_txt_color":"#565e41","btn_hoverbg_color":"#565e41","btn_hovertxt_color":"#ffffff","button_2":"New Arrivals","link_2":"shopify:\/\/collections\/new-arrivals-demo-10","btn_bg_color_2":"#000000","btn_txt_color_2":"#ffffff","btn_hoverbg_color_2":"#565e41","btn_hovertxt_color_2":"#ffffff","slide_content_bg":"#f4f4f4","slide_bg":"#ffffff","enable_additional_button":false,"additional_button_text":"View More","additional_button_link":"","additional_button_text_color":"","additional_button_text_hover_color":""}},"1c3ef5d2-7158-4a50-8def-1e1c84b6a9c6":{"type":"Slider","settings":{"slider_type":"image","video_url":"https:\/\/cdn.shopify.com\/s\/files\/1\/3099\/9934\/files\/845f1827c32642fda4eb0765b6dc7f00.HD-1080p-7.2Mbps.mp4?v=1651209135","iframe_url":"","mobile_bg_clr":"#f4f4f4","text_alignment":"text-center","content_position":"dt-sc-flex-center","block_image":"shopify:\/\/shop_images\/slider02_fa0a5075-873e-4783-8cba-3d272964c6d8.jpg","show_image":true,"show_content":true,"title_2":"Look Pretty","subheading_color":"#000000","subheading_size":"24","title_3":"Morden Dress","heading_3_color":"#565e41","heading_3_size":"74","title":"Men's Collection","heading_color":"#000000","heading_size":"54","desc":"Massa sapien faucibus et molestie ac feugiat sed lectus","desc_color":"#000000","desc_size":"16","button":"Shop Now","link":"shopify:\/\/collections\/popular-products-demo-10","btn_bg_color":"#e9e4de","btn_txt_color":"#565e41","btn_hoverbg_color":"#565e41","btn_hovertxt_color":"#ffffff","button_2":"New Arrivals","link_2":"shopify:\/\/collections\/new-shop-demo-10","btn_bg_color_2":"#000000","btn_txt_color_2":"#ffffff","btn_hoverbg_color_2":"#565e41","btn_hovertxt_color_2":"#ffffff","slide_content_bg":"#f4f4f4","slide_bg":"#ffffff","enable_additional_button":false,"additional_button_text":"View More","additional_button_link":"","additional_button_text_color":"","additional_button_text_hover_color":""}},"ad2816a5-9c40-4038-98c1-a862ab3cda76":{"type":"Slider","settings":{"slider_type":"image","video_url":"https:\/\/storage.googleapis.com\/coverr-main\/mp4\/Palm_Trees.mp4","iframe_url":"","mobile_bg_clr":"#f4f4f4","text_alignment":"text-start","content_position":"center-left","block_image":"shopify:\/\/shop_images\/slider03.jpg","show_image":true,"show_content":true,"title_2":"Perfect Outfit","subheading_color":"#000000","subheading_size":"24","title_3":"Classic Designs","heading_3_color":"#565e41","heading_3_size":"74","title":"Collections for Kids","heading_color":"#000000","heading_size":"54","desc":"Neque aliquam vestibulum morbi blandit cursus risus at ultrices","desc_color":"#000000","desc_size":"16","button":"Shop Now","link":"shopify:\/\/collections\/hot-deals-demo-10","btn_bg_color":"#e9e4de","btn_txt_color":"#565e41","btn_hoverbg_color":"#565e41","btn_hovertxt_color":"#ffffff","button_2":"New Arrivals","link_2":"shopify:\/\/collections\/popular-products-demo-10","btn_bg_color_2":"#000000","btn_txt_color_2":"#ffffff","btn_hoverbg_color_2":"#565e41","btn_hovertxt_color_2":"#ffffff","slide_content_bg":"#f4f4f4","slide_bg":"#ffffff","enable_additional_button":false,"additional_button_text":"View More","additional_button_link":"","additional_button_text_color":"","additional_button_text_hover_color":""}}},"block_order":["7e33837d-b447-4031-9b6f-97da7a46ad45","1c3ef5d2-7158-4a50-8def-1e1c84b6a9c6","ad2816a5-9c40-4038-98c1-a862ab3cda76"],"settings":{"full":true,"spacing_both_ends":false,"margin":"0,90","slider_height":970,"slider_height_lap":850,"slider_height_tab":760,"slider_height_mobile":670,"video-aspect-ratio":"","content_within_container":false,"enable_box_shadow":false,"border_radius":"0","content_border_radius":"10","autoplay":false,"slideshow_speed":"5000","dots":true,"carousel_pagination_alignment":"center_pagination","carousel_pagination_bottom_alignment":"inside_element","arrows":true,"nav_arrow_position":"navigation-bottom-center","center_nav_arrow_alignment":"inside_container","navigation_button_color":"","navigation_button_icon_color":"#000000","navigation_button_hover_color":"","navigation_button_hover_icon_color":"#000000","navigation_dot_color":"#000000","navigation_dot_active_color":"#565e41","custom_class_name":"custom-slider"}},"165753168510ebd1ce":{"type":"home-brand-logos","blocks":{"1657531685bdc73456-0":{"type":"Image","settings":{"image":"shopify:\/\/shop_images\/brlog01_42b6357e-2ff2-473d-aa40-206c01cd3fd6.png","title":"Brand Name","link":""}},"1657531685bdc73456-1":{"type":"Image","settings":{"image":"shopify:\/\/shop_images\/brlog02_8e84bb35-12a2-4026-b99e-b90ade9ea4ec.png","title":"Brand Name","link":""}},"1657531685bdc73456-2":{"type":"Image","settings":{"image":"shopify:\/\/shop_images\/brlog03_7b6f60fc-52aa-4922-bd8c-f52a5f097124.png","title":"Brand Name","link":""}},"1657531685bdc73456-3":{"type":"Image","settings":{"image":"shopify:\/\/shop_images\/brlog04_3c624879-395f-476a-9ddf-cd75271ef3e9.png","title":"Brand Name","link":""}},"1657531685bdc73456-4":{"type":"Image","settings":{"image":"shopify:\/\/shop_images\/brlog05_a3f22f25-c802-4397-a3db-3cd485325a50.png","title":"Brand Name","link":""}},"d25df053-c54a-4e0d-9a81-bbdffd34666e":{"type":"Image","settings":{"image":"shopify:\/\/shop_images\/brlog06.png","title":"Brand Name","link":""}}},"block_order":["1657531685bdc73456-0","1657531685bdc73456-1","1657531685bdc73456-2","1657531685bdc73456-3","1657531685bdc73456-4","d25df053-c54a-4e0d-9a81-bbdffd34666e"],"settings":{"full":false,"spacing_both_ends":false,"padding":"0,0","margin":"0,0","show_background_image":false,"background_style":"none","background_size":"auto","enable_overlay":false,"background_color":"","overlay_transparency":"0.5","section_heading":"","section_sub_heading":"","section_description":"","section_button_text":"","section_button_link":"","section_heading_color":"","section_sub_heading_color":"","section_description_color":"","section_button_bg_color":"","section_button_text_color":"","section_button_hover_bg_color":"","section_button_hover_text_color":"","heading_position":"text-center","grid":"3","block_style":"style-1","enable_box_shadow":false,"column_gap":"30","border_radius":"0","block_border_color":"","block_background_color":"","block_hover_background_color":"","block_icon_color":"#000000","block_hover_icon_color":"#565e41","enable_slider":true,"enable_auto_height":true,"items_per_view":5,"items_laptop_view":4,"items_tablet_view":2,"items_mobile_view":1,"enable_center_mode":false,"slider_autoplay":0,"dots":false,"carousel_pagination_alignment":"center_pagination","arrows":false,"nav_arrow_position":"navigation-bottom-center","center_nav_arrow_alignment":"outside_container","navigation_button_color":"","navigation_button_icon_color":"","navigation_button_hover_color":"","navigation_button_hover_icon_color":"","navigation_dot_color":"","navigation_dot_active_color":"","custom_class_name":""}},"165759915185c1e621":{"type":"home-custom-overlay-banner","settings":{"full":true,"spacing_both_ends":true,"padding":"0,0","margin":"100,0","show_background_image":false,"background_style":"none","background_size":"auto","enable_overlay":false,"background_color":"","overlay_transparency":"0.5","section_heading":"","section_sub_heading":"","section_description":"","section_button_text":"","section_button_link":"","section_heading_color":"","section_sub_heading_color":"","section_description_color":"","section_button_bg_color":"","section_button_text_color":"","section_button_hover_bg_color":"","section_button_hover_text_color":"","heading_position":"text-center","image1":"shopify:\/\/shop_images\/01.gif","heading1":"flat offer","sub_heading1":"Best Sale","offer_num":"30%","offer_text":"claim","link_text":"Shop Now","btn_link":"shopify:\/\/collections\/hot-deals-demo-10","image2":"shopify:\/\/shop_images\/02.gif","sub_heading2":"Fabulous gifts","main_heading1":"GIFT CODE","main_heading2":"TFIG","desc":"Lectus vestibulum mattis","image3":"shopify:\/\/shop_images\/03.gif","heading3":"1","sub_heading3":"Great Deal","span_text":"Buy <br>Get","offer_num2":"25%","offer_text2":"flat off","overlay_style_height":760,"overlay_style_height_laptop":700,"overlay_style_height_tablet":600,"overlay_style_height_mobile":570,"custom_class_name":""}},"1654759336c4c7a41b":{"type":"home-product-carousel","settings":{"full":true,"spacing_both_ends":true,"padding":"0,0","margin":"80,0","show_background_image":false,"background_style":"none","background_size":"auto","enable_overlay":false,"background_color":"","overlay_transparency":"0.5","section_heading":"New Arrival","section_sub_heading":"Classy Designs","section_description":"","section_button_text":"","section_button_link":"","section_heading_color":"","section_sub_heading_color":"","section_description_color":"","section_button_bg_color":"","section_button_text_color":"","section_button_hover_bg_color":"","section_button_hover_text_color":"","heading_position":"text-center","grouped_content_bg":"","grouped_column_gap":"30","grouped_content_padding":"0","group_border_radius":"","enable_group_box_shadow":false,"reverse_column":false,"content_width":"30\/70","lap_content_width":"35\/65","additional_block_background_color":"","additional_block_box_shadow":false,"additional_content_padding":"0","additional_block_border_radius":"0","enable_main_content":true,"main_block_background_color":"","enable_main_block_box_shadow":false,"main_block_border_radius":"0","main_content_padding":"0","collection":"hot-deals-demo-10","column_gap":"30","border_radius":"0","enable_list_view":false,"grid":"2","post_limit":2,"enable_slider":true,"items_per_view":4,"items_laptop_view":3,"items_tablet_view":2,"items_mobile_view":1,"enable_center_mode":false,"rows":1,"slider_autoplay":0,"enable_auto_height":false,"dots":false,"carousel_pagination_alignment":"center_pagination","carousel_pagination_bottom_alignment":"outside_element","arrows":true,"nav_arrow_position":"navigation-top-center","center_nav_arrow_alignment":"inside_container","navigation_button_color":"","navigation_button_icon_color":"#000000","navigation_button_hover_color":"","navigation_button_hover_icon_color":"#000000","navigation_dot_color":"","navigation_dot_active_color":"","enable_section_collection_button_text":false,"section_collection_button_text":"","section_collection_link":"","custom_class_name":"custom-product-carosual"}},"1654777743997058a9":{"type":"home-flex-banner","blocks":{"8eb7c848-20bd-4154-b71c-5796df888c30":{"type":"image_image","settings":{"image":"shopify:\/\/shop_images\/grid05_3b95c22e-a341-4faa-b531-d076d7fd2f7e.jpg","icon_class":"","overlay_title":"Fermentum et sollicitudin ac orci phasellus egestas tellus rutrum tellus.","link":"shopify:\/\/collections\/hot-deals-demo-10"}},"9250db1b-f6fd-4bf3-a635-4a79ebc3fafd":{"type":"image_image","settings":{"image":"shopify:\/\/shop_images\/grid04_decbed24-60ec-478a-bcb2-aedd65435715.jpg","icon_class":"","overlay_title":"Viverra nam libero justo laoreet sit amet cursus dui id ornare arcu.","link":"shopify:\/\/collections\/shop-demo-11"}},"10e2c114-ceda-4c35-a6db-5f35a9e539b0":{"type":"image_image","settings":{"image":"shopify:\/\/shop_images\/grid06_4087ef62-5228-45d6-ad2d-c6dbe68084b0.jpg","icon_class":"","overlay_title":"Sollicitudin tempor id eu nisl nunc scelerisque eu ultrices vitae auctor.","link":"shopify:\/\/collections\/popular-products-demo-10"}}},"block_order":["8eb7c848-20bd-4154-b71c-5796df888c30","9250db1b-f6fd-4bf3-a635-4a79ebc3fafd","10e2c114-ceda-4c35-a6db-5f35a9e539b0"],"settings":{"full":true,"spacing_both_ends":true,"padding":"0,0","margin":"100,0","show_background_image":false,"background_style":"none","background_size":"auto","enable_overlay":false,"background_color":"","overlay_transparency":"0.5","section_heading":"","section_sub_heading":"","section_description":"","section_button_text":"","section_button_link":"","section_heading_color":"","section_sub_heading_color":"","section_description_color":"","section_button_bg_color":"","section_button_text_color":"","section_button_hover_bg_color":"","section_button_hover_text_color":"","heading_position":"text-start","content_position":"text-end","enable_overlay_content":true,"item_height":670,"item_height_laptop":550,"item_height_tab":500,"item_height_mobile":450,"image_link_text_color":"#000000","image_link_hover_text_color":"#000000","image_overlay_icon_color":"","image_overlay_color":"#ffffff","custom_class_name":"custom-flex-banner"}},"16547599028525190f":{"type":"home-product-carousel","settings":{"full":true,"spacing_both_ends":true,"padding":"0,0","margin":"100,0","show_background_image":false,"background_style":"none","background_size":"auto","enable_overlay":false,"background_color":"","overlay_transparency":"0.5","section_heading":"Trending Collection","section_sub_heading":"Feel Pretty","section_description":"","section_button_text":"","section_button_link":"","section_heading_color":"","section_sub_heading_color":"","section_description_color":"","section_button_bg_color":"","section_button_text_color":"","section_button_hover_bg_color":"","section_button_hover_text_color":"","heading_position":"text-center","grouped_content_bg":"","grouped_column_gap":"30","grouped_content_padding":"0","group_border_radius":"","enable_group_box_shadow":false,"reverse_column":false,"content_width":"30\/70","lap_content_width":"35\/65","additional_block_background_color":"","additional_block_box_shadow":false,"additional_content_padding":"0","additional_block_border_radius":"0","enable_main_content":true,"main_block_background_color":"","enable_main_block_box_shadow":false,"main_block_border_radius":"0","main_content_padding":"0","collection":"new-shop-demo-10","column_gap":"30","border_radius":"0","enable_list_view":false,"grid":"2","post_limit":2,"enable_slider":true,"items_per_view":4,"items_laptop_view":3,"items_tablet_view":2,"items_mobile_view":1,"enable_center_mode":false,"rows":1,"slider_autoplay":0,"enable_auto_height":false,"dots":false,"carousel_pagination_alignment":"center_pagination","carousel_pagination_bottom_alignment":"outside_element","arrows":true,"nav_arrow_position":"navigation-top-center","center_nav_arrow_alignment":"inside_container","navigation_button_color":"","navigation_button_icon_color":"#000000","navigation_button_hover_color":"","navigation_button_hover_icon_color":"#000000","navigation_dot_color":"","navigation_dot_active_color":"","enable_section_collection_button_text":false,"section_collection_button_text":"","section_collection_link":"","custom_class_name":"custom-product-carosual"}},"165476026910bbe237":{"type":"home-brand-logos","blocks":{"16547602694e0bd8ec-0":{"type":"Image","settings":{"image":"shopify:\/\/shop_images\/brand-logo4.png","title":"Brand Name","link":""}},"16547602694e0bd8ec-1":{"type":"Image","settings":{"image":"shopify:\/\/shop_images\/brand-logo3.png","title":"Brand Name","link":""}},"16547602694e0bd8ec-2":{"type":"Image","settings":{"image":"shopify:\/\/shop_images\/brand-logo2.png","title":"Brand Name","link":""}},"16547602694e0bd8ec-3":{"type":"Image","settings":{"image":"shopify:\/\/shop_images\/brand-logo1.png","title":"Brand Name","link":""}}},"block_order":["16547602694e0bd8ec-0","16547602694e0bd8ec-1","16547602694e0bd8ec-2","16547602694e0bd8ec-3"],"settings":{"full":false,"spacing_both_ends":false,"padding":"0,0","margin":"90,0","show_background_image":false,"background_style":"none","background_size":"auto","enable_overlay":false,"background_color":"","overlay_transparency":"0.5","section_heading":"","section_sub_heading":"","section_description":"","section_button_text":"","section_button_link":"","section_heading_color":"","section_sub_heading_color":"","section_description_color":"","section_button_bg_color":"","section_button_text_color":"","section_button_hover_bg_color":"","section_button_hover_text_color":"","heading_position":"text-center","grid":"4","block_style":"style-3","enable_box_shadow":false,"column_gap":"50","border_radius":"0","block_border_color":"rgba(0,0,0,0)","block_background_color":"rgba(0,0,0,0)","block_hover_background_color":"rgba(0,0,0,0)","block_icon_color":"#000000","block_hover_icon_color":"#565e41","enable_slider":true,"enable_auto_height":true,"items_per_view":4,"items_laptop_view":4,"items_tablet_view":3,"items_mobile_view":1,"enable_center_mode":false,"slider_autoplay":5,"dots":false,"carousel_pagination_alignment":"center_pagination","arrows":false,"nav_arrow_position":"navigation-bottom-center","center_nav_arrow_alignment":"outside_container","navigation_button_color":"","navigation_button_icon_color":"","navigation_button_hover_color":"","navigation_button_hover_icon_color":"","navigation_dot_color":"","navigation_dot_active_color":"","custom_class_name":"custom-brand-logo"}},"165528562091f317bf":{"type":"home-testimonial","blocks":{"165528562093127902-0":{"type":"content","settings":{"quote":"<p>Facilisi morbi tempus iaculis urna id blandit libero volutpat sed cras ornare arcu dui vivamus arcu nibh sed pulvinar proin gravida volutpat lacus laoreet non curabitur est ullamcorper eget nulla facilisi etiam curabitur vitae nunc sed velit dignissim suspendisse ultrices gravida dictum fusce ut placerat orci olutpat ac tincidunt vitae semper quis lectus nulla at volutpat.<\/p>","icon":"shopify:\/\/shop_images\/test02.jpg","author":"Cathrine","job":"CEO","star":"5"}},"8bcd1f7a-7d6a-4afa-aad8-8519825b639e":{"type":"content","settings":{"quote":"<p>Integer enim neque volutpat ac tincidunt vitae semper quis nunc lobortis mattis aliquam faucibus purus in massa tempor nec sem fringilla ut morbi tincidunt augue interdum velit euismod in tincidunt dui ut ornare lectus sit amet est placerat in vel facilisis volutpat est velit egestas dui id ornare ac tincidunt vitae semper quis lectus nulla at volutpat.<\/p>","icon":"shopify:\/\/shop_images\/test03.jpg","author":"John Milton","job":"Designer","star":"4"}},"b9b6ee44-310f-4256-850c-97742f44abfd":{"type":"content","settings":{"quote":"<p>Diam vel quam elementum pulvinar  auctor elit sed vulputate mi sit amet mauris commodo quis dis parturient montes nascetur ridiculus mus mauris vitae ultricies dictum non consectetur a erat nam at lectus ut etiam sit amet nisl purus in mollis suspendisse potenti nullam ac tortor rutrum tellus pellentesque eu tincidunt tortor aliquam nulla facilisi.<\/p>","icon":"shopify:\/\/shop_images\/test01.jpg","author":"George","job":"Director","star":"4.5"}}},"block_order":["165528562093127902-0","8bcd1f7a-7d6a-4afa-aad8-8519825b639e","b9b6ee44-310f-4256-850c-97742f44abfd"],"settings":{"full":true,"spacing_both_ends":true,"padding":"0,0","margin":"80,0","show_background_image":false,"background_style":"none","background_size":"auto","enable_overlay":false,"background_color":"","overlay_transparency":"0.5","section_heading":"","section_sub_heading":"","section_description":"","section_button_text":"","section_button_link":"","section_heading_color":"","section_sub_heading_color":"","section_description_color":"","section_button_bg_color":"","section_button_text_color":"","section_button_hover_bg_color":"","section_button_hover_text_color":"","heading_position":"text-center","grid":"1","block_style":"style_3","boxed_styles":"overall_boxed","enable_box_shadow":false,"reverse_column":false,"text_position":"text-center","quote_icon":"shopify:\/\/shop_images\/quote-icon.png","quote_style":"quote-icon-in-content","author_info_style":"style_2","border_radius":"50%","boxed_border_radius":"0","column_gap":"30","content_width":"30\/70","lap_content_width":"20\/80","vertical_position":"vertical-top","testimonial_border_color":"","testimonial_background_color":"#f4f4f4","testimonial_content_color":"#000000","testimonial_review_color":"linear-gradient(180deg, rgba(245, 149, 9, 1) 1%, rgba(255, 192, 2, 1) 100%)","testimonial_author_text_color":"#000000","testimonial_author_designation_color":"#000000","testimonial_author_separator_color":"","testimonial_quote_icon_color":"#000000","enable_slider":true,"enable_auto_height":true,"items_per_view":1,"items_laptop_view":1,"items_tablet_view":1,"items_mobile_view":1,"enable_center_mode":false,"slider_autoplay":0,"dots":false,"carousel_pagination_alignment":"center_pagination","carousel_pagination_bottom_alignment":"outside_element","arrows":true,"nav_arrow_position":"navigation-top-right","center_nav_arrow_alignment":"outside_container","navigation_button_color":"","navigation_button_icon_color":"#000000","navigation_button_hover_color":"","navigation_button_hover_icon_color":"#000000","navigation_dot_color":"","navigation_dot_active_color":"","show_right_block_image":true,"right_block_image":"shopify:\/\/shop_images\/test-banner.jpg","custom_class_name":"custom-testimonial"}},"1654676858d946e20b":{"type":"home-image-gallery","blocks":{"165467685865eb3b00-0":{"type":"image_image","settings":{"image":"shopify:\/\/shop_images\/insta01_d6586ac9-f97d-4a70-808b-5f9cb6e8983f.jpg","icon_class":"fa fa-instagram","overlay_title":"","link":"\/"}},"165467685865eb3b00-1":{"type":"image_image","settings":{"image":"shopify:\/\/shop_images\/insta02_1a3973f5-014c-44a9-919b-08816b47a09e.jpg","icon_class":"fa fa-instagram","overlay_title":"","link":"\/"}},"165467685865eb3b00-2":{"type":"image_image","settings":{"image":"shopify:\/\/shop_images\/insta03_7f7c9c27-7d65-4aae-a265-8274e6a80b9d.jpg","icon_class":"fa fa-instagram","overlay_title":"","link":"\/"}},"165467685865eb3b00-3":{"type":"image_image","settings":{"image":"shopify:\/\/shop_images\/insta05_277141ac-1ee3-4c4e-a13a-5db51246eed5.jpg","icon_class":"fa fa-instagram","overlay_title":"","link":"\/"}},"165467685865eb3b00-4":{"type":"image_image","settings":{"image":"shopify:\/\/shop_images\/insta04_474556ff-a134-41ad-91e4-c4ea4cd23dea.jpg","icon_class":"fa fa-instagram","overlay_title":"","link":"\/"}},"898e5675-ad3d-4041-a449-b43062312c5e":{"type":"image_image","settings":{"image":"shopify:\/\/shop_images\/insta06_991910e2-b852-490f-8aab-cffbcd205117.jpg","icon_class":"fa fa-instagram","overlay_title":"","link":"\/"}}},"block_order":["165467685865eb3b00-0","165467685865eb3b00-1","165467685865eb3b00-2","165467685865eb3b00-3","165467685865eb3b00-4","898e5675-ad3d-4041-a449-b43062312c5e"],"settings":{"full":true,"spacing_both_ends":true,"padding":"0,0","margin":"100,70","show_background_image":false,"background_style":"none","background_size":"auto","enable_overlay":false,"background_color":"","overlay_transparency":"0.5","section_heading":"@Yourinstagram","section_sub_heading":"Follow Us","section_description":"","section_button_text":"","section_button_link":"","section_heading_color":"","section_sub_heading_color":"","section_description_color":"","section_button_bg_color":"","section_button_text_color":"","section_button_hover_bg_color":"","section_button_hover_text_color":"","heading_position":"text-center","grid":"5","column_gap":"15","image_list_text":"Updation","enable_overlay_content":true,"item_height":310,"item_height_laptop":310,"item_height_tab":310,"item_height_mobile":310,"image_link_text_color":"#e6e6e6","image_link_hover_text_color":"","image_overlay_icon_color":"","image_overlay_color":"#565e41","icon_size":"24","enable_slider":true,"remove_button_space":false,"enable_auto_height":true,"items_per_view":5,"items_laptop_view":4,"items_tablet_view":3,"items_mobile_view":1,"enable_center_mode":false,"slider_autoplay":5,"dots":false,"carousel_pagination_alignment":"center_pagination","arrows":false,"nav_arrow_position":"center-navigation","center_nav_arrow_alignment":"along_with_container","navigation_button_color":"#ffffff","navigation_button_icon_color":"#000000","navigation_button_hover_color":"#000000","navigation_button_hover_icon_color":"#ffffff","navigation_dot_color":"","navigation_dot_active_color":"","custom_class_name":"custom-image-list"}}},"order":["16484715585d0b75d2","165753168510ebd1ce","165759915185c1e621","1654759336c4c7a41b","1654777743997058a9","16547599028525190f","165476026910bbe237","165528562091f317bf","1654676858d946e20b"]}