{"sections":{"main":{"type":"main-page","settings":{"full":false,"spacing_both_ends":false,"padding":"0,0","margin":"0,0"}},"1648796459d3d06fa4":{"type":"home-grid-banner","blocks":{"1648796458e22062f0-0":{"type":"content","settings":{"grid_banner_type":"image","block_image":"shopify:\/\/shop_images\/model-laughs-barefoot.jpg","block_video":"https:\/\/www.w3schools.com\/tags\/mov_bbb.mp4","video_icon_color":"","video_icon_position":"icon-top-right","content_with_icon":false,"video_icon_outer_size":"60px","video_icon_size":"40px","show_image":true,"show_content":true,"block_title":"Why do we use it?","block_sub_title":"","block_description":"It is a long established fact that a reader will be distracted by the readable content of a page when looking at its layout.","block_button_text":"Show More","block_button_link":"","block_text_align":"text-center","content_position":"center","reverse_column":false,"block_banner_bg":"","block_content_box_bg":"","block_heading_color":"","block_sub_heading_color":"","block_description_color":"","block_button_bg_color":"","block_button_text_color":"","block_button_hover_bg_color":"","block_button_hover_text_color":"","overlay_style":"use_overlay","overlay_color":"#f3eeeb","overlay_opacity":"0","rotation_degree":"180"}},"4f291a83-96c3-46e7-93ea-5bca17458993":{"type":"content","settings":{"grid_banner_type":"image","block_image":"shopify:\/\/shop_images\/golden-autumn-leaves.jpg","block_video":"https:\/\/www.w3schools.com\/tags\/mov_bbb.mp4","video_icon_color":"","video_icon_position":"icon-top-right","content_with_icon":false,"video_icon_outer_size":"60px","video_icon_size":"40px","show_image":true,"show_content":true,"block_title":"What is Lorem Ipsum?","block_sub_title":"","block_description":"It is a long established fact that a reader will be distracted by the readable content of a page when looking at its layout.","block_button_text":"Show More","block_button_link":"","block_text_align":"text-center","content_position":"center","reverse_column":true,"block_banner_bg":"","block_content_box_bg":"","block_heading_color":"","block_sub_heading_color":"","block_description_color":"","block_button_bg_color":"","block_button_text_color":"","block_button_hover_bg_color":"","block_button_hover_text_color":"","overlay_style":"use_overlay","overlay_color":"","overlay_opacity":"0","rotation_degree":"180"}},"1648796458e22062f0-1":{"type":"content","settings":{"grid_banner_type":"image","block_image":"shopify:\/\/shop_images\/aged-map-with-worn-paper-corners.jpg","block_video":"https:\/\/www.w3schools.com\/tags\/mov_bbb.mp4","video_icon_color":"","video_icon_position":"icon-top-right","content_with_icon":false,"video_icon_outer_size":"60px","video_icon_size":"40px","show_image":true,"show_content":true,"block_title":"What is Lorem Ipsum?","block_sub_title":"","block_description":"It is a long established fact that a reader will be distracted by the readable content of a page when looking at its layout.","block_button_text":"Show More","block_button_link":"","block_text_align":"text-center","content_position":"center","reverse_column":false,"block_banner_bg":"","block_content_box_bg":"","block_heading_color":"","block_sub_heading_color":"","block_description_color":"","block_button_bg_color":"","block_button_text_color":"","block_button_hover_bg_color":"","block_button_hover_text_color":"","overlay_style":"use_overlay","overlay_color":"","overlay_opacity":"0","rotation_degree":"180"}}},"block_order":["1648796458e22062f0-0","4f291a83-96c3-46e7-93ea-5bca17458993","1648796458e22062f0-1"],"settings":{"full":false,"spacing_both_ends":false,"padding":"0,0","margin":"0,0","show_background_image":false,"background_style":"none","background_size":"auto","enable_overlay":false,"background_color":"","overlay_transparency":"0.5","section_heading":"Grid Banner","section_sub_heading":"","section_description":"","section_button_text":"","section_button_link":"","section_heading_color":"","section_sub_heading_color":"","section_description_color":"","section_button_bg_color":"","section_button_text_color":"","section_button_hover_bg_color":"","section_button_hover_text_color":"","heading_position":"text-center","block_banner_style":"grid","column_gap":"30","grid":"3","border_radius":"0","enable_box_shadow":false,"equal_height":false,"content_width":"50\/50","lap_content_width":"40\/60","overlay_style_height":600,"overlay_style_height_laptop":500,"overlay_style_height_mobile":400,"custom_class_name":""}},"1648798308d9da6300":{"type":"home-grid-banner","blocks":{"1648798307a24ea4ec-0":{"type":"content","settings":{"grid_banner_type":"image","block_image":"shopify:\/\/shop_images\/aged-map-with-worn-paper-corners.jpg","block_video":"https:\/\/www.w3schools.com\/tags\/mov_bbb.mp4","video_icon_color":"","video_icon_position":"icon-top-right","content_with_icon":false,"video_icon_outer_size":"60px","video_icon_size":"40px","show_image":true,"show_content":true,"block_title":"What is Lorem Ipsum?","block_sub_title":"Contrary to popular belief,","block_description":"It is a long established fact that a reader will be distracted by the readable content of a page when looking at its layout.","block_button_text":"Show More","block_button_link":"#","block_text_align":"text-start","content_position":"center-left","reverse_column":false,"block_banner_bg":"","block_content_box_bg":"","block_heading_color":"","block_sub_heading_color":"","block_description_color":"","block_button_bg_color":"","block_button_text_color":"","block_button_hover_bg_color":"","block_button_hover_text_color":"","overlay_style":"use_overlay","overlay_color":"","overlay_opacity":"0","rotation_degree":"180"}},"1648798307a24ea4ec-1":{"type":"content","settings":{"grid_banner_type":"image","block_image":"shopify:\/\/shop_images\/model-laughs-barefoot.jpg","block_video":"https:\/\/www.w3schools.com\/tags\/mov_bbb.mp4","video_icon_color":"","video_icon_position":"icon-top-right","content_with_icon":false,"video_icon_outer_size":"60px","video_icon_size":"40px","show_image":true,"show_content":true,"block_title":"Where can I get some?","block_sub_title":"Contrary to popular belief,","block_description":"It is a long established fact that a reader will be distracted by the readable content of a page when looking at its layout.","block_button_text":"Show More","block_button_link":"#","block_text_align":"text-end","content_position":"center-right","reverse_column":true,"block_banner_bg":"","block_content_box_bg":"","block_heading_color":"","block_sub_heading_color":"","block_description_color":"","block_button_bg_color":"","block_button_text_color":"","block_button_hover_bg_color":"","block_button_hover_text_color":"","overlay_style":"use_gradient_overlay","overlay_color":"#f3eeeb","overlay_opacity":"0","rotation_degree":"180"}}},"block_order":["1648798307a24ea4ec-0","1648798307a24ea4ec-1"],"settings":{"full":false,"spacing_both_ends":false,"padding":"100,0","margin":"0,0","show_background_image":false,"background_style":"none","background_size":"auto","enable_overlay":false,"background_color":"","overlay_transparency":"0.5","section_heading":"Grid List Banner","section_sub_heading":"","section_description":"","section_button_text":"","section_button_link":"","section_heading_color":"","section_sub_heading_color":"","section_description_color":"","section_button_bg_color":"","section_button_text_color":"","section_button_hover_bg_color":"","section_button_hover_text_color":"","heading_position":"text-center","block_banner_style":"list","column_gap":"30","grid":"2","border_radius":"0","enable_box_shadow":true,"equal_height":false,"content_width":"50\/50","lap_content_width":"50\/50","overlay_style_height":600,"overlay_style_height_laptop":500,"overlay_style_height_mobile":400,"custom_class_name":""}},"164879882556531f61":{"type":"home-grid-banner","blocks":{"1648798824bc1e581e-0":{"type":"content","settings":{"grid_banner_type":"video","block_image":"shopify:\/\/shop_images\/aged-map-with-worn-paper-corners.jpg","block_video":"https:\/\/www.w3schools.com\/tags\/mov_bbb.mp4","video_icon_color":"","video_icon_position":"icon-top-right","content_with_icon":true,"video_icon_outer_size":"60px","video_icon_size":"40px","show_image":true,"show_content":true,"block_title":"Where does it come from?","block_sub_title":"Contrary to popular belief,","block_description":"It is a long established fact that a reader will be distracted by the readable content of a page when looking at its layout.","block_button_text":"Show More","block_button_link":"","block_text_align":"text-center","content_position":"bottom-left","reverse_column":false,"block_banner_bg":"","block_content_box_bg":"","block_heading_color":"","block_sub_heading_color":"","block_description_color":"","block_button_bg_color":"","block_button_text_color":"","block_button_hover_bg_color":"","block_button_hover_text_color":"","overlay_style":"use_gradient_overlay","overlay_color":"#f3eeeb","overlay_opacity":"1","rotation_degree":"180"}},"1648798824bc1e581e-1":{"type":"content","settings":{"grid_banner_type":"image","block_image":"shopify:\/\/shop_images\/model-laughs-barefoot.jpg","block_video":"https:\/\/www.w3schools.com\/tags\/mov_bbb.mp4","video_icon_color":"","video_icon_position":"icon-top-left","content_with_icon":false,"video_icon_outer_size":"60px","video_icon_size":"40px","show_image":true,"show_content":true,"block_title":"Where does it come from?","block_sub_title":"Contrary to popular belief,","block_description":"It is a long established fact that a reader will be distracted by the readable content of a page when looking at its layout.","block_button_text":"Show More","block_button_link":"","block_text_align":"text-center","content_position":"bottom-left","reverse_column":false,"block_banner_bg":"rgba(0,0,0,0)","block_content_box_bg":"rgba(0,0,0,0)","block_heading_color":"","block_sub_heading_color":"","block_description_color":"","block_button_bg_color":"","block_button_text_color":"","block_button_hover_bg_color":"","block_button_hover_text_color":"","overlay_style":"use_gradient_overlay","overlay_color":"#f3eeeb","overlay_opacity":"1","rotation_degree":"180"}}},"block_order":["1648798824bc1e581e-0","1648798824bc1e581e-1"],"settings":{"full":false,"spacing_both_ends":false,"padding":"100,0","margin":"0,0","show_background_image":false,"background_style":"none","background_size":"auto","enable_overlay":false,"background_color":"","overlay_transparency":"0.5","section_heading":"Grid Overlay Banner","section_sub_heading":"","section_description":"","section_button_text":"","section_button_link":"","section_heading_color":"","section_sub_heading_color":"","section_description_color":"","section_button_bg_color":"","section_button_text_color":"","section_button_hover_bg_color":"","section_button_hover_text_color":"","heading_position":"text-center","block_banner_style":"overlay","column_gap":"30","grid":"2","border_radius":"0","enable_box_shadow":false,"equal_height":false,"content_width":"50\/50","lap_content_width":"40\/60","overlay_style_height":600,"overlay_style_height_laptop":500,"overlay_style_height_mobile":400,"custom_class_name":""}},"16487994031fc9ec7d":{"type":"home-grid-banner","blocks":{"1648799403edbc294c-0":{"type":"content","settings":{"grid_banner_type":"video","block_image":"shopify:\/\/shop_images\/aged-map-with-worn-paper-corners.jpg","block_video":"https:\/\/www.w3schools.com\/tags\/mov_bbb.mp4","video_icon_color":"#ffffff","video_icon_position":"icon-top-right","content_with_icon":false,"video_icon_outer_size":"60px","video_icon_size":"40px","show_image":true,"show_content":true,"block_title":"Where can I get some?","block_sub_title":"","block_description":"It is a long established fact that a reader will be distracted by the readable content of a page when looking at its layout.","block_button_text":"Show More","block_button_link":"","block_text_align":"text-center","content_position":"center","reverse_column":false,"block_banner_bg":"","block_content_box_bg":"","block_heading_color":"","block_sub_heading_color":"","block_description_color":"","block_button_bg_color":"","block_button_text_color":"","block_button_hover_bg_color":"","block_button_hover_text_color":"","overlay_style":"use_gradient_overlay","overlay_color":"#f3eeeb","overlay_opacity":"1","rotation_degree":"180"}},"0b376a1a-5b43-465f-b3e8-4297a73faa85":{"type":"content","settings":{"grid_banner_type":"video","block_image":"shopify:\/\/shop_images\/golden-autumn-leaves.jpg","block_video":"https:\/\/www.w3schools.com\/tags\/mov_bbb.mp4","video_icon_color":"#ffffff","video_icon_position":"icon-top-right","content_with_icon":false,"video_icon_outer_size":"60px","video_icon_size":"40px","show_image":true,"show_content":true,"block_title":"Where can I get some?","block_sub_title":"","block_description":"It is a long established fact that a reader will be distracted by the readable content of a page when looking at its layout.","block_button_text":"Show More","block_button_link":"","block_text_align":"text-center","content_position":"center","reverse_column":true,"block_banner_bg":"","block_content_box_bg":"","block_heading_color":"","block_sub_heading_color":"","block_description_color":"","block_button_bg_color":"","block_button_text_color":"","block_button_hover_bg_color":"","block_button_hover_text_color":"","overlay_style":"use_gradient_overlay","overlay_color":"#f3eeeb","overlay_opacity":"1","rotation_degree":"0"}},"1648799403edbc294c-1":{"type":"content","settings":{"grid_banner_type":"video","block_image":"shopify:\/\/shop_images\/model-laughs-barefoot.jpg","block_video":"https:\/\/www.w3schools.com\/tags\/mov_bbb.mp4","video_icon_color":"","video_icon_position":"icon-top-right","content_with_icon":false,"video_icon_outer_size":"60px","video_icon_size":"40px","show_image":true,"show_content":true,"block_title":"Where can I get some?","block_sub_title":"","block_description":"It is a long established fact that a reader will be distracted by the readable content of a page when looking at its layout.","block_button_text":"Show More","block_button_link":"","block_text_align":"text-center","content_position":"center","reverse_column":false,"block_banner_bg":"","block_content_box_bg":"","block_heading_color":"","block_sub_heading_color":"","block_description_color":"","block_button_bg_color":"","block_button_text_color":"","block_button_hover_bg_color":"","block_button_hover_text_color":"","overlay_style":"use_gradient_overlay","overlay_color":"#f3eeeb","overlay_opacity":"1","rotation_degree":"180"}}},"block_order":["1648799403edbc294c-0","0b376a1a-5b43-465f-b3e8-4297a73faa85","1648799403edbc294c-1"],"settings":{"full":false,"spacing_both_ends":false,"padding":"100,0","margin":"0,0","show_background_image":false,"background_style":"none","background_size":"auto","enable_overlay":false,"background_color":"","overlay_transparency":"0.5","section_heading":"Video With Grid Banner","section_sub_heading":"","section_description":"","section_button_text":"","section_button_link":"","section_heading_color":"","section_sub_heading_color":"","section_description_color":"","section_button_bg_color":"","section_button_text_color":"","section_button_hover_bg_color":"","section_button_hover_text_color":"","heading_position":"text-center","block_banner_style":"grid","column_gap":"30","grid":"3","border_radius":"0","enable_box_shadow":false,"equal_height":false,"content_width":"50\/50","lap_content_width":"40\/60","overlay_style_height":600,"overlay_style_height_laptop":500,"overlay_style_height_mobile":400,"custom_class_name":""}},"164879959031b5d17d":{"type":"home-grid-banner","blocks":{"16487995892a723a0e-0":{"type":"content","settings":{"grid_banner_type":"image","block_image":"shopify:\/\/shop_images\/aged-map-with-worn-paper-corners.jpg","block_video":"https:\/\/www.w3schools.com\/tags\/mov_bbb.mp4","video_icon_color":"","video_icon_position":"icon-top-right","content_with_icon":false,"video_icon_outer_size":"60px","video_icon_size":"40px","show_image":true,"show_content":true,"block_title":"Where can I get some?","block_sub_title":"","block_description":"It is a long established fact that a reader will be distracted by the readable content of a page when looking at its layout. The point of using Lorem Ipsum is that it has a more-or-less normal.","block_button_text":"Show More","block_button_link":"#","block_text_align":"text-start","content_position":"center-left","reverse_column":false,"block_banner_bg":"","block_content_box_bg":"","block_heading_color":"","block_sub_heading_color":"","block_description_color":"","block_button_bg_color":"","block_button_text_color":"","block_button_hover_bg_color":"","block_button_hover_text_color":"","overlay_style":"use_overlay","overlay_color":"","overlay_opacity":"0","rotation_degree":"180"}},"16487995892a723a0e-1":{"type":"content","settings":{"grid_banner_type":"video","block_image":"shopify:\/\/shop_images\/model-laughs-barefoot.jpg","block_video":"https:\/\/www.w3schools.com\/tags\/mov_bbb.mp4","video_icon_color":"","video_icon_position":"icon-top-right","content_with_icon":false,"video_icon_outer_size":"40px","video_icon_size":"60px","show_image":true,"show_content":true,"block_title":"Where can I get some?","block_sub_title":"","block_description":"It is a long established fact that a reader will be distracted by the readable content of a page when looking at its layout. The point of using Lorem Ipsum is that it has a more-or-less normal.","block_button_text":"Show More","block_button_link":"#","block_text_align":"text-end","content_position":"center-right","reverse_column":true,"block_banner_bg":"","block_content_box_bg":"","block_heading_color":"","block_sub_heading_color":"","block_description_color":"","block_button_bg_color":"","block_button_text_color":"","block_button_hover_bg_color":"","block_button_hover_text_color":"","overlay_style":"use_overlay","overlay_color":"#f3eeeb","overlay_opacity":"0","rotation_degree":"180"}}},"block_order":["16487995892a723a0e-0","16487995892a723a0e-1"],"settings":{"full":false,"spacing_both_ends":false,"padding":"100,0","margin":"0,0","show_background_image":false,"background_style":"none","background_size":"auto","enable_overlay":false,"background_color":"","overlay_transparency":"0.5","section_heading":"Video With List Banner","section_sub_heading":"","section_description":"","section_button_text":"","section_button_link":"","section_heading_color":"","section_sub_heading_color":"","section_description_color":"","section_button_bg_color":"","section_button_text_color":"","section_button_hover_bg_color":"","section_button_hover_text_color":"","heading_position":"text-center","block_banner_style":"list","column_gap":"30","grid":"2","border_radius":"0","enable_box_shadow":false,"equal_height":false,"content_width":"50\/50","lap_content_width":"50\/50","overlay_style_height":600,"overlay_style_height_laptop":500,"overlay_style_height_mobile":400,"custom_class_name":""}},"16488007595a022105":{"type":"home-grid-banner","blocks":{"164880075995d9eb1c-0":{"type":"content","settings":{"grid_banner_type":"video","block_image":"shopify:\/\/shop_images\/model-laughs-barefoot.jpg","block_video":"https:\/\/www.w3schools.com\/tags\/mov_bbb.mp4","video_icon_color":"","video_icon_position":"icon-top-right","content_with_icon":false,"video_icon_outer_size":"60px","video_icon_size":"40px","show_image":true,"show_content":true,"block_title":"Why do we use it?","block_sub_title":"","block_description":"It is a long established fact that a reader will be distracted by the readable content of a page when looking at its layout.","block_button_text":"Show More","block_button_link":"","block_text_align":"text-start","content_position":"bottom-left","reverse_column":false,"block_banner_bg":"rgba(0,0,0,0)","block_content_box_bg":"","block_heading_color":"","block_sub_heading_color":"","block_description_color":"","block_button_bg_color":"","block_button_text_color":"","block_button_hover_bg_color":"","block_button_hover_text_color":"","overlay_style":"use_overlay","overlay_color":"","overlay_opacity":"0","rotation_degree":"180"}},"164880075995d9eb1c-1":{"type":"content","settings":{"grid_banner_type":"video","block_image":"shopify:\/\/shop_images\/aged-map-with-worn-paper-corners.jpg","block_video":"https:\/\/www.w3schools.com\/tags\/mov_bbb.mp4","video_icon_color":"#ffffff","video_icon_position":"icon-bottom-right","content_with_icon":false,"video_icon_outer_size":"60px","video_icon_size":"40px","show_image":true,"show_content":false,"block_title":"Title","block_sub_title":"Sub title","block_description":"Short description","block_button_text":"","block_button_link":"","block_text_align":"text-center","content_position":"center","reverse_column":false,"block_banner_bg":"","block_content_box_bg":"","block_heading_color":"","block_sub_heading_color":"","block_description_color":"","block_button_bg_color":"","block_button_text_color":"","block_button_hover_bg_color":"","block_button_hover_text_color":"","overlay_style":"use_overlay","overlay_color":"#f3eeeb","overlay_opacity":"0","rotation_degree":"180"}},"38fab994-536d-4aad-abdf-20a884843b1c":{"type":"content","settings":{"grid_banner_type":"video","block_image":"shopify:\/\/shop_images\/golden-autumn-leaves.jpg","block_video":"https:\/\/www.w3schools.com\/tags\/mov_bbb.mp4","video_icon_color":"#ffffff","video_icon_position":"icon-bottom-right","content_with_icon":false,"video_icon_outer_size":"60px","video_icon_size":"40px","show_image":true,"show_content":false,"block_title":"Title","block_sub_title":"Sub title","block_description":"Short description","block_button_text":"","block_button_link":"","block_text_align":"text-center","content_position":"center","reverse_column":false,"block_banner_bg":"","block_content_box_bg":"","block_heading_color":"","block_sub_heading_color":"","block_description_color":"","block_button_bg_color":"","block_button_text_color":"","block_button_hover_bg_color":"","block_button_hover_text_color":"","overlay_style":"use_overlay","overlay_color":"","overlay_opacity":"0","rotation_degree":"180"}}},"block_order":["164880075995d9eb1c-0","164880075995d9eb1c-1","38fab994-536d-4aad-abdf-20a884843b1c"],"settings":{"full":false,"spacing_both_ends":false,"padding":"100,30","margin":"0,0","show_background_image":false,"background_style":"none","background_size":"auto","enable_overlay":false,"background_color":"","overlay_transparency":"0.5","section_heading":"Video With Overlay Style","section_sub_heading":"","section_description":"","section_button_text":"","section_button_link":"","section_heading_color":"","section_sub_heading_color":"","section_description_color":"","section_button_bg_color":"","section_button_text_color":"","section_button_hover_bg_color":"","section_button_hover_text_color":"","heading_position":"text-center","block_banner_style":"overlay","column_gap":"30","grid":"3","border_radius":"0","enable_box_shadow":false,"equal_height":false,"content_width":"50\/50","lap_content_width":"40\/60","overlay_style_height":480,"overlay_style_height_laptop":460,"overlay_style_height_mobile":400,"custom_class_name":""}}},"order":["main","1648796459d3d06fa4","1648798308d9da6300","164879882556531f61","16487994031fc9ec7d","164879959031b5d17d","16488007595a022105"]}