{"sections":{"main":{"type":"main-page","settings":{"full":false,"spacing_both_ends":false,"padding":"0,0","margin":"0,0"}},"1649410056e4a69f9e":{"type":"home-masonry-banner","blocks":{"16494100556c672aef-0":{"type":"content","settings":{"grid_banner_type":"image","block_image":"shopify:\/\/shop_images\/model-laughs-barefoot.jpg","block_video":"https:\/\/www.w3schools.com\/tags\/mov_bbb.mp4","video_icon_color":"","video_icon_position":"icon-top-right","content_with_icon":false,"video_icon_outer_size":"60px","video_icon_size":"40px","show_image":true,"show_content":false,"block_title":"Why do we use it?","block_sub_title":"There are many","block_description":"","block_button_text":"","block_button_link":"","block_text_align":"text-start","content_position":"bottom-left","image_position":"center","reverse_column":false,"block_banner_bg":"","block_heading_color":"","block_sub_heading_color":"","block_description_color":"","block_button_bg_color":"","block_button_text_color":"","block_button_hover_bg_color":"","block_button_hover_text_color":"","overlay_style":"use_gradient_overlay","overlay_color":"#f3eeeb","overlay_opacity":"0","rotation_degree":"180"}},"16494100556c672aef-1":{"type":"content","settings":{"grid_banner_type":"image","block_image":"shopify:\/\/shop_images\/aged-map-with-worn-paper-corners.jpg","block_video":"https:\/\/www.w3schools.com\/tags\/mov_bbb.mp4","video_icon_color":"","video_icon_position":"icon-top-right","content_with_icon":false,"video_icon_outer_size":"60px","video_icon_size":"40px","show_image":true,"show_content":false,"block_title":"Why do we use it?","block_sub_title":"There are many variations","block_description":"","block_button_text":"","block_button_link":"","block_text_align":"text-end","content_position":"top-right","image_position":"center","reverse_column":false,"block_banner_bg":"","block_heading_color":"","block_sub_heading_color":"","block_description_color":"","block_button_bg_color":"","block_button_text_color":"","block_button_hover_bg_color":"","block_button_hover_text_color":"","overlay_style":"use_overlay","overlay_color":"","overlay_opacity":"0","rotation_degree":"180"}}},"block_order":["16494100556c672aef-0","16494100556c672aef-1"],"settings":{"full":false,"spacing_both_ends":false,"padding":"0,80","margin":"0,0","show_background_image":false,"background_style":"none","background_size":"auto","enable_overlay":false,"background_color":"","overlay_transparency":"0.5","section_heading":"Masonry Overlay(Style 1)","section_sub_heading":"","section_description":"","section_button_text":"","section_button_link":"","heading_position":"text-center","section_heading_color":"","section_sub_heading_color":"","section_description_color":"","section_button_bg_color":"","section_button_text_color":"","section_button_hover_bg_color":"","section_button_hover_text_color":"","main_banner_style":"overlay","block_banner_style":"overlay","reverse_column":true,"column_gap":"30px","enable_box_shadow":false,"border_radius":"0","content_width":"50\/50","lap_content_width":"40\/60","primary_text_align":"text-end","primary_position":"bottom-right","primary_image":"shopify:\/\/shop_images\/golden-autumn-leaves.jpg","primary_title":"Where can I get some?","primary_sub_title":"injected humour,","primary_description":"There are many variations of passages of Lorem Ipsum available,","primary_button_text":"","primary_button_link":"","primary_banner_bg":"","primary_banner_content_bg":"#f3eeeb","primary_heading_color":"","primary_sub_heading_color":"","primary_description_color":"","primary_button_bg_color":"","primary_button_text_color":"","primary_button_hover_bg_color":"","primary_button_hover_text_color":"","primary_content_overlay_opacity":"0.8","overlay_style":"use_overlay","overlay_color":"","overlay_opacity":"0","rotation_degree":"180","block_style":"default","overlay_style_height":370,"overlay_style_height_laptop":440,"overlay_style_height_tab":500,"overlay_style_height_mobile":450,"custom_class_name":""}},"16494109164396ab67":{"type":"home-masonry-banner","blocks":{"1649410916fdf4a6a1-1":{"type":"content","settings":{"grid_banner_type":"video","block_image":"shopify:\/\/shop_images\/people-enjoy-a-clear-day-at-the-beach.jpg","block_video":"https:\/\/www.w3schools.com\/tags\/mov_bbb.mp4","video_icon_color":"#ffffff","video_icon_position":"icon-bottom-left","content_with_icon":false,"video_icon_outer_size":"60px","video_icon_size":"50px","show_image":true,"show_content":true,"block_title":"Why do we use it?","block_sub_title":"The standard","block_description":"It is a long established fact that a reader will be distracted by the readable content of a page when looking at its layout.","block_button_text":"","block_button_link":"","block_text_align":"text-center","content_position":"top-left","image_position":"center","reverse_column":false,"block_banner_bg":"#f3eeeb","block_heading_color":"#1a1a1a","block_sub_heading_color":"#000000","block_description_color":"#000000","block_button_bg_color":"","block_button_text_color":"","block_button_hover_bg_color":"","block_button_hover_text_color":"","overlay_style":"use_overlay","overlay_color":"","overlay_opacity":"0","rotation_degree":"180"}},"1649410916fdf4a6a1-0":{"type":"content","settings":{"grid_banner_type":"image","block_image":"shopify:\/\/shop_images\/model-laughs-barefoot.jpg","block_video":"https:\/\/www.w3schools.com\/tags\/mov_bbb.mp4","video_icon_color":"","video_icon_position":"icon-top-right","content_with_icon":false,"video_icon_outer_size":"60px","video_icon_size":"40px","show_image":true,"show_content":true,"block_title":"Why do we use it?","block_sub_title":"The standard","block_description":"","block_button_text":"","block_button_link":"","block_text_align":"text-center","content_position":"center","image_position":"center","reverse_column":false,"block_banner_bg":"","block_heading_color":"","block_sub_heading_color":"","block_description_color":"","block_button_bg_color":"","block_button_text_color":"","block_button_hover_bg_color":"","block_button_hover_text_color":"","overlay_style":"use_overlay","overlay_color":"","overlay_opacity":"0","rotation_degree":"180"}},"ad7127d1-17c2-499b-8fb1-a321493ad93f":{"type":"content","settings":{"grid_banner_type":"image","block_image":"shopify:\/\/shop_images\/model-laughs-barefoot.jpg","block_video":"https:\/\/www.w3schools.com\/tags\/mov_bbb.mp4","video_icon_color":"#ffffff","video_icon_position":"icon-top-right","content_with_icon":false,"video_icon_outer_size":"60px","video_icon_size":"40px","show_image":true,"show_content":true,"block_title":"Why do we use it?","block_sub_title":"The standard","block_description":"","block_button_text":"Shop Now","block_button_link":"","block_text_align":"text-center","content_position":"center","image_position":"center","reverse_column":false,"block_banner_bg":"","block_heading_color":"","block_sub_heading_color":"","block_description_color":"","block_button_bg_color":"","block_button_text_color":"","block_button_hover_bg_color":"","block_button_hover_text_color":"","overlay_style":"use_overlay","overlay_color":"","overlay_opacity":"0","rotation_degree":"180"}}},"block_order":["1649410916fdf4a6a1-1","1649410916fdf4a6a1-0","ad7127d1-17c2-499b-8fb1-a321493ad93f"],"settings":{"full":false,"spacing_both_ends":false,"padding":"0,80","margin":"0,0","show_background_image":false,"background_style":"none","background_size":"auto","enable_overlay":false,"background_color":"","overlay_transparency":"0.5","section_heading":"Masonry Overlay(Style 2)","section_sub_heading":"","section_description":"","section_button_text":"","section_button_link":"","heading_position":"text-center","section_heading_color":"","section_sub_heading_color":"","section_description_color":"","section_button_bg_color":"","section_button_text_color":"","section_button_hover_bg_color":"","section_button_hover_text_color":"","main_banner_style":"overlay","block_banner_style":"grid","reverse_column":false,"column_gap":"30px","enable_box_shadow":false,"border_radius":"0","content_width":"50\/50","lap_content_width":"40\/60","primary_text_align":"text-start","primary_position":"top-left","primary_image":"shopify:\/\/shop_images\/woman-cross-legged-with-her-eyes-closed.jpg","primary_title":"Why do we use it?","primary_sub_title":"","primary_description":"It is a long established fact that a reader will be distracted by the readable content of a page when looking at its layout.","primary_button_text":"","primary_button_link":"","primary_banner_bg":"rgba(0,0,0,0)","primary_banner_content_bg":"rgba(0,0,0,0)","primary_heading_color":"#ffffff","primary_sub_heading_color":"#ffffff","primary_description_color":"#ffffff","primary_button_bg_color":"","primary_button_text_color":"","primary_button_hover_bg_color":"","primary_button_hover_text_color":"","primary_content_overlay_opacity":"0.5","overlay_style":"use_overlay","overlay_color":"","overlay_opacity":"0","rotation_degree":"180","block_style":"style-2","overlay_style_height":350,"overlay_style_height_laptop":300,"overlay_style_height_tab":350,"overlay_style_height_mobile":370,"custom_class_name":""}},"16499118966ce8808e":{"type":"home-masonry-banner","blocks":{"1649911895fd579937-0":{"type":"content","settings":{"grid_banner_type":"image","block_image":"shopify:\/\/shop_images\/woman-cross-legged-with-her-eyes-closed.jpg","block_video":"https:\/\/www.w3schools.com\/tags\/mov_bbb.mp4","video_icon_color":"","video_icon_position":"icon-top-right","content_with_icon":false,"video_icon_outer_size":"60px","video_icon_size":"40px","show_image":true,"show_content":true,"block_title":"Why do we use it?","block_sub_title":"","block_description":"","block_button_text":"","block_button_link":"","block_text_align":"text-start","content_position":"top-left","image_position":"center left","reverse_column":false,"block_banner_bg":"rgba(0,0,0,0)","block_heading_color":"#ffffff","block_sub_heading_color":"","block_description_color":"","block_button_bg_color":"","block_button_text_color":"","block_button_hover_bg_color":"","block_button_hover_text_color":"","overlay_style":"use_overlay","overlay_color":"","overlay_opacity":"0","rotation_degree":"180"}},"1649911895fd579937-1":{"type":"content","settings":{"grid_banner_type":"video","block_image":"shopify:\/\/shop_images\/model-laughs-barefoot.jpg","block_video":"https:\/\/www.w3schools.com\/tags\/mov_bbb.mp4","video_icon_color":"","video_icon_position":"icon-top-right","content_with_icon":false,"video_icon_outer_size":"60px","video_icon_size":"40px","show_image":true,"show_content":true,"block_title":"Why use it?","block_sub_title":"","block_description":"","block_button_text":"","block_button_link":"","block_text_align":"text-center","content_position":"bottom-left","image_position":"center","reverse_column":false,"block_banner_bg":"rgba(0,0,0,0)","block_heading_color":"","block_sub_heading_color":"","block_description_color":"","block_button_bg_color":"","block_button_text_color":"","block_button_hover_bg_color":"","block_button_hover_text_color":"","overlay_style":"use_overlay","overlay_color":"","overlay_opacity":"0","rotation_degree":"180"}},"fa299267-fcfb-400c-b6b6-1d1c303832ec":{"type":"content","settings":{"grid_banner_type":"video","block_image":"shopify:\/\/shop_images\/model-laughs-barefoot.jpg","block_video":"https:\/\/www.w3schools.com\/tags\/mov_bbb.mp4","video_icon_color":"","video_icon_position":"icon-bottom-right","content_with_icon":false,"video_icon_outer_size":"60px","video_icon_size":"40px","show_image":true,"show_content":false,"block_title":"Title","block_sub_title":"Sub title","block_description":"Short description","block_button_text":"","block_button_link":"","block_text_align":"text-center","content_position":"center","image_position":"center","reverse_column":false,"block_banner_bg":"","block_heading_color":"","block_sub_heading_color":"","block_description_color":"","block_button_bg_color":"","block_button_text_color":"","block_button_hover_bg_color":"","block_button_hover_text_color":"","overlay_style":"use_overlay","overlay_color":"","overlay_opacity":"0","rotation_degree":"180"}},"f16a0f85-4542-4f14-8291-5a341ddd93ba":{"type":"content","settings":{"grid_banner_type":"video","block_image":"shopify:\/\/shop_images\/model-laughs-barefoot.jpg","block_video":"https:\/\/www.w3schools.com\/tags\/mov_bbb.mp4","video_icon_color":"","video_icon_position":"icon-top-left","content_with_icon":false,"video_icon_outer_size":"60px","video_icon_size":"40px","show_image":true,"show_content":true,"block_title":"Why use it?","block_sub_title":"","block_description":"","block_button_text":"","block_button_link":"","block_text_align":"text-center","content_position":"bottom-right","image_position":"center","reverse_column":false,"block_banner_bg":"rgba(0,0,0,0)","block_heading_color":"","block_sub_heading_color":"","block_description_color":"","block_button_bg_color":"","block_button_text_color":"","block_button_hover_bg_color":"","block_button_hover_text_color":"","overlay_style":"use_overlay","overlay_color":"","overlay_opacity":"0","rotation_degree":"180"}},"0a3969ad-c2a3-4261-800a-af514cdf5206":{"type":"content","settings":{"grid_banner_type":"image","block_image":"shopify:\/\/shop_images\/model-laughs-barefoot.jpg","block_video":"https:\/\/www.w3schools.com\/tags\/mov_bbb.mp4","video_icon_color":"","video_icon_position":"icon-top-right","content_with_icon":false,"video_icon_outer_size":"60px","video_icon_size":"40px","show_image":true,"show_content":true,"block_title":"Why use it?","block_sub_title":"","block_description":"","block_button_text":"","block_button_link":"","block_text_align":"text-center","content_position":"bottom-left","image_position":"center","reverse_column":false,"block_banner_bg":"rgba(0,0,0,0)","block_heading_color":"","block_sub_heading_color":"","block_description_color":"","block_button_bg_color":"","block_button_text_color":"","block_button_hover_bg_color":"","block_button_hover_text_color":"","overlay_style":"use_overlay","overlay_color":"","overlay_opacity":"0","rotation_degree":"180"}}},"block_order":["1649911895fd579937-0","1649911895fd579937-1","fa299267-fcfb-400c-b6b6-1d1c303832ec","f16a0f85-4542-4f14-8291-5a341ddd93ba","0a3969ad-c2a3-4261-800a-af514cdf5206"],"settings":{"full":false,"spacing_both_ends":false,"padding":"0,80","margin":"0,0","show_background_image":false,"background_style":"none","background_size":"auto","enable_overlay":false,"background_color":"","overlay_transparency":"0.5","section_heading":"Masonry Overlay(Style 3)","section_sub_heading":"","section_description":"","section_button_text":"","section_button_link":"","heading_position":"text-center","section_heading_color":"","section_sub_heading_color":"","section_description_color":"","section_button_bg_color":"","section_button_text_color":"","section_button_hover_bg_color":"","section_button_hover_text_color":"","main_banner_style":"overlay","block_banner_style":"overlay","reverse_column":true,"column_gap":"30px","enable_box_shadow":true,"border_radius":"0","content_width":"50\/50","lap_content_width":"40\/60","primary_text_align":"text-start","primary_position":"top-left","primary_image":"shopify:\/\/shop_images\/notice-board-with-a-motivational-phrase.jpg","primary_title":"Where does it come from?","primary_sub_title":"","primary_description":"It is a long established fact that a reader will be distracted by the readable content of a page when looking at its layout.","primary_button_text":"","primary_button_link":"","primary_banner_bg":"rgba(0,0,0,0)","primary_banner_content_bg":"#ffffff","primary_heading_color":"","primary_sub_heading_color":"","primary_description_color":"","primary_button_bg_color":"","primary_button_text_color":"","primary_button_hover_bg_color":"","primary_button_hover_text_color":"","primary_content_overlay_opacity":"0.7","overlay_style":"use_overlay","overlay_color":"","overlay_opacity":"0","rotation_degree":"180","block_style":"style-3","overlay_style_height":300,"overlay_style_height_laptop":250,"overlay_style_height_tab":290,"overlay_style_height_mobile":480,"custom_class_name":""}},"1649912203062b17ef":{"type":"home-masonry-banner","blocks":{"16499122020e19999d-0":{"type":"content","settings":{"grid_banner_type":"image","block_image":"shopify:\/\/shop_images\/notice-board-with-a-motivational-phrase.jpg","block_video":"https:\/\/www.w3schools.com\/tags\/mov_bbb.mp4","video_icon_color":"","video_icon_position":"icon-top-right","content_with_icon":false,"video_icon_outer_size":"60px","video_icon_size":"40px","show_image":true,"show_content":true,"block_title":"Why do we use it?","block_sub_title":"","block_description":"There are many variations of passages of Lorem Ipsum available, but the majority have suffered alteration in some form,","block_button_text":"","block_button_link":"","block_text_align":"text-start","content_position":"top-left","image_position":"top left","reverse_column":false,"block_banner_bg":"rgba(0,0,0,0)","block_heading_color":"","block_sub_heading_color":"","block_description_color":"","block_button_bg_color":"","block_button_text_color":"","block_button_hover_bg_color":"","block_button_hover_text_color":"","overlay_style":"use_overlay","overlay_color":"","overlay_opacity":"0","rotation_degree":"180"}},"16499122020e19999d-1":{"type":"content","settings":{"grid_banner_type":"video","block_image":"shopify:\/\/shop_images\/model-laughs-barefoot.jpg","block_video":"https:\/\/www.w3schools.com\/tags\/mov_bbb.mp4","video_icon_color":"","video_icon_position":"icon-bottom-right","content_with_icon":false,"video_icon_outer_size":"60px","video_icon_size":"40px","show_image":true,"show_content":false,"block_title":"Title","block_sub_title":"Sub title","block_description":"Short description","block_button_text":"","block_button_link":"","block_text_align":"text-center","content_position":"center","image_position":"center","reverse_column":false,"block_banner_bg":"","block_heading_color":"","block_sub_heading_color":"","block_description_color":"","block_button_bg_color":"","block_button_text_color":"","block_button_hover_bg_color":"","block_button_hover_text_color":"","overlay_style":"use_overlay","overlay_color":"","overlay_opacity":"0","rotation_degree":"180"}},"85d2219e-435f-4687-9810-8bdc1f3276ba":{"type":"content","settings":{"grid_banner_type":"video","block_image":"shopify:\/\/shop_images\/model-laughs-barefoot.jpg","block_video":"https:\/\/www.w3schools.com\/tags\/mov_bbb.mp4","video_icon_color":"","video_icon_position":"icon-bottom-right","content_with_icon":false,"video_icon_outer_size":"60px","video_icon_size":"40px","show_image":true,"show_content":false,"block_title":"Title","block_sub_title":"Sub title","block_description":"Short description","block_button_text":"","block_button_link":"","block_text_align":"text-center","content_position":"center","image_position":"center","reverse_column":false,"block_banner_bg":"","block_heading_color":"","block_sub_heading_color":"","block_description_color":"","block_button_bg_color":"","block_button_text_color":"","block_button_hover_bg_color":"","block_button_hover_text_color":"","overlay_style":"use_overlay","overlay_color":"","overlay_opacity":"0","rotation_degree":"180"}},"6884dde4-9851-40ea-9186-6f88bb603d6c":{"type":"content","settings":{"grid_banner_type":"video","block_image":"shopify:\/\/shop_images\/model-laughs-barefoot.jpg","block_video":"https:\/\/www.w3schools.com\/tags\/mov_bbb.mp4","video_icon_color":"","video_icon_position":"icon-bottom-right","content_with_icon":false,"video_icon_outer_size":"60px","video_icon_size":"40px","show_image":true,"show_content":false,"block_title":"Title","block_sub_title":"Sub title","block_description":"Short description","block_button_text":"","block_button_link":"","block_text_align":"text-center","content_position":"center","image_position":"center","reverse_column":false,"block_banner_bg":"","block_heading_color":"","block_sub_heading_color":"","block_description_color":"","block_button_bg_color":"","block_button_text_color":"","block_button_hover_bg_color":"","block_button_hover_text_color":"","overlay_style":"use_overlay","overlay_color":"","overlay_opacity":"0","rotation_degree":"180"}}},"block_order":["16499122020e19999d-0","16499122020e19999d-1","85d2219e-435f-4687-9810-8bdc1f3276ba","6884dde4-9851-40ea-9186-6f88bb603d6c"],"settings":{"full":false,"spacing_both_ends":false,"padding":"0,80","margin":"0,0","show_background_image":false,"background_style":"none","background_size":"auto","enable_overlay":false,"background_color":"","overlay_transparency":"0.5","section_heading":"Masonry Overlay(Style 4)","section_sub_heading":"","section_description":"","section_button_text":"","section_button_link":"","heading_position":"text-center","section_heading_color":"","section_sub_heading_color":"","section_description_color":"","section_button_bg_color":"","section_button_text_color":"","section_button_hover_bg_color":"","section_button_hover_text_color":"","main_banner_style":"overlay","block_banner_style":"overlay","reverse_column":false,"column_gap":"30px","enable_box_shadow":false,"border_radius":"0","content_width":"40\/60","lap_content_width":"40\/60","primary_text_align":"text-start","primary_position":"top-left","primary_image":"shopify:\/\/shop_images\/woman-cross-legged-with-her-eyes-closed.jpg","primary_title":"Where can I get some?","primary_sub_title":"","primary_description":"There are many variations of passages of Lorem Ipsum available, but the majority have suffered alteration in some form,","primary_button_text":"","primary_button_link":"","primary_banner_bg":"rgba(0,0,0,0)","primary_banner_content_bg":"rgba(0,0,0,0)","primary_heading_color":"#ffffff","primary_sub_heading_color":"","primary_description_color":"#ffffff","primary_button_bg_color":"","primary_button_text_color":"","primary_button_hover_bg_color":"","primary_button_hover_text_color":"","primary_content_overlay_opacity":"0.5","overlay_style":"use_overlay","overlay_color":"","overlay_opacity":"0","rotation_degree":"180","block_style":"style-4","overlay_style_height":280,"overlay_style_height_laptop":240,"overlay_style_height_tab":500,"overlay_style_height_mobile":450,"custom_class_name":""}},"1649912548cb9b960e":{"type":"home-masonry-banner","blocks":{"16499125482987407c-0":{"type":"content","settings":{"grid_banner_type":"video","block_image":"shopify:\/\/shop_images\/woman-cross-legged-with-her-eyes-closed.jpg","block_video":"https:\/\/www.w3schools.com\/tags\/mov_bbb.mp4","video_icon_color":"#ffffff","video_icon_position":"icon-top-right","content_with_icon":true,"video_icon_outer_size":"60px","video_icon_size":"40px","show_image":true,"show_content":true,"block_title":"Why do we use it?","block_sub_title":"","block_description":"It is a long established fact that a reader will be distracted by the readable content of a page when looking at its layout.","block_button_text":"","block_button_link":"","block_text_align":"text-start","content_position":"top-left","image_position":"center left","reverse_column":false,"block_banner_bg":"rgba(0,0,0,0)","block_heading_color":"#ffffff","block_sub_heading_color":"#ffffff","block_description_color":"#ffffff","block_button_bg_color":"","block_button_text_color":"","block_button_hover_bg_color":"","block_button_hover_text_color":"","overlay_style":"use_overlay","overlay_color":"","overlay_opacity":"0","rotation_degree":"180"}},"16499125482987407c-1":{"type":"content","settings":{"grid_banner_type":"image","block_image":"shopify:\/\/shop_images\/model-laughs-barefoot.jpg","block_video":"https:\/\/www.w3schools.com\/tags\/mov_bbb.mp4","video_icon_color":"","video_icon_position":"icon-top-right","content_with_icon":false,"video_icon_outer_size":"60px","video_icon_size":"40px","show_image":true,"show_content":true,"block_title":"Why do we use it?","block_sub_title":"","block_description":"","block_button_text":"","block_button_link":"","block_text_align":"text-start","content_position":"bottom-left","image_position":"center left","reverse_column":false,"block_banner_bg":"rgba(0,0,0,0)","block_heading_color":"","block_sub_heading_color":"","block_description_color":"","block_button_bg_color":"","block_button_text_color":"","block_button_hover_bg_color":"","block_button_hover_text_color":"","overlay_style":"use_overlay","overlay_color":"","overlay_opacity":"0","rotation_degree":"180"}},"ed9d3a2e-01e8-4ba7-8c28-15d961ab8464":{"type":"content","settings":{"grid_banner_type":"image","block_image":"shopify:\/\/shop_images\/model-laughs-barefoot.jpg","block_video":"https:\/\/www.w3schools.com\/tags\/mov_bbb.mp4","video_icon_color":"","video_icon_position":"icon-top-right","content_with_icon":false,"video_icon_outer_size":"60px","video_icon_size":"40px","show_image":true,"show_content":true,"block_title":"Why do we use it?","block_sub_title":"","block_description":"","block_button_text":"","block_button_link":"","block_text_align":"text-start","content_position":"bottom-left","image_position":"center left","reverse_column":false,"block_banner_bg":"rgba(0,0,0,0)","block_heading_color":"","block_sub_heading_color":"","block_description_color":"","block_button_bg_color":"","block_button_text_color":"","block_button_hover_bg_color":"","block_button_hover_text_color":"","overlay_style":"use_overlay","overlay_color":"","overlay_opacity":"0","rotation_degree":"180"}},"ad7cf1dd-b880-4b94-84d9-1459ca9bd644":{"type":"content","settings":{"grid_banner_type":"image","block_image":"shopify:\/\/shop_images\/model-laughs-barefoot.jpg","block_video":"https:\/\/www.w3schools.com\/tags\/mov_bbb.mp4","video_icon_color":"","video_icon_position":"icon-top-right","content_with_icon":false,"video_icon_outer_size":"60px","video_icon_size":"40px","show_image":true,"show_content":true,"block_title":"Why do we use it?","block_sub_title":"","block_description":"","block_button_text":"","block_button_link":"","block_text_align":"text-start","content_position":"bottom-left","image_position":"bottom left","reverse_column":false,"block_banner_bg":"rgba(0,0,0,0)","block_heading_color":"","block_sub_heading_color":"","block_description_color":"","block_button_bg_color":"","block_button_text_color":"","block_button_hover_bg_color":"","block_button_hover_text_color":"","overlay_style":"use_overlay","overlay_color":"","overlay_opacity":"0","rotation_degree":"180"}}},"block_order":["16499125482987407c-0","16499125482987407c-1","ed9d3a2e-01e8-4ba7-8c28-15d961ab8464","ad7cf1dd-b880-4b94-84d9-1459ca9bd644"],"settings":{"full":false,"spacing_both_ends":false,"padding":"0,80","margin":"0,0","show_background_image":false,"background_style":"none","background_size":"auto","enable_overlay":false,"background_color":"","overlay_transparency":"0.5","section_heading":"Masonry Overlay(Style 5)","section_sub_heading":"","section_description":"","section_button_text":"","section_button_link":"","heading_position":"text-center","section_heading_color":"","section_sub_heading_color":"","section_description_color":"","section_button_bg_color":"","section_button_text_color":"","section_button_hover_bg_color":"","section_button_hover_text_color":"","main_banner_style":"overlay","block_banner_style":"overlay","reverse_column":false,"column_gap":"30px","enable_box_shadow":false,"border_radius":"0","content_width":"35\/65","lap_content_width":"40\/60","primary_text_align":"text-start","primary_position":"top-left","primary_image":"shopify:\/\/shop_images\/notice-board-with-a-motivational-phrase.jpg","primary_title":"Where does it come from?","primary_sub_title":"","primary_description":"It is a long established fact that a reader will be distracted by the readable content of a page when looking at its layout.","primary_button_text":"","primary_button_link":"","primary_banner_bg":"rgba(0,0,0,0)","primary_banner_content_bg":"#ffffff","primary_heading_color":"","primary_sub_heading_color":"","primary_description_color":"","primary_button_bg_color":"","primary_button_text_color":"","primary_button_hover_bg_color":"","primary_button_hover_text_color":"","primary_content_overlay_opacity":"0.5","overlay_style":"use_overlay","overlay_color":"","overlay_opacity":"0","rotation_degree":"180","block_style":"style-5","overlay_style_height":280,"overlay_style_height_laptop":280,"overlay_style_height_tab":380,"overlay_style_height_mobile":450,"custom_class_name":""}},"1649917968e2b233eb":{"type":"home-masonry-banner","blocks":{"164991796879fdecc4-0":{"type":"content","settings":{"grid_banner_type":"video","block_image":"shopify:\/\/shop_images\/people-enjoy-a-clear-day-at-the-beach.jpg","block_video":"https:\/\/www.w3schools.com\/tags\/mov_bbb.mp4","video_icon_color":"#ffffff","video_icon_position":"icon-top-right","content_with_icon":false,"video_icon_outer_size":"60px","video_icon_size":"40px","show_image":true,"show_content":true,"block_title":"Why do we use it?","block_sub_title":"","block_description":"It is a long established fact that a reader will be continue.","block_button_text":"","block_button_link":"","block_text_align":"text-start","content_position":"top-left","image_position":"top center","reverse_column":false,"block_banner_bg":"rgba(0,0,0,0)","block_heading_color":"#ffffff","block_sub_heading_color":"#ffffff","block_description_color":"#ffffff","block_button_bg_color":"","block_button_text_color":"","block_button_hover_bg_color":"","block_button_hover_text_color":"","overlay_style":"use_overlay","overlay_color":"","overlay_opacity":"0","rotation_degree":"180"}},"164991796879fdecc4-1":{"type":"content","settings":{"grid_banner_type":"image","block_image":"shopify:\/\/shop_images\/model-laughs-barefoot.jpg","block_video":"https:\/\/www.w3schools.com\/tags\/mov_bbb.mp4","video_icon_color":"","video_icon_position":"icon-top-right","content_with_icon":false,"video_icon_outer_size":"60px","video_icon_size":"40px","show_image":true,"show_content":false,"block_title":"Title","block_sub_title":"Sub title","block_description":"Short description","block_button_text":"","block_button_link":"","block_text_align":"text-center","content_position":"center","image_position":"center","reverse_column":false,"block_banner_bg":"","block_heading_color":"","block_sub_heading_color":"","block_description_color":"","block_button_bg_color":"","block_button_text_color":"","block_button_hover_bg_color":"","block_button_hover_text_color":"","overlay_style":"use_overlay","overlay_color":"","overlay_opacity":"0","rotation_degree":"180"}},"d02ff7ee-6761-4441-be1c-10fd0279b0c1":{"type":"content","settings":{"grid_banner_type":"image","block_image":"shopify:\/\/shop_images\/model-laughs-barefoot.jpg","block_video":"https:\/\/www.w3schools.com\/tags\/mov_bbb.mp4","video_icon_color":"","video_icon_position":"icon-top-right","content_with_icon":false,"video_icon_outer_size":"60px","video_icon_size":"40px","show_image":true,"show_content":false,"block_title":"Title","block_sub_title":"Sub title","block_description":"Short description","block_button_text":"","block_button_link":"","block_text_align":"text-center","content_position":"center","image_position":"center","reverse_column":false,"block_banner_bg":"","block_heading_color":"","block_sub_heading_color":"","block_description_color":"","block_button_bg_color":"","block_button_text_color":"","block_button_hover_bg_color":"","block_button_hover_text_color":"","overlay_style":"use_overlay","overlay_color":"","overlay_opacity":"0","rotation_degree":"180"}},"a841970c-e050-425b-a3f3-5bbe9c7ee3ac":{"type":"content","settings":{"grid_banner_type":"image","block_image":"shopify:\/\/shop_images\/model-laughs-barefoot.jpg","block_video":"https:\/\/www.w3schools.com\/tags\/mov_bbb.mp4","video_icon_color":"","video_icon_position":"icon-top-right","content_with_icon":false,"video_icon_outer_size":"60px","video_icon_size":"40px","show_image":true,"show_content":false,"block_title":"Title","block_sub_title":"Sub title","block_description":"Short description","block_button_text":"","block_button_link":"","block_text_align":"text-center","content_position":"center","image_position":"center","reverse_column":false,"block_banner_bg":"","block_heading_color":"","block_sub_heading_color":"","block_description_color":"","block_button_bg_color":"","block_button_text_color":"","block_button_hover_bg_color":"","block_button_hover_text_color":"","overlay_style":"use_overlay","overlay_color":"","overlay_opacity":"0","rotation_degree":"180"}}},"block_order":["164991796879fdecc4-0","164991796879fdecc4-1","d02ff7ee-6761-4441-be1c-10fd0279b0c1","a841970c-e050-425b-a3f3-5bbe9c7ee3ac"],"settings":{"full":false,"spacing_both_ends":false,"padding":"0,80","margin":"0,0","show_background_image":false,"background_style":"none","background_size":"auto","enable_overlay":false,"background_color":"","overlay_transparency":"0.5","section_heading":"Masonry Overlay(Style 6)","section_sub_heading":"","section_description":"","section_button_text":"","section_button_link":"","heading_position":"text-center","section_heading_color":"","section_sub_heading_color":"","section_description_color":"","section_button_bg_color":"","section_button_text_color":"","section_button_hover_bg_color":"","section_button_hover_text_color":"","main_banner_style":"overlay","block_banner_style":"overlay","reverse_column":true,"column_gap":"30px","enable_box_shadow":false,"border_radius":"0","content_width":"40\/60","lap_content_width":"40\/60","primary_text_align":"text-start","primary_position":"top-left","primary_image":"shopify:\/\/shop_images\/woman-cross-legged-with-her-eyes-closed.jpg","primary_title":"Where can I get some?","primary_sub_title":"","primary_description":"It is a long established fact that a reader will be distracted by the readable content of a page when looking at its layout.","primary_button_text":"","primary_button_link":"","primary_banner_bg":"rgba(0,0,0,0)","primary_banner_content_bg":"rgba(0,0,0,0)","primary_heading_color":"#ffffff","primary_sub_heading_color":"#ffffff","primary_description_color":"#ffffff","primary_button_bg_color":"","primary_button_text_color":"","primary_button_hover_bg_color":"","primary_button_hover_text_color":"","primary_content_overlay_opacity":"0.5","overlay_style":"use_overlay","overlay_color":"","overlay_opacity":"0","rotation_degree":"180","block_style":"style-6","overlay_style_height":280,"overlay_style_height_laptop":260,"overlay_style_height_tab":420,"overlay_style_height_mobile":450,"custom_class_name":""}},"164991817989309c28":{"type":"home-masonry-banner","blocks":{"1649918179fd4e2cc1-0":{"type":"content","settings":{"grid_banner_type":"image","block_image":"shopify:\/\/shop_images\/people-enjoy-a-clear-day-at-the-beach.jpg","block_video":"https:\/\/www.w3schools.com\/tags\/mov_bbb.mp4","video_icon_color":"","video_icon_position":"icon-top-right","content_with_icon":false,"video_icon_outer_size":"60px","video_icon_size":"40px","show_image":true,"show_content":true,"block_title":"Where does it come from?","block_sub_title":"","block_description":"It is a long established fact that a reader will be distracted by the readable content of a page when looking at its layout.","block_button_text":"","block_button_link":"","block_text_align":"text-center","content_position":"center","image_position":"center","reverse_column":false,"block_banner_bg":"rgba(0,0,0,0)","block_heading_color":"#ffffff","block_sub_heading_color":"","block_description_color":"#ffffff","block_button_bg_color":"","block_button_text_color":"","block_button_hover_bg_color":"","block_button_hover_text_color":"","overlay_style":"use_overlay","overlay_color":"","overlay_opacity":"0","rotation_degree":"180"}},"1649918179fd4e2cc1-1":{"type":"content","settings":{"grid_banner_type":"video","block_image":"shopify:\/\/shop_images\/model-laughs-barefoot.jpg","block_video":"https:\/\/www.w3schools.com\/tags\/mov_bbb.mp4","video_icon_color":"","video_icon_position":"icon-bottom-right","content_with_icon":false,"video_icon_outer_size":"60px","video_icon_size":"40px","show_image":true,"show_content":true,"block_title":"","block_sub_title":"Why do we use it?","block_description":"","block_button_text":"","block_button_link":"","block_text_align":"text-start","content_position":"bottom-left","image_position":"center left","reverse_column":false,"block_banner_bg":"rgba(0,0,0,0)","block_heading_color":"","block_sub_heading_color":"","block_description_color":"","block_button_bg_color":"","block_button_text_color":"","block_button_hover_bg_color":"","block_button_hover_text_color":"","overlay_style":"use_overlay","overlay_color":"","overlay_opacity":"0","rotation_degree":"180"}},"18dcc386-1a5e-4ee3-9817-a4a90a6e479c":{"type":"content","settings":{"grid_banner_type":"image","block_image":"shopify:\/\/shop_images\/model-laughs-barefoot.jpg","block_video":"https:\/\/www.w3schools.com\/tags\/mov_bbb.mp4","video_icon_color":"","video_icon_position":"icon-top-right","content_with_icon":false,"video_icon_outer_size":"60px","video_icon_size":"40px","show_image":true,"show_content":true,"block_title":"","block_sub_title":"Why do we use it?","block_description":"","block_button_text":"","block_button_link":"","block_text_align":"text-end","content_position":"bottom-right","image_position":"center right","reverse_column":false,"block_banner_bg":"rgba(0,0,0,0)","block_heading_color":"","block_sub_heading_color":"","block_description_color":"","block_button_bg_color":"","block_button_text_color":"","block_button_hover_bg_color":"","block_button_hover_text_color":"","overlay_style":"use_overlay","overlay_color":"","overlay_opacity":"0","rotation_degree":"180"}},"b6c15cfe-7a9b-4e95-86d1-bf888f129dd6":{"type":"content","settings":{"grid_banner_type":"image","block_image":"shopify:\/\/shop_images\/model-laughs-barefoot.jpg","block_video":"https:\/\/www.w3schools.com\/tags\/mov_bbb.mp4","video_icon_color":"","video_icon_position":"icon-top-right","content_with_icon":false,"video_icon_outer_size":"60px","video_icon_size":"40px","show_image":true,"show_content":true,"block_title":"","block_sub_title":"Why do we use it?","block_description":"","block_button_text":"","block_button_link":"","block_text_align":"text-start","content_position":"bottom-left","image_position":"center left","reverse_column":false,"block_banner_bg":"rgba(0,0,0,0)","block_heading_color":"","block_sub_heading_color":"","block_description_color":"","block_button_bg_color":"","block_button_text_color":"","block_button_hover_bg_color":"","block_button_hover_text_color":"","overlay_style":"use_overlay","overlay_color":"","overlay_opacity":"0","rotation_degree":"180"}},"2009e66c-3f19-44e2-9cbe-68bbde03cb7e":{"type":"content","settings":{"grid_banner_type":"video","block_image":"shopify:\/\/shop_images\/model-laughs-barefoot.jpg","block_video":"https:\/\/www.w3schools.com\/tags\/mov_bbb.mp4","video_icon_color":"","video_icon_position":"icon-top-left","content_with_icon":false,"video_icon_outer_size":"60px","video_icon_size":"40px","show_image":true,"show_content":true,"block_title":"","block_sub_title":"Why do we use it?","block_description":"","block_button_text":"","block_button_link":"","block_text_align":"text-end","content_position":"bottom-right","image_position":"bottom right","reverse_column":false,"block_banner_bg":"rgba(0,0,0,0)","block_heading_color":"","block_sub_heading_color":"","block_description_color":"","block_button_bg_color":"","block_button_text_color":"","block_button_hover_bg_color":"","block_button_hover_text_color":"","overlay_style":"use_overlay","overlay_color":"","overlay_opacity":"0","rotation_degree":"180"}}},"block_order":["1649918179fd4e2cc1-0","1649918179fd4e2cc1-1","18dcc386-1a5e-4ee3-9817-a4a90a6e479c","b6c15cfe-7a9b-4e95-86d1-bf888f129dd6","2009e66c-3f19-44e2-9cbe-68bbde03cb7e"],"settings":{"full":false,"spacing_both_ends":false,"padding":"0,80","margin":"0,0","show_background_image":false,"background_style":"none","background_size":"auto","enable_overlay":false,"background_color":"","overlay_transparency":"0.5","section_heading":"Masonry Overlay(Style 7)","section_sub_heading":"","section_description":"","section_button_text":"","section_button_link":"","heading_position":"text-center","section_heading_color":"","section_sub_heading_color":"","section_description_color":"","section_button_bg_color":"","section_button_text_color":"","section_button_hover_bg_color":"","section_button_hover_text_color":"","main_banner_style":"overlay","block_banner_style":"overlay","reverse_column":false,"column_gap":"30px","enable_box_shadow":false,"border_radius":"0","content_width":"50\/50","lap_content_width":"40\/60","primary_text_align":"text-start","primary_position":"top-left","primary_image":"shopify:\/\/shop_images\/woman-cross-legged-with-her-eyes-closed.jpg","primary_title":"Why do we use it?","primary_sub_title":"Where can I get some?","primary_description":"It is a long established fact that a reader will be distracted by the readable content of a page when looking at its layout.","primary_button_text":"","primary_button_link":"","primary_banner_bg":"","primary_banner_content_bg":"rgba(0,0,0,0)","primary_heading_color":"#ffffff","primary_sub_heading_color":"#ffffff","primary_description_color":"#ffffff","primary_button_bg_color":"","primary_button_text_color":"","primary_button_hover_bg_color":"","primary_button_hover_text_color":"","primary_content_overlay_opacity":"0.5","overlay_style":"use_overlay","overlay_color":"","overlay_opacity":"0","rotation_degree":"180","block_style":"style-7","overlay_style_height":290,"overlay_style_height_laptop":280,"overlay_style_height_tab":500,"overlay_style_height_mobile":450,"custom_class_name":""}},"164991860954573321":{"type":"home-masonry-banner","blocks":{"1649918609034d48ba-0":{"type":"content","settings":{"grid_banner_type":"image","block_image":"shopify:\/\/shop_images\/notice-board-with-a-motivational-phrase.jpg","block_video":"https:\/\/www.w3schools.com\/tags\/mov_bbb.mp4","video_icon_color":"","video_icon_position":"icon-top-right","content_with_icon":false,"video_icon_outer_size":"60px","video_icon_size":"40px","show_image":true,"show_content":true,"block_title":"Why do we use it?","block_sub_title":"","block_description":"","block_button_text":"","block_button_link":"","block_text_align":"text-start","content_position":"top-left","image_position":"top left","reverse_column":false,"block_banner_bg":"rgba(0,0,0,0)","block_heading_color":"","block_sub_heading_color":"","block_description_color":"","block_button_bg_color":"","block_button_text_color":"","block_button_hover_bg_color":"","block_button_hover_text_color":"","overlay_style":"use_overlay","overlay_color":"","overlay_opacity":"0","rotation_degree":"180"}},"1649918609034d48ba-1":{"type":"content","settings":{"grid_banner_type":"video","block_image":"shopify:\/\/shop_images\/woman-cross-legged-with-her-eyes-closed.jpg","block_video":"https:\/\/www.w3schools.com\/tags\/mov_bbb.mp4","video_icon_color":"#ffffff","video_icon_position":"icon-bottom-left","content_with_icon":false,"video_icon_outer_size":"60px","video_icon_size":"40px","show_image":true,"show_content":true,"block_title":"","block_sub_title":"Why do we use it?","block_description":"","block_button_text":"","block_button_link":"","block_text_align":"text-start","content_position":"top-left","image_position":"top left","reverse_column":false,"block_banner_bg":"rgba(0,0,0,0)","block_heading_color":"","block_sub_heading_color":"#ffffff","block_description_color":"","block_button_bg_color":"","block_button_text_color":"","block_button_hover_bg_color":"","block_button_hover_text_color":"","overlay_style":"use_overlay","overlay_color":"","overlay_opacity":"0","rotation_degree":"180"}},"925a2212-cb40-423e-9993-0379e993a28d":{"type":"content","settings":{"grid_banner_type":"video","block_image":"shopify:\/\/shop_images\/model-laughs-barefoot.jpg","block_video":"https:\/\/www.w3schools.com\/tags\/mov_bbb.mp4","video_icon_color":"","video_icon_position":"icon-bottom-right","content_with_icon":false,"video_icon_outer_size":"60px","video_icon_size":"40px","show_image":true,"show_content":false,"block_title":"Title","block_sub_title":"Sub title","block_description":"Short description","block_button_text":"","block_button_link":"","block_text_align":"text-center","content_position":"center","image_position":"center","reverse_column":false,"block_banner_bg":"","block_heading_color":"","block_sub_heading_color":"","block_description_color":"","block_button_bg_color":"","block_button_text_color":"","block_button_hover_bg_color":"","block_button_hover_text_color":"","overlay_style":"use_overlay","overlay_color":"","overlay_opacity":"0","rotation_degree":"180"}},"dce1618a-b6c1-492b-bbda-e0c4cabc354e":{"type":"content","settings":{"grid_banner_type":"video","block_image":"shopify:\/\/shop_images\/model-laughs-barefoot.jpg","block_video":"https:\/\/www.w3schools.com\/tags\/mov_bbb.mp4","video_icon_color":"","video_icon_position":"icon-top-right","content_with_icon":false,"video_icon_outer_size":"60px","video_icon_size":"40px","show_image":true,"show_content":false,"block_title":"Title","block_sub_title":"Sub title","block_description":"Short description","block_button_text":"","block_button_link":"","block_text_align":"text-center","content_position":"center","image_position":"center","reverse_column":false,"block_banner_bg":"","block_heading_color":"","block_sub_heading_color":"","block_description_color":"","block_button_bg_color":"","block_button_text_color":"","block_button_hover_bg_color":"","block_button_hover_text_color":"","overlay_style":"use_overlay","overlay_color":"","overlay_opacity":"0","rotation_degree":"180"}},"a02ebc60-7959-43a7-a572-98d42ceff72e":{"type":"content","settings":{"grid_banner_type":"video","block_image":"shopify:\/\/shop_images\/confident-young-woman.jpg","block_video":"https:\/\/www.w3schools.com\/tags\/mov_bbb.mp4","video_icon_color":"","video_icon_position":"icon-top-left","content_with_icon":false,"video_icon_outer_size":"60px","video_icon_size":"40px","show_image":true,"show_content":false,"block_title":"Title","block_sub_title":"Sub title","block_description":"Short description","block_button_text":"","block_button_link":"","block_text_align":"text-center","content_position":"center","image_position":"center","reverse_column":false,"block_banner_bg":"","block_heading_color":"","block_sub_heading_color":"","block_description_color":"","block_button_bg_color":"","block_button_text_color":"","block_button_hover_bg_color":"","block_button_hover_text_color":"","overlay_style":"use_overlay","overlay_color":"","overlay_opacity":"0","rotation_degree":"180"}}},"block_order":["1649918609034d48ba-0","1649918609034d48ba-1","925a2212-cb40-423e-9993-0379e993a28d","dce1618a-b6c1-492b-bbda-e0c4cabc354e","a02ebc60-7959-43a7-a572-98d42ceff72e"],"settings":{"full":false,"spacing_both_ends":false,"padding":"0,80","margin":"0,0","show_background_image":false,"background_style":"none","background_size":"auto","enable_overlay":false,"background_color":"","overlay_transparency":"0.5","section_heading":"Masonry Overlay(Style 8)","section_sub_heading":"","section_description":"","section_button_text":"","section_button_link":"","heading_position":"text-center","section_heading_color":"","section_sub_heading_color":"","section_description_color":"","section_button_bg_color":"","section_button_text_color":"","section_button_hover_bg_color":"","section_button_hover_text_color":"","main_banner_style":"overlay","block_banner_style":"overlay","reverse_column":false,"column_gap":"30px","enable_box_shadow":false,"border_radius":"0","content_width":"40\/60","lap_content_width":"40\/60","primary_text_align":"text-center","primary_position":"bottom-left","primary_image":"shopify:\/\/shop_images\/colored-pencils-piled-up-on-a-black-background.jpg","primary_title":"Why do we use it?","primary_sub_title":"","primary_description":"It is a long established fact that a reader will be distracted by the readable content of a page when looking at its layout.","primary_button_text":"","primary_button_link":"","primary_banner_bg":"","primary_banner_content_bg":"#ffffff","primary_heading_color":"","primary_sub_heading_color":"","primary_description_color":"","primary_button_bg_color":"","primary_button_text_color":"","primary_button_hover_bg_color":"","primary_button_hover_text_color":"","primary_content_overlay_opacity":"0.5","overlay_style":"use_overlay","overlay_color":"","overlay_opacity":"0","rotation_degree":"180","block_style":"style-8","overlay_style_height":290,"overlay_style_height_laptop":290,"overlay_style_height_tab":500,"overlay_style_height_mobile":450,"custom_class_name":""}},"164991915644266343":{"type":"home-masonry-banner","blocks":{"1649919156f7ad90be-0":{"type":"content","settings":{"grid_banner_type":"image","block_image":"shopify:\/\/shop_images\/woman-cross-legged-with-her-eyes-closed.jpg","block_video":"https:\/\/www.w3schools.com\/tags\/mov_bbb.mp4","video_icon_color":"","video_icon_position":"icon-top-right","content_with_icon":false,"video_icon_outer_size":"60px","video_icon_size":"40px","show_image":true,"show_content":false,"block_title":"Title","block_sub_title":"Sub title","block_description":"Short description","block_button_text":"","block_button_link":"","block_text_align":"text-center","content_position":"center","image_position":"center","reverse_column":false,"block_banner_bg":"","block_heading_color":"","block_sub_heading_color":"","block_description_color":"","block_button_bg_color":"","block_button_text_color":"","block_button_hover_bg_color":"","block_button_hover_text_color":"","overlay_style":"use_overlay","overlay_color":"","overlay_opacity":"0","rotation_degree":"180"}},"1649919156f7ad90be-1":{"type":"content","settings":{"grid_banner_type":"image","block_image":"shopify:\/\/shop_images\/confident-young-woman.jpg","block_video":"https:\/\/www.w3schools.com\/tags\/mov_bbb.mp4","video_icon_color":"","video_icon_position":"icon-top-right","content_with_icon":false,"video_icon_outer_size":"60px","video_icon_size":"40px","show_image":true,"show_content":false,"block_title":"Title","block_sub_title":"Sub title","block_description":"Short description","block_button_text":"","block_button_link":"","block_text_align":"text-center","content_position":"center","image_position":"center","reverse_column":false,"block_banner_bg":"","block_heading_color":"","block_sub_heading_color":"","block_description_color":"","block_button_bg_color":"","block_button_text_color":"","block_button_hover_bg_color":"","block_button_hover_text_color":"","overlay_style":"use_overlay","overlay_color":"","overlay_opacity":"0","rotation_degree":"180"}},"e2786d3d-96f3-4dd7-88da-ddc2509e0fd7":{"type":"content","settings":{"grid_banner_type":"image","block_image":"shopify:\/\/shop_images\/model-laughs-barefoot.jpg","block_video":"https:\/\/www.w3schools.com\/tags\/mov_bbb.mp4","video_icon_color":"","video_icon_position":"icon-top-right","content_with_icon":false,"video_icon_outer_size":"60px","video_icon_size":"40px","show_image":true,"show_content":false,"block_title":"Title","block_sub_title":"Sub title","block_description":"Short description","block_button_text":"","block_button_link":"","block_text_align":"text-center","content_position":"center","image_position":"center","reverse_column":false,"block_banner_bg":"","block_heading_color":"","block_sub_heading_color":"","block_description_color":"","block_button_bg_color":"","block_button_text_color":"","block_button_hover_bg_color":"","block_button_hover_text_color":"","overlay_style":"use_overlay","overlay_color":"","overlay_opacity":"0","rotation_degree":"180"}},"799d3454-448f-4cfe-b88a-8b9674fd7c2f":{"type":"content","settings":{"grid_banner_type":"image","block_image":"shopify:\/\/shop_images\/model-laughs-barefoot.jpg","block_video":"https:\/\/www.w3schools.com\/tags\/mov_bbb.mp4","video_icon_color":"","video_icon_position":"icon-top-right","content_with_icon":false,"video_icon_outer_size":"60px","video_icon_size":"40px","show_image":true,"show_content":false,"block_title":"Title","block_sub_title":"Sub title","block_description":"Short description","block_button_text":"","block_button_link":"","block_text_align":"text-center","content_position":"center","image_position":"center","reverse_column":false,"block_banner_bg":"","block_heading_color":"","block_sub_heading_color":"","block_description_color":"","block_button_bg_color":"","block_button_text_color":"","block_button_hover_bg_color":"","block_button_hover_text_color":"","overlay_style":"use_overlay","overlay_color":"","overlay_opacity":"0","rotation_degree":"180"}},"5ef82953-9801-4f2a-bd91-3afac4000edf":{"type":"content","settings":{"grid_banner_type":"image","block_image":"shopify:\/\/shop_images\/confident-young-woman.jpg","block_video":"https:\/\/www.w3schools.com\/tags\/mov_bbb.mp4","video_icon_color":"","video_icon_position":"icon-top-right","content_with_icon":false,"video_icon_outer_size":"60px","video_icon_size":"40px","show_image":true,"show_content":false,"block_title":"Title","block_sub_title":"Sub title","block_description":"Short description","block_button_text":"","block_button_link":"","block_text_align":"text-center","content_position":"center","image_position":"center","reverse_column":false,"block_banner_bg":"","block_heading_color":"","block_sub_heading_color":"","block_description_color":"","block_button_bg_color":"","block_button_text_color":"","block_button_hover_bg_color":"","block_button_hover_text_color":"","overlay_style":"use_overlay","overlay_color":"","overlay_opacity":"0","rotation_degree":"180"}}},"block_order":["1649919156f7ad90be-0","1649919156f7ad90be-1","e2786d3d-96f3-4dd7-88da-ddc2509e0fd7","799d3454-448f-4cfe-b88a-8b9674fd7c2f","5ef82953-9801-4f2a-bd91-3afac4000edf"],"settings":{"full":false,"spacing_both_ends":false,"padding":"0,80","margin":"0,0","show_background_image":false,"background_style":"none","background_size":"auto","enable_overlay":false,"background_color":"","overlay_transparency":"0.5","section_heading":"Masonry Overlay(Style 9)","section_sub_heading":"","section_description":"","section_button_text":"","section_button_link":"","heading_position":"text-center","section_heading_color":"","section_sub_heading_color":"","section_description_color":"","section_button_bg_color":"","section_button_text_color":"","section_button_hover_bg_color":"","section_button_hover_text_color":"","main_banner_style":"overlay","block_banner_style":"overlay","reverse_column":false,"column_gap":"30px","enable_box_shadow":false,"border_radius":"0","content_width":"30\/70","lap_content_width":"40\/60","primary_text_align":"text-start","primary_position":"top-left","primary_image":"shopify:\/\/shop_images\/for-you-shelf.jpg","primary_title":"Where can I get some?","primary_sub_title":"injected humour.","primary_description":"It is a long established fact that a reader will be distracted by the readable content of a page when looking at its layout","primary_button_text":"","primary_button_link":"","primary_banner_bg":"rgba(0,0,0,0)","primary_banner_content_bg":"#f5f5f5","primary_heading_color":"","primary_sub_heading_color":"","primary_description_color":"","primary_button_bg_color":"","primary_button_text_color":"","primary_button_hover_bg_color":"","primary_button_hover_text_color":"","primary_content_overlay_opacity":"0.8","overlay_style":"use_overlay","overlay_color":"","overlay_opacity":"0","rotation_degree":"180","block_style":"style-9","overlay_style_height":290,"overlay_style_height_laptop":290,"overlay_style_height_tab":390,"overlay_style_height_mobile":450,"custom_class_name":""}},"16499194127eaa7bfd":{"type":"home-masonry-banner","blocks":{"16499194123c5cbe8f-0":{"type":"content","settings":{"grid_banner_type":"video","block_image":"shopify:\/\/shop_images\/woman-cross-legged-with-her-eyes-closed.jpg","block_video":"https:\/\/www.w3schools.com\/tags\/mov_bbb.mp4","video_icon_color":"#ffffff","video_icon_position":"icon-top-left","content_with_icon":false,"video_icon_outer_size":"60px","video_icon_size":"40px","show_image":true,"show_content":false,"block_title":"Title","block_sub_title":"Sub title","block_description":"Short description","block_button_text":"","block_button_link":"","block_text_align":"text-center","content_position":"center","image_position":"center","reverse_column":false,"block_banner_bg":"","block_heading_color":"","block_sub_heading_color":"","block_description_color":"","block_button_bg_color":"","block_button_text_color":"","block_button_hover_bg_color":"","block_button_hover_text_color":"","overlay_style":"use_overlay","overlay_color":"","overlay_opacity":"0","rotation_degree":"180"}},"16499194123c5cbe8f-1":{"type":"content","settings":{"grid_banner_type":"video","block_image":"shopify:\/\/shop_images\/confident-young-woman.jpg","block_video":"https:\/\/www.w3schools.com\/tags\/mov_bbb.mp4","video_icon_color":"","video_icon_position":"icon-bottom-right","content_with_icon":false,"video_icon_outer_size":"60px","video_icon_size":"40px","show_image":true,"show_content":false,"block_title":"Title","block_sub_title":"Sub title","block_description":"Short description","block_button_text":"","block_button_link":"","block_text_align":"text-center","content_position":"center","image_position":"center","reverse_column":false,"block_banner_bg":"","block_heading_color":"","block_sub_heading_color":"","block_description_color":"","block_button_bg_color":"","block_button_text_color":"","block_button_hover_bg_color":"","block_button_hover_text_color":"","overlay_style":"use_overlay","overlay_color":"","overlay_opacity":"0","rotation_degree":"180"}},"6d3b0d16-bf10-4978-98be-46968a9060e2":{"type":"content","settings":{"grid_banner_type":"video","block_image":"shopify:\/\/shop_images\/model-laughs-barefoot.jpg","block_video":"https:\/\/www.w3schools.com\/tags\/mov_bbb.mp4","video_icon_color":"","video_icon_position":"icon-bottom-left","content_with_icon":false,"video_icon_outer_size":"60px","video_icon_size":"40px","show_image":true,"show_content":false,"block_title":"Title","block_sub_title":"Sub title","block_description":"Short description","block_button_text":"","block_button_link":"","block_text_align":"text-center","content_position":"center","image_position":"center","reverse_column":false,"block_banner_bg":"","block_heading_color":"","block_sub_heading_color":"","block_description_color":"","block_button_bg_color":"","block_button_text_color":"","block_button_hover_bg_color":"","block_button_hover_text_color":"","overlay_style":"use_overlay","overlay_color":"","overlay_opacity":"0","rotation_degree":"180"}},"937241a8-470f-49f0-ab2c-038a7b882c50":{"type":"content","settings":{"grid_banner_type":"video","block_image":"shopify:\/\/shop_images\/model-laughs-barefoot.jpg","block_video":"https:\/\/www.w3schools.com\/tags\/mov_bbb.mp4","video_icon_color":"","video_icon_position":"icon-top-right","content_with_icon":false,"video_icon_outer_size":"60px","video_icon_size":"40px","show_image":true,"show_content":false,"block_title":"Title","block_sub_title":"Sub title","block_description":"Short description","block_button_text":"","block_button_link":"","block_text_align":"text-center","content_position":"center","image_position":"center","reverse_column":false,"block_banner_bg":"","block_heading_color":"","block_sub_heading_color":"","block_description_color":"","block_button_bg_color":"","block_button_text_color":"","block_button_hover_bg_color":"","block_button_hover_text_color":"","overlay_style":"use_overlay","overlay_color":"","overlay_opacity":"0","rotation_degree":"180"}},"f751e486-1bee-4926-9ac0-e9a91969be69":{"type":"content","settings":{"grid_banner_type":"video","block_image":"shopify:\/\/shop_images\/confident-young-woman.jpg","block_video":"https:\/\/www.w3schools.com\/tags\/mov_bbb.mp4","video_icon_color":"","video_icon_position":"icon-top-left","content_with_icon":false,"video_icon_outer_size":"60px","video_icon_size":"40px","show_image":true,"show_content":false,"block_title":"Title","block_sub_title":"Sub title","block_description":"Short description","block_button_text":"","block_button_link":"","block_text_align":"text-center","content_position":"center","image_position":"center","reverse_column":false,"block_banner_bg":"","block_heading_color":"","block_sub_heading_color":"","block_description_color":"","block_button_bg_color":"","block_button_text_color":"","block_button_hover_bg_color":"","block_button_hover_text_color":"","overlay_style":"use_overlay","overlay_color":"","overlay_opacity":"0","rotation_degree":"180"}}},"block_order":["16499194123c5cbe8f-0","16499194123c5cbe8f-1","6d3b0d16-bf10-4978-98be-46968a9060e2","937241a8-470f-49f0-ab2c-038a7b882c50","f751e486-1bee-4926-9ac0-e9a91969be69"],"settings":{"full":false,"spacing_both_ends":false,"padding":"0,0","margin":"0,0","show_background_image":false,"background_style":"none","background_size":"auto","enable_overlay":false,"background_color":"","overlay_transparency":"0.5","section_heading":"Masonry Overlay(Style 10)","section_sub_heading":"","section_description":"","section_button_text":"","section_button_link":"","heading_position":"text-center","section_heading_color":"","section_sub_heading_color":"","section_description_color":"","section_button_bg_color":"","section_button_text_color":"","section_button_hover_bg_color":"","section_button_hover_text_color":"","main_banner_style":"grid","block_banner_style":"overlay","reverse_column":false,"column_gap":"30px","enable_box_shadow":false,"border_radius":"0","content_width":"25\/75","lap_content_width":"40\/60","primary_text_align":"text-center","primary_position":"center","primary_image":"shopify:\/\/shop_images\/golden-autumn-leaves.jpg","primary_title":"What is Lorem Ipsum?","primary_sub_title":"injected humour","primary_description":"It is a long established fact that a reader will be distracted by the readable content of a page when looking at its layout.","primary_button_text":"Show More","primary_button_link":"#","primary_banner_bg":"","primary_banner_content_bg":"","primary_heading_color":"","primary_sub_heading_color":"","primary_description_color":"","primary_button_bg_color":"","primary_button_text_color":"","primary_button_hover_bg_color":"","primary_button_hover_text_color":"","primary_content_overlay_opacity":"0.5","overlay_style":"use_overlay","overlay_color":"","overlay_opacity":"0","rotation_degree":"180","block_style":"style-10","overlay_style_height":280,"overlay_style_height_laptop":280,"overlay_style_height_tab":500,"overlay_style_height_mobile":450,"custom_class_name":""}}},"order":["main","1649410056e4a69f9e","16494109164396ab67","16499118966ce8808e","1649912203062b17ef","1649912548cb9b960e","1649917968e2b233eb","164991817989309c28","164991860954573321","164991915644266343","16499194127eaa7bfd"]}