{"sections":{"main":{"type":"main-page","settings":{"full":false,"spacing_both_ends":false,"padding":"0,0","margin":"0,0"}},"1649405227bfca7d8a":{"type":"home-html-text","settings":{"full":false,"spacing_both_ends":false,"padding":"0,0","margin":"0,0","show_background_image":false,"background_style":"none","background_size":"auto","enable_overlay":false,"background_color":"","overlay_transparency":"0.5","section_heading":"Html Text","section_sub_heading":"","section_description":"","section_button_text":"","section_button_link":"","section_heading_color":"","section_sub_heading_color":"","section_description_color":"","section_button_bg_color":"","section_button_text_color":"","section_button_hover_bg_color":"","section_button_hover_text_color":"","heading_position":"text-start","html":"<div>\n<h1>Heading 1<\/h1>\n<h2>Heading 2<\/h2>\n<h3>Heading 3<\/h3>\n<h4>Heading 4<\/h4>\n<h5>Heading 5<\/h5>\n<h6>Heading 6<\/h6>\n\n<p>Nam tempus turpis at metus scelerisque placerat nulla deumantos solicitud felis<\/p>\n\n<b>This text is bold<\/b> <br>\n<strong>This text is important!<\/strong> <br>\n<i>This text is italic<\/i> <br>\n<em>This text is emphasized<\/em> <br>\n<small>This is some smaller text.<\/small> <br>\n<p>Do not forget to buy <mark>milk<\/mark> today.<\/p>\n<p>My favorite color is <del>blue<\/del> red - Del.<\/p> <p>My favorite color is <del>blue<\/del> <ins>red<\/ins> - Ins.<\/p>\n<p>This is <sup>superscripted<\/sup> text.<\/p>\n<p>This is <sub>subscripted<\/sub> text.<\/p>\n\n\n<\/div>","custom_class_name":""}}},"order":["main","1649405227bfca7d8a"]}