{"sections":{"1655456802ccf09fa5":{"type":"slideshow","blocks":{"0f7d11fe-7add-4922-89cd-df01cba2eb27":{"type":"Slider","settings":{"image":"shopify:\/\/shop_images\/demo1-1_607dfbcd-6873-431a-8b3d-9452c0b1b12b.jpg","desktop_bg_clr":"","mobile_image":"shopify:\/\/shop_images\/demo1-11_dbfe6441-5d15-4428-b1fb-b9a199dddf75.jpg","mobile_bg_clr":"#e9e9e9","show_bg_text":false,"bg_text":"fashion Tees","bg_text_clr":"","text_alignment":"text-start","content_position":"center-left","show_image":false,"title_2":"","subheading_color":"","subheading_size":"20","title":"New Hand-Picked Style Of Fashion Dress","heading_color":"","show_additional_color":false,"additional_color":"","heading_size":"40","show_additional_text":false,"additional_text":"","additional_text_color":"","show_additional_text_shadow":false,"additional_text_shadow_color":"","additional_text_size":"54","show_custom_text":false,"custom_text1":"","custom_text2":"","custom_text_color":"","desc":"Facilisi etiam dignissim diam quis enim lobortis scelerisque fermentum. Tristique senectus et netus et malesuada fames ac turpis.","desc_color":"","desc_size":"16","button":"Shop Now","link":"shopify:\/\/collections\/best-sellers-demo-2","btn_bg_color":"#d6a6ad","btn_txt_color":"#000000","btn_hoverbg_color":"#d6a6ad","btn_hovertxt_color":"#000000","button_2":"","link_2":"","btn_bg_color_2":"","btn_txt_color_2":"","btn_hoverbg_color_2":"","btn_hovertxt_color_2":"","slide_content_bg":"rgba(0,0,0,0)"}},"c445cfa2-2c5e-4da0-8583-fd87bf8cef0c":{"type":"Slider","settings":{"image":"shopify:\/\/shop_images\/demo1-2_09432e15-ef86-424c-b6c0-997fd2c5c730.jpg","desktop_bg_clr":"","mobile_image":"shopify:\/\/shop_images\/demo1-21_7e8b05bf-6756-4d71-9847-2ea4dd110316.jpg","mobile_bg_clr":"#e9e9e9","show_bg_text":false,"bg_text":"fashion Tees","bg_text_clr":"","text_alignment":"text-center","content_position":"dt-sc-flex-center","show_image":false,"title_2":"","subheading_color":"","subheading_size":"20","title":"Best Quality Fashion Dress Collections","heading_color":"","show_additional_color":false,"additional_color":"","heading_size":"40","show_additional_text":false,"additional_text":"","additional_text_color":"","show_additional_text_shadow":true,"additional_text_shadow_color":"","additional_text_size":"54","show_custom_text":false,"custom_text1":"","custom_text2":"","custom_text_color":"","desc":"Cursus sit amet dictum sit amet justo donec. Fringilla est ullamcorper eget nulla. Est ante in nibh mauris","desc_color":"","desc_size":"16","button":"Shop Now","link":"shopify:\/\/collections\/shop-demo-2","btn_bg_color":"#d6a6ad","btn_txt_color":"#000000","btn_hoverbg_color":"#d6a6ad","btn_hovertxt_color":"#000000","button_2":"","link_2":"","btn_bg_color_2":"","btn_txt_color_2":"","btn_hoverbg_color_2":"","btn_hovertxt_color_2":"","slide_content_bg":"rgba(0,0,0,0)"}},"ffdfd47e-db42-4962-a5d7-edf5c331dac9":{"type":"Slider","settings":{"image":"shopify:\/\/shop_images\/demo-6-1_485381f4-cbf0-48ae-9fc5-379a0041ab36.jpg","desktop_bg_clr":"","mobile_image":"shopify:\/\/shop_images\/aara-mobileslider2.jpg","mobile_bg_clr":"#e9e9e9","show_bg_text":false,"bg_text":"fashion Tees","bg_text_clr":"","text_alignment":"text-start","content_position":"center-left","show_image":false,"title_2":"","subheading_color":"","subheading_size":"20","title":"Classic  Designs That Never Meet Fashion","heading_color":"","show_additional_color":false,"additional_color":"","heading_size":"40","show_additional_text":false,"additional_text":"","additional_text_color":"","show_additional_text_shadow":true,"additional_text_shadow_color":"","additional_text_size":"54","show_custom_text":false,"custom_text1":"","custom_text2":"","custom_text_color":"","desc":"Blandit turpis cursus in hac habitasse platea dictumst. Quis viverra nibh cras pulvinar mattis. Enim sit amet venenatis","desc_color":"","desc_size":"16","button":"Shop Now","link":"shopify:\/\/collections\/new-arrivals-demo-2","btn_bg_color":"","btn_txt_color":"","btn_hoverbg_color":"","btn_hovertxt_color":"","button_2":"","link_2":"","btn_bg_color_2":"","btn_txt_color_2":"","btn_hoverbg_color_2":"","btn_hovertxt_color_2":"","slide_content_bg":"rgba(0,0,0,0)"}}},"block_order":["0f7d11fe-7add-4922-89cd-df01cba2eb27","c445cfa2-2c5e-4da0-8583-fd87bf8cef0c","ffdfd47e-db42-4962-a5d7-edf5c331dac9"],"settings":{"full":true,"spacing_both_ends":false,"margin":"0,50","slider_height":820,"slider_height_lap":700,"slider_height_tab":600,"slider_height_mobile":470,"content_within_container":false,"enable_box_shadow":false,"border_radius":"0","content_border_radius":"0","autoplay":false,"slideshow_speed":"5000","dots":false,"carousel_pagination_alignment":"center_pagination","carousel_pagination_bottom_alignment":"inside_element","arrows":true,"nav_arrow_position":"navigation-bottom-right","center_nav_arrow_alignment":"inside_container","navigation_button_color":"#e3e3e3","navigation_button_icon_color":"#9cb1bc","navigation_button_hover_color":"#d3d3d3","navigation_button_hover_icon_color":"#a8a8a8","navigation_dot_color":"","navigation_dot_active_color":"","show_support_block":false,"support_block_alignment":"left_support_block","support_block_txt_1":"","support_block_txt_2":"","support_block_txt_3":"","support_block_icon_clr":"","support_block_hover_icon_clr":"","support_block_text_clr":"","support_block_hover_text_clr":"","custom_class_name":"custom-slider-1"}},"16566483212a75b3d8":{"type":"home-product-carousel","blocks":{"347aae76-edfd-4e11-b1de-605bf7400b88":{"type":"banner","settings":{"block_image":"shopify:\/\/shop_images\/image-3_ba02e33a-6b30-4705-aed1-06ab22fbd580.jpg","show_image":true,"block_title":"","block_sub_title":"","block_description":"","block_button_text":"","block_button_link":"","block_banner_style":"overlay","block_text_align":"text-center","grid_banner_box_shadow":false,"grid_banner_border_radius":"0","overlay_style_height":"400","content_position":"center","enable_offer_tag":false,"offer_title":"","show_icon":false,"grid_banner_heading_color":"","grid_banner_sub_heading_color":"","grid_banner_description_color":"","grid_banner_button_bg_color":"","grid_banner_button_text_color":"","grid_banner_button_hover_bg_color":"","grid_banner_button_hover_text_color":"","grid_banner_content_bg":"rgba(0,0,0,0)","banner_image_overlay_style":"with-overlay","banner_image_overlay_color":"","banner_image_overlay_opacity":"0.5","banner_image_rotation_degree":"180"}}},"block_order":["347aae76-edfd-4e11-b1de-605bf7400b88"],"settings":{"full":false,"spacing_both_ends":false,"padding":"50,50","margin":"0,0","show_background_image":false,"background_style":"none","background_size":"auto","enable_overlay":false,"background_color":"","overlay_transparency":"0.5","show_style_image":false,"section_heading":"Premium Collections","section_sub_heading":"New Designs","section_description":"","section_button_text":"","section_button_link":"","section_heading_color":"","section_sub_heading_color":"#4d4d4d","section_description_color":"","section_button_bg_color":"","section_button_text_color":"","section_button_hover_bg_color":"","section_button_hover_text_color":"","heading_position":"text-start","grouped_content_bg":"","grouped_column_gap":"15","grouped_content_padding":"0","group_border_radius":"","enable_group_box_shadow":false,"reverse_column":false,"content_width":"30\/70","lap_content_width":"28\/72","additional_block_background_color":"","additional_block_box_shadow":false,"additional_content_padding":"0","additional_block_border_radius":"0","enable_main_content":true,"main_block_background_color":"","enable_main_block_box_shadow":false,"main_block_border_radius":"0","main_content_padding":"0","collection":"best-sellers-demo-2","column_gap":"15","border_radius":"0","enable_list_view":false,"grid":"4","enable_additional_button":false,"additional_button_text":"Explore","additional_button_link":"","additional_button_background_color":"","additional_button_color":"","additional_button_hover_background_color":"","additional_button_hover_color":"","post_limit":3,"enable_slider":false,"items_per_view":1,"items_laptop_view":1,"items_tablet_view":1,"items_mobile_view":1,"rows":1,"slider_autoplay":0,"enable_auto_height":false,"dots":false,"carousel_pagination_alignment":"center_pagination","carousel_pagination_bottom_alignment":"outside_element","arrows":false,"nav_arrow_position":"navigation-top-right","center_nav_arrow_alignment":"inside_container","navigation_button_color":"","navigation_button_icon_color":"","navigation_button_hover_color":"","navigation_button_hover_icon_color":"","navigation_dot_color":"","navigation_dot_active_color":"","custom_class_name":"custom-collection-two"}},"1656649830c7f31bf9":{"type":"home-custom-section","blocks":{"1656649830181da18f-0":{"type":"content","settings":{"block_heading":"Everyday Fashion Designs!","block_sub_heading":"WHAT WE DO !","block_description":"Augue neque gravida in fermentum et sollicitudin ac orci phasellus. Nulla aliquet enim tortor at. Erat velit scelerisque in dictum non consectetur a erat. Id consectetur purus ut faucibus. Sollicitudin tempor id eu nisl nunc mi ipsum. Aliquet nibh praesent tristique magna sit amet purus gravida quis. Fermentum odio eu feugiat pretium nibh ipsum consequat nisl vel. Vestibulum sed arcu non odio euismod lacinia at quis risus. Pellentesque pulvinar pellentesque habitant morbi tristique.","html":"","block_button_text":"Shop Now","block_button_link":"shopify:\/\/collections\/shop-demo-2","heading_position":"text-start","heading_position_vertical":"align_top","image_1_border_radius":"","image_2_border_radius":"","block_image_bg_color":"","reverse_column":false,"reverse_row":false,"block_heading_color":"","block_sub_heading_color":"","block_description_color":"","block_html_color":"","block_button_bg_color":"#d6a6ad","block_button_text_color":"#000000","block_button_hover_bg_color":"#d6a6ad","block_button_hover_text_color":"#000000"}},"1656649830181da18f-1":{"type":"content","settings":{"block_heading":"","block_sub_heading":"","block_description":"","html":"","block_button_text":"","block_button_link":"","heading_position":"text-start","heading_position_vertical":"align_top","block_img_1":"shopify:\/\/shop_images\/image-2_fcf0e2f0-1775-4ea1-94fc-cc9167fa8320.jpg","image_1_border_radius":"","block_img_2":"shopify:\/\/shop_images\/image-1_232e409e-c49e-4076-bde6-ff47bd0e1326.jpg","image_2_border_radius":"","pattern_image":"shopify:\/\/shop_images\/2-1.png","block_image_bg_color":"#d3d3d3","reverse_column":false,"reverse_row":false,"block_heading_color":"","block_sub_heading_color":"","block_description_color":"","block_html_color":"","block_button_bg_color":"","block_button_text_color":"","block_button_hover_bg_color":"","block_button_hover_text_color":""}}},"block_order":["1656649830181da18f-0","1656649830181da18f-1"],"settings":{"full":false,"spacing_both_ends":false,"padding":"80,80","margin":"0,0","show_background_image":false,"background_style":"none","background_size":"auto","enable_overlay":false,"background_color":"","overlay_transparency":"0.5","section_heading":"","section_sub_heading":"","section_description":"","section_button_text":"","section_button_link":"","section_heading_color":"","section_sub_heading_color":"","section_description_color":"","section_button_bg_color":"","section_button_text_color":"","section_button_hover_bg_color":"","section_button_hover_text_color":"","heading_position":"text-center","heading_position_vertical":"top","column_gap":"30","border_radius":"","two_column":true,"custom_style":"default","custom_class_name":"custom-grid-one"}},"16566513176fbc94ae":{"type":"home-product-carousel","settings":{"full":false,"spacing_both_ends":false,"padding":"100,100","margin":"50,50","show_background_image":false,"background_style":"none","background_size":"auto","enable_overlay":true,"background_color":"#bee1e6","overlay_transparency":"0.5","show_style_image":false,"section_heading":"Popular Products","section_sub_heading":"FAMOUS DESIGNS","section_description":"","section_button_text":"","section_button_link":"","section_heading_color":"","section_sub_heading_color":"#4d4d4d","section_description_color":"","section_button_bg_color":"","section_button_text_color":"","section_button_hover_bg_color":"","section_button_hover_text_color":"","heading_position":"text-start","grouped_content_bg":"","grouped_column_gap":"30","grouped_content_padding":"0","group_border_radius":"","enable_group_box_shadow":false,"reverse_column":false,"content_width":"30\/70","lap_content_width":"35\/65","additional_block_background_color":"","additional_block_box_shadow":false,"additional_content_padding":"0","additional_block_border_radius":"0","enable_main_content":true,"main_block_background_color":"","enable_main_block_box_shadow":false,"main_block_border_radius":"0","main_content_padding":"0","collection":"shop-demo-2","column_gap":"30","border_radius":"0","enable_list_view":false,"grid":"4","enable_additional_button":true,"additional_button_text":"Explore","additional_button_link":"shopify:\/\/collections\/shop-demo-2","additional_button_background_color":"#d6a6ad","additional_button_color":"","additional_button_hover_background_color":"#d6a6ad","additional_button_hover_color":"#000000","post_limit":8,"enable_slider":false,"items_per_view":4,"items_laptop_view":3,"items_tablet_view":2,"items_mobile_view":1,"rows":1,"slider_autoplay":0,"enable_auto_height":false,"dots":false,"carousel_pagination_alignment":"center_pagination","carousel_pagination_bottom_alignment":"outside_element","arrows":false,"nav_arrow_position":"navigation-top-right","center_nav_arrow_alignment":"inside_container","navigation_button_color":"","navigation_button_icon_color":"","navigation_button_hover_color":"","navigation_button_hover_icon_color":"","navigation_dot_color":"","navigation_dot_active_color":"","custom_class_name":"custom-collection-section"}},"16566527699cb762f9":{"type":"home-brand-logos","blocks":{"1656652769c9fab271-0":{"type":"Image","settings":{"image":"shopify:\/\/shop_images\/brlog01_02f602ed-4141-4f92-9534-9f4a8d674c1d.png","title":"Brand Name","link":""}},"1656652769c9fab271-1":{"type":"Image","settings":{"image":"shopify:\/\/shop_images\/brlog02_71aebb0b-f5f8-49b2-a8d5-c8cb5abf9861.png","title":"Brand Name","link":""}},"1656652769c9fab271-2":{"type":"Image","settings":{"image":"shopify:\/\/shop_images\/brlog03_b8717073-c644-4ef0-91cf-56c767f05749.png","title":"Brand Name","link":""}},"1656652769c9fab271-3":{"type":"Image","settings":{"image":"shopify:\/\/shop_images\/brlog04_aa3471d2-7643-4645-8ad3-4c292e4034f3.png","title":"Brand Name","link":""}},"1656652769c9fab271-4":{"type":"Image","settings":{"image":"shopify:\/\/shop_images\/brlog05_0f5fee53-ce33-48fd-a640-936bcfe20a06.png","title":"Brand Name","link":""}},"049e994b-4f07-4a0c-a702-0f8a7103d986":{"type":"Image","settings":{"image":"shopify:\/\/shop_images\/brlog07_6b38f8b3-5ce7-477d-a87d-4346cedf557a.png","title":"Brand Name","link":""}}},"block_order":["1656652769c9fab271-0","1656652769c9fab271-1","1656652769c9fab271-2","1656652769c9fab271-3","1656652769c9fab271-4","049e994b-4f07-4a0c-a702-0f8a7103d986"],"settings":{"full":false,"spacing_both_ends":false,"padding":"20,0","margin":"0,0","show_background_image":false,"background_image":"shopify:\/\/shop_images\/testimonial-3-bg.png","background_style":"fixed","background_size":"auto","enable_overlay":false,"background_color":"","overlay_transparency":"0.5","section_heading":"","section_sub_heading":"","section_description":"","section_button_text":"","section_button_link":"","section_heading_color":"","section_sub_heading_color":"","section_description_color":"","section_button_bg_color":"","section_button_text_color":"","section_button_hover_bg_color":"","section_button_hover_text_color":"","heading_position":"text-center","grid":"5","block_style":"style-1","enable_box_shadow":false,"column_gap":"10","border_radius":"0","swipe_on_mobile":false,"block_border_color":"","block_background_color":"","enable_slider":true,"enable_auto_height":true,"items_per_view":5,"slider_autoplay":0,"dots":false,"carousel_pagination_alignment":"center_pagination","arrows":true,"nav_arrow_position":"center-navigation","center_nav_arrow_alignment":"outside_container","navigation_button_color":"rgba(0,0,0,0)","navigation_button_icon_color":"#000000","navigation_button_hover_color":"rgba(0,0,0,0)","navigation_button_hover_icon_color":"#878787","navigation_dot_color":"","navigation_dot_active_color":"","custom_class_name":"custom-brand-logo"}},"1656653886319edf77":{"type":"home-testimonial","blocks":{"165665388699e2d7fd-0":{"type":"content","settings":{"quote":"<p>‘’ Aliquam purus sit amet luctus venenatis lectus magna fringilla urna yhres. ‘’<\/p>","icon":"shopify:\/\/shop_images\/test04_5821bda3-5409-4698-8163-b0e12b7344e8.jpg","author":"Stefie","job":"CEO","star":"0","content_bg_color":"#f4e9d4"}},"04565ac7-6021-45ea-8f6c-48da770d6af7":{"type":"content","settings":{"quote":"<p>‘’ Verquam purus sit amet luctus venenatis lectus magna fringilla urna yhres. ‘’<\/p>","icon":"shopify:\/\/shop_images\/test03_4ea4664a-f526-4b02-b6b2-a8cf747cf5a4.jpg","author":"Angelia","job":"Director","star":"0","content_bg_color":"#bee1e6"}},"3cbc2c03-0c41-4d66-9d38-0ec2fc078391":{"type":"content","settings":{"quote":"<p>‘’ Seduam purus sit amet luctus venenatis lectus magna fringilla urna yhres. ‘’<\/p>","icon":"shopify:\/\/shop_images\/test05_485d877e-e4ad-41e5-8b9a-56ebe53db72a.jpg","author":"Roselin","job":"Customer","star":"0","content_bg_color":"#f3a298"}}},"block_order":["165665388699e2d7fd-0","04565ac7-6021-45ea-8f6c-48da770d6af7","3cbc2c03-0c41-4d66-9d38-0ec2fc078391"],"settings":{"full":false,"spacing_both_ends":false,"padding":"100,100","margin":"80,0","show_background_image":false,"background_image":"shopify:\/\/shop_images\/testimonial-bg.png","background_style":"parallax","background_size":"cover","enable_overlay":true,"background_color":"#bee1e6","overlay_transparency":"0.5","section_heading":"Our Clients","section_sub_heading":"Get In Touch","section_description":"Genuine product feedback from customers","section_button_text":"","section_button_link":"","section_heading_color":"","text_underline_color":"rgba(0,0,0,0)","section_sub_heading_color":"","section_description_color":"","section_button_bg_color":"","section_button_text_color":"","section_button_hover_bg_color":"","section_button_hover_text_color":"","heading_position":"text-center","grid":"3","block_style":"style_3","boxed_styles":"default","enable_box_shadow":false,"reverse_column":false,"text_position":"text-center","quote_icon":"shopify:\/\/shop_images\/testimonial-quote.png","quote_style":"quote-icon-in-content","author_info_style":"style_2","border_radius":"30px 0px 30px 30px","boxed_border_radius":"0","column_gap":"10","content_width":"30\/70","lap_content_width":"20\/80","tab_content_width":"30\/70","vertical_position":"vertical-top","testimonial_border_color":"","testimonial_background_color":"","testimonial_content_color":"#000000","testimonial_review_color":"","testimonial_author_text_color":"#000000","testimonial_author_designation_color":"","testimonial_author_separator_color":"","testimonial_quote_icon_color":"#000000","enable_slider":true,"enable_auto_height":true,"items_per_view":3,"slider_autoplay":0,"dots":true,"carousel_pagination_alignment":"custom_pagination","arrows":true,"nav_arrow_position":"navigation-top-right","center_nav_arrow_alignment":"outside_container","navigation_button_color":"rgba(0,0,0,0)","navigation_button_icon_color":"#000000","navigation_button_hover_color":"rgba(0,0,0,0)","navigation_button_hover_icon_color":"#aaaaaa","navigation_dot_color":"#aaaaaa","navigation_dot_active_color":"#000000","custom_class_name":""}},"16566570245c7e2986":{"type":"home-image-gallery","blocks":{"1656657024fab354f8-0":{"type":"image_image","settings":{"image":"shopify:\/\/shop_images\/insta01_fd7bc0f2-188b-4dcd-8405-003d2ec4a32f.jpg","show_icon":true,"icon":"fa fa-instagram","link":"https:\/\/www.instagram.com\/p\/CgjPjb-JHhB\/?utm_source=ig_web_copy_link"}},"1656657024fab354f8-1":{"type":"image_image","settings":{"image":"shopify:\/\/shop_images\/insta02_7deb1f1f-d55b-4e48-9a34-d8ae75281ca3.jpg","show_icon":true,"icon":"fa fa-instagram","link":"https:\/\/www.instagram.com\/p\/CgjPY5nJ4EU\/?utm_source=ig_web_copy_link"}},"1656657024fab354f8-2":{"type":"image_image","settings":{"image":"shopify:\/\/shop_images\/insta03_93c9243e-7ee7-47e2-9846-7eec57005a6e.jpg","show_icon":true,"icon":"fa fa-instagram","link":"https:\/\/www.instagram.com\/p\/CgjPanlJj1L\/?utm_source=ig_web_copy_link"}},"1656657024fab354f8-3":{"type":"image_image","settings":{"image":"shopify:\/\/shop_images\/insta04_c7ed05df-fcc2-4039-b32b-a4683fc01bca.jpg","show_icon":true,"icon":"fa fa-instagram","link":"https:\/\/www.instagram.com\/p\/CgjPdpRJhWQ\/?utm_source=ig_web_copy_link"}},"1656657024fab354f8-4":{"type":"image_image","settings":{"image":"shopify:\/\/shop_images\/insta05_09134434-84b7-4949-b3e1-51f4eed67eb8.jpg","show_icon":true,"icon":"fa fa-instagram","link":"https:\/\/www.instagram.com\/p\/CgjPfZPpvNu\/?utm_source=ig_web_copy_link"}},"53c0d073-17c7-4a2e-8226-5bcd9969430f":{"type":"image_image","settings":{"image":"shopify:\/\/shop_images\/insta06_c2f16ff9-21b5-4f36-801b-d42b7ed32b0c.jpg","show_icon":true,"icon":"fa fa-instagram","link":"https:\/\/www.instagram.com\/p\/CgjPhGNJX8k\/?utm_source=ig_web_copy_link"}},"6e76b79e-3346-4520-b5cc-1626a9dba546":{"type":"image_image","settings":{"image":"shopify:\/\/shop_images\/insta07_01b10c2d-1410-4c32-9c94-fd1653c61192.jpg","show_icon":true,"icon":"fa fa-instagram","link":"https:\/\/www.instagram.com\/p\/CgjPjb-JHhB\/?utm_source=ig_web_copy_link"}}},"block_order":["1656657024fab354f8-0","1656657024fab354f8-1","1656657024fab354f8-2","1656657024fab354f8-3","1656657024fab354f8-4","53c0d073-17c7-4a2e-8226-5bcd9969430f","6e76b79e-3346-4520-b5cc-1626a9dba546"],"settings":{"full":true,"spacing_both_ends":true,"padding":"80,0","margin":"0,-30","background_image":"shopify:\/\/shop_images\/testimonial-2-bg.png","show_background_image":true,"background_style":"parallax","background_size":"auto","show_section_bg_icon":true,"section_bg_icon_code":"f16d","background_icon_color":"#bee1e6","enable_overlay":false,"background_color":"","overlay_transparency":"0.5","section_heading":"Best Instagram Updates","section_sub_heading":"Check out our post","section_description":"","section_button_text":"","section_button_link":"","section_heading_color":"","text_underline_color":"rgba(0,0,0,0)","section_sub_heading_color":"","section_description_color":"","section_button_bg_color":"","section_button_text_color":"","section_button_hover_bg_color":"","section_button_hover_text_color":"","heading_position":"text-start","grid":"6","column_gap":"15","image_list_text":"","image_list_link":"","item_height":360,"item_height_laptop":320,"item_height_tab":310,"item_height_mobile":290,"image_link_bg_color":"","image_overlay_color":"#f3efec","image_link_text_color":"","image_link_hover_bg_color":"","image_link_hover_text_color":"#000000","enable_slider":true,"remove_button_space":false,"enable_auto_height":true,"items_per_view":6,"slider_autoplay":3,"dots":false,"carousel_pagination_alignment":"center_pagination","arrows":true,"nav_arrow_position":"navigation-top-right","center_nav_arrow_alignment":"outside_container","navigation_button_color":"#f2eeed","navigation_button_icon_color":"#92a8b4","navigation_button_hover_color":"#dcdcdc","navigation_button_hover_icon_color":"#c4cbcf","navigation_dot_color":"","navigation_dot_active_color":"","custom_class_name":"demo-1-image-list  custom-instagram"}}},"order":["1655456802ccf09fa5","16566483212a75b3d8","1656649830c7f31bf9","16566513176fbc94ae","16566527699cb762f9","1656653886319edf77","16566570245c7e2986"]}