{"sections":{"main":{"type":"about-us","disabled":true,"settings":{}},"164285392271501953":{"type":"home-video-banner","settings":{"full":false,"spacing_both_ends":false,"padding":"30,100","margin":"0,0","show_background_image":false,"background_style":"none","background_size":"auto","enable_overlay":false,"background_color":"","overlay_transparency":"0.5","section_heading":"Tellus molestie nunc non blandit massa.","section_sub_heading":"About Us","section_description":"Purus viverra accumsan in nisl nisi scelerisque eu ultrices vitae. Fringilla urna porttitor rhoncus dolor purus. Platea dictumst vestibulum rhoncus est pellentesque. Eget nunc lobortis mattis aliquam faucibus purus in massa. Posuere morbi leo urna molestie at elementum eu facilisis. Dui faucibus in ornare quam viverra orci. Viverra ipsum nunc aliquet bibendum. Consequat semper viverra nam libero justo laoreet. Accumsan lacus vel facilisis volutpat est. Ultrices tincidunt arcu non sodales.  Feugiat sed lectus vestibulum mattis. Non diam phasellus vestibulum lorem sed risus ultricies. Nibh ipsum consequat nisl vel pretium. Consequat ac felis donec et odio pellentesque diam volutpat commodo. Volutpat lacus laoreet non curabitur gravida arcu ac tortor. Eros in cursus turpis massa tincidunt dui ut ornare lectus.","section_button_text":"Explore More","section_button_link":"#","section_heading_color":"","section_sub_heading_color":"","section_description_color":"","section_button_bg_color":"","section_button_text_color":"","section_button_hover_bg_color":"rgba(0,0,0,0)","section_button_hover_text_color":"#000000","heading_position":"text-start","block_title":"","block_sub_title":"","block_description":"","block_button_text":"","block_button_link":"","content_position":"custom","block_text_align":"text-center","layout_style":"default","reverse_column":false,"block_image":"shopify:\/\/shop_images\/overlay-banner.jpg","show_image":true,"video_format":"modal","video_url":"https:\/\/storage.googleapis.com\/coverr-main\/mp4\/Palm_Trees.mp4","iframe_url":"https:\/\/www.youtube.com\/embed\/JJMPKgyCoSY","video_height":"500","overlay_style":"with-overlay","enable_box_shadow":false,"border_radius":"0","block_banner_style":"grid","banner_heading_color":"#ffffff","banner_sub_heading_color":"","banner_description_color":"#ffffff","banner_button_bg_color":"","banner_button_text_color":"#d6a6ad","banner_button_hover_bg_color":"","banner_button_hover_text_color":"#000000","video_overlay_color":"#bee1e6","video_overlay_transparency":"0","icon_bg_color":"rgba(0,0,0,0)","icon_color":"#d6a6ad","icon_bg_color_hover":"rgba(0,0,0,0)","icon_color_hover":"#000000","custom_class_name":"icon_modify about-custom-video"}},"16564034640a254322":{"type":"home-support-block","blocks":{"956e7e00-d035-43fa-837a-89f456ffcdd7":{"type":"icon","settings":{"icon":"shopify:\/\/shop_images\/Vector_Smart_Object.png","title":"Free Delivery","desc":"Purus viverra accumsan in nisl nisi scelerisque   ultrices","link_text":"View More","link":"","text_underline_color":"#d6a6ad","icon_bg_color":""}},"cc0438d6-d04c-4ef5-9aff-9729da1f8939":{"type":"icon","settings":{"icon":"shopify:\/\/shop_images\/Vector_Smart_Object1.png","title":"Easy Returns","desc":"Purus viverra accumsan in nisl nisi scelerisque ultrices","link_text":"View More","link":"","text_underline_color":"#f1c5af","icon_bg_color":""}},"1f80798f-ec99-4d78-b549-138423663533":{"type":"icon","settings":{"icon":"shopify:\/\/shop_images\/Vector_Smart_Object2.png","title":"Customer Service","desc":"Purus viverra accumsan in nisl nisi scelerisque   ultrices","link_text":"View More","link":"","text_underline_color":"#fff4d8","icon_bg_color":""}},"f742667d-2f24-4271-bb08-7a65ab7d7931":{"type":"icon","settings":{"icon":"shopify:\/\/shop_images\/Vector_Smart_Object3.png","title":"Secure Guarantee","desc":"Purus viverra accumsan in nisl nisi scelerisque   ultrices","link_text":"View More","link":"","text_underline_color":"#d7d7d7","icon_bg_color":"rgba(0,0,0,0)"}}},"block_order":["956e7e00-d035-43fa-837a-89f456ffcdd7","cc0438d6-d04c-4ef5-9aff-9729da1f8939","1f80798f-ec99-4d78-b549-138423663533","f742667d-2f24-4271-bb08-7a65ab7d7931"],"settings":{"full":false,"spacing_both_ends":false,"padding":"80,90","margin":"0,0","show_background_image":false,"background_style":"none","background_size":"auto","enable_overlay":true,"background_color":"","overlay_transparency":"0.5","section_heading":"","section_sub_heading":"","section_description":"","section_button_text":"","section_button_link":"","section_heading_color":"","section_sub_heading_color":"","section_description_color":"","section_button_bg_color":"","section_button_text_color":"","section_button_hover_bg_color":"","section_button_hover_text_color":"","heading_position":"text-center","text_position":"text-center","block_style":"default-style","grid":"4","enable_grid_style":true,"vertical_position":"position-default","reverse_column":false,"border_radius":"0px","icon_border_radius":"0px","enable_box_shadow":false,"block_icon_outer_size":"60px","block_icon_size":"60px","slide_on_mobile":true,"block_border_color":"rgba(0,0,0,0)","block_bg":"rgba(0,0,0,0)","block_icon_bg":"rgba(0,0,0,0)","block_icon_border_color":"rgba(0,0,0,0)","block_heading_color":"","block_description_color":"","block_button_bg_color":"","block_button_text_color":"","block_button_hover_bg_color":"","block_button_hover_text_color":"","custom_class_name":"custom_support custom-support-about"}},"1656405105bd2e5374":{"type":"home-masonry-banner","blocks":{"1656405104232c98bd-0":{"type":"content","settings":{"block_image":"shopify:\/\/shop_images\/img_5.jpg","show_image":true,"block_title":"Men’s Collection","block_sub_title":"","block_description":"","block_button_text":"Start at $15","block_button_link":"#","use_title_link":true,"block_text_align":"text-center","content_position":"bottom-right","image_position":"center","reverse_column":false,"block_banner_bg":"rgba(0,0,0,0)","block_heading_color":"","block_sub_heading_color":"","block_description_color":"","block_button_bg_color":"#d7d7d7","block_button_text_color":"#000000","block_button_hover_bg_color":"#000000","block_button_hover_text_color":"#ffffff","overlay_style":"use_overlay","overlay_color":"","overlay_opacity":"0.65","rotation_degree":"180"}},"1656405104232c98bd-1":{"type":"content","settings":{"block_image":"shopify:\/\/shop_images\/img_3.jpg","show_image":true,"block_title":"Kid’s Collection","block_sub_title":"","block_description":"","block_button_text":"Start at $15","block_button_link":"#","use_title_link":true,"block_text_align":"text-center","content_position":"bottom-left","image_position":"center","reverse_column":false,"block_banner_bg":"rgba(0,0,0,0)","block_heading_color":"","block_sub_heading_color":"","block_description_color":"","block_button_bg_color":"#d7d7d7","block_button_text_color":"#000000","block_button_hover_bg_color":"#000000","block_button_hover_text_color":"#ffffff","overlay_style":"use_overlay","overlay_color":"","overlay_opacity":"0.65","rotation_degree":"180"}},"c778b8d2-7a61-4985-bdb8-e32b22007558":{"type":"content","settings":{"block_image":"shopify:\/\/shop_images\/img_4.jpg","show_image":true,"block_title":"Accessories","block_sub_title":"","block_description":"","block_button_text":"Start at $15","block_button_link":"#","use_title_link":true,"block_text_align":"text-start","content_position":"bottom-right","image_position":"center","reverse_column":false,"block_banner_bg":"rgba(0,0,0,0)","block_heading_color":"","block_sub_heading_color":"","block_description_color":"","block_button_bg_color":"#d7d7d7","block_button_text_color":"#000000","block_button_hover_bg_color":"#000000","block_button_hover_text_color":"#ffffff","overlay_style":"use_overlay","overlay_color":"","overlay_opacity":"0.65","rotation_degree":"180"}}},"block_order":["1656405104232c98bd-0","1656405104232c98bd-1","c778b8d2-7a61-4985-bdb8-e32b22007558"],"settings":{"full":false,"spacing_both_ends":false,"padding":"100,100","margin":"0,0","show_background_image":false,"background_style":"none","background_size":"auto","enable_overlay":false,"background_color":"","overlay_transparency":"0.5","section_heading":"New Collections","section_sub_heading":"Trendy Casuals","section_description":"Purus viverra accumsan in nisl nisi scelerisque eu ultrices vitae. Fringilla urna porttitor rhoncus dolor purus.","section_button_text":"","section_button_link":"","heading_position":"text-center","section_heading_color":"","section_sub_heading_color":"","section_description_color":"","section_button_bg_color":"","section_button_text_color":"","section_button_hover_bg_color":"","section_button_hover_text_color":"","main_banner_style":"overlay","block_banner_style":"overlay","reverse_column":false,"column_gap":"30px","enable_box_shadow":false,"border_radius":"0","content_width":"35\/65","lap_content_width":"40\/60","tab_content_width":"45\/55","primary_text_align":"text-center","primary_position":"bottom-right","enable_main_img":true,"primary_image":"shopify:\/\/shop_images\/img_2.jpg","image_position":"top left","primary_title":"Women’s Collection","underline_color":"#d6a6ad","primary_sub_title":"","primary_description":"","primary_button_text":"Start at $15","primary_button_link":"#","set_heading_link":true,"primary_banner_bg":"","primary_heading_color":"","primary_sub_heading_color":"","primary_description_color":"","primary_button_bg_color":"#d7d7d7","primary_button_text_color":"#000000","primary_button_hover_bg_color":"#000000","primary_button_hover_text_color":"#ffffff","overlay_style":"use_overlay","overlay_color":"","overlay_opacity":"0.65","rotation_degree":"180","block_style":"style-3","enable_badge":true,"overlay_style_height":520,"overlay_style_height_laptop":350,"overlay_style_height_tab":500,"overlay_style_height_mobile":450,"custom_class_name":"about-custom-masonry"}},"1656409813065ac9f1":{"type":"home-testimonial","blocks":{"1656409813a0070ec8-0":{"type":"content","settings":{"quote":"<p>‘’ Lorem Ipsum is simply dummy text of theprinting and typesetting industry. ‘’<\/p>","icon":"shopify:\/\/shop_images\/image11.jpg","author":"Lenda Lena","job":"Customer","star":"0","content_bg_color":"#f4e9d4"}},"ef0a0b9b-b12d-4eff-8232-96b036c6ad7b":{"type":"content","settings":{"quote":"<p>‘’ Lorem Ipsum is simply dummy text of theprinting and typesetting industry. ‘’<\/p>","icon":"shopify:\/\/shop_images\/image13.jpg","author":"Lenda Lena","job":"Customer","star":"0","content_bg_color":"#bee1e6"}},"0562d5e1-1a7d-4eb2-96e4-f07f894cdc45":{"type":"content","settings":{"quote":"<p>‘’ Lorem Ipsum is simply dummy text of theprinting and typesetting industry. ‘’<\/p>","icon":"shopify:\/\/shop_images\/image12.jpg","author":"Lenda Lena","job":"Customer","star":"0","content_bg_color":"#f3a298"}}},"block_order":["1656409813a0070ec8-0","ef0a0b9b-b12d-4eff-8232-96b036c6ad7b","0562d5e1-1a7d-4eb2-96e4-f07f894cdc45"],"settings":{"full":false,"spacing_both_ends":false,"padding":"100,100","margin":"0,0","show_background_image":false,"background_style":"none","background_size":"auto","enable_overlay":true,"background_color":"#d6a6ad","overlay_transparency":".5","section_heading":"Testimonials","section_sub_heading":"Client  Say","section_description":"Purus viverra accumsan in nisl nisi scelerisque eu ultrices vitae. Fringilla urna porttitor rhoncus dolor purus.","section_button_text":"","section_button_link":"","section_heading_color":"","text_underline_color":"rgba(0,0,0,0)","section_sub_heading_color":"","section_description_color":"","section_button_bg_color":"","section_button_text_color":"","section_button_hover_bg_color":"","section_button_hover_text_color":"","heading_position":"text-center","grid":"1","block_style":"style_3","boxed_styles":"default","enable_box_shadow":false,"reverse_column":false,"text_position":"text-center","quote_icon":"shopify:\/\/shop_images\/quote-icon.png","quote_style":"quote-icon-in-content","author_info_style":"style_2","border_radius":"30px 0px 30px 30px","boxed_border_radius":"30px 0px 30px 30px","column_gap":"30","content_width":"30\/70","lap_content_width":"20\/80","tab_content_width":"30\/70","vertical_position":"vertical-center","testimonial_border_color":"","testimonial_background_color":"","testimonial_content_color":"","testimonial_review_color":"","testimonial_author_text_color":"#000000","testimonial_author_designation_color":"#000000","testimonial_author_separator_color":"","testimonial_quote_icon_color":"#000000","enable_slider":true,"enable_auto_height":true,"items_per_view":3,"slider_autoplay":0,"dots":true,"carousel_pagination_alignment":"custom_pagination","arrows":true,"nav_arrow_position":"navigation-top-right","center_nav_arrow_alignment":"outside_container","navigation_button_color":"rgba(0,0,0,0)","navigation_button_icon_color":"#000000","navigation_button_hover_color":"rgba(0,0,0,0)","navigation_button_hover_icon_color":"#666666","navigation_dot_color":"#d2d2d2","navigation_dot_active_color":"#000000","custom_class_name":"about-custom-testimonials"}},"1642854201fb41f363":{"type":"inner-page-team-section","blocks":{"8fa8575e-5506-4b99-bdf0-96efde77dc87":{"type":"content","settings":{"image":"shopify:\/\/shop_images\/dummy_800x930_000000_e1e1e1.jpg","name":"Isabella","designation":"Creative Designer","facebook":"#","twitter":"#","pinterest":"#","youtube":""}},"8d00de3d-96df-4f9d-805a-09b1efafe47b":{"type":"content","settings":{"image":"shopify:\/\/shop_images\/dummy_800x930_000000_e1e1e1.jpg","name":"Jacqueline","designation":"Brand Manager","facebook":"#","twitter":"#","pinterest":"#","youtube":""}},"de996d20-c644-4a67-a2f3-066ddab67a1c":{"type":"content","settings":{"image":"shopify:\/\/shop_images\/dummy_800x930_000000_e1e1e1.jpg","name":"Morriska","designation":"Marketing Manager","facebook":"#","twitter":"#","pinterest":"#","youtube":""}},"020d0f70-9e00-4d1c-be1c-164e1d6441d4":{"type":"content","settings":{"image":"shopify:\/\/shop_images\/dummy_800x930_000000_e1e1e1.jpg","name":"Kimberley","designation":"Customer support","facebook":"#","twitter":"#","pinterest":"#","youtube":""}},"485a8db7-c459-4faf-95d1-74faa2508faa":{"type":"content","settings":{"image":"shopify:\/\/shop_images\/dummy_800x930_000000_e1e1e1.jpg","name":"Samson","designation":"Customer support","facebook":"#","twitter":"#","pinterest":"#","youtube":"#"}},"cdb80983-a564-43ae-9a8e-41b53a58a6a4":{"type":"content","settings":{"image":"shopify:\/\/shop_images\/dummy_800x930_000000_e1e1e1.jpg","name":"Ricky","designation":"Customer support","facebook":"#","twitter":"#","pinterest":"#","youtube":"#"}},"c898494f-30db-4769-9a44-418351e3bedf":{"type":"content","disabled":true,"settings":{"image":"shopify:\/\/shop_images\/dummy_800x930_000000_e1e1e1.jpg","name":"Name","designation":"Customer support","facebook":"#","twitter":"#","pinterest":"#","youtube":"#"}},"9a113333-65dc-42ca-a08c-e099352a968b":{"type":"content","disabled":true,"settings":{"image":"shopify:\/\/shop_images\/dummy_800x930_000000_e1e1e1.jpg","name":"Name","designation":"Customer support","facebook":"#","twitter":"#","pinterest":"#","youtube":"#"}}},"block_order":["8fa8575e-5506-4b99-bdf0-96efde77dc87","8d00de3d-96df-4f9d-805a-09b1efafe47b","de996d20-c644-4a67-a2f3-066ddab67a1c","020d0f70-9e00-4d1c-be1c-164e1d6441d4","485a8db7-c459-4faf-95d1-74faa2508faa","cdb80983-a564-43ae-9a8e-41b53a58a6a4","c898494f-30db-4769-9a44-418351e3bedf","9a113333-65dc-42ca-a08c-e099352a968b"],"settings":{"full":false,"spacing_both_ends":false,"padding":"0,0","margin":"100,-30","show_background_image":false,"background_style":"default","enable_overlay":false,"background_color":"","overlay_transparency":"0.5","section_heading":"Fashion Team","section_sub_heading":"Meet Our","section_description":"Purus viverra accumsan in nisl nisi scelerisque eu ultrices vitae. Fringilla urna porttitor rhoncus dolor purus.","section_button_text":"","section_button_link":"","section_heading_color":"","section_sub_heading_color":"","section_description_color":"","section_button_bg_color":"","section_button_text_color":"","section_button_hover_bg_color":"","section_button_hover_text_color":"","heading_position":"text-center","column":"three-column","slide_on_mobile":true,"block_heading_color":"","block_designation_color":"","block_bg":"#bee1e6","block_social_icon_bg_color":"#d6a6ad","block_social_icon_color":"#ffffff","block_social_icon_hover_bg_color":"#181818","block_social_icon_hover_color":"#ffffff"}}},"order":["main","164285392271501953","16564034640a254322","1656405105bd2e5374","1656409813065ac9f1","1642854201fb41f363"]}