{"sections":{"main":{"type":"main-blog-template","blocks":{"e647a523-a5ba-4008-bc31-a8f436883b14":{"type":"articles","settings":{"title":"Recent articles","show_description":true,"limit":2}},"0732544a-d1ac-41bc-a4f9-a987643eedff":{"type":"tags","settings":{"title":"Tags","limit":5}},"f1e131c6-6525-4150-91f7-24c14561c6af":{"type":"carousel","settings":{"title":"","collection":"best-sellers","limit":5}},"08599de1-333a-41a0-ad7b-7dad4bc47c9f":{"type":"collection","settings":{"title":"Featured","collection":"latest-products","limit":3}}},"block_order":["e647a523-a5ba-4008-bc31-a8f436883b14","0732544a-d1ac-41bc-a4f9-a987643eedff","f1e131c6-6525-4150-91f7-24c14561c6af","08599de1-333a-41a0-ad7b-7dad4bc47c9f"],"settings":{"full":false,"spacing_both_ends":false,"padding":"50,50","margin":"0,0","blog_results_per_page":5,"blog_show_author":true,"blog_show_date":true,"blog_comments":true,"blog_show_tag":false,"blog_show_button":true,"blog_show_description":true,"enable_blog_icons":false,"block_banner_style":"grid-style","grid":"2","text_position":"text-start","column_gap":"30","enable_box_shadow":false,"content_width":"50\/50","lap_content_width":"40\/60","vertical_position":"vertical-center","overlay_style_height":"400","overlay_style":"use_overlay","overlay_color":"","overlay_opacity":"0","rotation_degree":"180","split_blog_layout":false,"split_gap":"30"}}},"order":["main"]}