{"sections":{"164579344860a5b0bf":{"type":"slideshow","blocks":{"60e42c93-91e4-4440-9323-8841cc35e7ba":{"type":"Slider","settings":{"slider_type":"image","image":"shopify:\/\/shop_images\/slider-1.jpg","mobile_image":"shopify:\/\/shop_images\/Mobile-Sliders-1.jpg","video_url":"","mobile_bg_clr":"#8f1315","text_alignment":"text-start","content_position":"center-left","show_image":false,"show_content":true,"title_2":"world gaming","subheading_color":"#ffffff","subheading_size":"20","title":"war look the next forward 2020","heading_color":"#ffffff","heading_size":"48","desc":"Lorem ipsum dolor sit amet, consectetur adipiscing elit, sed do eiusmod tempor incididunt ut labore et dolore magna aliqua.","desc_color":"#ffffff","desc_size":"18","button":"Shop Now","link":"","btn_bg_color":"#8f1315","btn_txt_color":"#ffffff","btn_hoverbg_color":"#000000","btn_hovertxt_color":"#ffffff","button_2":"","link_2":"","btn_bg_color_2":"","btn_txt_color_2":"","btn_hoverbg_color_2":"","btn_hovertxt_color_2":"","slide_content_bg":"rgba(0,0,0,0)"}},"d2595a89-694d-4cc4-b4f8-502456daae2e":{"type":"Slider","settings":{"slider_type":"image","image":"shopify:\/\/shop_images\/Web-Slider-2.jpg","mobile_image":"shopify:\/\/shop_images\/Mobile-Sliders-2.jpg","video_url":"","mobile_bg_clr":"#8f1315","text_alignment":"text-start","content_position":"center-left","show_image":false,"show_content":true,"title_2":"Finest Games","subheading_color":"#ffffff","subheading_size":"20","title":"texhniques that impact the globe","heading_color":"#ffffff","heading_size":"48","desc":"Condimentum id venenatis a condimentum. Lacus vel facilisis volutpat est velit egestas dui. Est velit egestas dui idorna.","desc_color":"#ffffff","desc_size":"18","button":"Shop Now","link":"","btn_bg_color":"#8f1315","btn_txt_color":"#ffffff","btn_hoverbg_color":"#000000","btn_hovertxt_color":"#ffffff","button_2":"","link_2":"","btn_bg_color_2":"","btn_txt_color_2":"","btn_hoverbg_color_2":"","btn_hovertxt_color_2":"","slide_content_bg":"rgba(0,0,0,0)"}},"160691b7-9cc8-48b2-b1d9-144c169e4f1a":{"type":"Slider","settings":{"slider_type":"image","image":"shopify:\/\/shop_images\/Web-Sliders-3.jpg","mobile_image":"shopify:\/\/shop_images\/Mobile-Sliders-3.jpg","video_url":"","mobile_bg_clr":"#8f1315","text_alignment":"text-end","content_position":"center-right","show_image":false,"show_content":true,"title_2":"Best Gaming","subheading_color":"#ffffff","subheading_size":"20","title":"the next generation of virtual games","heading_color":"#ffffff","heading_size":"48","desc":"Rorem ipsum dolor sit amet, consectetur adipiscing elit, sed do eiusmod tempor incididunt ut labore et dolore magna aliqua.","desc_color":"","desc_size":"18","button":"Shop Now","link":"","btn_bg_color":"#8f1315","btn_txt_color":"#ffffff","btn_hoverbg_color":"#000000","btn_hovertxt_color":"#ffffff","button_2":"","link_2":"","btn_bg_color_2":"","btn_txt_color_2":"","btn_hoverbg_color_2":"","btn_hovertxt_color_2":"","slide_content_bg":"rgba(0,0,0,0)"}}},"block_order":["60e42c93-91e4-4440-9323-8841cc35e7ba","d2595a89-694d-4cc4-b4f8-502456daae2e","160691b7-9cc8-48b2-b1d9-144c169e4f1a"],"settings":{"full":true,"spacing_both_ends":false,"margin":"0,0","slider_height":800,"slider_height_lap":650,"slider_height_tab":600,"slider_height_mobile":490,"content_within_container":true,"enable_box_shadow":false,"border_radius":"0","content_border_radius":"0","autoplay":false,"slideshow_speed":"5000","dots":false,"carousel_pagination_alignment":"center_pagination","carousel_pagination_bottom_alignment":"inside_element","arrows":false,"nav_arrow_position":"navigation-bottom-center","center_nav_arrow_alignment":"inside_container","navigation_button_color":"#8f1315","navigation_button_icon_color":"#ffffff","navigation_button_hover_color":"#d8000c","navigation_button_hover_icon_color":"#ffffff","navigation_dot_color":"","navigation_dot_active_color":"","custom_class_name":"custom-slider"}},"1648122675d9d8fb74":{"type":"home-support-block","blocks":{"1648122675eccc5de3-0":{"type":"icon","settings":{"icon":"shopify:\/\/shop_images\/home-icon-1_016906e4-1018-4366-b984-b7ce55c03aaa.png","title":"virtual games","use_title":true,"desc":"","link_text":"","link":"shopify:\/\/collections\/latest-products"}},"1648122675eccc5de3-1":{"type":"icon","settings":{"icon":"shopify:\/\/shop_images\/home-icon-2_9fe718a3-f2ee-47eb-8420-5927ac795da4.png","title":"multiplayer","use_title":true,"desc":"","link_text":"","link":"shopify:\/\/collections"}},"1648122675eccc5de3-2":{"type":"icon","settings":{"icon":"shopify:\/\/shop_images\/home-icon-3.png","title":"race games","use_title":true,"desc":"","link_text":"","link":"shopify:\/\/collections"}},"e56f747a-b3fb-44f9-baf9-357558ab1743":{"type":"icon","settings":{"icon":"shopify:\/\/shop_images\/home-icon-4.png","title":"puzzlers","use_title":true,"desc":"","link_text":"","link":"shopify:\/\/collections"}},"cd383eda-bd7a-466c-927d-ffc131c088b6":{"type":"icon","settings":{"icon":"shopify:\/\/shop_images\/home-icon-5.png","title":"role playing","use_title":true,"desc":"","link_text":"","link":"shopify:\/\/collections"}}},"block_order":["1648122675eccc5de3-0","1648122675eccc5de3-1","1648122675eccc5de3-2","e56f747a-b3fb-44f9-baf9-357558ab1743","cd383eda-bd7a-466c-927d-ffc131c088b6"],"settings":{"full":false,"spacing_both_ends":false,"padding":"100,70","margin":"0,0","show_background_image":false,"background_style":"none","background_size":"auto","enable_overlay":false,"background_color":"","overlay_transparency":"0.5","section_heading":"","section_sub_heading":"","section_description":"","section_button_text":"","section_button_link":"","section_heading_color":"","section_sub_heading_color":"","section_description_color":"","section_button_bg_color":"","section_button_text_color":"","section_button_hover_bg_color":"","section_button_hover_text_color":"","heading_position":"text-center","text_position":"text-center","block_style":"default-style","grid":"5","enable_grid_style":true,"vertical_position":"position-default","reverse_column":false,"border_radius":"0px","icon_border_radius":"0px","enable_box_shadow":false,"block_icon_outer_size":"80px","block_icon_size":"74px","block_border_color":"rgba(0,0,0,0)","block_bg":"","block_icon_bg":"#4f0e0f","block_icon_border_color":"rgba(0,0,0,0)","block_heading_color":"","block_heading_hover_color":"#D8000C","block_description_color":"","block_button_bg_color":"","block_button_text_color":"","block_button_hover_bg_color":"","block_button_hover_text_color":"","custom_class_name":"support_block_one"}},"1648123290dd2dd485":{"type":"home-html-text","settings":{"full":false,"spacing_both_ends":false,"padding":"0,0","margin":"0,0","show_background_image":false,"background_style":"none","background_size":"auto","enable_overlay":false,"background_color":"#8f1315","overlay_transparency":"0.5","section_heading":"gaming products corner","section_sub_heading":"","section_description":"","section_button_text":"shop now","section_button_link":"shopify:\/\/collections\/latest-products","section_heading_color":"","section_sub_heading_color":"","section_description_color":"","section_content_bg_color":"","section_button_bg_color":"","section_button_text_color":"#ffffff","section_button_hover_bg_color":"rgba(0,0,0,0)","section_button_hover_text_color":"#ffffff","heading_position":"text-center","html":"<!--<div id='insta-feed'><\/div>-->","custom_class_name":"html-one"}},"1648126960098f1f9a":{"type":"home-grid-banner","blocks":{"16481269607e73a0f2-0":{"type":"content","settings":{"block_image":"shopify:\/\/shop_images\/home-banner-8.jpg","block_video":"","show_image":true,"block_title":"battley games explained what could...","use_title":false,"block_sub_title":"","block_description":"","block_button_text":"shop now","block_button_link":"shopify:\/\/collections\/best-sellers","block_text_align":"text-center","content_position":"center","reverse_column":false,"block_banner_bg":"#ffffff","block_content_box_bg":"","block_heading_color":"#000000","block_heading_hover_color":"","block_sub_heading_color":"","block_description_color":"","block_button_bg_color":"","block_button_text_color":"","block_button_hover_bg_color":"","block_button_hover_text_color":"","overlay_style":"use_overlay","overlay_color":"#4f8a10","overlay_opacity":"0.5","rotation_degree":"180"}},"16481269607e73a0f2-1":{"type":"content","settings":{"block_image":"shopify:\/\/shop_images\/home-banner-6.jpg","block_video":"","show_image":true,"block_title":"battley games explained what could...","use_title":false,"block_sub_title":"","block_description":"","block_button_text":"shop now","block_button_link":"shopify:\/\/collections\/gamex","block_text_align":"text-center","content_position":"center","reverse_column":false,"block_banner_bg":"#ffffff","block_content_box_bg":"","block_heading_color":"#000000","block_heading_hover_color":"","block_sub_heading_color":"","block_description_color":"","block_button_bg_color":"","block_button_text_color":"","block_button_hover_bg_color":"","block_button_hover_text_color":"","overlay_style":"use_overlay","overlay_color":"#ef7d13","overlay_opacity":"0.5","rotation_degree":"180"}},"7cafaf17-f9da-4567-91c1-133d6a43c935":{"type":"content","settings":{"block_image":"shopify:\/\/shop_images\/home-banner-10.jpg","block_video":"","show_image":true,"block_title":"battley games explained what could...","use_title":false,"block_sub_title":"","block_description":"","block_button_text":"shop now","block_button_link":"shopify:\/\/collections\/latest-arrivals","block_text_align":"text-center","content_position":"center","reverse_column":false,"block_banner_bg":"#ffffff","block_content_box_bg":"","block_heading_color":"#000000","block_heading_hover_color":"","block_sub_heading_color":"","block_description_color":"","block_button_bg_color":"","block_button_text_color":"","block_button_hover_bg_color":"","block_button_hover_text_color":"","overlay_style":"use_overlay","overlay_color":"#ef9c16","overlay_opacity":"0.5","rotation_degree":"180"}}},"block_order":["16481269607e73a0f2-0","16481269607e73a0f2-1","7cafaf17-f9da-4567-91c1-133d6a43c935"],"settings":{"full":false,"spacing_both_ends":false,"padding":"80,70","margin":"0,0","show_background_image":false,"background_style":"none","background_size":"auto","enable_overlay":false,"background_color":"","overlay_transparency":"0.5","section_heading":"","section_sub_heading":"","section_description":"","section_button_text":"","section_button_link":"","section_heading_color":"","section_sub_heading_color":"","section_description_color":"","section_button_bg_color":"","section_button_text_color":"","section_button_hover_bg_color":"","section_button_hover_text_color":"","heading_position":"text-center","block_banner_style":"grid","column_gap":"60","grid":"3","border_radius":"0","enable_box_shadow":false,"equal_height":false,"content_width":"50\/50","lap_content_width":"40\/60","overlay_style_height":600,"overlay_style_height_laptop":500,"overlay_style_height_mobile":400,"custom_class_name":"grid-banner-one"}},"164818501528ed0806":{"type":"home-product-carousel","settings":{"full":false,"spacing_both_ends":false,"padding":"20,0","margin":"0,0","show_background_image":false,"background_style":"none","background_size":"auto","enable_overlay":false,"background_color":"","overlay_transparency":"","section_heading":"new released games","section_sub_heading":"","section_description":"Compete with 100 players on a remote island for winner takes showdown known issue where certain skin strategic","section_button_text":"","section_button_link":"","section_heading_color":"#ffffff","section_sub_heading_color":"#ffffff","section_description_color":"#ffffff","section_button_bg_color":"","section_button_text_color":"","section_button_hover_bg_color":"","section_button_hover_text_color":"","heading_position":"text-center","grouped_content_bg":"","grouped_column_gap":"30","grouped_content_padding":"0","group_border_radius":"","enable_group_box_shadow":false,"reverse_column":false,"content_width":"30\/70","lap_content_width":"35\/65","additional_block_background_color":"","additional_block_box_shadow":false,"additional_content_padding":"0","additional_block_border_radius":"0","enable_main_content":true,"main_block_background_color":"#4f0e0f","enable_main_block_box_shadow":false,"main_block_border_radius":"0","main_content_padding":"0","collection":"frontpage","column_gap":"30","border_radius":"0","enable_list_view":false,"grid":"4","post_limit":4,"enable_slider":false,"items_per_view":4,"items_laptop_view":3,"items_tablet_view":2,"items_mobile_view":1,"rows":1,"slider_autoplay":0,"enable_auto_height":false,"dots":false,"carousel_pagination_alignment":"center_pagination","carousel_pagination_bottom_alignment":"outside_element","arrows":false,"nav_arrow_position":"navigation-top-right","center_nav_arrow_alignment":"inside_container","navigation_button_color":"","navigation_button_icon_color":"","navigation_button_hover_color":"","navigation_button_hover_icon_color":"","navigation_dot_color":"","navigation_dot_active_color":"","custom_class_name":"product-carousal-one"}},"1648195732ad9c6814":{"type":"home-grid-banner","blocks":{"1648195731766f1fe7-0":{"type":"content","settings":{"block_image":"shopify:\/\/shop_images\/home-banner-4.jpg","block_video":"","show_image":true,"block_title":"battley games explained what could...","use_title":false,"block_sub_title":"","block_description":"","block_button_text":"shop now","block_button_link":"shopify:\/\/collections\/best-sellers","block_text_align":"text-start","content_position":"center","reverse_column":false,"block_banner_bg":"#ffffff","block_content_box_bg":"","block_heading_color":"#000000","block_heading_hover_color":"","block_sub_heading_color":"#000000","block_description_color":"#000000","block_button_bg_color":"","block_button_text_color":"","block_button_hover_bg_color":"","block_button_hover_text_color":"","overlay_style":"use_overlay","overlay_color":"#ea6c30","overlay_opacity":"0.5","rotation_degree":"180"}},"1648195731766f1fe7-1":{"type":"content","settings":{"block_image":"shopify:\/\/shop_images\/home-banner-5.jpg","block_video":"","show_image":true,"block_title":"battley games explained what could...","use_title":false,"block_sub_title":"","block_description":"","block_button_text":"shop now","block_button_link":"shopify:\/\/collections\/gamex","block_text_align":"text-start","content_position":"center","reverse_column":false,"block_banner_bg":"#ffffff","block_content_box_bg":"","block_heading_color":"#000000","block_heading_hover_color":"","block_sub_heading_color":"#000000","block_description_color":"#000000","block_button_bg_color":"","block_button_text_color":"","block_button_hover_bg_color":"","block_button_hover_text_color":"","overlay_style":"use_overlay","overlay_color":"#560a8f","overlay_opacity":"0.5","rotation_degree":"180"}}},"block_order":["1648195731766f1fe7-0","1648195731766f1fe7-1"],"settings":{"full":false,"spacing_both_ends":false,"padding":"70,0","margin":"0,0","show_background_image":false,"background_style":"none","background_size":"auto","enable_overlay":false,"background_color":"","overlay_transparency":"0.5","section_heading":"","section_sub_heading":"","section_description":"","section_button_text":"","section_button_link":"","section_heading_color":"","section_sub_heading_color":"","section_description_color":"","section_button_bg_color":"","section_button_text_color":"","section_button_hover_bg_color":"","section_button_hover_text_color":"","heading_position":"text-center","block_banner_style":"grid","column_gap":"60","grid":"2","border_radius":"0","enable_box_shadow":false,"equal_height":false,"content_width":"50\/50","lap_content_width":"40\/60","overlay_style_height":600,"overlay_style_height_laptop":500,"overlay_style_height_mobile":400,"custom_class_name":"grid-banner-two"}},"1648198954c301c288":{"type":"home-grid-banner","blocks":{"16481989540e5977dc-0":{"type":"content","settings":{"block_image":"shopify:\/\/shop_images\/home-banner-6.jpg","block_video":"","show_image":true,"block_title":"battley games explained what could...","use_title":false,"block_sub_title":"","block_description":"","block_button_text":"shop now","block_button_link":"shopify:\/\/collections\/best-sellers","block_text_align":"text-center","content_position":"center","reverse_column":false,"block_banner_bg":"#ffffff","block_content_box_bg":"","block_heading_color":"#000000","block_heading_hover_color":"","block_sub_heading_color":"","block_description_color":"","block_button_bg_color":"","block_button_text_color":"#ffffff","block_button_hover_bg_color":"","block_button_hover_text_color":"#ffffff","overlay_style":"use_overlay","overlay_color":"#ea6c30","overlay_opacity":"0.5","rotation_degree":"180"}},"16481989540e5977dc-1":{"type":"content","settings":{"block_image":"shopify:\/\/shop_images\/home-banner-7.jpg","block_video":"","show_image":true,"block_title":"battley games explained what could...","use_title":false,"block_sub_title":"","block_description":"","block_button_text":"shop now","block_button_link":"shopify:\/\/collections\/gamex","block_text_align":"text-center","content_position":"center","reverse_column":false,"block_banner_bg":"#ffffff","block_content_box_bg":"","block_heading_color":"#000000","block_heading_hover_color":"","block_sub_heading_color":"#000000","block_description_color":"","block_button_bg_color":"","block_button_text_color":"#ffffff","block_button_hover_bg_color":"","block_button_hover_text_color":"#ffffff","overlay_style":"use_overlay","overlay_color":"#0b100a","overlay_opacity":"0.5","rotation_degree":"180"}},"2a53b2ea-d177-4639-b870-2a45b6ba9770":{"type":"content","settings":{"block_image":"shopify:\/\/shop_images\/home-banner-8.jpg","block_video":"","show_image":true,"block_title":"battley games explained what could...","use_title":false,"block_sub_title":"","block_description":"","block_button_text":"shop now","block_button_link":"shopify:\/\/collections\/latest-arrivals","block_text_align":"text-center","content_position":"center","reverse_column":false,"block_banner_bg":"#ffffff","block_content_box_bg":"","block_heading_color":"#000000","block_heading_hover_color":"","block_sub_heading_color":"#ffffff","block_description_color":"#000000","block_button_bg_color":"","block_button_text_color":"#ffffff","block_button_hover_bg_color":"","block_button_hover_text_color":"#ffffff","overlay_style":"use_overlay","overlay_color":"#0b100a","overlay_opacity":"0.5","rotation_degree":"180"}},"5fe72394-2f27-4d60-b9b6-d0cfa62e68b7":{"type":"content","settings":{"block_image":"shopify:\/\/shop_images\/home-banner-9.jpg","block_video":"","show_image":true,"block_title":"battley games explained what could...","use_title":false,"block_sub_title":"","block_description":"","block_button_text":"shop now","block_button_link":"shopify:\/\/collections\/latest-products","block_text_align":"text-center","content_position":"center","reverse_column":false,"block_banner_bg":"#ffffff","block_content_box_bg":"","block_heading_color":"#0b100a","block_heading_hover_color":"","block_sub_heading_color":"","block_description_color":"","block_button_bg_color":"","block_button_text_color":"","block_button_hover_bg_color":"","block_button_hover_text_color":"","overlay_style":"use_overlay","overlay_color":"#0c68a6","overlay_opacity":"0.5","rotation_degree":"180"}},"ae45b049-0210-4ed6-ada0-75ae31eecdcd":{"type":"content","settings":{"block_image":"shopify:\/\/shop_images\/home-banner-10.jpg","block_video":"","show_image":true,"block_title":"battley games explained what could...","use_title":false,"block_sub_title":"","block_description":"","block_button_text":"shop now","block_button_link":"shopify:\/\/collections\/best-sellers","block_text_align":"text-center","content_position":"center","reverse_column":false,"block_banner_bg":"#ffffff","block_content_box_bg":"","block_heading_color":"#0b100a","block_heading_hover_color":"","block_sub_heading_color":"","block_description_color":"","block_button_bg_color":"","block_button_text_color":"","block_button_hover_bg_color":"","block_button_hover_text_color":"","overlay_style":"use_overlay","overlay_color":"#aa5b30","overlay_opacity":"0.5","rotation_degree":"180"}},"8fd504c7-deac-4537-8f5a-6595cbcbe2d4":{"type":"content","settings":{"block_image":"shopify:\/\/shop_images\/home-banner-11.jpg","block_video":"","show_image":true,"block_title":"battley games explained what could...","use_title":false,"block_sub_title":"","block_description":"","block_button_text":"shop now","block_button_link":"shopify:\/\/collections\/latest-arrivals","block_text_align":"text-center","content_position":"center","reverse_column":false,"block_banner_bg":"#ffffff","block_content_box_bg":"","block_heading_color":"#0b100a","block_heading_hover_color":"","block_sub_heading_color":"","block_description_color":"","block_button_bg_color":"","block_button_text_color":"","block_button_hover_bg_color":"","block_button_hover_text_color":"","overlay_style":"use_overlay","overlay_color":"#644766","overlay_opacity":"0.5","rotation_degree":"180"}}},"block_order":["16481989540e5977dc-0","16481989540e5977dc-1","2a53b2ea-d177-4639-b870-2a45b6ba9770","5fe72394-2f27-4d60-b9b6-d0cfa62e68b7","ae45b049-0210-4ed6-ada0-75ae31eecdcd","8fd504c7-deac-4537-8f5a-6595cbcbe2d4"],"settings":{"full":false,"spacing_both_ends":false,"padding":"0,0","margin":"60,0","show_background_image":false,"background_style":"none","background_size":"auto","enable_overlay":false,"background_color":"","overlay_transparency":"0.5","section_heading":"","section_sub_heading":"","section_description":"","section_button_text":"","section_button_link":"","section_heading_color":"","section_sub_heading_color":"","section_description_color":"","section_button_bg_color":"","section_button_text_color":"","section_button_hover_bg_color":"","section_button_hover_text_color":"","heading_position":"text-center","block_banner_style":"grid","column_gap":"60","grid":"3","border_radius":"0","enable_box_shadow":false,"equal_height":false,"content_width":"50\/50","lap_content_width":"40\/60","overlay_style_height":600,"overlay_style_height_laptop":500,"overlay_style_height_mobile":400,"custom_class_name":"grid-banner-three"}},"1648200068a210a373":{"type":"home-grid-banner","disabled":true,"blocks":{"1648200068c6051d67-0":{"type":"content","settings":{"block_image":"shopify:\/\/shop_images\/home-banner-9.jpg","block_video":"","show_image":true,"block_title":"battley games explained what could...","use_title":false,"block_sub_title":"","block_description":"","block_button_text":"shop now","block_button_link":"shopify:\/\/collections\/latest-arrivals","block_text_align":"text-center","content_position":"center","reverse_column":false,"block_banner_bg":"#ffffff","block_content_box_bg":"","block_heading_color":"#0b100a","block_heading_hover_color":"","block_sub_heading_color":"","block_description_color":"","block_button_bg_color":"","block_button_text_color":"","block_button_hover_bg_color":"","block_button_hover_text_color":"","overlay_style":"use_overlay","overlay_color":"#0c68a6","overlay_opacity":"0.5","rotation_degree":"180"}},"1648200068c6051d67-1":{"type":"content","settings":{"block_image":"shopify:\/\/shop_images\/home-banner-3.jpg","block_video":"","show_image":true,"block_title":"battley games explained what could...","use_title":false,"block_sub_title":"","block_description":"","block_button_text":"shop now","block_button_link":"shopify:\/\/collections\/latest-arrivals","block_text_align":"text-center","content_position":"center","reverse_column":false,"block_banner_bg":"#ffffff","block_content_box_bg":"","block_heading_color":"#0b100a","block_heading_hover_color":"","block_sub_heading_color":"","block_description_color":"","block_button_bg_color":"","block_button_text_color":"","block_button_hover_bg_color":"","block_button_hover_text_color":"","overlay_style":"use_overlay","overlay_color":"#aa5b30","overlay_opacity":"0.5","rotation_degree":"180"}},"234b4fe3-6a5b-45b6-9e3f-0e6b8c17896b":{"type":"content","settings":{"block_image":"shopify:\/\/shop_images\/home-banner-11.jpg","block_video":"","show_image":true,"block_title":"battley games explained what could...","use_title":false,"block_sub_title":"","block_description":"","block_button_text":"shop now","block_button_link":"shopify:\/\/collections\/latest-arrivals","block_text_align":"text-center","content_position":"center","reverse_column":false,"block_banner_bg":"#ffffff","block_content_box_bg":"","block_heading_color":"#0b100a","block_heading_hover_color":"","block_sub_heading_color":"","block_description_color":"","block_button_bg_color":"","block_button_text_color":"","block_button_hover_bg_color":"","block_button_hover_text_color":"","overlay_style":"use_overlay","overlay_color":"#644766","overlay_opacity":"0.5","rotation_degree":"180"}}},"block_order":["1648200068c6051d67-0","1648200068c6051d67-1","234b4fe3-6a5b-45b6-9e3f-0e6b8c17896b"],"settings":{"full":false,"spacing_both_ends":false,"padding":"10,0","margin":"0,0","show_background_image":false,"background_style":"none","background_size":"auto","enable_overlay":false,"background_color":"","overlay_transparency":"0.5","section_heading":"","section_sub_heading":"","section_description":"","section_button_text":"","section_button_link":"","section_heading_color":"","section_sub_heading_color":"","section_description_color":"","section_button_bg_color":"","section_button_text_color":"","section_button_hover_bg_color":"","section_button_hover_text_color":"","heading_position":"text-center","block_banner_style":"grid","column_gap":"60","grid":"3","border_radius":"0","enable_box_shadow":false,"equal_height":false,"content_width":"50\/50","lap_content_width":"40\/60","overlay_style_height":600,"overlay_style_height_laptop":500,"overlay_style_height_mobile":400,"custom_class_name":"grid-banner-four"}},"16482010405e937f0f":{"type":"home-product-carousel","settings":{"full":false,"spacing_both_ends":false,"padding":"100,10","margin":"0,0","show_background_image":false,"background_style":"none","background_size":"auto","enable_overlay":false,"background_color":"","overlay_transparency":"0.5","section_heading":"new released games","section_sub_heading":"","section_description":"Compete with 100 players on a remote island for winner takes showdown known issue where certain skin strategic","section_button_text":"","section_button_link":"","section_heading_color":"","section_sub_heading_color":"","section_description_color":"","section_button_bg_color":"","section_button_text_color":"","section_button_hover_bg_color":"","section_button_hover_text_color":"","heading_position":"text-center","grouped_content_bg":"","grouped_column_gap":"30","grouped_content_padding":"0","group_border_radius":"","enable_group_box_shadow":false,"reverse_column":false,"content_width":"30\/70","lap_content_width":"35\/65","additional_block_background_color":"","additional_block_box_shadow":false,"additional_content_padding":"0","additional_block_border_radius":"0","enable_main_content":true,"main_block_background_color":"#4f0e0f","enable_main_block_box_shadow":false,"main_block_border_radius":"0","main_content_padding":"0","collection":"gamex","column_gap":"30","border_radius":"0","enable_list_view":false,"grid":"4","post_limit":4,"enable_slider":false,"items_per_view":4,"items_laptop_view":3,"items_tablet_view":2,"items_mobile_view":1,"rows":3,"slider_autoplay":0,"enable_auto_height":false,"dots":false,"carousel_pagination_alignment":"center_pagination","carousel_pagination_bottom_alignment":"outside_element","arrows":false,"nav_arrow_position":"navigation-top-right","center_nav_arrow_alignment":"inside_container","navigation_button_color":"","navigation_button_icon_color":"","navigation_button_hover_color":"","navigation_button_hover_icon_color":"","navigation_dot_color":"","navigation_dot_active_color":"","custom_class_name":"product-carousal-two"}},"164820529016b95333":{"type":"home-html-text","settings":{"full":false,"spacing_both_ends":false,"padding":"45,10","margin":"0,0","show_background_image":false,"background_style":"parallax","background_size":"contain","enable_overlay":false,"background_color":"#8f1315","overlay_transparency":"0.5","section_heading":"New Amazing Games","section_sub_heading":"PLAY FOR FUN:EVOLVE  YOUR GAMING","section_description":"Amet nisl purus in mollis nunc sed id. Commodo nulla facilisi nullam vehicula ipsum a arcu cursus. Volutpat ac tincidunt vitae semper. Pellentesque diam volutpat commodo sed egestas egestas fringilla phasellus faucibus. Ante metus dictum at tempor fames ac","section_button_text":"shop now","section_button_link":"shopify:\/\/collections\/gamex","section_heading_color":"#ffffff","section_sub_heading_color":"#ffffff","section_description_color":"#ffffff","section_content_bg_color":"","section_button_bg_color":"","section_button_text_color":"#ffffff","section_button_hover_bg_color":"rgba(0,0,0,0)","section_button_hover_text_color":"#ffffff","heading_position":"text-center","html":"<!--<div id='insta-feed'><\/div>-->","custom_class_name":"html-two"}},"16482087783945bbb1":{"type":"home-support-block","blocks":{"16482087781dc87d69-0":{"type":"icon","settings":{"icon":"shopify:\/\/shop_images\/home-icon-6.png","title":"free shipping","use_title":false,"desc":"order over $100","link_text":"View More","link":""}},"16482087781dc87d69-1":{"type":"icon","settings":{"icon":"shopify:\/\/shop_images\/home-icon-7.png","title":"secure payment","use_title":false,"desc":"100% secure payment","link_text":"","link":""}},"16482087781dc87d69-2":{"type":"icon","settings":{"icon":"shopify:\/\/shop_images\/home-icon-8.png","title":"best price","use_title":false,"desc":"Guranteed Price","link_text":"","link":""}},"4e344838-9547-44c6-8ea9-7004a79f938d":{"type":"icon","settings":{"icon":"shopify:\/\/shop_images\/home-icon-9.png","title":"free returns","use_title":false,"desc":"within 30 day return","link_text":"","link":""}}},"block_order":["16482087781dc87d69-0","16482087781dc87d69-1","16482087781dc87d69-2","4e344838-9547-44c6-8ea9-7004a79f938d"],"settings":{"full":false,"spacing_both_ends":false,"padding":"60,5","margin":"0,0","show_background_image":false,"background_style":"none","background_size":"auto","enable_overlay":false,"background_color":"","overlay_transparency":"0.3","section_heading":"","section_sub_heading":"","section_description":"","section_button_text":"","section_button_link":"","section_heading_color":"","section_sub_heading_color":"","section_description_color":"","section_button_bg_color":"","section_button_text_color":"","section_button_hover_bg_color":"","section_button_hover_text_color":"","heading_position":"text-center","text_position":"text-start","block_style":"default-style","grid":"4","enable_grid_style":false,"vertical_position":"position-default","reverse_column":false,"border_radius":"0px","icon_border_radius":"0px","enable_box_shadow":false,"block_icon_outer_size":"60px","block_icon_size":"60px","block_border_color":"","block_bg":"","block_icon_bg":"rgba(0,0,0,0)","block_icon_border_color":"rgba(0,0,0,0)","block_heading_color":"#ffffff","block_heading_hover_color":"","block_description_color":"#ffffff","block_button_bg_color":"","block_button_text_color":"","block_button_hover_bg_color":"","block_button_hover_text_color":"","custom_class_name":"support-block-two"}}},"order":["164579344860a5b0bf","1648122675d9d8fb74","1648123290dd2dd485","1648126960098f1f9a","164818501528ed0806","1648195732ad9c6814","1648198954c301c288","1648200068a210a373","16482010405e937f0f","164820529016b95333","16482087783945bbb1"]}