{"sections":{"main":{"type":"contact","settings":{"full":false,"spacing_both_ends":false,"padding":"120,120","margin":"0,0","section_heading":"","section_sub_heading":"","section_description":"","section_button_text":"","section_button_link":"","section_heading_color":"#f7f7f7","section_sub_heading_color":"#ffffff","section_description_color":"#ffffff","section_button_bg_color":"","section_button_text_color":"","section_button_hover_bg_color":"","section_button_hover_text_color":"","heading_position":"text-center","contact_layout":"left_map_form_inline","enable_gmap":true,"contact_iframe_code":"<iframe src=\"https:\/\/www.google.com\/maps\/embed?pb=!1m18!1m12!1m3!1d99370.14184011272!2d-77.08461565052946!3d38.893867189157994!2m3!1f0!2f0!3f0!3m2!1i1024!2i768!4f13.1!3m3!1m2!1s0x89b7c6de5af6e45b%3A0xc2524522d4885d2a!2sWashington%2C%20DC%2C%20USA!5e0!3m2!1sen!2sin!4v1648792577031!5m2!1sen!2sin\" width=\"100%\" height=\"630\" style=\"border:0;\" allowfullscreen=\"\" loading=\"lazy\" referrerpolicy=\"no-referrer-when-downgrade\"><\/iframe>","enable_contact_info":true,"contactborder_color":"#ffffff","contact_hvrborder_color":"#d8000c","icontactheading_color":"","contacticon_bg_color":"","contacticon_color":"","contacticon_hoverbg_color":"","contacticonhover_color":"","contact_phone":true,"contact_module_contact_phonetitle":"Phone","contact_icon_1":"fa fa-phone","contact_phone1":"0803 - 080 - 3081","contact_phone2":"0803 - 080 - 3082","contact_module_email":true,"contact_module_contact_title":"Email","contact_icon_2":"fa fa-envelope","contact_module_email1":"mail@example.com","contact_module_email2":"support@example.com","contact_module_address":true,"contact_module_address_title":"Address","contact_icon_3":"fa fa-location-arrow","contact_module_address1":"No: 58 A, East Madison Street,\nBaltimore, MD, USA 4508","contact_module_address2":"","enable_contact_form":true,"contact_form_title":"Contact Form"}}},"order":["main"]}