{"sections":{"main":{"type":"faq-template-1","blocks":{"68dc88d8-4fab-4295-a50e-ab34e0e21863":{"type":"icon","settings":{"title":"How will my order be delivered to me?","desc":"Ut labore et dolore magna aliqua consectetur adipiscing elit, sed do eiusmod tempor incididunt ut labore et dolore magna aliqua. Ut enim ad minim veniam, quis nostrud exercitation ullamco laboris nisi ut aliquip ex ea commodo consequat. Duis aute irure dolor in reprehenderit in voluptate velit esse cillum dolore eu fugiat nulla pariatur. Excepteur sint occaecat cupidatat non proident, sunt in culpa qui official."}},"30b16160-3f60-49ed-accb-a061e678d6b8":{"type":"icon","settings":{"title":"what do I need to know?","desc":"Duis aute irure dolor in reprehenderit in voluptate velit esse cillum dolore eu fugiat nulla pariatur. Excepteur sint occaecat cupidatat non proident, sunt in culpa qui official. Ut labore et dolore magna aliqua consectetur adipiscing elit, sed do eiusmod tempor incididunt ut labore et dolore magna aliqua. Ut enim ad minim veniam, quis nostrud exercitation ullamco laboris nisi ut aliquip ex ea commodo consequat."}},"81b77e20-706f-4855-b81f-6551f652bb36":{"type":"icon","settings":{"title":"How will I know if order is placed successfully?","desc":"Nisl nunc mi ipsum faucibus vitae aliquet nec. Diam vel quam elementum pulvinar. Tortor vitae purus faucibus ornare suspendisse sed nisi lacus sed. Ut etiam sit amet nisl. Magna fermentum iaculis eu non diam phasellus vestibulum. Blandit massa enim nec dui nunc mattis enim. Turpis massa tincidunt dui ut ornare. Suspendisse potenti nullam ac tortor vitae purus faucibus ornare. Dui sapien eget mi proin sed libero enim."}},"7c4d2a7c-1f3c-4410-935c-e1361a72ccb7":{"type":"icon","settings":{"title":"How do I check the status of my order?","desc":"Blandit cursus risus at ultrices mi. Commodo odio aenean sed adipiscing. Semper quis lectus nulla at volutpat diam ut venenatis tellus. Mi ipsum faucibus vitae aliquet nec ullamcorper sit amet. Arcu dictum varius duis at consectetur lorem donec. Orci eu lobortis elementum nibh. Enim neque volutpat ac tincidunt vitae. Donec enim diam vulputate ut pharetra. Consectetur lorem donec massa sapien faucibus et. Consectetur adipiscing elit ut aliquam. Tortor id aliquet lectus proin. In iaculis nunc sed augue."}},"381095d8-3e90-42f5-950e-58fed7ef3103":{"type":"icon","settings":{"title":"Can I cancel my order?","desc":"Orci phasellus egestas tellus rutrum tellus pellentesque eu tincidunt. Eu augue ut lectus arcu bibendum at. Nunc sed augue lacus viverra vitae congue eu. Arcu cursus euismod quis viverra nibh cras pulvinar mattis nunc. Ut diam quam nulla porttitor massa id neque. Elementum eu facilisis sed odio morbi quis commodo. Mollis aliquam ut porttitor leo a diam sollicitudin tempor. Pellentesque habitant morbi tristique senectus et netus et malesuada fames. Enim eu turpis egestas pretium aenean."}}},"block_order":["68dc88d8-4fab-4295-a50e-ab34e0e21863","30b16160-3f60-49ed-accb-a061e678d6b8","81b77e20-706f-4855-b81f-6551f652bb36","7c4d2a7c-1f3c-4410-935c-e1361a72ccb7","381095d8-3e90-42f5-950e-58fed7ef3103"],"settings":{"full":false,"spacing_both_ends":false,"padding":"0,0","margin":"0,0","show_background_image":false,"background_style":"none","background_size":"auto","enable_overlay":false,"background_color":"","overlay_transparency":"0.5","section_heading":"","section_sub_heading":"","section_description":"","section_button_text":"","section_button_link":"","section_heading_color":"","section_sub_heading_color":"","section_description_color":"","section_button_bg_color":"","section_button_text_color":"","section_button_hover_bg_color":"","section_button_hover_text_color":"","heading_position":"text-center","block_style":"default-style","text_position":"text-start","border_radius":"0","grid_gap":"30","enable_box_shadow":true,"enable_heading_icons":false,"faq_icon_size":"30","enable_segmented_layout":true,"segmented_layout_gap":"10","faq_border_color":"#74716c","faq_heading_color":"#ffffff","faq_heading_bg_color":"","faq_content_color":"#000000","faq_content_bg_color":"#ffffff","custom_class_name":"faq-one"}}},"order":["main"]}