{"sections":{"main":{"type":"services","settings":{}},"164871165756ab1307":{"type":"home-grid-banner","blocks":{"16487116578f67b52c-0":{"type":"content","settings":{"block_image":"shopify:\/\/shop_images\/ser01.jpg","block_video":"","show_image":true,"block_title":"The Dewarrior","use_title":true,"block_sub_title":"","block_description":"Bellentesque gravida scelerisque pretium. Quisque","block_button_text":"","block_button_link":"shopify:\/\/collections","block_text_align":"text-center","content_position":"center","reverse_column":false,"block_banner_bg":"rgba(0,0,0,0)","block_content_box_bg":"#b73f3f","block_heading_color":"","block_heading_hover_color":"#ffffff","block_sub_heading_color":"","block_description_color":"","block_button_bg_color":"","block_button_text_color":"","block_button_hover_bg_color":"","block_button_hover_text_color":"","overlay_style":"use_overlay","overlay_color":"#425613","overlay_opacity":"0.5","rotation_degree":"180"}},"16487116578f67b52c-1":{"type":"content","settings":{"block_image":"shopify:\/\/shop_images\/ser02.jpg","block_video":"","show_image":true,"block_title":"The Alliens","use_title":true,"block_sub_title":"","block_description":"Oellentesque gravida scelerisque pretium. Quisque","block_button_text":"","block_button_link":"shopify:\/\/collections","block_text_align":"text-center","content_position":"center","reverse_column":false,"block_banner_bg":"rgba(0,0,0,0)","block_content_box_bg":"","block_heading_color":"","block_heading_hover_color":"#ffffff","block_sub_heading_color":"","block_description_color":"","block_button_bg_color":"","block_button_text_color":"","block_button_hover_bg_color":"","block_button_hover_text_color":"","overlay_style":"use_overlay","overlay_color":"#a4660b","overlay_opacity":"0.5","rotation_degree":"180"}}},"block_order":["16487116578f67b52c-0","16487116578f67b52c-1"],"settings":{"full":false,"spacing_both_ends":false,"padding":"0,100","margin":"0,0","show_background_image":false,"background_style":"none","background_size":"auto","enable_overlay":false,"background_color":"","overlay_transparency":"0.5","section_heading":"","section_sub_heading":"","section_description":"","section_button_text":"","section_button_link":"","section_heading_color":"","section_sub_heading_color":"","section_description_color":"","section_button_bg_color":"","section_button_text_color":"","section_button_hover_bg_color":"","section_button_hover_text_color":"","heading_position":"text-center","block_banner_style":"overlay","column_gap":"30","grid":"2","border_radius":"0","enable_box_shadow":false,"equal_height":false,"content_width":"50\/50","lap_content_width":"40\/60","overlay_style_height":600,"overlay_style_height_laptop":500,"overlay_style_height_mobile":400,"custom_class_name":"service-grid-banner-one"}},"16487125971cb8c702":{"type":"home-grid-banner","blocks":{"1648712597329f5f2e-0":{"type":"content","settings":{"block_image":"shopify:\/\/shop_images\/ser04.jpg","block_video":"","show_image":true,"block_title":"","use_title":true,"block_sub_title":"","block_description":"","block_button_text":"","block_button_link":"shopify:\/\/collections","block_text_align":"text-center","content_position":"center","reverse_column":false,"block_banner_bg":"","block_content_box_bg":"","block_heading_color":"","block_heading_hover_color":"#ffffff","block_sub_heading_color":"","block_description_color":"","block_button_bg_color":"","block_button_text_color":"","block_button_hover_bg_color":"","block_button_hover_text_color":"","overlay_style":"use_overlay","overlay_color":"#4f8a10","overlay_opacity":"0.5","rotation_degree":"180"}},"1648712597329f5f2e-1":{"type":"content","settings":{"block_image":"shopify:\/\/shop_images\/icon06_copy.png","block_video":"","show_image":true,"block_title":"Characters","use_title":true,"block_sub_title":"","block_description":"Sellentesque gravida scelerisque pretium. Quisque ut lacus quis neque lacinia lacinia. Ut eget augue nec ipsum pharetra venenatis. Nullam eget lacus sed lorem vehicula facilisis. Maecenas blandit nisi eu scelerisque tempus.","block_button_text":"","block_button_link":"shopify:\/\/collections","block_text_align":"text-start","content_position":"top-left","reverse_column":false,"block_banner_bg":"rgba(0,0,0,0)","block_content_box_bg":"","block_heading_color":"","block_heading_hover_color":"#ffffff","block_sub_heading_color":"","block_description_color":"","block_button_bg_color":"","block_button_text_color":"","block_button_hover_bg_color":"","block_button_hover_text_color":"","overlay_style":"use_overlay","overlay_color":"rgba(0,0,0,0)","overlay_opacity":"0.5","rotation_degree":"180"}},"901d4ef7-d1c3-4a5b-80c8-375d66e11472":{"type":"content","settings":{"block_image":"shopify:\/\/shop_images\/icon07_copy.png","block_video":"","show_image":true,"block_title":"Soundtrack","use_title":true,"block_sub_title":"","block_description":"Uellentesque gravida scelerisque pretium. Quisque ut lacus quis neque lacinia lacinia. Ut eget augue nec ipsum pharetra venenatis. Nullam eget lacus sed lorem vehicula facilisis. Maecenas blandit nisi eu scelerisque tempus.","block_button_text":"","block_button_link":"shopify:\/\/collections","block_text_align":"text-end","content_position":"top-right","reverse_column":false,"block_banner_bg":"rgba(0,0,0,0)","block_content_box_bg":"","block_heading_color":"","block_heading_hover_color":"#ffffff","block_sub_heading_color":"","block_description_color":"","block_button_bg_color":"","block_button_text_color":"","block_button_hover_bg_color":"","block_button_hover_text_color":"","overlay_style":"use_overlay","overlay_color":"rgba(0,0,0,0)","overlay_opacity":"0.5","rotation_degree":"180"}},"a97bfd3b-c5aa-46d3-98e2-8198a6bd7369":{"type":"content","settings":{"block_image":"shopify:\/\/shop_images\/ser05.jpg","block_video":"","show_image":true,"block_title":"","use_title":true,"block_sub_title":"","block_description":"","block_button_text":"","block_button_link":"shopify:\/\/collections","block_text_align":"text-center","content_position":"center","reverse_column":false,"block_banner_bg":"","block_content_box_bg":"","block_heading_color":"","block_heading_hover_color":"#ffffff","block_sub_heading_color":"","block_description_color":"","block_button_bg_color":"","block_button_text_color":"","block_button_hover_bg_color":"","block_button_hover_text_color":"","overlay_style":"use_overlay","overlay_color":"#65829e","overlay_opacity":"0.5","rotation_degree":"180"}},"b5a28702-dc28-4aad-88e8-83b0e0a9c084":{"type":"content","settings":{"block_image":"shopify:\/\/shop_images\/ser06.jpg","block_video":"","show_image":true,"block_title":"","use_title":true,"block_sub_title":"","block_description":"","block_button_text":"","block_button_link":"shopify:\/\/collections","block_text_align":"text-center","content_position":"center","reverse_column":false,"block_banner_bg":"","block_content_box_bg":"","block_heading_color":"","block_heading_hover_color":"#ffffff","block_sub_heading_color":"","block_description_color":"","block_button_bg_color":"","block_button_text_color":"","block_button_hover_bg_color":"","block_button_hover_text_color":"","overlay_style":"use_overlay","overlay_color":"#e89a13","overlay_opacity":"0.5","rotation_degree":"180"}},"4c8b762a-b0a9-482b-be0e-9696c66a65bc":{"type":"content","settings":{"block_image":"shopify:\/\/shop_images\/icon05_copy.png","block_video":"","show_image":true,"block_title":"Cinematics","use_title":true,"block_sub_title":"","block_description":"Pellentesque gravida scelerisque pretium. Quisque ut lacus quis neque lacinia lacinia. Ut eget augue nec ipsum pharetra venenatis. Nullam eget lacus sed lorem vehicula facilisis. Maecenas blandit nisi eu scelerisque tempus.","block_button_text":"","block_button_link":"shopify:\/\/collections","block_text_align":"text-start","content_position":"top-left","reverse_column":false,"block_banner_bg":"rgba(0,0,0,0)","block_content_box_bg":"","block_heading_color":"","block_heading_hover_color":"#ffffff","block_sub_heading_color":"","block_description_color":"","block_button_bg_color":"","block_button_text_color":"","block_button_hover_bg_color":"","block_button_hover_text_color":"","overlay_style":"use_overlay","overlay_color":"rgba(0,0,0,0)","overlay_opacity":"0.5","rotation_degree":"180"}}},"block_order":["1648712597329f5f2e-0","1648712597329f5f2e-1","901d4ef7-d1c3-4a5b-80c8-375d66e11472","a97bfd3b-c5aa-46d3-98e2-8198a6bd7369","b5a28702-dc28-4aad-88e8-83b0e0a9c084","4c8b762a-b0a9-482b-be0e-9696c66a65bc"],"settings":{"full":false,"spacing_both_ends":false,"padding":"100,100","margin":"0,0","show_background_image":false,"background_style":"none","background_size":"auto","enable_overlay":true,"background_color":"#b73f3f","overlay_transparency":"0.5","section_heading":"","section_sub_heading":"","section_description":"","section_button_text":"","section_button_link":"","section_heading_color":"","section_sub_heading_color":"","section_description_color":"","section_button_bg_color":"","section_button_text_color":"","section_button_hover_bg_color":"","section_button_hover_text_color":"","heading_position":"text-center","block_banner_style":"grid","column_gap":"50","grid":"2","border_radius":"0","enable_box_shadow":false,"equal_height":false,"content_width":"50\/50","lap_content_width":"40\/60","overlay_style_height":600,"overlay_style_height_laptop":500,"overlay_style_height_mobile":400,"custom_class_name":"service-grid-banner-two"}},"16487156972bae2f5f":{"type":"home-specification-block","blocks":{"4992e3dd-c845-4e1b-a320-ba4e6e62c842":{"type":"icon","settings":{"icon":"shopify:\/\/shop_images\/icon04.png","title":"Modern Challenge","use_title":true,"desc":"Torem ipsum dolor sit ametLorem ipsum dolor sit amet","link_text":"","link":"shopify:\/\/collections","reverse_column":false}},"2eda15a9-464d-4deb-94cf-80a0bb7858a5":{"type":"icon","settings":{"icon":"shopify:\/\/shop_images\/icon01_1dab6d26-d007-4dd0-9b62-abd3f97b72a7.png","title":"Gameplay","use_title":true,"desc":"Lorem ipsum dolor sit ametLorem ipsum dolor sit amet","link_text":"","link":"shopify:\/\/collections","reverse_column":false}},"40b67c6a-60b5-4cea-ab49-fd2ffc9547b4":{"type":"icon","settings":{"icon":"shopify:\/\/shop_images\/icon01.png","title":"Modern Warfare","use_title":true,"desc":"Rorem ipsum dolor sit ametLorem ipsum dolor sit amet","link_text":"","link":"shopify:\/\/collections","reverse_column":true}},"2191f9f3-5ab2-4669-8567-d73126a9d203":{"type":"icon","settings":{"icon":"shopify:\/\/shop_images\/icon02.png","title":"Art Design","use_title":true,"desc":"Eorem ipsum dolor sit ametLorem ipsum dolor sit amet","link_text":"","link":"shopify:\/\/collections","reverse_column":true}}},"block_order":["4992e3dd-c845-4e1b-a320-ba4e6e62c842","2eda15a9-464d-4deb-94cf-80a0bb7858a5","40b67c6a-60b5-4cea-ab49-fd2ffc9547b4","2191f9f3-5ab2-4669-8567-d73126a9d203"],"settings":{"full":false,"spacing_both_ends":false,"padding":"100,100","margin":"0,0","show_background_image":false,"background_style":"none","background_size":"auto","enable_overlay":false,"background_color":"#8f1315","overlay_transparency":"0.5","section_heading":"","section_sub_heading":"","section_description":"","section_button_text":"","section_button_link":"","section_heading_color":"","section_sub_heading_color":"","section_description_color":"","section_button_bg_color":"","section_button_text_color":"","section_button_hover_bg_color":"","section_button_hover_text_color":"","heading_position":"text-center","column_gap":"50px","vertical_position":"position-vertical-center","content_width":"50\/50","content_width_lap":"40\/60","content_width_tab":"35\/65","enable_image":true,"primary_image":"shopify:\/\/shop_images\/ser03_809133ee-5a49-4402-926e-4d26c492cc07.jpg","primary_title":"","use_title":false,"primary_sub_title":"","primary_description":"","primary_button_text":"","primary_button_link":"","main_banner_style":"overlay","primary_text_align":"text-center","primary_position":"center","overlay_style_height":"500","border_radius":"0","enable_box_shadow":false,"overlay_style":"use_overlay","overlay_color":"#293981","overlay_opacity":"0.5","rotation_degree":"180","primary_banner_bg":"","primary_heading_color":"","primary_sub_heading_color":"","primary_description_color":"","primary_button_bg_color":"","primary_button_text_color":"","primary_button_hover_bg_color":"","primary_button_hover_text_color":"","specification_block_style":"style2","block_icon_size":"80px","icon_border_radius":"0px","specification_style":"style1","block_icon_outer_size":"80px","additional_heading":"Additional Block Headng","additional_sub_heading":"Sub Heading","additional_description":"Use this text to share the information which you like!.","additional_heading_position":"text-start","block_icon_bg":"","block_icon_color":"","block_heading_color":"","block_description_color":"","block_button_bg_color":"","block_button_text_color":"","block_button_hover_bg_color":"","block_button_hover_text_color":"","additional_heading_color":"","additional_sub_heading_color":"","additional_description_color":"","custom_class_name":"service-specification-one"}},"16487192700ff745e8":{"type":"home-support-block","blocks":{"f8892d2a-0660-4e11-ad71-710337a0ae3a":{"type":"class","settings":{"class":"fa fa-audio-description","title":"Flashing Speed","use_title":true,"desc":"","link_text":"","link":"shopify:\/\/collections"}},"0b008bc2-1830-454f-85db-554b93ac7e1d":{"type":"class","settings":{"class":"fa fa-bolt","title":"Dynamic Audio","use_title":true,"desc":"","link_text":"","link":"shopify:\/\/collections"}},"816cae70-98ae-45bd-81fd-d745d4d4dcfd":{"type":"class","settings":{"class":"fa fa-bullseye","title":"Loop Mode","use_title":true,"desc":"","link_text":"","link":"shopify:\/\/collections"}},"536b8c5c-6f46-4aaa-a10d-b38f94c11001":{"type":"class","settings":{"class":"fa fa-film","title":"High Definition Visual","use_title":true,"desc":"","link_text":"","link":"shopify:\/\/collections"}}},"block_order":["f8892d2a-0660-4e11-ad71-710337a0ae3a","0b008bc2-1830-454f-85db-554b93ac7e1d","816cae70-98ae-45bd-81fd-d745d4d4dcfd","536b8c5c-6f46-4aaa-a10d-b38f94c11001"],"settings":{"full":false,"spacing_both_ends":false,"padding":"100,100","margin":"0,0","show_background_image":false,"background_style":"none","background_size":"auto","enable_overlay":true,"background_color":"#8f1315","overlay_transparency":"0.5","section_heading":"High-Tech Support","section_sub_heading":"","section_description":"Get ready for visual treat","section_button_text":"","section_button_link":"","section_heading_color":"","section_sub_heading_color":"","section_description_color":"","section_button_bg_color":"","section_button_text_color":"","section_button_hover_bg_color":"","section_button_hover_text_color":"","heading_position":"text-center","text_position":"text-center","block_style":"default-style","grid":"4","enable_grid_style":false,"vertical_position":"position-default","reverse_column":false,"border_radius":"0px","icon_border_radius":"0px","enable_box_shadow":false,"block_icon_outer_size":"120px","block_icon_size":"40px","block_border_color":"rgba(0,0,0,0)","block_bg":"","block_icon_bg":"#4f0e0f","block_icon_border_color":"rgba(0,0,0,0)","block_heading_color":"","block_heading_hover_color":"","block_description_color":"","block_button_bg_color":"","block_button_text_color":"","block_button_hover_bg_color":"#ffffff","block_button_hover_text_color":"#4f0e0f","custom_class_name":"service-support-one"}},"164872296955ea8f1f":{"type":"home-html-text","settings":{"full":false,"spacing_both_ends":false,"padding":"100,30","margin":"0,0","show_background_image":false,"background_style":"none","background_size":"auto","enable_overlay":false,"background_color":"","overlay_transparency":"0.5","section_heading":"total gaming product","section_sub_heading":"","section_description":"","section_button_text":"shop now","section_button_link":"shopify:\/\/collections\/best-sellers","section_heading_color":"","section_sub_heading_color":"","section_description_color":"","section_content_bg_color":"#8f1315","section_button_bg_color":"rgba(0,0,0,0)","section_button_text_color":"","section_button_hover_bg_color":"rgba(0,0,0,0)","section_button_hover_text_color":"","heading_position":"text-center","html":"<!--<div id='insta-feed'><\/div>-->","custom_class_name":"service-html-one"}}},"order":["main","164871165756ab1307","16487125971cb8c702","16487156972bae2f5f","16487192700ff745e8","164872296955ea8f1f"]}