{"sections":{"main":{"type":"about-us","settings":{}},"164870117575f39773":{"type":"home-specification-block","blocks":{"164870117427d16ab6-0":{"type":"class","settings":{"class":"fa fa-cogs","title":"Continuous Challenge","desc":"","link_text":"View More","link":"","reverse_column":false}},"164870117427d16ab6-1":{"type":"class","settings":{"class":"fa fa-signal","title":"Fun and Realism","desc":"","link_text":"View More","link":"","reverse_column":false}},"164870117427d16ab6-2":{"type":"class","settings":{"class":"fa fa-trophy","title":"Useful Rewards","desc":"","link_text":"View More","link":"","reverse_column":false}},"164870117427d16ab6-3":{"type":"class","settings":{"class":"fa fa-android","title":"Flexibility","desc":"","link_text":"View More","link":"","reverse_column":false}}},"block_order":["164870117427d16ab6-0","164870117427d16ab6-1","164870117427d16ab6-2","164870117427d16ab6-3"],"settings":{"full":false,"spacing_both_ends":false,"padding":"0,120","margin":"0,0","show_background_image":false,"background_style":"none","background_size":"auto","enable_overlay":false,"background_color":"","overlay_transparency":"0.5","section_heading":"","section_sub_heading":"","section_description":"","section_button_text":"","section_button_link":"","section_heading_color":"","section_sub_heading_color":"","section_description_color":"","section_button_bg_color":"","section_button_text_color":"","section_button_hover_bg_color":"","section_button_hover_text_color":"","heading_position":"text-center","column_gap":"50px","vertical_position":"position-default","content_width":"50\/50","content_width_lap":"40\/60","content_width_tab":"35\/65","enable_image":true,"primary_image":"shopify:\/\/shop_images\/abo01.jpg","primary_title":"","primary_sub_title":"","primary_description":"","primary_button_text":"","primary_button_link":"","main_banner_style":"overlay","primary_text_align":"text-center","primary_position":"center","overlay_style_height":"600","border_radius":"0","enable_box_shadow":false,"overlay_style":"use_overlay","overlay_color":"#609ba2","overlay_opacity":"0.5","rotation_degree":"180","primary_banner_bg":"","primary_heading_color":"","primary_sub_heading_color":"","primary_description_color":"","primary_button_bg_color":"","primary_button_text_color":"","primary_button_hover_bg_color":"","primary_button_hover_text_color":"","specification_block_style":"default","block_icon_size":"24px","icon_border_radius":"0px","specification_style":"style3","block_icon_outer_size":"50px","additional_heading":"Additional Block A Virtual World of Live Pictures. Helping Dreams Become Reality.","additional_sub_heading":"","additional_description":"Morbi quis vehicula libero. Quisque sagittis ligula eu euismod lobortis. Mauris dapibus mi vitae mi pellentesque congue. Duis vitae metus enim. Nullam nisi justo, varius nec sagittis in, tincidunt vel ligula. Maecenas ornare libero nulla, nec dictum.","additional_heading_position":"text-start","block_icon_bg":"#8f1315","block_icon_color":"#ffffff","block_heading_color":"","block_description_color":"","block_button_bg_color":"","block_button_text_color":"","block_button_hover_bg_color":"","block_button_hover_text_color":"","additional_heading_color":"","additional_sub_heading_color":"","additional_description_color":"","custom_class_name":"about_us_one"}},"16487037059af12f81":{"type":"home-number-counter","blocks":{"1648703705bc0d4acc-0":{"type":"class","settings":{"class":"fa fa-caret-square-o-right","title":"Gamers","text":"","value":"70","value_text":"+"}},"1648703705bc0d4acc-1":{"type":"class","settings":{"class":"fa fa-tablet","title":"CD Games","text":"","value":"80","value_text":"+"}},"1648703705bc0d4acc-2":{"type":"class","settings":{"class":"fa fa-tasks","title":"Storage","text":"","value":"40","value_text":"+"}},"1648703705bc0d4acc-3":{"type":"class","settings":{"class":"fa fa-clock-o","title":"Video Games","text":"","value":"60","value_text":"+"}},"ab541261-eb05-4c3a-bcb7-c123112977df":{"type":"class","settings":{"class":"fa fa-rocket","title":"Stores","text":"","value":"50","value_text":"+"}}},"block_order":["1648703705bc0d4acc-0","1648703705bc0d4acc-1","1648703705bc0d4acc-2","1648703705bc0d4acc-3","ab541261-eb05-4c3a-bcb7-c123112977df"],"settings":{"full":false,"spacing_both_ends":false,"padding":"90,70","margin":"0,0","show_background_image":false,"background_style":"none","background_size":"auto","enable_overlay":true,"background_color":"#8f1315","overlay_transparency":"1","section_heading":"Explore the best adventure games","section_sub_heading":"","section_description":"","section_button_text":"","section_button_link":"","section_heading_color":"","section_sub_heading_color":"","section_description_color":"","section_button_bg_color":"","section_button_text_color":"","section_button_hover_bg_color":"","section_button_hover_text_color":"","heading_position":"text-center","grid":"5","column_gap":"30","counter_style":"grid","vertical_position":"vertical-center","block_text_align":"text-center","reverse_column":false,"enable_boxed":false,"enable_overall_border":false,"border_radius":"0","icon_border_radius":"0px","block_icon_outer_size":"120","block_icon_size":"40","enable_box_shadow":false,"block_bg_color":"","block_icon_border_color":"","block_icon_bg_color":"#ffffff","block_icon_color":"#8f1315","block_title_color":"","block_text_color":"","block_value_color":"","block_value_text_color":"","block_border_color":"","custom_class_name":"about_number_count"}},"1648704796e50e2442":{"type":"home-masonry-banner","blocks":{"1648704796d0755424-0":{"type":"content","settings":{"block_image":"shopify:\/\/shop_images\/abo02.jpg","show_image":true,"block_title":"Sky War Games","use_title":true,"block_sub_title":"","block_description":"Augmented","block_button_text":"","block_button_link":"shopify:\/\/collections","block_text_align":"text-center","content_position":"center","image_position":"center","reverse_column":false,"block_banner_bg":"rgba(0,0,0,0)","block_heading_color":"","block_heading_hover_color":"#ffffff","block_sub_heading_color":"","block_description_color":"","block_button_bg_color":"","block_button_text_color":"","block_button_hover_bg_color":"","block_button_hover_text_color":"","overlay_style":"use_overlay","overlay_color":"#143880","overlay_opacity":"0.5","rotation_degree":"180"}},"1648704796d0755424-1":{"type":"content","settings":{"block_image":"shopify:\/\/shop_images\/abo04.jpg","show_image":true,"block_title":"Demons War","use_title":true,"block_sub_title":"","block_description":"Into Reality","block_button_text":"","block_button_link":"shopify:\/\/collections","block_text_align":"text-center","content_position":"center","image_position":"center","reverse_column":false,"block_banner_bg":"rgba(0,0,0,0)","block_heading_color":"","block_heading_hover_color":"#ffffff","block_sub_heading_color":"","block_description_color":"","block_button_bg_color":"","block_button_text_color":"","block_button_hover_bg_color":"","block_button_hover_text_color":"","overlay_style":"use_overlay","overlay_color":"#4f8a10","overlay_opacity":"0.5","rotation_degree":"180"}}},"block_order":["1648704796d0755424-0","1648704796d0755424-1"],"settings":{"full":false,"spacing_both_ends":false,"padding":"120,120","margin":"0,0","show_background_image":false,"background_image":"shopify:\/\/shop_images\/about-1_8bab3819-79f1-4858-ae31-6d2be5553729.jpg","background_style":"none","background_size":"auto","enable_overlay":false,"background_color":"","overlay_transparency":"0.5","section_heading":"","section_sub_heading":"","section_description":"","section_button_text":"","section_button_link":"","heading_position":"text-center","section_heading_color":"","section_sub_heading_color":"","section_description_color":"","section_button_bg_color":"","section_button_text_color":"","section_button_hover_bg_color":"","section_button_hover_text_color":"","main_banner_style":"overlay","block_banner_style":"overlay","reverse_column":false,"column_gap":"30px","enable_box_shadow":false,"border_radius":"0","content_width":"65\/35","lap_content_width":"50\/50","primary_text_align":"text-center","primary_position":"center","primary_image":"shopify:\/\/shop_images\/about-1_8bab3819-79f1-4858-ae31-6d2be5553729.jpg","primary_title":"Spare Warriors","use_title":true,"primary_sub_title":"","primary_description":"Multisensory","primary_button_text":"","primary_button_link":"shopify:\/\/collections","primary_banner_bg":"rgba(0,0,0,0)","primary_heading_color":"","primary_heading_hover_color":"#ffffff","primary_sub_heading_color":"","primary_description_color":"","primary_button_bg_color":"","primary_button_text_color":"","primary_button_hover_bg_color":"","primary_button_hover_text_color":"","overlay_style":"use_overlay","overlay_color":"#e1af1e","overlay_opacity":"0.5","rotation_degree":"180","block_style":"style-2","overlay_style_height":300,"overlay_style_height_laptop":440,"overlay_style_height_tab":400,"overlay_style_height_mobile":360,"custom_class_name":"about_masanory_one"}},"16487087347013785b":{"type":"inner-page-team-section","blocks":{"88e224e5-59eb-4296-a53c-fcd073db523d":{"type":"content","settings":{"image":"shopify:\/\/shop_images\/team-img01.png","name":"Raffic joshua","designation":"Customer support","facebook":"#","twitter":"#","pinterest":"#","youtube":"#"}},"4acec5ca-71c7-4234-8f2e-84e32181b2da":{"type":"content","settings":{"image":"shopify:\/\/shop_images\/team-img02.png","name":"John","designation":"Developer","facebook":"#","twitter":"#","pinterest":"#","youtube":"#"}},"624080f7-11a3-44c5-81d3-ab7f339998ec":{"type":"content","settings":{"image":"shopify:\/\/shop_images\/team-img03.png","name":"Peter hein","designation":"Tester","facebook":"#","twitter":"#","pinterest":"#","youtube":"#"}},"883512e6-b419-4f25-84e3-1710f642db3f":{"type":"content","settings":{"image":"shopify:\/\/shop_images\/team-img04.png","name":"Victor","designation":"CEO","facebook":"#","twitter":"#","pinterest":"#","youtube":"#"}}},"block_order":["88e224e5-59eb-4296-a53c-fcd073db523d","4acec5ca-71c7-4234-8f2e-84e32181b2da","624080f7-11a3-44c5-81d3-ab7f339998ec","883512e6-b419-4f25-84e3-1710f642db3f"],"settings":{"enable":true,"full":false,"spacing_both_ends":false,"padding":"120,70","margin":"0,0","show_background_image":false,"background_style":"default","enable_overlay":true,"background_color":"#8f1315","overlay_transparency":"0.5","section_heading":"","section_sub_heading":"","section_description":"","section_button_text":"","section_button_link":"","section_heading_color":"","section_sub_heading_color":"","section_description_color":"","section_button_bg_color":"","section_button_text_color":"","section_button_hover_bg_color":"","section_button_hover_text_color":"","heading_position":"text-center","column":"four-column","block_heading_color":"","block_designation_color":"","block_bg":"#ffffff","block_social_icon_bg_color":"#8f1315","block_social_icon_color":"#ffffff","block_social_icon_hover_bg_color":"#000000","block_social_icon_hover_color":"#ffffff"}},"164870927385c0e140":{"type":"home-support-block","blocks":{"a0ac2a2e-ade9-493c-b395-497477387b5a":{"type":"class","settings":{"class":"fa fa-power-off","title":"Lasts for Hours","use_title":false,"desc":"Pellentesque gravida scelerisque pretium. Quisque ut quis neque lacinia lacinia. Ut eget augue nec ipsum pharetra venenatis. Nullam eget lacus sed lorem.","link_text":"View More","link":""}},"b39fd25e-0a53-40f4-850b-312465034f96":{"type":"class","settings":{"class":"fa fa-shield","title":"Good Multiplayer","use_title":false,"desc":"Cellentesque gravida scelerisque pretium. Quisque ut quis neque lacinia lacinia. Ut eget augue nec ipsum pharetra venenatis. Nullam eget lacus sed lorem.","link_text":"View More","link":""}},"8639fe7c-ba80-4a83-aad8-647e8d9714f9":{"type":"class","settings":{"class":"fa fa-random","title":"Responsive Controls","use_title":false,"desc":"Xellentesque gravida scelerisque pretium. Quisque ut quis neque lacinia lacinia. Ut eget augue nec ipsum pharetra venenatis. Nullam eget lacus sed lorem.","link_text":"View More","link":""}},"2c915a96-fbc5-450d-8941-f65573d72811":{"type":"class","settings":{"class":"fa fa-sign-in","title":"Stunning Graphics","use_title":false,"desc":"Wellentesque gravida scelerisque pretium. Quisque ut quis neque lacinia lacinia. Ut eget augue nec ipsum pharetra venenatis.Xellentesque gravida scelerisque pretium.","link_text":"View More","link":""}}},"block_order":["a0ac2a2e-ade9-493c-b395-497477387b5a","b39fd25e-0a53-40f4-850b-312465034f96","8639fe7c-ba80-4a83-aad8-647e8d9714f9","2c915a96-fbc5-450d-8941-f65573d72811"],"settings":{"full":false,"spacing_both_ends":false,"padding":"120,20","margin":"0,0","show_background_image":false,"background_style":"none","background_size":"auto","enable_overlay":false,"background_color":"","overlay_transparency":"0.5","section_heading":"Welcome to best reality gamers","section_sub_heading":"","section_description":"","section_button_text":"","section_button_link":"","section_heading_color":"","section_sub_heading_color":"","section_description_color":"","section_button_bg_color":"","section_button_text_color":"","section_button_hover_bg_color":"","section_button_hover_text_color":"","heading_position":"text-center","text_position":"text-start","block_style":"default-style","grid":"2","enable_grid_style":false,"vertical_position":"position-default","reverse_column":false,"border_radius":"0px","icon_border_radius":"0px","enable_box_shadow":false,"block_icon_outer_size":"60px","block_icon_size":"40px","block_border_color":"","block_bg":"","block_icon_bg":"#4f0e0f","block_icon_border_color":"rgba(0,0,0,0)","block_heading_color":"","block_heading_hover_color":"","block_description_color":"","block_button_bg_color":"","block_button_text_color":"","block_button_hover_bg_color":"","block_button_hover_text_color":"","custom_class_name":"about-support-one"}}},"order":["main","164870117575f39773","16487037059af12f81","1648704796e50e2442","16487087347013785b","164870927385c0e140"]}