{"sections":{"16484715585d0b75d2":{"type":"slideshow","blocks":{"7e33837d-b447-4031-9b6f-97da7a46ad45":{"type":"Slider","settings":{"slider_type":"image","video_url":"https:\/\/storage.googleapis.com\/coverr-main\/mp4\/Palm_Trees.mp4","iframe_url":"","mobile_bg_clr":"#d9ddcf","text_alignment":"text-center","content_position":"center-right","block_image":"shopify:\/\/shop_images\/5-1.jpg","show_image":true,"show_content":true,"title_2":"JUST FOR YOU","subheading_color":"#565e41","subheading_size":"70","title":"EMBRACE COLLECTION","heading_color":"#565e41","heading_size":"40","desc":"Curabitur vitae nunc sed velit dignissim Suspendisse ultrices gravida dictum fusce ut placerat orci Volutpat ac tincidunt vitae semper quis enim neque volutpat purus in massa tempor nec.","desc_color":"#565e41","desc_size":"16","button":"Shop Now","link":"shopify:\/\/collections\/shop-demo-9","btn_bg_color":"#ffffff","btn_txt_color":"#565e41","btn_hoverbg_color":"#565e41","btn_hovertxt_color":"#ffffff","button_2":"New Arrivals","link_2":"shopify:\/\/collections\/best-sellers-demo-9","btn_bg_color_2":"#565e41","btn_txt_color_2":"#ffffff","btn_hoverbg_color_2":"#ffffff","btn_hovertxt_color_2":"#565e41","slide_content_bg":"rgba(0,0,0,0)","slide_bg":"#d9ddcf","enable_additional_button":false,"additional_button_text":"View More","additional_button_link":"","additional_button_text_color":"","additional_button_text_hover_color":""}},"1c3ef5d2-7158-4a50-8def-1e1c84b6a9c6":{"type":"Slider","settings":{"slider_type":"image","video_url":"https:\/\/cdn.shopify.com\/s\/files\/1\/3099\/9934\/files\/845f1827c32642fda4eb0765b6dc7f00.HD-1080p-7.2Mbps.mp4?v=1651209135","iframe_url":"","mobile_bg_clr":"#d9ddcf","text_alignment":"text-center","content_position":"dt-sc-flex-center","block_image":"shopify:\/\/shop_images\/5-2.jpg","show_image":true,"show_content":true,"title_2":"NEW IDENTITY","subheading_color":"","subheading_size":"70","title":"BRANDED COLLECTION","heading_color":"","heading_size":"40","desc":"Sem fringilla ut morbi tincidunt augue interdum velit euismod in Tincidunt dui ut ornare lectus sit amet est placerat in vel facilisis volutpat est velit egestas dui id ornare.","desc_color":"","desc_size":"16","button":"Shop Now","link":"shopify:\/\/collections\/new-arrivals-demo-9","btn_bg_color":"#ffffff","btn_txt_color":"#565e41","btn_hoverbg_color":"#565e41","btn_hovertxt_color":"#ffffff","button_2":"New Arrivals","link_2":"shopify:\/\/collections\/best-sellers-demo-9","btn_bg_color_2":"#565e41","btn_txt_color_2":"#ffffff","btn_hoverbg_color_2":"#ffffff","btn_hovertxt_color_2":"#565e41","slide_content_bg":"rgba(0,0,0,0)","slide_bg":"#d9ddcf","enable_additional_button":false,"additional_button_text":"View More","additional_button_link":"","additional_button_text_color":"","additional_button_text_hover_color":""}},"ad2816a5-9c40-4038-98c1-a862ab3cda76":{"type":"Slider","settings":{"slider_type":"image","video_url":"https:\/\/storage.googleapis.com\/coverr-main\/mp4\/Palm_Trees.mp4","iframe_url":"","mobile_bg_clr":"#d9ddcf","text_alignment":"text-center","content_position":"dt-sc-flex-center","block_image":"shopify:\/\/shop_images\/5-3.jpg","show_image":true,"show_content":true,"title_2":"PLEASANT STYLE","subheading_color":"#565e41","subheading_size":"70","title":"JEAN COLLECTIONS","heading_color":"#565e41","heading_size":"40","desc":"Ac tincidunt vitae semper quis lectus nulla at volutpat diam vel quam elementum pulvinar auctor elit sed vulputate mi sit amet mauris commodo quis Ds parturient montes nascetur ridiculus.","desc_color":"#565e41","desc_size":"16","button":"Shop Now","link":"shopify:\/\/collections\/best-sellers-demo-9","btn_bg_color":"#ffffff","btn_txt_color":"#565e41","btn_hoverbg_color":"#565e41","btn_hovertxt_color":"#ffffff","button_2":"New Arrivals","link_2":"shopify:\/\/collections\/new-arrivals-demo-9","btn_bg_color_2":"#565e41","btn_txt_color_2":"#ffffff","btn_hoverbg_color_2":"#ffffff","btn_hovertxt_color_2":"#565e41","slide_content_bg":"rgba(0,0,0,0)","slide_bg":"#d9ddcf","enable_additional_button":false,"additional_button_text":"View More","additional_button_link":"","additional_button_text_color":"","additional_button_text_hover_color":""}}},"block_order":["7e33837d-b447-4031-9b6f-97da7a46ad45","1c3ef5d2-7158-4a50-8def-1e1c84b6a9c6","ad2816a5-9c40-4038-98c1-a862ab3cda76"],"settings":{"full":true,"spacing_both_ends":false,"margin":"0,100","slider_height":900,"slider_height_lap":850,"slider_height_tab":750,"slider_height_mobile":670,"video-aspect-ratio":"","content_within_container":false,"enable_box_shadow":false,"border_radius":"0","content_border_radius":"10","autoplay":false,"slideshow_speed":"5000","dots":true,"carousel_pagination_alignment":"center_pagination","carousel_pagination_bottom_alignment":"inside_element","arrows":false,"nav_arrow_position":"center-navigation","center_nav_arrow_alignment":"inside_container","navigation_button_color":"","navigation_button_icon_color":"#000000","navigation_button_hover_color":"","navigation_button_hover_icon_color":"#000000","navigation_dot_color":"#a5a5a5","navigation_dot_active_color":"#565e41","custom_class_name":"custom-slideshow"}},"165777121419bc844e":{"type":"home-product-carousel","blocks":{"bc7af41d-8441-4b3b-839f-608b0ae0e396":{"type":"banner","settings":{"block_image":"shopify:\/\/shop_images\/grid02_fdf6cffe-308f-41ae-9fc3-76bd3c55b4c2.jpg","show_image":true,"block_title":"GET","block_sub_title":"20% OFF","block_description":"","block_button_text":"Shop Now","block_button_link":"shopify:\/\/collections\/best-sellers-demo-9","block_banner_style":"overlay","block_text_align":"text-center","grid_banner_box_shadow":false,"grid_banner_border_radius":"0","overlay_style_height":"610","content_position":"center","grid_banner_heading_color":"#ffffff","grid_banner_sub_heading_color":"#ffffff","grid_banner_description_color":"","grid_banner_button_bg_color":"#ffffff","grid_banner_button_text_color":"#565e41","grid_banner_button_hover_bg_color":"#565e41","grid_banner_button_hover_text_color":"#ffffff","grid_banner_content_bg":"rgba(0,0,0,0)","enable_tilte_bg":false,"grid_banner_heading_bg":"rgba(0,0,0,0)","banner_image_overlay_style":"with-overlay","banner_image_overlay_color":"rgba(0,0,0,0)","banner_image_overlay_opacity":"0.5","banner_image_rotation_degree":"180"}}},"block_order":["bc7af41d-8441-4b3b-839f-608b0ae0e396"],"settings":{"full":true,"spacing_both_ends":true,"padding":"0,0","margin":"0,100","show_background_image":false,"background_style":"none","background_size":"auto","enable_overlay":false,"background_color":"","overlay_transparency":"0.5","section_heading":"","section_sub_heading":"","section_description":"","section_button_text":"","section_button_link":"","section_heading_color":"","section_sub_heading_color":"","section_description_color":"","section_button_bg_color":"","section_button_text_color":"","section_button_hover_bg_color":"","section_button_hover_text_color":"","heading_position":"text-center","grouped_content_bg":"","grouped_column_gap":"0","grouped_content_padding":"0","group_border_radius":"","enable_group_box_shadow":false,"reverse_column":false,"content_width":"25\/75","lap_content_width":"35\/65","additional_block_background_color":"","additional_block_box_shadow":false,"additional_content_padding":"0","additional_block_border_radius":"0","enable_main_content":true,"main_block_background_color":"#f4f5f1","enable_main_block_box_shadow":false,"main_block_border_radius":"0","main_content_padding":"50","collection":"best-sellers-demo-9","column_gap":"50","border_radius":"0","enable_list_view":false,"grid":"2","post_limit":2,"enable_slider":true,"items_per_view":4,"items_laptop_view":2,"items_tablet_view":1,"items_mobile_view":1,"enable_center_mode":false,"offset_limit":80,"rows":1,"slider_autoplay":0,"enable_auto_height":false,"dots":false,"carousel_pagination_alignment":"center_pagination","carousel_pagination_bottom_alignment":"outside_element","arrows":true,"nav_arrow_position":"navigation-top-center","center_nav_arrow_alignment":"inside_container","navigation_button_color":"","navigation_button_icon_color":"#000000","navigation_button_hover_color":"","navigation_button_hover_icon_color":"#000000","navigation_dot_color":"","navigation_dot_active_color":"","enable_section_collection_button_text":false,"section_collection_button_text":"","section_collection_link":"","custom_class_name":"product-with-overlay-banner"}},"1654759313da7fd025":{"type":"home-grid-banner","blocks":{"1654759313e2532c96-0":{"type":"content","settings":{"grid_banner_type":"image","show_image_title":true,"block_image_title":"MODERN FASHION","block_image_title2":"NEW DESIGN","block_image_title_color":"#d9ddcf","block_image":"shopify:\/\/shop_images\/grid03_0a794f5e-86bc-4ce8-bafe-eb37b619ebd1.jpg","block_video":"https:\/\/www.w3schools.com\/tags\/mov_bbb.mp4","video_icon_color":"","video_icon_position":"icon-top-right","content_with_icon":false,"video_icon_outer_size":"60px","video_icon_size":"40px","show_image":true,"show_content":true,"block_title":"Summer Collection","block_title_link":"shopify:\/\/collections\/shop-demo-9","block_sub_title":"","block_description":"Amet nulla facilisi morbi tempus iaculis urna id  blandit libero volutpat sed cras ornare arcu dui vivamus arcu nibh sed pulvinar proin gravida volutpat lacus laoreet non curabitur est ullamcorper eget nulla facilisi etiam","block_button_text":"Shop New Arrivals","block_button_link":"shopify:\/\/collections\/best-sellers-demo-9","block_button_text2":"Shop Trending Products","block_button_link2":"shopify:\/\/collections\/new-arrivals-demo-9","block_text_align":"text-start","content_position":"center","reverse_column":true,"block_banner_bg":"rgba(0,0,0,0)","block_content_box_bg":"rgba(0,0,0,0)","block_heading_color":"#000000","block_sub_heading_color":"#000000","block_description_color":"","block_button_bg_color":"rgba(0,0,0,0)","block_button_text_color":"#000000","block_button_hover_bg_color":"rgba(0,0,0,0)","block_button_hover_text_color":"#565e41","overlay_style":"use_overlay","overlay_color":"rgba(0,0,0,0)","overlay_opacity":"0.5","rotation_degree":"180","block_animation_text":"fadeIn"}}},"block_order":["1654759313e2532c96-0"],"settings":{"full":true,"spacing_both_ends":true,"padding":"0,0","margin":"0,0","show_background_image":false,"background_style":"none","background_size":"auto","enable_overlay":false,"background_color":"","overlay_transparency":"0.5","section_heading":"","section_sub_heading":"","section_description":"","section_button_text":"","section_button_link":"","section_heading_color":"","section_sub_heading_color":"","section_description_color":"","section_button_bg_color":"","section_button_text_color":"","section_button_hover_bg_color":"","section_button_hover_text_color":"","heading_position":"text-center","block_banner_style":"list","column_gap":"30","grid":"2","border_radius":"0","enable_box_shadow":false,"equal_height":false,"content_width":"50\/50","lap_content_width":"50\/50","overlay_style_height":600,"overlay_style_height_laptop":500,"overlay_style_height_mobile":400,"custom_class_name":"custom-list-banner"}},"16546915620b2f2d6c":{"type":"home-product-carousel","settings":{"full":true,"spacing_both_ends":true,"padding":"0,0","margin":"100,70","show_background_image":false,"background_style":"none","background_size":"auto","enable_overlay":false,"background_color":"","overlay_transparency":"0.5","section_heading":"","section_sub_heading":"","section_description":"","section_button_text":"","section_button_link":"","section_heading_color":"","section_sub_heading_color":"","section_description_color":"","section_button_bg_color":"","section_button_text_color":"","section_button_hover_bg_color":"","section_button_hover_text_color":"","heading_position":"text-start","grouped_content_bg":"","grouped_column_gap":"30","grouped_content_padding":"0","group_border_radius":"","enable_group_box_shadow":false,"reverse_column":false,"content_width":"30\/70","lap_content_width":"35\/65","additional_block_background_color":"","additional_block_box_shadow":false,"additional_content_padding":"0","additional_block_border_radius":"0","enable_main_content":true,"main_block_background_color":"","enable_main_block_box_shadow":false,"main_block_border_radius":"0","main_content_padding":"0","collection":"new-arrivals-demo-9","column_gap":"16","border_radius":"0","enable_list_view":false,"grid":"4","post_limit":4,"enable_slider":true,"items_per_view":4,"items_laptop_view":3,"items_tablet_view":2,"items_mobile_view":1,"enable_center_mode":false,"offset_limit":0,"rows":1,"slider_autoplay":0,"enable_auto_height":false,"dots":false,"carousel_pagination_alignment":"center_pagination","carousel_pagination_bottom_alignment":"outside_element","arrows":true,"nav_arrow_position":"navigation-top-center","center_nav_arrow_alignment":"inside_container","navigation_button_color":"","navigation_button_icon_color":"#000000","navigation_button_hover_color":"","navigation_button_hover_icon_color":"#000000","navigation_dot_color":"","navigation_dot_active_color":"","enable_section_collection_button_text":false,"section_collection_button_text":"","section_collection_link":"","custom_class_name":"custom-product-carosual"}},"16547565266695f71b":{"type":"home-grid-banner","blocks":{"16547565251d7ef26a-0":{"type":"content","settings":{"grid_banner_type":"image","show_image_title":true,"block_image_title":"FABULOUS DESIGNS","block_image_title2":"UNIQUE DESIGNS","block_image_title_color":"#d9ddcf","block_image":"shopify:\/\/shop_images\/grid04_d6ec3dc7-4b32-4529-9597-f50237a390ce.jpg","block_video":"https:\/\/www.w3schools.com\/tags\/mov_bbb.mp4","video_icon_color":"","video_icon_position":"icon-top-right","content_with_icon":false,"video_icon_outer_size":"60px","video_icon_size":"40px","show_image":true,"show_content":true,"block_title":"Autumn Dress Collection","block_title_link":"shopify:\/\/collections\/best-sellers-demo-9","block_sub_title":"","block_description":"Dapibus ultrices in iaculis nunc facilisis volutpat est velit egestas dui id ornare arcu facilisis mauris sit amet massa vitae tortor pretium viverra suspendisse potenti nunc lobortis mattis aliquam faucibus.","block_button_text":"Shop New Arrivals","block_button_link":"shopify:\/\/collections\/shop-demo-9","block_button_text2":"Shop Trending Products","block_button_link2":"shopify:\/\/collections\/new-arrivals-demo-9","block_text_align":"text-start","content_position":"center","reverse_column":false,"block_banner_bg":"rgba(0,0,0,0)","block_content_box_bg":"rgba(0,0,0,0)","block_heading_color":"","block_sub_heading_color":"","block_description_color":"","block_button_bg_color":"rgba(0,0,0,0)","block_button_text_color":"#000000","block_button_hover_bg_color":"rgba(0,0,0,0)","block_button_hover_text_color":"#565e41","overlay_style":"use_overlay","overlay_color":"rgba(0,0,0,0)","overlay_opacity":"0.5","rotation_degree":"180","block_animation_text":"fadeIn"}}},"block_order":["16547565251d7ef26a-0"],"settings":{"full":true,"spacing_both_ends":true,"padding":"0,0","margin":"0,0","show_background_image":false,"background_style":"none","background_size":"auto","enable_overlay":false,"background_color":"","overlay_transparency":"0.5","section_heading":"","section_sub_heading":"","section_description":"","section_button_text":"","section_button_link":"","section_heading_color":"","section_sub_heading_color":"","section_description_color":"","section_button_bg_color":"","section_button_text_color":"","section_button_hover_bg_color":"","section_button_hover_text_color":"","heading_position":"text-center","block_banner_style":"list","column_gap":"30","grid":"2","border_radius":"0","enable_box_shadow":false,"equal_height":false,"content_width":"50\/50","lap_content_width":"50\/50","overlay_style_height":600,"overlay_style_height_laptop":500,"overlay_style_height_mobile":400,"custom_class_name":"custom-list-banner"}},"1654777743997058a9":{"type":"home-flex-banner","blocks":{"8eb7c848-20bd-4154-b71c-5796df888c30":{"type":"image_image","settings":{"image":"shopify:\/\/shop_images\/grid05_fd1fa7ff-c1d3-4cfc-85f1-e671602072a2.jpg","icon_class":"","overlay_title":"Odio ut sem nulla pharetra diam sit amet hac habitasse platea.","link":"shopify:\/\/collections\/best-sellers-demo-9"}},"9250db1b-f6fd-4bf3-a635-4a79ebc3fafd":{"type":"image_image","settings":{"image":"shopify:\/\/shop_images\/grid06_17384f61-9f0a-41c7-88fb-05c385e77e23.jpg","icon_class":"","overlay_title":"Feugiat pretium nibh ipsum consequat nisl.","link":"shopify:\/\/collections\/shop-demo-9"}},"10e2c114-ceda-4c35-a6db-5f35a9e539b0":{"type":"image_image","settings":{"image":"shopify:\/\/shop_images\/grid07_512a8892-34b3-4243-810d-bb9697ba37f3.jpg","icon_class":"","overlay_title":"Imperdiet sed euismod nisi porta lorem mollis.","link":"shopify:\/\/collections\/new-arrivals-demo-9"}},"302a9a39-41ef-4c9a-8c66-bd484affe046":{"type":"image_image","disabled":true,"settings":{"image":"shopify:\/\/shop_images\/overlay2.jpg","icon_class":"","overlay_title":"It is a long established fact that a reader  will be distracted.","link":"\/"}},"0291c32c-1b20-4fcc-b3aa-1362e27e93e8":{"type":"image_image","disabled":true,"settings":{"image":"shopify:\/\/shop_images\/overlay2.jpg","icon_class":"fa fa-instagram","overlay_title":"Shop the Look","link":""}}},"block_order":["8eb7c848-20bd-4154-b71c-5796df888c30","9250db1b-f6fd-4bf3-a635-4a79ebc3fafd","10e2c114-ceda-4c35-a6db-5f35a9e539b0","302a9a39-41ef-4c9a-8c66-bd484affe046","0291c32c-1b20-4fcc-b3aa-1362e27e93e8"],"settings":{"full":true,"spacing_both_ends":true,"padding":"0,0","margin":"100,0","show_background_image":false,"background_style":"none","background_size":"auto","enable_overlay":false,"background_color":"","overlay_transparency":"0.5","section_heading":"","section_sub_heading":"","section_description":"","section_button_text":"","section_button_link":"","section_heading_color":"","section_sub_heading_color":"","section_description_color":"","section_button_bg_color":"","section_button_text_color":"","section_button_hover_bg_color":"","section_button_hover_text_color":"","heading_position":"text-start","content_position":"text-end","enable_overlay_content":true,"item_height":670,"item_height_laptop":550,"item_height_tab":500,"item_height_mobile":450,"image_link_text_color":"#ffffff","image_link_hover_text_color":"#ffffff","image_overlay_icon_color":"","image_overlay_color":"#000000","custom_class_name":"custom-flex-banner"}},"1655458912f79b1860":{"type":"home-newsletter","settings":{"full":true,"spacing_both_ends":true,"padding":"0,0","margin":"100,0","show_background_image":false,"background_style":"none","background_size":"auto","background_color":"#d9ddcf","enable_overlay":true,"overlay_transparency":"1","section_heading":"Join Us : News Letter","section_sub_heading":"","section_description":"Mollis aliquam ut porttitor leo sapien et ligula ullamcorper malesuada tellus in hac habitasse platea odio ut sem nulla pharetra diam sit amet.","section_button_text":"","section_button_link":"","section_heading_color":"","section_sub_heading_color":"","section_description_color":"","section_button_bg_color":"","section_button_text_color":"","section_button_hover_bg_color":"","section_button_hover_text_color":"","heading_position":"text-center","section_position":"text-center","newsletter_form_width":"65%","newsletter_description":"Sing up for our latest news","news_style":"default","reverse_column":false,"space_in_between":"0px","newsletter_box_border_color":"#3a3b37","newsletter_box_bg_color":"rgba(0,0,0,0)","newsletter_box_border_focus_color":"","newsletter_button_bg_color":"","newsletter_button_text_color":"","newsletter_button_hover_bg_color":"","newsletter_button_hover_text_color":"","newsletter_description_color":"","custom_class_name":"custom-newsletter"}},"1654676858d946e20b":{"type":"home-image-gallery","blocks":{"165467685865eb3b00-0":{"type":"image_image","settings":{"image":"shopify:\/\/shop_images\/insta01_d6586ac9-f97d-4a70-808b-5f9cb6e8983f.jpg","icon_class":"fa fa-instagram","overlay_title":"","link":"\/"}},"165467685865eb3b00-1":{"type":"image_image","settings":{"image":"shopify:\/\/shop_images\/insta02_1a3973f5-014c-44a9-919b-08816b47a09e.jpg","icon_class":"fa fa-instagram","overlay_title":"","link":"\/"}},"165467685865eb3b00-2":{"type":"image_image","settings":{"image":"shopify:\/\/shop_images\/insta03_7f7c9c27-7d65-4aae-a265-8274e6a80b9d.jpg","icon_class":"fa fa-instagram","overlay_title":"","link":"\/"}},"165467685865eb3b00-3":{"type":"image_image","settings":{"image":"shopify:\/\/shop_images\/insta05_277141ac-1ee3-4c4e-a13a-5db51246eed5.jpg","icon_class":"fa fa-instagram","overlay_title":"","link":"\/"}},"165467685865eb3b00-4":{"type":"image_image","settings":{"image":"shopify:\/\/shop_images\/insta04_474556ff-a134-41ad-91e4-c4ea4cd23dea.jpg","icon_class":"fa fa-instagram","overlay_title":"","link":"\/"}},"898e5675-ad3d-4041-a449-b43062312c5e":{"type":"image_image","settings":{"image":"shopify:\/\/shop_images\/insta06_991910e2-b852-490f-8aab-cffbcd205117.jpg","icon_class":"fa fa-instagram","overlay_title":"","link":"\/"}}},"block_order":["165467685865eb3b00-0","165467685865eb3b00-1","165467685865eb3b00-2","165467685865eb3b00-3","165467685865eb3b00-4","898e5675-ad3d-4041-a449-b43062312c5e"],"settings":{"full":true,"spacing_both_ends":true,"padding":"0,0","margin":"100,70","show_background_image":false,"background_style":"none","background_size":"auto","enable_overlay":false,"background_color":"","overlay_transparency":"0.5","section_heading":"@Yourinstagram","section_sub_heading":"Follow Us","section_description":"","section_button_text":"","section_button_link":"","section_heading_color":"","section_sub_heading_color":"","section_description_color":"","section_button_bg_color":"","section_button_text_color":"","section_button_hover_bg_color":"","section_button_hover_text_color":"","heading_position":"text-center","grid":"5","column_gap":"15","image_list_text":"updations","enable_overlay_content":true,"item_height":310,"item_height_laptop":310,"item_height_tab":310,"item_height_mobile":310,"image_link_text_color":"#e6e6e6","image_link_hover_text_color":"","image_overlay_icon_color":"","image_overlay_color":"","icon_size":"24","enable_slider":true,"remove_button_space":false,"enable_auto_height":true,"items_per_view":5,"items_laptop_view":4,"items_tablet_view":3,"items_mobile_view":1,"enable_center_mode":true,"slider_autoplay":5,"dots":false,"carousel_pagination_alignment":"center_pagination","arrows":false,"nav_arrow_position":"center-navigation","center_nav_arrow_alignment":"along_with_container","navigation_button_color":"#ffffff","navigation_button_icon_color":"#000000","navigation_button_hover_color":"#000000","navigation_button_hover_icon_color":"#ffffff","navigation_dot_color":"","navigation_dot_active_color":"","custom_class_name":"custom-image-list"}}},"order":["16484715585d0b75d2","165777121419bc844e","1654759313da7fd025","16546915620b2f2d6c","16547565266695f71b","1654777743997058a9","1655458912f79b1860","1654676858d946e20b"]}