{"sections":{"main":{"type":"main-page","settings":{"full":false,"spacing_both_ends":false,"padding":"0,0","margin":"0,0"}},"1649481295e4c8a98c":{"type":"home-pricing-table","blocks":{"164948129402a63ffd-0":{"type":"text","settings":{"icon_image":"shopify:\/\/shop_images\/Mask_Group_26_680x_1.png","title":"Caption","duration":"Duration: 2hrs","desc_title":"$00","link_txt":"Sign up today","link":"#","linklist_1":"Text 1","linklist_1_color":"","take_time_1":"5mins","take_time_1_color":"","linklist_2":"Text 2","linklist_2_color":"","take_time_2":"5mins","take_time_2_color":"","linklist_3":"Text 3","linklist_3_color":"","take_time_3":"5mins","take_time_3_color":"","linklist_4":"Text 4","linklist_4_color":"","take_time_4":"5mins","take_time_4_color":"","linklist_5":"Text 5","linklist_5_color":"","take_time_5":"5mins","take_time_5_color":"","linklist_6":"Text 6","linklist_6_color":"","take_time_6":"5mins","take_time_6_color":"","linklist_7":"Text 7","linklist_7_color":"","take_time_7":"5mins","take_time_7_color":"","linklist_8":"Text 8","linklist_8_color":"","take_time_8":"5mins","take_time_8_color":""}},"164948129402a63ffd-2":{"type":"text","settings":{"icon_image":"shopify:\/\/shop_images\/Mask_Group_25_680x_1.png","title":"Caption","duration":"Duration: 2hrs","desc_title":"$00","link_txt":"Sign up today","link":"#","linklist_1":"Text 1","linklist_1_color":"","take_time_1":"5mins","take_time_1_color":"","linklist_2":"Text 2","linklist_2_color":"","take_time_2":"5mins","take_time_2_color":"","linklist_3":"Text 3","linklist_3_color":"","take_time_3":"5mins","take_time_3_color":"","linklist_4":"Text 4","linklist_4_color":"","take_time_4":"5mins","take_time_4_color":"","linklist_5":"Text 5","linklist_5_color":"","take_time_5":"5mins","take_time_5_color":"","linklist_6":"Text 6","linklist_6_color":"","take_time_6":"5mins","take_time_6_color":"","linklist_7":"Text 7","linklist_7_color":"","take_time_7":"5mins","take_time_7_color":"","linklist_8":"Text 8","linklist_8_color":"","take_time_8":"5mins","take_time_8_color":""}},"164948129402a63ffd-1":{"type":"text","settings":{"icon_image":"shopify:\/\/shop_images\/Mask_Group_23_680x_1.png","title":"Caption","duration":"Duration: 2hrs","desc_title":"$00","link_txt":"Sign up today","link":"#","linklist_1":"Text 1","linklist_1_color":"","take_time_1":"5mins","take_time_1_color":"","linklist_2":"Text 2","linklist_2_color":"","take_time_2":"5mins","take_time_2_color":"","linklist_3":"Text 3","linklist_3_color":"","take_time_3":"5mins","take_time_3_color":"","linklist_4":"Text 4","linklist_4_color":"","take_time_4":"5mins","take_time_4_color":"","linklist_5":"Text 5","linklist_5_color":"","take_time_5":"5mins","take_time_5_color":"","linklist_6":"Text 6","linklist_6_color":"","take_time_6":"5mins","take_time_6_color":"","linklist_7":"Text 7","linklist_7_color":"","take_time_7":"5mins","take_time_7_color":"","linklist_8":"Text 8","linklist_8_color":"","take_time_8":"5mins","take_time_8_color":""}}},"block_order":["164948129402a63ffd-0","164948129402a63ffd-2","164948129402a63ffd-1"],"settings":{"full":false,"spacing_both_ends":false,"padding":"0,80","margin":"0,0","show_background_image":false,"background_style":"none","background_size":"auto","enable_overlay":false,"background_color":"","overlay_transparency":"0.5","section_heading":"Pricing Table (style-1 with button style-1)","section_sub_heading":"","section_description":"","section_button_text":"","section_button_link":"","section_heading_color":"","section_sub_heading_color":"","section_description_color":"","section_button_bg_color":"","section_button_text_color":"","section_button_hover_bg_color":"","section_button_hover_text_color":"","heading_position":"text-center","block_style":"style-1","text_position":"text-center","grid":"3","price_table_style":"style1","border_radius":"0px","image_border_radius":"0px","enable_box_shadow":false,"enable_image_box_shadow":false,"block_border_color":"","block_bg":"","block_heading_color":"","block_description_color":"","block_sub_heading_color":"","block_heading_bg_color":"","block_seperator_color":"","block_button_section_bg_color":"","block_button_bg_color":"","block_button_text_color":"#ffffff","block_button_hover_bg_color":"","block_button_hover_text_color":"#ffffff","custom_class_name":""}},"164948161179adb64a":{"type":"home-pricing-table","blocks":{"16494816119a5b51f8-0":{"type":"text","settings":{"icon_image":"shopify:\/\/shop_images\/aged-map-with-worn-paper-corners.jpg","title":"Caption","duration":"Duration: 2hrs","desc_title":"$00","link_txt":"Sign up today","link":"#","linklist_1":"Text 1","linklist_1_color":"","take_time_1":"5mins","take_time_1_color":"","linklist_2":"Text 2","linklist_2_color":"","take_time_2":"5mins","take_time_2_color":"","linklist_3":"Text 3","linklist_3_color":"","take_time_3":"5mins","take_time_3_color":"","linklist_4":"Text 4","linklist_4_color":"","take_time_4":"5mins","take_time_4_color":"","linklist_5":"Text 5","linklist_5_color":"","take_time_5":"5mins","take_time_5_color":"","linklist_6":"Text 6","linklist_6_color":"","take_time_6":"5mins","take_time_6_color":"","linklist_7":"Text 7","linklist_7_color":"","take_time_7":"5mins","take_time_7_color":"","linklist_8":"Text 8","linklist_8_color":"","take_time_8":"5mins","take_time_8_color":""}},"16494816119a5b51f8-1":{"type":"text","settings":{"icon_image":"shopify:\/\/shop_images\/aged-map-with-worn-paper-corners.jpg","title":"Caption","duration":"Duration: 2hrs","desc_title":"$00","link_txt":"Sign up today","link":"#","linklist_1":"Text 1","linklist_1_color":"","take_time_1":"5mins","take_time_1_color":"","linklist_2":"Text 2","linklist_2_color":"","take_time_2":"5mins","take_time_2_color":"","linklist_3":"Text 3","linklist_3_color":"","take_time_3":"5mins","take_time_3_color":"","linklist_4":"Text 4","linklist_4_color":"","take_time_4":"5mins","take_time_4_color":"","linklist_5":"Text 5","linklist_5_color":"","take_time_5":"5mins","take_time_5_color":"","linklist_6":"Text 6","linklist_6_color":"","take_time_6":"5mins","take_time_6_color":"","linklist_7":"Text 7","linklist_7_color":"","take_time_7":"5mins","take_time_7_color":"","linklist_8":"Text 8","linklist_8_color":"","take_time_8":"5mins","take_time_8_color":""}},"16494816119a5b51f8-2":{"type":"text","settings":{"icon_image":"shopify:\/\/shop_images\/aged-map-with-worn-paper-corners.jpg","title":"Caption","duration":"Duration: 2hrs","desc_title":"$00","link_txt":"Sign up today","link":"#","linklist_1":"Text 1","linklist_1_color":"","take_time_1":"5mins","take_time_1_color":"","linklist_2":"Text 2","linklist_2_color":"","take_time_2":"5mins","take_time_2_color":"","linklist_3":"Text 3","linklist_3_color":"","take_time_3":"5mins","take_time_3_color":"","linklist_4":"Text 4","linklist_4_color":"","take_time_4":"5mins","take_time_4_color":"","linklist_5":"Text 5","linklist_5_color":"","take_time_5":"5mins","take_time_5_color":"","linklist_6":"Text 6","linklist_6_color":"","take_time_6":"5mins","take_time_6_color":"","linklist_7":"Text 7","linklist_7_color":"","take_time_7":"5mins","take_time_7_color":"","linklist_8":"Text 8","linklist_8_color":"","take_time_8":"5mins","take_time_8_color":""}}},"block_order":["16494816119a5b51f8-0","16494816119a5b51f8-1","16494816119a5b51f8-2"],"settings":{"full":false,"spacing_both_ends":false,"padding":"0,80","margin":"0,0","show_background_image":false,"background_style":"none","background_size":"auto","enable_overlay":false,"background_color":"","overlay_transparency":"0.5","section_heading":"Pricing Table (style-1 with button style-2)","section_sub_heading":"","section_description":"","section_button_text":"","section_button_link":"","section_heading_color":"","section_sub_heading_color":"","section_description_color":"","section_button_bg_color":"","section_button_text_color":"","section_button_hover_bg_color":"","section_button_hover_text_color":"","heading_position":"text-center","block_style":"style-1","text_position":"text-center","grid":"3","price_table_style":"style2","border_radius":"0px","image_border_radius":"0px","enable_box_shadow":false,"enable_image_box_shadow":false,"block_border_color":"","block_bg":"","block_heading_color":"","block_description_color":"","block_sub_heading_color":"","block_heading_bg_color":"","block_seperator_color":"","block_button_section_bg_color":"","block_button_bg_color":"","block_button_text_color":"","block_button_hover_bg_color":"","block_button_hover_text_color":"","custom_class_name":""}},"1649481817e36bdfd9":{"type":"home-pricing-table","blocks":{"1649481816586498fc-0":{"type":"text","settings":{"icon_image":"shopify:\/\/shop_images\/aged-map-with-worn-paper-corners.jpg","title":"Caption","duration":"Duration: 2hrs","desc_title":"$00","link_txt":"","link":"#","linklist_1":"Text 1","linklist_1_color":"","take_time_1":"5mins","take_time_1_color":"","linklist_2":"Text 2","linklist_2_color":"","take_time_2":"5mins","take_time_2_color":"","linklist_3":"Text 3","linklist_3_color":"","take_time_3":"5mins","take_time_3_color":"","linklist_4":"Text 4","linklist_4_color":"","take_time_4":"5mins","take_time_4_color":"","linklist_5":"Text 5","linklist_5_color":"","take_time_5":"5mins","take_time_5_color":"","linklist_6":"Text 6","linklist_6_color":"","take_time_6":"5mins","take_time_6_color":"","linklist_7":"Text 7","linklist_7_color":"","take_time_7":"5mins","take_time_7_color":"","linklist_8":"Text 8","linklist_8_color":"","take_time_8":"5mins","take_time_8_color":""}},"1649481816586498fc-1":{"type":"text","settings":{"icon_image":"shopify:\/\/shop_images\/model-laughs-barefoot.jpg","title":"Caption","duration":"Duration: 2hrs","desc_title":"$00","link_txt":"","link":"#","linklist_1":"Text 1","linklist_1_color":"","take_time_1":"5mins","take_time_1_color":"","linklist_2":"Text 2","linklist_2_color":"","take_time_2":"5mins","take_time_2_color":"","linklist_3":"Text 3","linklist_3_color":"","take_time_3":"5mins","take_time_3_color":"","linklist_4":"Text 4","linklist_4_color":"","take_time_4":"5mins","take_time_4_color":"","linklist_5":"Text 5","linklist_5_color":"","take_time_5":"5mins","take_time_5_color":"","linklist_6":"Text 6","linklist_6_color":"","take_time_6":"5mins","take_time_6_color":"","linklist_7":"Text 7","linklist_7_color":"","take_time_7":"5mins","take_time_7_color":"","linklist_8":"Text 8","linklist_8_color":"","take_time_8":"5mins","take_time_8_color":""}},"1649481816586498fc-2":{"type":"text","settings":{"icon_image":"shopify:\/\/shop_images\/aged-map-with-worn-paper-corners.jpg","title":"Caption","duration":"Duration: 2hrs","desc_title":"$00","link_txt":"","link":"#","linklist_1":"Text 1","linklist_1_color":"","take_time_1":"5mins","take_time_1_color":"","linklist_2":"Text 2","linklist_2_color":"","take_time_2":"5mins","take_time_2_color":"","linklist_3":"Text 3","linklist_3_color":"","take_time_3":"5mins","take_time_3_color":"","linklist_4":"Text 4","linklist_4_color":"","take_time_4":"5mins","take_time_4_color":"","linklist_5":"Text 5","linklist_5_color":"","take_time_5":"5mins","take_time_5_color":"","linklist_6":"Text 6","linklist_6_color":"","take_time_6":"5mins","take_time_6_color":"","linklist_7":"Text 7","linklist_7_color":"","take_time_7":"5mins","take_time_7_color":"","linklist_8":"Text 8","linklist_8_color":"","take_time_8":"5mins","take_time_8_color":""}}},"block_order":["1649481816586498fc-0","1649481816586498fc-1","1649481816586498fc-2"],"settings":{"full":false,"spacing_both_ends":false,"padding":"0,80","margin":"0,0","show_background_image":false,"background_style":"none","background_size":"auto","enable_overlay":false,"background_color":"","overlay_transparency":"0.5","section_heading":"Pricing Table (style-2 with button style-1)","section_sub_heading":"","section_description":"","section_button_text":"","section_button_link":"","section_heading_color":"","section_sub_heading_color":"","section_description_color":"","section_button_bg_color":"","section_button_text_color":"","section_button_hover_bg_color":"","section_button_hover_text_color":"","heading_position":"text-center","block_style":"style-2","text_position":"text-center","grid":"3","price_table_style":"style1","border_radius":"0px","image_border_radius":"0px","enable_box_shadow":false,"enable_image_box_shadow":false,"block_border_color":"","block_bg":"","block_heading_color":"","block_description_color":"","block_sub_heading_color":"","block_heading_bg_color":"","block_seperator_color":"","block_button_section_bg_color":"","block_button_bg_color":"","block_button_text_color":"","block_button_hover_bg_color":"","block_button_hover_text_color":"","custom_class_name":""}},"1649482088b91289d7":{"type":"home-pricing-table","blocks":{"1649482088e0d6fd07-0":{"type":"text","settings":{"icon_image":"shopify:\/\/shop_images\/Mask_Group_26_680x_1.png","title":"Caption","duration":"Duration: 2hrs","desc_title":"$00","link_txt":"","link":"","linklist_1":"Text 1","linklist_1_color":"","take_time_1":"5mins","take_time_1_color":"","linklist_2":"Text 2","linklist_2_color":"","take_time_2":"5mins","take_time_2_color":"","linklist_3":"Text 3","linklist_3_color":"","take_time_3":"5mins","take_time_3_color":"","linklist_4":"Text 4","linklist_4_color":"","take_time_4":"5mins","take_time_4_color":"","linklist_5":"Text 5","linklist_5_color":"","take_time_5":"5mins","take_time_5_color":"","linklist_6":"Text 6","linklist_6_color":"","take_time_6":"5mins","take_time_6_color":"","linklist_7":"Text 7","linklist_7_color":"","take_time_7":"5mins","take_time_7_color":"","linklist_8":"Text 8","linklist_8_color":"","take_time_8":"5mins","take_time_8_color":""}},"1649482088e0d6fd07-1":{"type":"text","settings":{"icon_image":"shopify:\/\/shop_images\/Mask_Group_25_680x_1.png","title":"Caption","duration":"Duration: 2hrs","desc_title":"$00","link_txt":"","link":"#","linklist_1":"Text 1","linklist_1_color":"","take_time_1":"5mins","take_time_1_color":"","linklist_2":"Text 2","linklist_2_color":"","take_time_2":"5mins","take_time_2_color":"","linklist_3":"Text 3","linklist_3_color":"","take_time_3":"5mins","take_time_3_color":"","linklist_4":"Text 4","linklist_4_color":"","take_time_4":"5mins","take_time_4_color":"","linklist_5":"Text 5","linklist_5_color":"","take_time_5":"5mins","take_time_5_color":"","linklist_6":"Text 6","linklist_6_color":"","take_time_6":"5mins","take_time_6_color":"","linklist_7":"Text 7","linklist_7_color":"","take_time_7":"5mins","take_time_7_color":"","linklist_8":"Text 8","linklist_8_color":"","take_time_8":"5mins","take_time_8_color":""}},"1649482088e0d6fd07-2":{"type":"text","settings":{"icon_image":"shopify:\/\/shop_images\/Mask_Group_23_680x_1.png","title":"Caption","duration":"Duration: 2hrs","desc_title":"$00","link_txt":"","link":"#","linklist_1":"Text 1","linklist_1_color":"","take_time_1":"5mins","take_time_1_color":"","linklist_2":"Text 2","linklist_2_color":"","take_time_2":"5mins","take_time_2_color":"","linklist_3":"Text 3","linklist_3_color":"","take_time_3":"5mins","take_time_3_color":"","linklist_4":"Text 4","linklist_4_color":"","take_time_4":"5mins","take_time_4_color":"","linklist_5":"Text 5","linklist_5_color":"","take_time_5":"5mins","take_time_5_color":"","linklist_6":"Text 6","linklist_6_color":"","take_time_6":"5mins","take_time_6_color":"","linklist_7":"Text 7","linklist_7_color":"","take_time_7":"5mins","take_time_7_color":"","linklist_8":"Text 8","linklist_8_color":"","take_time_8":"5mins","take_time_8_color":""}}},"block_order":["1649482088e0d6fd07-0","1649482088e0d6fd07-1","1649482088e0d6fd07-2"],"settings":{"full":false,"spacing_both_ends":false,"padding":"0,80","margin":"0,0","show_background_image":false,"background_style":"none","background_size":"auto","enable_overlay":false,"background_color":"","overlay_transparency":"0.5","section_heading":"Pricing Table (style-2 with button style-2)","section_sub_heading":"","section_description":"","section_button_text":"","section_button_link":"","section_heading_color":"","section_sub_heading_color":"","section_description_color":"","section_button_bg_color":"","section_button_text_color":"","section_button_hover_bg_color":"","section_button_hover_text_color":"","heading_position":"text-center","block_style":"style-2","text_position":"text-center","grid":"3","price_table_style":"style2","border_radius":"0px","image_border_radius":"0px","enable_box_shadow":false,"enable_image_box_shadow":false,"block_border_color":"","block_bg":"","block_heading_color":"","block_description_color":"","block_sub_heading_color":"","block_heading_bg_color":"","block_seperator_color":"","block_button_section_bg_color":"","block_button_bg_color":"","block_button_text_color":"","block_button_hover_bg_color":"","block_button_hover_text_color":"","custom_class_name":""}},"1649484790275566a2":{"type":"home-pricing-table","blocks":{"1649484790d130bdc6-0":{"type":"text","settings":{"icon_image":"shopify:\/\/shop_images\/aged-map-with-worn-paper-corners.jpg","title":"Caption","duration":"Duration: 2hrs","desc_title":"$00","link_txt":"Sign up today","link":"#","linklist_1":"Text 1","linklist_1_color":"","take_time_1":"5mins","take_time_1_color":"","linklist_2":"Text 2","linklist_2_color":"","take_time_2":"5mins","take_time_2_color":"","linklist_3":"Text 3","linklist_3_color":"","take_time_3":"5mins","take_time_3_color":"","linklist_4":"Text 4","linklist_4_color":"","take_time_4":"5mins","take_time_4_color":"","linklist_5":"Text 5","linklist_5_color":"","take_time_5":"5mins","take_time_5_color":"","linklist_6":"Text 6","linklist_6_color":"","take_time_6":"5mins","take_time_6_color":"","linklist_7":"Text 7","linklist_7_color":"","take_time_7":"5mins","take_time_7_color":"","linklist_8":"Text 8","linklist_8_color":"","take_time_8":"5mins","take_time_8_color":""}},"1649484790d130bdc6-1":{"type":"text","settings":{"icon_image":"shopify:\/\/shop_images\/model-laughs-barefoot.jpg","title":"Caption","duration":"Duration: 2hrs","desc_title":"$00","link_txt":"Sign up today","link":"#","linklist_1":"Text 1","linklist_1_color":"","take_time_1":"5mins","take_time_1_color":"","linklist_2":"Text 2","linklist_2_color":"","take_time_2":"5mins","take_time_2_color":"","linklist_3":"Text 3","linklist_3_color":"","take_time_3":"5mins","take_time_3_color":"","linklist_4":"Text 4","linklist_4_color":"","take_time_4":"5mins","take_time_4_color":"","linklist_5":"Text 5","linklist_5_color":"","take_time_5":"5mins","take_time_5_color":"","linklist_6":"Text 6","linklist_6_color":"","take_time_6":"5mins","take_time_6_color":"","linklist_7":"Text 7","linklist_7_color":"","take_time_7":"5mins","take_time_7_color":"","linklist_8":"Text 8","linklist_8_color":"","take_time_8":"5mins","take_time_8_color":""}},"1649484790d130bdc6-2":{"type":"text","settings":{"icon_image":"shopify:\/\/shop_images\/aged-map-with-worn-paper-corners.jpg","title":"Caption","duration":"Duration: 2hrs","desc_title":"$00","link_txt":"Sign up today","link":"#","linklist_1":"Text 1","linklist_1_color":"","take_time_1":"5mins","take_time_1_color":"","linklist_2":"Text 2","linklist_2_color":"","take_time_2":"5mins","take_time_2_color":"","linklist_3":"Text 3","linklist_3_color":"","take_time_3":"5mins","take_time_3_color":"","linklist_4":"Text 4","linklist_4_color":"","take_time_4":"5mins","take_time_4_color":"","linklist_5":"Text 5","linklist_5_color":"","take_time_5":"5mins","take_time_5_color":"","linklist_6":"Text 6","linklist_6_color":"","take_time_6":"5mins","take_time_6_color":"","linklist_7":"Text 7","linklist_7_color":"","take_time_7":"5mins","take_time_7_color":"","linklist_8":"Text 8","linklist_8_color":"","take_time_8":"5mins","take_time_8_color":""}}},"block_order":["1649484790d130bdc6-0","1649484790d130bdc6-1","1649484790d130bdc6-2"],"settings":{"full":false,"spacing_both_ends":false,"padding":"0,80","margin":"0,0","show_background_image":false,"background_style":"none","background_size":"auto","enable_overlay":false,"background_color":"","overlay_transparency":"0.5","section_heading":"Pricing Table (style-3 with button style-1)","section_sub_heading":"","section_description":"","section_button_text":"","section_button_link":"","section_heading_color":"","section_sub_heading_color":"","section_description_color":"","section_button_bg_color":"","section_button_text_color":"","section_button_hover_bg_color":"","section_button_hover_text_color":"","heading_position":"text-center","block_style":"style-3","text_position":"text-center","grid":"3","price_table_style":"style1","border_radius":"0px","image_border_radius":"0px","enable_box_shadow":true,"enable_image_box_shadow":false,"block_border_color":"","block_bg":"","block_heading_color":"","block_description_color":"","block_sub_heading_color":"","block_heading_bg_color":"","block_seperator_color":"","block_button_section_bg_color":"","block_button_bg_color":"","block_button_text_color":"","block_button_hover_bg_color":"","block_button_hover_text_color":"","custom_class_name":""}},"1649484906bc2461e1":{"type":"home-pricing-table","blocks":{"16494849068d1b882b-0":{"type":"text","settings":{"icon_image":"shopify:\/\/shop_images\/Mask_Group_26_680x_1.png","title":"Caption","duration":"Duration: 2hrs","desc_title":"$00","link_txt":"Sign up today","link":"#","linklist_1":"Text 1","linklist_1_color":"","take_time_1":"5mins","take_time_1_color":"","linklist_2":"Text 2","linklist_2_color":"","take_time_2":"5mins","take_time_2_color":"","linklist_3":"Text 3","linklist_3_color":"","take_time_3":"5mins","take_time_3_color":"","linklist_4":"Text 4","linklist_4_color":"","take_time_4":"5mins","take_time_4_color":"","linklist_5":"Text 5","linklist_5_color":"","take_time_5":"5mins","take_time_5_color":"","linklist_6":"Text 6","linklist_6_color":"","take_time_6":"5mins","take_time_6_color":"","linklist_7":"Text 7","linklist_7_color":"","take_time_7":"5mins","take_time_7_color":"","linklist_8":"Text 8","linklist_8_color":"","take_time_8":"5mins","take_time_8_color":""}},"16494849068d1b882b-1":{"type":"text","settings":{"icon_image":"shopify:\/\/shop_images\/Mask_Group_25_680x_1.png","title":"Caption","duration":"Duration: 2hrs","desc_title":"$00","link_txt":"Sign up today","link":"#","linklist_1":"Text 1","linklist_1_color":"","take_time_1":"5mins","take_time_1_color":"","linklist_2":"Text 2","linklist_2_color":"","take_time_2":"5mins","take_time_2_color":"","linklist_3":"Text 3","linklist_3_color":"","take_time_3":"5mins","take_time_3_color":"","linklist_4":"Text 4","linklist_4_color":"","take_time_4":"5mins","take_time_4_color":"","linklist_5":"Text 5","linklist_5_color":"","take_time_5":"5mins","take_time_5_color":"","linklist_6":"Text 6","linklist_6_color":"","take_time_6":"5mins","take_time_6_color":"","linklist_7":"Text 7","linklist_7_color":"","take_time_7":"5mins","take_time_7_color":"","linklist_8":"Text 8","linklist_8_color":"","take_time_8":"5mins","take_time_8_color":""}},"16494849068d1b882b-2":{"type":"text","settings":{"icon_image":"shopify:\/\/shop_images\/Mask_Group_23_680x_1.png","title":"Caption","duration":"Duration: 2hrs","desc_title":"$00","link_txt":"Sign up today","link":"#","linklist_1":"Text 1","linklist_1_color":"","take_time_1":"5mins","take_time_1_color":"","linklist_2":"Text 2","linklist_2_color":"","take_time_2":"5mins","take_time_2_color":"","linklist_3":"Text 3","linklist_3_color":"","take_time_3":"5mins","take_time_3_color":"","linklist_4":"Text 4","linklist_4_color":"","take_time_4":"5mins","take_time_4_color":"","linklist_5":"Text 5","linklist_5_color":"","take_time_5":"5mins","take_time_5_color":"","linklist_6":"Text 6","linklist_6_color":"","take_time_6":"5mins","take_time_6_color":"","linklist_7":"Text 7","linklist_7_color":"","take_time_7":"5mins","take_time_7_color":"","linklist_8":"Text 8","linklist_8_color":"","take_time_8":"5mins","take_time_8_color":""}}},"block_order":["16494849068d1b882b-0","16494849068d1b882b-1","16494849068d1b882b-2"],"settings":{"full":false,"spacing_both_ends":false,"padding":"0,0","margin":"0,0","show_background_image":false,"background_style":"none","background_size":"auto","enable_overlay":false,"background_color":"","overlay_transparency":"0.5","section_heading":"Pricing Table (style-3 with button style-2)","section_sub_heading":"","section_description":"","section_button_text":"","section_button_link":"","section_heading_color":"","section_sub_heading_color":"","section_description_color":"","section_button_bg_color":"","section_button_text_color":"","section_button_hover_bg_color":"","section_button_hover_text_color":"","heading_position":"text-center","block_style":"style-3","text_position":"text-center","grid":"3","price_table_style":"style2","border_radius":"0px","image_border_radius":"0px","enable_box_shadow":false,"enable_image_box_shadow":false,"block_border_color":"","block_bg":"","block_heading_color":"","block_description_color":"","block_sub_heading_color":"","block_heading_bg_color":"","block_seperator_color":"","block_button_section_bg_color":"","block_button_bg_color":"","block_button_text_color":"","block_button_hover_bg_color":"","block_button_hover_text_color":"","custom_class_name":""}}},"order":["main","1649481295e4c8a98c","164948161179adb64a","1649481817e36bdfd9","1649482088b91289d7","1649484790275566a2","1649484906bc2461e1"]}