{"sections":{"main":{"type":"main-page","settings":{"full":false,"spacing_both_ends":false,"padding":"0,0","margin":"0,0"}},"1649651667351a7468":{"type":"home-slider-width-tabs","blocks":{"3974a6d4-4367-4718-8f93-d207e2bdfd7a":{"type":"Image","settings":{"image":"shopify:\/\/shop_images\/slider.jpg","show_image":true,"show_content":true,"tab":"Tab-1","main_title":"Fashion is part of the daily life","main_title_size":"50","sub_title":"","sub_title_size":"30","text":"Become a hot trend setter of your own","text_size":"20","link_text":"Shop Now","link":"#","slider_heading_color":"","slider_sub_heading_color":"","slider_description_color":"","slider_button_bg_color":"","slider_button_text_color":"","slider_button_hover_bg_color":"","slider_button_hover_text_color":""}},"ea739bd5-8804-4ac7-81c6-4d8b05aa8170":{"type":"Image","settings":{"image":"shopify:\/\/shop_images\/slider-img.jpg","show_image":true,"show_content":true,"tab":"Tab-2","main_title":"Fashion is about dreaming and making","main_title_size":"50","sub_title":"","sub_title_size":"30","text":"Wear anything that matches your dream taste","text_size":"20","link_text":"Shop Now","link":"#","slider_heading_color":"","slider_sub_heading_color":"","slider_description_color":"","slider_button_bg_color":"","slider_button_text_color":"","slider_button_hover_bg_color":"","slider_button_hover_text_color":""}}},"block_order":["3974a6d4-4367-4718-8f93-d207e2bdfd7a","ea739bd5-8804-4ac7-81c6-4d8b05aa8170"],"settings":{"full":false,"spacing_both_ends":false,"padding":"0,0","margin":"0,0","show_background_image":false,"background_style":"none","background_size":"auto","enable_overlay":false,"background_color":"","overlay_transparency":"0.5","section_heading":"Home slider with tabs","section_sub_heading":"","section_description":"","section_button_text":"","section_button_link":"","section_heading_color":"","section_sub_heading_color":"","section_description_color":"","section_button_bg_color":"","section_button_text_color":"","section_button_hover_bg_color":"","section_button_hover_text_color":"","heading_position":"text-center","slider_overlay_color":"","slider_overlay_transparency":"0.25","slider_progress_title_color":"","slider_progress_bar_color":"","slider_progress_bar_bg_color":"","disable_arrows":true,"custom_class_name":""}}},"order":["main","1649651667351a7468"]}