{"sections":{"main":{"type":"main-page","settings":{"full":false,"spacing_both_ends":false,"padding":"0,0","margin":"0,0"}},"16494914122a51dcd4":{"type":"home-product-deal-carousel","settings":{"full":false,"spacing_both_ends":false,"padding":"0,80","margin":"0,0","show_background_image":false,"background_style":"none","background_size":"auto","enable_overlay":false,"background_color":"","overlay_transparency":"0.5","section_heading":"Product Deal Carousel","section_sub_heading":"","section_description":"","section_button_text":"","section_button_link":"","section_heading_color":"","section_sub_heading_color":"","section_description_color":"","section_button_bg_color":"","section_button_text_color":"","section_button_hover_bg_color":"","section_button_hover_text_color":"","heading_position":"text-center","grouped_content_bg":"","grouped_column_gap":"30","grouped_content_padding":"0","group_border_radius":"0","enable_group_box_shadow":false,"reverse_column":false,"content_width":"30\/70","lap_content_width":"35\/65","additional_block_background_color":"","additional_block_box_shadow":false,"additional_content_padding":"0","additional_block_border_radius":"0","enable_main_content":true,"main_block_background_color":"","enable_main_block_box_shadow":false,"main_block_border_radius":"0","main_content_padding":"0","collection":"deal-counter","show_list_style":true,"show_thumb_images":true,"display_vendor":true,"truncated_description":true,"excerpt_count":"50","enable_add_cart":true,"display_color_variant":true,"display_item_size":true,"product_review":true,"enable_product_count":true,"column_gap":"30","border_radius":"0","grid":"1","post_limit":1,"enable_slider":true,"items_per_view":1,"items_laptop_view":1,"items_tablet_view":1,"items_mobile_view":1,"rows":1,"enable_center_mode":false,"slider_autoplay":0,"enable_auto_height":false,"dots":true,"carousel_pagination_alignment":"center_pagination","carousel_pagination_bottom_alignment":"outside_element","arrows":true,"nav_arrow_position":"center-navigation","center_nav_arrow_alignment":"outside_container","navigation_button_color":"","navigation_button_icon_color":"","navigation_button_hover_color":"","navigation_button_hover_icon_color":"","navigation_dot_color":"","navigation_dot_active_color":"","custom_class_name":""}},"1649493664786eb026":{"type":"home-product-deal-carousel","blocks":{"b456410a-3add-4641-a77a-a7abfb6b0140":{"type":"banner","settings":{"block_image":"shopify:\/\/shop_images\/Mask_Group_23_680x_1.png","show_image":true,"block_title":"Product with left sidebar","block_sub_title":"","block_description":"","block_button_text":"","block_button_link":"","block_banner_style":"grid","block_text_align":"text-center","grid_banner_box_shadow":false,"grid_banner_border_radius":"0","overlay_style_height":"400","content_position":"center","grid_banner_heading_color":"","grid_banner_sub_heading_color":"","grid_banner_description_color":"","grid_banner_button_bg_color":"","grid_banner_button_text_color":"","grid_banner_button_hover_bg_color":"","grid_banner_button_hover_text_color":"","grid_banner_content_bg":"","banner_image_overlay_style":"with-overlay","banner_image_overlay_color":"","banner_image_overlay_opacity":"0","banner_image_rotation_degree":"180"}}},"block_order":["b456410a-3add-4641-a77a-a7abfb6b0140"],"settings":{"full":false,"spacing_both_ends":false,"padding":"0,0","margin":"0,0","show_background_image":false,"background_style":"none","background_size":"auto","enable_overlay":false,"background_color":"","overlay_transparency":"0.5","section_heading":"Product Deal Carousel With Banner","section_sub_heading":"","section_description":"","section_button_text":"","section_button_link":"","section_heading_color":"","section_sub_heading_color":"","section_description_color":"","section_button_bg_color":"","section_button_text_color":"","section_button_hover_bg_color":"","section_button_hover_text_color":"","heading_position":"text-center","grouped_content_bg":"","grouped_column_gap":"30","grouped_content_padding":"0","group_border_radius":"0","enable_group_box_shadow":false,"reverse_column":false,"content_width":"25\/75","lap_content_width":"35\/65","additional_block_background_color":"","additional_block_box_shadow":false,"additional_content_padding":"0","additional_block_border_radius":"0","enable_main_content":true,"main_block_background_color":"","enable_main_block_box_shadow":false,"main_block_border_radius":"0","main_content_padding":"0","collection":"deal-counter","show_list_style":true,"show_thumb_images":true,"display_vendor":true,"truncated_description":true,"excerpt_count":"10","enable_add_cart":false,"display_color_variant":true,"display_item_size":false,"product_review":true,"enable_product_count":false,"column_gap":"30","border_radius":"0","grid":"2","post_limit":1,"enable_slider":true,"items_per_view":1,"items_laptop_view":1,"items_tablet_view":1,"items_mobile_view":1,"rows":1,"enable_center_mode":false,"slider_autoplay":0,"enable_auto_height":false,"dots":false,"carousel_pagination_alignment":"center_pagination","carousel_pagination_bottom_alignment":"outside_element","arrows":true,"nav_arrow_position":"navigation-bottom-left","center_nav_arrow_alignment":"inside_container","navigation_button_color":"","navigation_button_icon_color":"","navigation_button_hover_color":"","navigation_button_hover_icon_color":"","navigation_dot_color":"","navigation_dot_active_color":"","custom_class_name":""}}},"order":["main","16494914122a51dcd4","1649493664786eb026"]}