{"sections":{"main":{"type":"main-page","settings":{"full":false,"spacing_both_ends":false,"padding":"0,0","margin":"0,0"}},"1649678251220ed50c":{"type":"home-testimonial","blocks":{"1649678250e4a09494-0":{"type":"content","settings":{"quote":"<p>Lorem Ipsum is simply dummy text of the printing and typesetting industry. Lorem Ipsum has been the industry's standard dummy text ever since the 1500s, when an unknown printer took a galley of type.<\/p>","icon":"shopify:\/\/shop_images\/team-4.jpg","author":"Author Name","job":"Author Designation","star":"3"}},"139809ac-dca4-4888-815a-c260dd50dec3":{"type":"content","settings":{"quote":"<p>Lorem Ipsum is simply dummy text of the printing and typesetting industry. Lorem Ipsum has been the industry's standard dummy text ever since the 1500s, when an unknown printer took a galley of type.<\/p>","icon":"shopify:\/\/shop_images\/team-2.jpg","author":"Author Name","job":"Author Designation","star":"3"}},"0c860ade-73f1-4bf6-834c-8e85fe1ef95e":{"type":"content","settings":{"quote":"<p>Lorem Ipsum is simply dummy text of the printing and typesetting industry. Lorem Ipsum has been the industry's standard dummy text ever since the 1500s, when an unknown printer took a galley of type.<\/p>","icon":"shopify:\/\/shop_images\/team-1.jpg","author":"Author Name","job":"Author Designation","star":"3"}}},"block_order":["1649678250e4a09494-0","139809ac-dca4-4888-815a-c260dd50dec3","0c860ade-73f1-4bf6-834c-8e85fe1ef95e"],"settings":{"full":false,"spacing_both_ends":false,"padding":"0,80","margin":"0,0","show_background_image":false,"background_style":"none","background_size":"auto","enable_overlay":false,"background_color":"","overlay_transparency":"0.5","section_heading":"Testimonials -Style 1(Default -Plain)","section_sub_heading":"","section_description":"","section_button_text":"","section_button_link":"","section_heading_color":"","section_sub_heading_color":"","section_description_color":"","section_button_bg_color":"","section_button_text_color":"","section_button_hover_bg_color":"","section_button_hover_text_color":"","heading_position":"text-center","grid":"2","block_style":"style_1","boxed_styles":"default","enable_box_shadow":false,"reverse_column":false,"text_position":"text-start","quote_icon":"shopify:\/\/shop_images\/quote-icon-2.png","quote_style":"quote-icon-in-content","author_info_style":"style_2","border_radius":"0px","boxed_border_radius":"0","column_gap":"30","content_width":"30\/70","lap_content_width":"20\/80","vertical_position":"vertical-top","testimonial_border_color":"","testimonial_background_color":"","testimonial_content_color":"","testimonial_review_color":"","testimonial_author_text_color":"","testimonial_author_designation_color":"#1a1a1a","testimonial_author_separator_color":"","testimonial_quote_icon_color":"#f5e6da","enable_slider":true,"enable_auto_height":true,"items_per_view":2,"items_laptop_view":2,"items_tablet_view":2,"items_mobile_view":1,"enable_center_mode":false,"slider_autoplay":0,"dots":false,"carousel_pagination_alignment":"center_pagination","carousel_pagination_bottom_alignment":"outside_element","arrows":true,"nav_arrow_position":"center-navigation","center_nav_arrow_alignment":"outside_container","navigation_button_color":"","navigation_button_icon_color":"","navigation_button_hover_color":"","navigation_button_hover_icon_color":"","navigation_dot_color":"","navigation_dot_active_color":"","custom_class_name":""}},"164967839756ea8709":{"type":"home-testimonial","blocks":{"1649678396947e7c84-0":{"type":"content","settings":{"quote":"<p>Lorem Ipsum is simply dummy text of the printing and typesetting industry. Lorem Ipsum has been the industry's standard dummy text ever since the 1500s, when an unknown printer took a galley of type.<\/p>","icon":"shopify:\/\/shop_images\/team-1.jpg","author":"Author Name","job":"Author Designation","star":"3"}},"c6179c75-33f2-4ce2-9f00-b360fe538b14":{"type":"content","settings":{"quote":"<p>Lorem Ipsum is simply dummy text of the printing and typesetting industry. Lorem Ipsum has been the industry's standard dummy text ever since the 1500s, when an unknown printer took a galley of type.<\/p>","icon":"shopify:\/\/shop_images\/team-2.jpg","author":"Author Name","job":"Author Designation","star":"3"}},"73c60273-819f-41e5-9d3a-e38cc593e5d5":{"type":"content","settings":{"quote":"<p>Lorem Ipsum is simply dummy text of the printing and typesetting industry. Lorem Ipsum has been the industry's standard dummy text ever since the 1500s, when an unknown printer took a galley of type.<\/p>","icon":"shopify:\/\/shop_images\/team-4.jpg","author":"Author Name","job":"Author Designation","star":"3"}}},"block_order":["1649678396947e7c84-0","c6179c75-33f2-4ce2-9f00-b360fe538b14","73c60273-819f-41e5-9d3a-e38cc593e5d5"],"settings":{"full":false,"spacing_both_ends":false,"padding":"0,80","margin":"0,0","show_background_image":false,"background_style":"none","background_size":"auto","enable_overlay":false,"background_color":"","overlay_transparency":"0.5","section_heading":"Style 1 - Overall Boxed","section_sub_heading":"","section_description":"","section_button_text":"","section_button_link":"","section_heading_color":"","section_sub_heading_color":"","section_description_color":"","section_button_bg_color":"","section_button_text_color":"","section_button_hover_bg_color":"","section_button_hover_text_color":"","heading_position":"text-center","grid":"1","block_style":"style_1","boxed_styles":"overall_boxed","enable_box_shadow":true,"reverse_column":false,"text_position":"text-start","quote_icon":"shopify:\/\/shop_images\/quote-icon-2.png","quote_style":"quote-icon-in-content","author_info_style":"style_2","border_radius":"0px","boxed_border_radius":"0","column_gap":"30","content_width":"30\/70","lap_content_width":"20\/80","vertical_position":"vertical-top","testimonial_border_color":"","testimonial_background_color":"","testimonial_content_color":"","testimonial_review_color":"","testimonial_author_text_color":"","testimonial_author_designation_color":"","testimonial_author_separator_color":"","testimonial_quote_icon_color":"#ba8d69","enable_slider":true,"enable_auto_height":true,"items_per_view":2,"items_laptop_view":2,"items_tablet_view":2,"items_mobile_view":1,"enable_center_mode":false,"slider_autoplay":0,"dots":false,"carousel_pagination_alignment":"center_pagination","carousel_pagination_bottom_alignment":"outside_element","arrows":true,"nav_arrow_position":"navigation-top-right","center_nav_arrow_alignment":"outside_container","navigation_button_color":"","navigation_button_icon_color":"","navigation_button_hover_color":"","navigation_button_hover_icon_color":"","navigation_dot_color":"","navigation_dot_active_color":"","custom_class_name":""}},"1649678730ba0f5ea6":{"type":"home-testimonial","blocks":{"1649678730977e40af-0":{"type":"content","settings":{"quote":"<p>Lorem Ipsum is simply dummy text of the printing and typesetting industry. Lorem Ipsum has been the industry's standard dummy text ever since the 1500s, when an unknown printer took a galley of type.<\/p>","icon":"shopify:\/\/shop_images\/team-3.jpg","author":"Author Name","job":"Author Designation","star":"3"}},"a7987531-f244-4686-9ee9-1cc2a7dc4e47":{"type":"content","settings":{"quote":"<p>Lorem Ipsum is simply dummy text of the printing and typesetting industry. Lorem Ipsum has been the industry's standard dummy text ever since the 1500s, when an unknown printer took a galley of type.<\/p>","icon":"shopify:\/\/shop_images\/team-2.jpg","author":"Author Name","job":"Author Designation","star":"3"}},"7adaf1bf-320e-4b59-9305-dd727053f71e":{"type":"content","settings":{"quote":"<p>Lorem Ipsum is simply dummy text of the printing and typesetting industry. Lorem Ipsum has been the industry's standard dummy text ever since the 1500s, when an unknown printer took a galley of type.<\/p>","icon":"shopify:\/\/shop_images\/team-1.jpg","author":"Author Name","job":"Author Designation","star":"3"}}},"block_order":["1649678730977e40af-0","a7987531-f244-4686-9ee9-1cc2a7dc4e47","7adaf1bf-320e-4b59-9305-dd727053f71e"],"settings":{"full":false,"spacing_both_ends":false,"padding":"0,80","margin":"0,0","show_background_image":false,"background_style":"none","background_size":"auto","enable_overlay":false,"background_color":"","overlay_transparency":"0.5","section_heading":"Style 1 - Content Boxed","section_sub_heading":"","section_description":"","section_button_text":"","section_button_link":"","section_heading_color":"","section_sub_heading_color":"","section_description_color":"","section_button_bg_color":"","section_button_text_color":"","section_button_hover_bg_color":"","section_button_hover_text_color":"","heading_position":"text-center","grid":"1","block_style":"style_1","boxed_styles":"content_boxed","enable_box_shadow":false,"reverse_column":false,"text_position":"text-start","quote_icon":"shopify:\/\/shop_images\/quote-icon-2.png","quote_style":"quote-icon-in-content","author_info_style":"style_2","border_radius":"0px","boxed_border_radius":"0","column_gap":"30","content_width":"30\/70","lap_content_width":"20\/80","vertical_position":"vertical-top","testimonial_border_color":"","testimonial_background_color":"","testimonial_content_color":"","testimonial_review_color":"","testimonial_author_text_color":"","testimonial_author_designation_color":"","testimonial_author_separator_color":"","testimonial_quote_icon_color":"","enable_slider":true,"enable_auto_height":true,"items_per_view":2,"items_laptop_view":2,"items_tablet_view":2,"items_mobile_view":1,"enable_center_mode":false,"slider_autoplay":0,"dots":false,"carousel_pagination_alignment":"center_pagination","carousel_pagination_bottom_alignment":"outside_element","arrows":true,"nav_arrow_position":"center-navigation","center_nav_arrow_alignment":"outside_container","navigation_button_color":"","navigation_button_icon_color":"","navigation_button_hover_color":"","navigation_button_hover_icon_color":"","navigation_dot_color":"","navigation_dot_active_color":"","custom_class_name":""}},"16496789044a024dfc":{"type":"home-testimonial","blocks":{"1649678904c8127a7c-0":{"type":"content","settings":{"quote":"<p>Lorem Ipsum is simply dummy text of the printing and typesetting industry. Lorem Ipsum has been the industry's standard dummy text ever since the 1500s, when an unknown printer took a galley of type.<\/p>","icon":"shopify:\/\/shop_images\/team-3.jpg","author":"Author Name","job":"Author Designation","star":"3"}},"f09b9114-887f-4929-8c3d-966dd107d8bb":{"type":"content","settings":{"quote":"<p>Lorem Ipsum is simply dummy text of the printing and typesetting industry. Lorem Ipsum has been the industry's standard dummy text ever since the 1500s, when an unknown printer took a galley of type.<\/p>","icon":"shopify:\/\/shop_images\/team-2.jpg","author":"Author Name","job":"Author Designation","star":"3"}},"c735fa35-fcd0-4631-8c7c-f8714112c339":{"type":"content","settings":{"quote":"<p>Lorem Ipsum is simply dummy text of the printing and typesetting industry. Lorem Ipsum has been the industry's standard dummy text ever since the 1500s, when an unknown printer took a galley of type.<\/p>","icon":"shopify:\/\/shop_images\/team-1.jpg","author":"Author Name","job":"Author Designation","star":"3"}}},"block_order":["1649678904c8127a7c-0","f09b9114-887f-4929-8c3d-966dd107d8bb","c735fa35-fcd0-4631-8c7c-f8714112c339"],"settings":{"full":false,"spacing_both_ends":false,"padding":"0,80","margin":"0,0","show_background_image":false,"background_style":"none","background_size":"auto","enable_overlay":false,"background_color":"","overlay_transparency":"0.5","section_heading":"Style 1 - Quote Boxed","section_sub_heading":"","section_description":"","section_button_text":"","section_button_link":"","section_heading_color":"","section_sub_heading_color":"","section_description_color":"","section_button_bg_color":"","section_button_text_color":"","section_button_hover_bg_color":"","section_button_hover_text_color":"","heading_position":"text-center","grid":"1","block_style":"style_1","boxed_styles":"quote_boxed","enable_box_shadow":false,"reverse_column":false,"text_position":"text-start","quote_icon":"shopify:\/\/shop_images\/quote-icon-2.png","quote_style":"quote-icon-in-content","author_info_style":"style_2","border_radius":"0px","boxed_border_radius":"0","column_gap":"30","content_width":"30\/70","lap_content_width":"20\/80","vertical_position":"vertical-top","testimonial_border_color":"","testimonial_background_color":"","testimonial_content_color":"","testimonial_review_color":"","testimonial_author_text_color":"","testimonial_author_designation_color":"","testimonial_author_separator_color":"","testimonial_quote_icon_color":"#f5e6da","enable_slider":true,"enable_auto_height":true,"items_per_view":2,"items_laptop_view":2,"items_tablet_view":2,"items_mobile_view":1,"enable_center_mode":false,"slider_autoplay":0,"dots":true,"carousel_pagination_alignment":"center_pagination","carousel_pagination_bottom_alignment":"outside_element","arrows":true,"nav_arrow_position":"center-navigation","center_nav_arrow_alignment":"outside_container","navigation_button_color":"","navigation_button_icon_color":"","navigation_button_hover_color":"","navigation_button_hover_icon_color":"","navigation_dot_color":"","navigation_dot_active_color":"","custom_class_name":""}},"164968169811793475":{"type":"home-testimonial","blocks":{"16496816980db5bed5-0":{"type":"content","settings":{"quote":"<p>Lorem Ipsum is simply dummy text of the printing and typesetting industry. Lorem Ipsum has been the industry's standard dummy text ever since the 1500s, when an unknown printer took a galley of type.<\/p>","icon":"shopify:\/\/shop_images\/team-4.jpg","author":"Author Name","job":"Author Designation","star":"3"}},"5f643e89-4e58-4797-826f-b1aaa95e54d0":{"type":"content","settings":{"quote":"<p>Lorem Ipsum is simply dummy text of the printing and typesetting industry. Lorem Ipsum has been the industry's standard dummy text ever since the 1500s, when an unknown printer took a galley of type.<\/p>","icon":"shopify:\/\/shop_images\/team-2.jpg","author":"Author Name","job":"Author Designation","star":"3"}},"00c7af3d-9a6c-4961-8b3c-ef11c99dbab6":{"type":"content","settings":{"quote":"<p>Lorem Ipsum is simply dummy text of the printing and typesetting industry. Lorem Ipsum has been the industry's standard dummy text ever since the 1500s, when an unknown printer took a galley of type.<\/p>","icon":"shopify:\/\/shop_images\/team-3.jpg","author":"Author Name","job":"Author Designation","star":"3"}}},"block_order":["16496816980db5bed5-0","5f643e89-4e58-4797-826f-b1aaa95e54d0","00c7af3d-9a6c-4961-8b3c-ef11c99dbab6"],"settings":{"full":false,"spacing_both_ends":false,"padding":"0,80","margin":"0,0","show_background_image":false,"background_style":"none","background_size":"auto","enable_overlay":false,"background_color":"","overlay_transparency":"0.5","section_heading":"Style 2 - Content Boxed","section_sub_heading":"","section_description":"","section_button_text":"","section_button_link":"","section_heading_color":"","section_sub_heading_color":"","section_description_color":"","section_button_bg_color":"","section_button_text_color":"","section_button_hover_bg_color":"","section_button_hover_text_color":"","heading_position":"text-center","grid":"1","block_style":"style_2","boxed_styles":"content_boxed","enable_box_shadow":false,"reverse_column":false,"text_position":"text-start","quote_style":"no-quote-icon","author_info_style":"style_1","border_radius":"50%","boxed_border_radius":"0","column_gap":"30","content_width":"30\/70","lap_content_width":"20\/80","vertical_position":"vertical-top","testimonial_border_color":"","testimonial_background_color":"","testimonial_content_color":"","testimonial_review_color":"","testimonial_author_text_color":"","testimonial_author_designation_color":"","testimonial_author_separator_color":"","testimonial_quote_icon_color":"","enable_slider":true,"enable_auto_height":true,"items_per_view":2,"items_laptop_view":2,"items_tablet_view":2,"items_mobile_view":1,"enable_center_mode":false,"slider_autoplay":0,"dots":false,"carousel_pagination_alignment":"center_pagination","carousel_pagination_bottom_alignment":"outside_element","arrows":true,"nav_arrow_position":"navigation-top-left","center_nav_arrow_alignment":"outside_container","navigation_button_color":"","navigation_button_icon_color":"","navigation_button_hover_color":"","navigation_button_hover_icon_color":"","navigation_dot_color":"","navigation_dot_active_color":"","custom_class_name":""}},"16496818422cf1e72d":{"type":"home-testimonial","blocks":{"16496818425eb9d910-0":{"type":"content","settings":{"quote":"<p>Lorem Ipsum is simply dummy text of the printing and typesetting industry. Lorem Ipsum has been the industry's standard dummy text ever since the 1500s, when an unknown printer took a galley of type.<\/p>","icon":"shopify:\/\/shop_images\/team-3.jpg","author":"Author Name","job":"Author Designation","star":"3"}},"fec8e1d9-e02a-4664-82b2-83a3e2a78cbc":{"type":"content","settings":{"quote":"<p>Lorem Ipsum is simply dummy text of the printing and typesetting industry. Lorem Ipsum has been the industry's standard dummy text ever since the 1500s, when an unknown printer took a galley of type.<\/p>","icon":"shopify:\/\/shop_images\/team-2.jpg","author":"Author Name","job":"Author Designation","star":"3"}},"5fc8a9de-d5a7-4c04-aac6-5c831111600e":{"type":"content","settings":{"quote":"<p>Lorem Ipsum is simply dummy text of the printing and typesetting industry. Lorem Ipsum has been the industry's standard dummy text ever since the 1500s, when an unknown printer took a galley of type.<\/p>","icon":"shopify:\/\/shop_images\/team-4.jpg","author":"Author Name","job":"Author Designation","star":"3"}}},"block_order":["16496818425eb9d910-0","fec8e1d9-e02a-4664-82b2-83a3e2a78cbc","5fc8a9de-d5a7-4c04-aac6-5c831111600e"],"settings":{"full":false,"spacing_both_ends":false,"padding":"0,80","margin":"0,0","show_background_image":false,"background_style":"none","background_size":"auto","enable_overlay":false,"background_color":"","overlay_transparency":"0.5","section_heading":"Style 2 - Default (Plain)","section_sub_heading":"","section_description":"","section_button_text":"","section_button_link":"","section_heading_color":"","section_sub_heading_color":"","section_description_color":"","section_button_bg_color":"","section_button_text_color":"","section_button_hover_bg_color":"","section_button_hover_text_color":"","heading_position":"text-center","grid":"1","block_style":"style_2","boxed_styles":"default","enable_box_shadow":false,"reverse_column":false,"text_position":"text-start","quote_icon":"shopify:\/\/shop_images\/quote-icon-2.png","quote_style":"quote-icon-in-content","author_info_style":"style_2","border_radius":"0px","boxed_border_radius":"0","column_gap":"30","content_width":"30\/70","lap_content_width":"20\/80","vertical_position":"vertical-top","testimonial_border_color":"","testimonial_background_color":"","testimonial_content_color":"","testimonial_review_color":"","testimonial_author_text_color":"","testimonial_author_designation_color":"","testimonial_author_separator_color":"","testimonial_quote_icon_color":"#f5e6da","enable_slider":true,"enable_auto_height":true,"items_per_view":2,"items_laptop_view":2,"items_tablet_view":2,"items_mobile_view":1,"enable_center_mode":false,"slider_autoplay":0,"dots":false,"carousel_pagination_alignment":"center_pagination","carousel_pagination_bottom_alignment":"outside_element","arrows":true,"nav_arrow_position":"center-navigation","center_nav_arrow_alignment":"outside_container","navigation_button_color":"","navigation_button_icon_color":"","navigation_button_hover_color":"","navigation_button_hover_icon_color":"","navigation_dot_color":"","navigation_dot_active_color":"","custom_class_name":""}},"164968205635868f4f":{"type":"home-testimonial","blocks":{"16496820565aec8d01-0":{"type":"content","settings":{"quote":"<p>Lorem Ipsum is simply dummy text of the printing and typesetting industry. Lorem Ipsum has been the industry's standard dummy text ever since the 1500s, when an unknown printer took a galley of type.<\/p>","icon":"shopify:\/\/shop_images\/team-1.jpg","author":"Author Name","job":"Author Designation","star":"3"}},"0f4e7538-95a6-42c1-bd21-3ed9c18852e1":{"type":"content","settings":{"quote":"<p>Lorem Ipsum is simply dummy text of the printing and typesetting industry. Lorem Ipsum has been the industry's standard dummy text ever since the 1500s, when an unknown printer took a galley of type.<\/p>","icon":"shopify:\/\/shop_images\/team-2.jpg","author":"Author Name","job":"Author Designation","star":"3"}},"76d201e0-8d33-4a30-9856-f81ad2f85b05":{"type":"content","settings":{"quote":"<p>Lorem Ipsum is simply dummy text of the printing and typesetting industry. Lorem Ipsum has been the industry's standard dummy text ever since the 1500s, when an unknown printer took a galley of type.<\/p>","icon":"shopify:\/\/shop_images\/team-4.jpg","author":"Author Name","job":"Author Designation","star":"3"}}},"block_order":["16496820565aec8d01-0","0f4e7538-95a6-42c1-bd21-3ed9c18852e1","76d201e0-8d33-4a30-9856-f81ad2f85b05"],"settings":{"full":false,"spacing_both_ends":false,"padding":"0,80","margin":"0,0","show_background_image":false,"background_style":"none","background_size":"auto","enable_overlay":false,"background_color":"","overlay_transparency":"0.5","section_heading":"Style 2 - Overall Boxed","section_sub_heading":"","section_description":"","section_button_text":"","section_button_link":"","section_heading_color":"","section_sub_heading_color":"","section_description_color":"","section_button_bg_color":"","section_button_text_color":"","section_button_hover_bg_color":"","section_button_hover_text_color":"","heading_position":"text-center","grid":"1","block_style":"style_2","boxed_styles":"overall_boxed","enable_box_shadow":false,"reverse_column":false,"text_position":"text-center","quote_icon":"shopify:\/\/shop_images\/quote-icon-2.png","quote_style":"quote-icon-in-content","author_info_style":"style_2","border_radius":"0px","boxed_border_radius":"0","column_gap":"30","content_width":"30\/70","lap_content_width":"20\/80","vertical_position":"vertical-top","testimonial_border_color":"","testimonial_background_color":"","testimonial_content_color":"","testimonial_review_color":"","testimonial_author_text_color":"","testimonial_author_designation_color":"","testimonial_author_separator_color":"","testimonial_quote_icon_color":"","enable_slider":true,"enable_auto_height":true,"items_per_view":2,"items_laptop_view":2,"items_tablet_view":2,"items_mobile_view":1,"enable_center_mode":false,"slider_autoplay":0,"dots":false,"carousel_pagination_alignment":"center_pagination","carousel_pagination_bottom_alignment":"outside_element","arrows":true,"nav_arrow_position":"navigation-bottom-right","center_nav_arrow_alignment":"outside_container","navigation_button_color":"","navigation_button_icon_color":"","navigation_button_hover_color":"","navigation_button_hover_icon_color":"","navigation_dot_color":"","navigation_dot_active_color":"","custom_class_name":""}},"1649682274f2854a23":{"type":"home-testimonial","blocks":{"16496822744ab27998-0":{"type":"content","settings":{"quote":"<p>Lorem Ipsum is simply dummy text of the printing and typesetting industry. Lorem Ipsum has been the industry's standard dummy text ever since the 1500s, when an unknown printer took a galley of type.<\/p>","icon":"shopify:\/\/shop_images\/team-2.jpg","author":"Author Name","job":"Author Designation","star":"3"}},"819fc216-470f-40ba-94d6-77bcd708ff85":{"type":"content","settings":{"quote":"<p>Lorem Ipsum is simply dummy text of the printing and typesetting industry. Lorem Ipsum has been the industry's standard dummy text ever since the 1500s, when an unknown printer took a galley of type.<\/p>","icon":"shopify:\/\/shop_images\/team-3.jpg","author":"Author Name","job":"Author Designation","star":"3"}},"59c045a2-0a54-4525-8442-e43e7a2f9725":{"type":"content","settings":{"quote":"<p>Lorem Ipsum is simply dummy text of the printing and typesetting industry. Lorem Ipsum has been the industry's standard dummy text ever since the 1500s, when an unknown printer took a galley of type.<\/p>","icon":"shopify:\/\/shop_images\/team-4.jpg","author":"Author Name","job":"Author Designation","star":"3"}}},"block_order":["16496822744ab27998-0","819fc216-470f-40ba-94d6-77bcd708ff85","59c045a2-0a54-4525-8442-e43e7a2f9725"],"settings":{"full":false,"spacing_both_ends":false,"padding":"0,80","margin":"0,0","show_background_image":false,"background_style":"none","background_size":"auto","enable_overlay":false,"background_color":"","overlay_transparency":"0.5","section_heading":"Style 3 - Default (Plain)","section_sub_heading":"","section_description":"","section_button_text":"","section_button_link":"","section_heading_color":"","section_sub_heading_color":"","section_description_color":"","section_button_bg_color":"","section_button_text_color":"","section_button_hover_bg_color":"","section_button_hover_text_color":"","heading_position":"text-center","grid":"1","block_style":"style_3","boxed_styles":"default","enable_box_shadow":false,"reverse_column":true,"text_position":"text-start","quote_icon":"shopify:\/\/shop_images\/quote-icon-2.png","quote_style":"quote-icon-in-content","author_info_style":"style_2","border_radius":"0px","boxed_border_radius":"0","column_gap":"30","content_width":"30\/70","lap_content_width":"20\/80","vertical_position":"vertical-top","testimonial_border_color":"","testimonial_background_color":"","testimonial_content_color":"","testimonial_review_color":"","testimonial_author_text_color":"","testimonial_author_designation_color":"","testimonial_author_separator_color":"","testimonial_quote_icon_color":"#f5e6da","enable_slider":true,"enable_auto_height":true,"items_per_view":2,"items_laptop_view":2,"items_tablet_view":2,"items_mobile_view":1,"enable_center_mode":false,"slider_autoplay":0,"dots":false,"carousel_pagination_alignment":"center_pagination","carousel_pagination_bottom_alignment":"outside_element","arrows":true,"nav_arrow_position":"center-navigation","center_nav_arrow_alignment":"outside_container","navigation_button_color":"","navigation_button_icon_color":"","navigation_button_hover_color":"","navigation_button_hover_icon_color":"","navigation_dot_color":"","navigation_dot_active_color":"","custom_class_name":""}},"164968248611795bc9":{"type":"home-testimonial","blocks":{"16496824860912e4a4-0":{"type":"content","settings":{"quote":"<p>Lorem Ipsum is simply dummy text of the printing and typesetting industry. Lorem Ipsum has been the industry's standard dummy text ever since the 1500s, when an unknown printer took a galley of type.<\/p>","icon":"shopify:\/\/shop_images\/team-4.jpg","author":"Author Name","job":"Author Designation","star":"3"}},"309767ac-d594-415a-94b7-6622f675d003":{"type":"content","settings":{"quote":"<p>Lorem Ipsum is simply dummy text of the printing and typesetting industry. Lorem Ipsum has been the industry's standard dummy text ever since the 1500s, when an unknown printer took a galley of type.<\/p>","icon":"shopify:\/\/shop_images\/team-1.jpg","author":"Author Name","job":"Author Designation","star":"3"}},"9f623c09-7e06-4f70-a2a6-ef666ed8ebfe":{"type":"content","settings":{"quote":"<p>Lorem Ipsum is simply dummy text of the printing and typesetting industry. Lorem Ipsum has been the industry's standard dummy text ever since the 1500s, when an unknown printer took a galley of type.<\/p>","icon":"shopify:\/\/shop_images\/team-2.jpg","author":"Author Name","job":"Author Designation","star":"3"}}},"block_order":["16496824860912e4a4-0","309767ac-d594-415a-94b7-6622f675d003","9f623c09-7e06-4f70-a2a6-ef666ed8ebfe"],"settings":{"full":false,"spacing_both_ends":false,"padding":"0,80","margin":"0,0","show_background_image":false,"background_style":"none","background_size":"auto","enable_overlay":false,"background_color":"","overlay_transparency":"0.5","section_heading":"Style 3 - Overall Boxed","section_sub_heading":"","section_description":"","section_button_text":"","section_button_link":"","section_heading_color":"","section_sub_heading_color":"","section_description_color":"","section_button_bg_color":"","section_button_text_color":"","section_button_hover_bg_color":"","section_button_hover_text_color":"","heading_position":"text-center","grid":"1","block_style":"style_3","boxed_styles":"overall_boxed","enable_box_shadow":false,"reverse_column":false,"text_position":"text-start","quote_style":"no-quote-icon","author_info_style":"style_1","border_radius":"0px","boxed_border_radius":"0","column_gap":"30","content_width":"30\/70","lap_content_width":"20\/80","vertical_position":"vertical-top","testimonial_border_color":"","testimonial_background_color":"","testimonial_content_color":"","testimonial_review_color":"","testimonial_author_text_color":"","testimonial_author_designation_color":"","testimonial_author_separator_color":"","testimonial_quote_icon_color":"","enable_slider":true,"enable_auto_height":true,"items_per_view":2,"items_laptop_view":2,"items_tablet_view":2,"items_mobile_view":1,"enable_center_mode":false,"slider_autoplay":0,"dots":false,"carousel_pagination_alignment":"center_pagination","carousel_pagination_bottom_alignment":"outside_element","arrows":true,"nav_arrow_position":"navigation-bottom-left","center_nav_arrow_alignment":"outside_container","navigation_button_color":"","navigation_button_icon_color":"","navigation_button_hover_color":"","navigation_button_hover_icon_color":"","navigation_dot_color":"","navigation_dot_active_color":"","custom_class_name":""}},"1649682743047383f8":{"type":"home-testimonial","blocks":{"16496827436ce1d516-0":{"type":"content","settings":{"quote":"<p>Lorem Ipsum is simply dummy text of the printing and typesetting industry. Lorem Ipsum has been the industry's standard dummy text ever since the 1500s, when an unknown printer took a galley of type.<\/p>","icon":"shopify:\/\/shop_images\/team-2.jpg","author":"Author Name","job":"Author Designation","star":"3"}},"3d475f15-0625-474d-87c3-9a2959af6c93":{"type":"content","settings":{"quote":"<p>Lorem Ipsum is simply dummy text of the printing and typesetting industry. Lorem Ipsum has been the industry's standard dummy text ever since the 1500s, when an unknown printer took a galley of type.<\/p>","icon":"shopify:\/\/shop_images\/team-4.jpg","author":"Author Name","job":"Author Designation","star":"3"}},"ffb27f7e-5215-4860-864b-fd6e258b2580":{"type":"content","settings":{"quote":"<p>Lorem Ipsum is simply dummy text of the printing and typesetting industry. Lorem Ipsum has been the industry's standard dummy text ever since the 1500s, when an unknown printer took a galley of type.<\/p>","icon":"shopify:\/\/shop_images\/team-1.jpg","author":"Author Name","job":"Author Designation","star":"3"}},"9b11c5af-a6f0-44b3-acb1-779c78dace9f":{"type":"content","settings":{"quote":"<p>Lorem Ipsum is simply dummy text of the printing and typesetting industry. Lorem Ipsum has been the industry's standard dummy text ever since the 1500s, when an unknown printer took a galley of type.<\/p>","icon":"shopify:\/\/shop_images\/team-3.jpg","author":"Author Name","job":"Author Designation","star":"3"}}},"block_order":["16496827436ce1d516-0","3d475f15-0625-474d-87c3-9a2959af6c93","ffb27f7e-5215-4860-864b-fd6e258b2580","9b11c5af-a6f0-44b3-acb1-779c78dace9f"],"settings":{"full":false,"spacing_both_ends":false,"padding":"0,80","margin":"0,0","show_background_image":false,"background_style":"none","background_size":"auto","enable_overlay":false,"background_color":"","overlay_transparency":"0.5","section_heading":"Style 3 - Overall Boxed ( Center Mode Active)","section_sub_heading":"","section_description":"","section_button_text":"","section_button_link":"","section_heading_color":"","section_sub_heading_color":"","section_description_color":"","section_button_bg_color":"","section_button_text_color":"","section_button_hover_bg_color":"","section_button_hover_text_color":"","heading_position":"text-center","grid":"1","block_style":"style_3","boxed_styles":"overall_boxed","enable_box_shadow":false,"reverse_column":false,"text_position":"text-center","quote_icon":"shopify:\/\/shop_images\/quote-icon-2.png","quote_style":"quote-icon-in-content","author_info_style":"style_2","border_radius":"0px","boxed_border_radius":"0","column_gap":"30","content_width":"30\/70","lap_content_width":"20\/80","vertical_position":"vertical-top","testimonial_border_color":"","testimonial_background_color":"","testimonial_content_color":"","testimonial_review_color":"","testimonial_author_text_color":"","testimonial_author_designation_color":"","testimonial_author_separator_color":"","testimonial_quote_icon_color":"","enable_slider":true,"enable_auto_height":true,"items_per_view":2,"items_laptop_view":2,"items_tablet_view":2,"items_mobile_view":1,"enable_center_mode":true,"slider_autoplay":0,"dots":false,"carousel_pagination_alignment":"center_pagination","carousel_pagination_bottom_alignment":"outside_element","arrows":true,"nav_arrow_position":"navigation-top-center","center_nav_arrow_alignment":"outside_container","navigation_button_color":"","navigation_button_icon_color":"","navigation_button_hover_color":"","navigation_button_hover_icon_color":"","navigation_dot_color":"","navigation_dot_active_color":"","custom_class_name":""}},"16496830674d0ecb53":{"type":"home-testimonial","blocks":{"1649683067e0304987-0":{"type":"content","settings":{"quote":"<p>Lorem Ipsum is simply dummy text of the printing and typesetting industry. Lorem Ipsum has been the industry's standard dummy text ever since the 1500s, when an unknown printer took a galley of type.<\/p>","icon":"shopify:\/\/shop_images\/team-3.jpg","author":"Author Name","job":"Author Designation","star":"3"}},"9270520c-faf8-4b57-b134-bd3623377f91":{"type":"content","settings":{"quote":"<p>Lorem Ipsum is simply dummy text of the printing and typesetting industry. Lorem Ipsum has been the industry's standard dummy text ever since the 1500s, when an unknown printer took a galley of type.<\/p>","icon":"shopify:\/\/shop_images\/team-4.jpg","author":"Author Name","job":"Author Designation","star":"3"}},"374896ac-b59c-4bc7-8520-86b5b96dd95c":{"type":"content","settings":{"quote":"<p>Lorem Ipsum is simply dummy text of the printing and typesetting industry. Lorem Ipsum has been the industry's standard dummy text ever since the 1500s, when an unknown printer took a galley of type.<\/p>","icon":"shopify:\/\/shop_images\/team-2.jpg","author":"Author Name","job":"Author Designation","star":"3"}}},"block_order":["1649683067e0304987-0","9270520c-faf8-4b57-b134-bd3623377f91","374896ac-b59c-4bc7-8520-86b5b96dd95c"],"settings":{"full":false,"spacing_both_ends":false,"padding":"0,0","margin":"0,0","show_background_image":false,"background_style":"none","background_size":"auto","enable_overlay":false,"background_color":"","overlay_transparency":"0.5","section_heading":"Testimonials Quote Position(Within image)","section_sub_heading":"","section_description":"","section_button_text":"","section_button_link":"","section_heading_color":"","section_sub_heading_color":"","section_description_color":"","section_button_bg_color":"","section_button_text_color":"","section_button_hover_bg_color":"","section_button_hover_text_color":"","heading_position":"text-center","grid":"1","block_style":"style_3","boxed_styles":"default","enable_box_shadow":false,"reverse_column":true,"text_position":"text-start","quote_icon":"shopify:\/\/shop_images\/quote-icon-2.png","quote_style":"quote-icon-in-image","author_info_style":"style_1","border_radius":"0px","boxed_border_radius":"0","column_gap":"30","content_width":"30\/70","lap_content_width":"20\/80","vertical_position":"vertical-top","testimonial_border_color":"","testimonial_background_color":"","testimonial_content_color":"","testimonial_review_color":"","testimonial_author_text_color":"","testimonial_author_designation_color":"","testimonial_author_separator_color":"","testimonial_quote_icon_color":"","enable_slider":true,"enable_auto_height":true,"items_per_view":2,"items_laptop_view":2,"items_tablet_view":2,"items_mobile_view":1,"enable_center_mode":false,"slider_autoplay":0,"dots":true,"carousel_pagination_alignment":"center_pagination","carousel_pagination_bottom_alignment":"outside_element","arrows":true,"nav_arrow_position":"center-navigation","center_nav_arrow_alignment":"outside_container","navigation_button_color":"","navigation_button_icon_color":"","navigation_button_hover_color":"","navigation_button_hover_icon_color":"","navigation_dot_color":"","navigation_dot_active_color":"","custom_class_name":""}}},"order":["main","1649678251220ed50c","164967839756ea8709","1649678730ba0f5ea6","16496789044a024dfc","164968169811793475","16496818422cf1e72d","164968205635868f4f","1649682274f2854a23","164968248611795bc9","1649682743047383f8","16496830674d0ecb53"]}