{"sections":{"main":{"type":"main-page","settings":{"full":false,"spacing_both_ends":false,"padding":"0,0","margin":"0,0"}},"1649504763e7ba18f1":{"type":"home-html-text","settings":{"full":false,"spacing_both_ends":false,"padding":"0,0","margin":"0,-20","show_background_image":false,"background_style":"none","background_size":"auto","enable_overlay":false,"background_color":"","overlay_transparency":"0.5","section_heading":"Default Content With Slider","section_sub_heading":"","section_description":"","section_button_text":"","section_button_link":"","section_heading_color":"","section_sub_heading_color":"","section_description_color":"","section_button_bg_color":"","section_button_text_color":"","section_button_hover_bg_color":"","section_button_hover_text_color":"","heading_position":"text-center","html":"<!--<div id='insta-feed'><\/div>-->","custom_class_name":""}},"16495030434f222604":{"type":"slideshow","blocks":{"31f7a056-5918-4df3-9a62-5cbc89f02a4c":{"type":"Slider","settings":{"slider_type":"image","image":"shopify:\/\/shop_images\/slider.jpg","video_url":"https:\/\/storage.googleapis.com\/coverr-main\/mp4\/Palm_Trees.mp4","iframe_url":"","mobile_bg_clr":"","text_alignment":"text-center","content_position":"dt-sc-flex-center","show_image":false,"show_content":true,"title_2":"","subheading_color":"","subheading_size":"20","title":"Where come from?","heading_color":"#1a1a1a","heading_size":"40","desc":"It is a long established fact that a reader will be distracted by the readable content of a page when looking at its layout","desc_color":"","desc_size":"20","button":"","link":"","btn_bg_color":"","btn_txt_color":"","btn_hoverbg_color":"","btn_hovertxt_color":"","button_2":"","link_2":"","btn_bg_color_2":"","btn_txt_color_2":"","btn_hoverbg_color_2":"","btn_hovertxt_color_2":"","slide_content_bg":"rgba(0,0,0,0)"}},"8c7dd994-b57b-41cb-93a5-82abc74e2d36":{"type":"Slider","settings":{"slider_type":"image","image":"shopify:\/\/shop_images\/slider_img.jpg","video_url":"https:\/\/storage.googleapis.com\/coverr-main\/mp4\/Palm_Trees.mp4","iframe_url":"","mobile_bg_clr":"","text_alignment":"text-end","content_position":"center-right","show_image":false,"show_content":true,"title_2":"","subheading_color":"","subheading_size":"20","title":"What is Lorem Ipsum?","heading_color":"","heading_size":"40","desc":"It is a long established fact that a reader will be distracted by the readable content of a page when looking at its layout","desc_color":"","desc_size":"20","button":"","link":"","btn_bg_color":"","btn_txt_color":"","btn_hoverbg_color":"","btn_hovertxt_color":"","button_2":"","link_2":"","btn_bg_color_2":"","btn_txt_color_2":"","btn_hoverbg_color_2":"","btn_hovertxt_color_2":"","slide_content_bg":"rgba(0,0,0,0)"}}},"block_order":["31f7a056-5918-4df3-9a62-5cbc89f02a4c","8c7dd994-b57b-41cb-93a5-82abc74e2d36"],"settings":{"full":true,"spacing_both_ends":false,"margin":"0,80","slider_height":750,"slider_height_lap":730,"slider_height_tab":740,"slider_height_mobile":560,"video-aspect-ratio":"","content_within_container":true,"enable_box_shadow":false,"border_radius":"0","content_border_radius":"0","autoplay":false,"slideshow_speed":"5000","dots":false,"carousel_pagination_alignment":"right_pagination","carousel_pagination_bottom_alignment":"inside_element","arrows":true,"nav_arrow_position":"center-navigation","center_nav_arrow_alignment":"inside_container","navigation_button_color":"","navigation_button_icon_color":"","navigation_button_hover_color":"","navigation_button_hover_icon_color":"","navigation_dot_color":"","navigation_dot_active_color":"","custom_class_name":""}},"1649504901a075847e":{"type":"home-html-text","settings":{"full":false,"spacing_both_ends":false,"padding":"0,0","margin":"0,-20","show_background_image":false,"background_style":"none","background_size":"auto","enable_overlay":false,"background_color":"","overlay_transparency":"0.5","section_heading":"Video And Embed Video Silder","section_sub_heading":"","section_description":"","section_button_text":"","section_button_link":"","section_heading_color":"","section_sub_heading_color":"","section_description_color":"","section_button_bg_color":"","section_button_text_color":"","section_button_hover_bg_color":"","section_button_hover_text_color":"","heading_position":"text-center","html":"<!--<div id='insta-feed'><\/div>-->","custom_class_name":""}},"1649504916f7fc133c":{"type":"slideshow","blocks":{"7c6a0f3f-b833-4edc-88d1-4ef2e048b1c9":{"type":"Slider","settings":{"slider_type":"video","image":"shopify:\/\/shop_images\/slider.jpg","video_url":"https:\/\/storage.googleapis.com\/coverr-main\/mp4\/Palm_Trees.mp4","iframe_url":"","mobile_bg_clr":"","text_alignment":"text-center","content_position":"dt-sc-flex-center","show_image":false,"show_content":false,"title_2":"Sub Heading","subheading_color":"","subheading_size":"20","title":"Heading","heading_color":"","heading_size":"54","desc":"Few lines of short description.","desc_color":"","desc_size":"14","button":"Shop Now","link":"","btn_bg_color":"","btn_txt_color":"","btn_hoverbg_color":"","btn_hovertxt_color":"","button_2":"Shop Now","link_2":"","btn_bg_color_2":"","btn_txt_color_2":"","btn_hoverbg_color_2":"","btn_hovertxt_color_2":"","slide_content_bg":""}},"0b4ef9ff-1c00-4f89-ad4f-e846c7d4a4b8":{"type":"Slider","settings":{"slider_type":"video","image":"shopify:\/\/shop_images\/slider_img.jpg","video_url":"","iframe_url":"<iframe width=\"100%\" height=\"500\" src=\"https:\/\/www.youtube.com\/embed\/gAkWsGlofyU\" title=\"YouTube video player\" frameborder=\"0\" allow=\"accelerometer; autoplay; clipboard-write; encrypted-media; gyroscope; picture-in-picture\" allowfullscreen><\/iframe>","mobile_bg_clr":"","text_alignment":"text-center","content_position":"dt-sc-flex-center","show_image":false,"show_content":false,"title_2":"Sub Heading","subheading_color":"","subheading_size":"20","title":"Heading","heading_color":"","heading_size":"54","desc":"Few lines of short description.","desc_color":"","desc_size":"14","button":"Shop Now","link":"","btn_bg_color":"","btn_txt_color":"","btn_hoverbg_color":"","btn_hovertxt_color":"","button_2":"Shop Now","link_2":"","btn_bg_color_2":"","btn_txt_color_2":"","btn_hoverbg_color_2":"","btn_hovertxt_color_2":"","slide_content_bg":""}}},"block_order":["7c6a0f3f-b833-4edc-88d1-4ef2e048b1c9","0b4ef9ff-1c00-4f89-ad4f-e846c7d4a4b8"],"settings":{"full":true,"spacing_both_ends":false,"margin":"0,80","slider_height":640,"slider_height_lap":620,"slider_height_tab":650,"slider_height_mobile":500,"video-aspect-ratio":"","content_within_container":true,"enable_box_shadow":false,"border_radius":"0","content_border_radius":"0","autoplay":false,"slideshow_speed":"5000","dots":true,"carousel_pagination_alignment":"center_pagination","carousel_pagination_bottom_alignment":"inside_element","arrows":true,"nav_arrow_position":"center-navigation","center_nav_arrow_alignment":"inside_container","navigation_button_color":"","navigation_button_icon_color":"","navigation_button_hover_color":"","navigation_button_hover_icon_color":"","navigation_dot_color":"","navigation_dot_active_color":"","custom_class_name":""}},"16495049291a763681":{"type":"home-html-text","settings":{"full":false,"spacing_both_ends":false,"padding":"0,0","margin":"0,-20","show_background_image":false,"background_style":"none","background_size":"auto","enable_overlay":false,"background_color":"","overlay_transparency":"0.5","section_heading":"Video With slider","section_sub_heading":"","section_description":"","section_button_text":"","section_button_link":"","section_heading_color":"","section_sub_heading_color":"","section_description_color":"","section_button_bg_color":"","section_button_text_color":"","section_button_hover_bg_color":"","section_button_hover_text_color":"","heading_position":"text-center","html":"<!--<div id='insta-feed'><\/div>-->","custom_class_name":""}},"1649503615c6fa5319":{"type":"slideshow","blocks":{"04dafeb7-0b4f-40c4-aa64-b60cc7904518":{"type":"Slider","settings":{"slider_type":"video","image":"shopify:\/\/shop_images\/slider-img.jpg","video_url":"https:\/\/storage.googleapis.com\/coverr-main\/mp4\/Palm_Trees.mp4","iframe_url":"","mobile_bg_clr":"","text_alignment":"text-center","content_position":"dt-sc-flex-center","show_image":false,"show_content":false,"title_2":"Sub Heading","subheading_color":"","subheading_size":"20","title":"Heading","heading_color":"","heading_size":"54","desc":"Few lines of short description.","desc_color":"","desc_size":"14","button":"Shop Now","link":"","btn_bg_color":"","btn_txt_color":"","btn_hoverbg_color":"","btn_hovertxt_color":"","button_2":"Shop Now","link_2":"","btn_bg_color_2":"","btn_txt_color_2":"","btn_hoverbg_color_2":"","btn_hovertxt_color_2":"","slide_content_bg":""}},"374f447d-4ff2-46b4-ba3f-7871a2d2f4bd":{"type":"Slider","settings":{"slider_type":"image","image":"shopify:\/\/shop_images\/slider_img.jpg","video_url":"https:\/\/storage.googleapis.com\/coverr-main\/mp4\/Palm_Trees.mp4","iframe_url":"","mobile_bg_clr":"","text_alignment":"text-end","content_position":"center-right","show_image":false,"show_content":true,"title_2":"","subheading_color":"","subheading_size":"20","title":"What is Lorem Ipsum?","heading_color":"","heading_size":"40","desc":"It is a long established fact that a reader will be distracted by the readable content of a page when looking at its layout.","desc_color":"","desc_size":"20","button":"","link":"","btn_bg_color":"","btn_txt_color":"","btn_hoverbg_color":"","btn_hovertxt_color":"","button_2":"","link_2":"","btn_bg_color_2":"","btn_txt_color_2":"","btn_hoverbg_color_2":"","btn_hovertxt_color_2":"","slide_content_bg":"rgba(0,0,0,0)"}},"76a03bd7-c0a2-4038-8192-a7f0ce9bf159":{"type":"Slider","settings":{"slider_type":"video","video_url":"","iframe_url":"<iframe width=\"560\" height=\"315\" src=\"https:\/\/www.youtube.com\/embed\/tQG6jYy9xto\" title=\"YouTube video player\" frameborder=\"0\" allow=\"accelerometer; autoplay; clipboard-write; encrypted-media; gyroscope; picture-in-picture\" allowfullscreen><\/iframe>","mobile_bg_clr":"","text_alignment":"text-center","content_position":"dt-sc-flex-center","show_image":false,"show_content":false,"title_2":"Sub Heading","subheading_color":"","subheading_size":"20","title":"Heading","heading_color":"","heading_size":"54","desc":"Few lines of short description.","desc_color":"","desc_size":"14","button":"Shop Now","link":"","btn_bg_color":"","btn_txt_color":"","btn_hoverbg_color":"","btn_hovertxt_color":"","button_2":"Shop Now","link_2":"","btn_bg_color_2":"","btn_txt_color_2":"","btn_hoverbg_color_2":"","btn_hovertxt_color_2":"","slide_content_bg":""}}},"block_order":["04dafeb7-0b4f-40c4-aa64-b60cc7904518","374f447d-4ff2-46b4-ba3f-7871a2d2f4bd","76a03bd7-c0a2-4038-8192-a7f0ce9bf159"],"settings":{"full":false,"spacing_both_ends":false,"margin":"0,0","slider_height":500,"slider_height_lap":400,"slider_height_tab":400,"slider_height_mobile":300,"video-aspect-ratio":"16\/9","content_within_container":false,"enable_box_shadow":true,"border_radius":"0","content_border_radius":"0","autoplay":false,"slideshow_speed":"5000","dots":true,"carousel_pagination_alignment":"center_pagination","carousel_pagination_bottom_alignment":"inside_element","arrows":true,"nav_arrow_position":"center-navigation","center_nav_arrow_alignment":"inside_container","navigation_button_color":"","navigation_button_icon_color":"","navigation_button_hover_color":"","navigation_button_hover_icon_color":"","navigation_dot_color":"","navigation_dot_active_color":"","custom_class_name":""}}},"order":["main","1649504763e7ba18f1","16495030434f222604","1649504901a075847e","1649504916f7fc133c","16495049291a763681","1649503615c6fa5319"]}