{"sections":{"1652177166499c7edc":{"type":"Static-slider","blocks":{"36a81ff8-03b8-44e3-9e4b-4cb0d1a6d185":{"type":"Slider","settings":{"image":"shopify:\/\/shop_images\/home-1.jpg","mobile_image":"shopify:\/\/shop_images\/aara11.jpg","mobile_bg_clr":"#ebe7e4","show_image":false,"title_2":"New Fashion","subheading_color":"#000000","subheading_size":"22","title":"<span>Perfect<\/span> <br>Outfits <br><strong>SALE!<\/strong>","heading_color":"#000000","heading_size":"100","desc":"","desc_color":"#000000","desc_size":"20","side_desc":"Save upto 20%Off","side_desc_color":"#000000","side_desc_size":"20","button":"Shop Now","link":"shopify:\/\/collections\/best-sellers-demo-1","btn_bg_color":"","btn_txt_color":"","btn_hoverbg_color":"","btn_hovertxt_color":"","button_2":"","link_2":"","btn_bg_color_2":"","btn_txt_color_2":"","btn_hoverbg_color_2":"","btn_hovertxt_color_2":"","slide_content_bg":"rgba(0,0,0,0)"}},"bac8fb7d-b6fe-4ec5-8eb0-3cab72fc7325":{"type":"Slider","settings":{"image":"shopify:\/\/shop_images\/home-2.jpg","mobile_image":"shopify:\/\/shop_images\/aara1.jpg","mobile_bg_clr":"#ebe7e4","show_image":false,"title_2":"New Arrivals","subheading_color":"","subheading_size":"20","title":"<span>Biggest<\/span> <br>Fashion <br><strong>SALE!<\/strong>","heading_color":"#000000","heading_size":"100","desc":"","desc_color":"#000000","desc_size":"20","side_desc":"Save upto 10%Off","side_desc_color":"#000000","side_desc_size":"20","button":"Shop Now","link":"#","btn_bg_color":"","btn_txt_color":"","btn_hoverbg_color":"","btn_hovertxt_color":"","button_2":"","link_2":"","btn_bg_color_2":"","btn_txt_color_2":"","btn_hoverbg_color_2":"","btn_hovertxt_color_2":"","slide_content_bg":"rgba(0,0,0,0)"}},"4a444e1d-6c56-4047-b6db-7cf7372a550c":{"type":"Slider","disabled":true,"settings":{"image":"shopify:\/\/shop_images\/slider.jpg","mobile_bg_clr":"#ebe7e4","show_image":false,"title_2":"New Arrivals","subheading_color":"#000000","subheading_size":"22","title":"<span>Biggest<\/span> <br>Fashion <br><strong>Sale!<\/strong>","heading_color":"#000000","heading_size":"100","desc":"","desc_color":"","desc_size":"20","side_desc":"Save upto 20%Off","side_desc_color":"","side_desc_size":"20","button":"Shop Now","link":"#","btn_bg_color":"","btn_txt_color":"","btn_hoverbg_color":"","btn_hovertxt_color":"","button_2":"","link_2":"","btn_bg_color_2":"","btn_txt_color_2":"","btn_hoverbg_color_2":"","btn_hovertxt_color_2":"","slide_content_bg":"rgba(0,0,0,0)"}}},"block_order":["36a81ff8-03b8-44e3-9e4b-4cb0d1a6d185","bac8fb7d-b6fe-4ec5-8eb0-3cab72fc7325","4a444e1d-6c56-4047-b6db-7cf7372a550c"],"settings":{"full":true,"spacing_both_ends":false,"margin":"0,0","slider_height":1000,"slider_height_lap":900,"slider_height_tab":800,"slider_height_mobile":600,"content_within_container":true,"enable_box_shadow":false,"border_radius":"0","content_border_radius":"0","autoplay":false,"slideshow_speed":"5000","dots":true,"carousel_pagination_alignment":"right_pagination","carousel_pagination_bottom_alignment":"inside_element","arrows":false,"nav_arrow_position":"navigation-bottom-center","center_nav_arrow_alignment":"inside_container","navigation_button_color":"","navigation_button_icon_color":"","navigation_button_hover_color":"","navigation_button_hover_icon_color":"","navigation_dot_color":"","navigation_dot_active_color":"","custom_class_name":"custom-slider"}},"1641192923cf7cf963":{"type":"home-support-block","blocks":{"28f2999f-c3be-40fc-8deb-7b26745f4d44":{"type":"icon","settings":{"icon":"shopify:\/\/shop_images\/icon01.png","title":"","desc":"Free Delivery","link_text":"","link":"","text_underline_color":"#fff4d8","icon_bg_color":""}},"a9c71db4-8c08-4198-aeab-5af5be59eece":{"type":"icon","settings":{"icon":"shopify:\/\/shop_images\/icon02.png","title":"","desc":"Easy Returns","link_text":"","link":"","text_underline_color":"#f1c5af","icon_bg_color":""}},"ee2b02c4-60b0-4f6e-97af-d65951cfa0f0":{"type":"icon","settings":{"icon":"shopify:\/\/shop_images\/icon03.png","title":"","desc":"Customer Service","link_text":"","link":"","text_underline_color":"#bee1e6","icon_bg_color":""}},"e27c2519-1d27-4284-8dd4-9546ae9932af":{"type":"icon","settings":{"icon":"shopify:\/\/shop_images\/icon04.png","title":"","desc":"Secure Guarantee","link_text":"","link":"","text_underline_color":"#f4e9d4","icon_bg_color":""}}},"block_order":["28f2999f-c3be-40fc-8deb-7b26745f4d44","a9c71db4-8c08-4198-aeab-5af5be59eece","ee2b02c4-60b0-4f6e-97af-d65951cfa0f0","e27c2519-1d27-4284-8dd4-9546ae9932af"],"settings":{"full":false,"spacing_both_ends":false,"padding":"50,50","margin":"0,0","show_background_image":false,"background_style":"none","background_size":"auto","enable_overlay":false,"background_color":"","overlay_transparency":"0.5","section_heading":"","section_sub_heading":"","section_description":"","section_button_text":"","section_button_link":"","section_heading_color":"","section_sub_heading_color":"","section_description_color":"","section_button_bg_color":"","section_button_text_color":"","section_button_hover_bg_color":"","section_button_hover_text_color":"","heading_position":"text-center","text_position":"text-center","block_style":"default-style","grid":"4","enable_grid_style":true,"vertical_position":"position-vertical-center","reverse_column":false,"border_radius":"0px","icon_border_radius":"0px","enable_box_shadow":false,"block_icon_outer_size":"60px","block_icon_size":"60px","slide_on_mobile":true,"block_border_color":"rgba(0,0,0,0)","block_bg":"rgba(0,0,0,0)","block_icon_bg":"rgba(0,0,0,0)","block_icon_border_color":"rgba(0,0,0,0)","block_heading_color":"","block_description_color":"","block_button_bg_color":"","block_button_text_color":"","block_button_hover_bg_color":"","block_button_hover_text_color":"","custom_class_name":"custom_support"}},"16411943113c18c20f":{"type":"home-product-carousel","settings":{"full":true,"spacing_both_ends":true,"padding":"0,0","margin":"0,0","show_background_image":false,"background_style":"none","background_size":"auto","enable_overlay":false,"background_color":"","overlay_transparency":"0.5","section_heading":"","section_sub_heading":"","section_description":"","section_button_text":"","section_button_link":"","section_heading_color":"","section_sub_heading_color":"","section_description_color":"","section_button_bg_color":"","section_button_text_color":"","section_button_hover_bg_color":"","section_button_hover_text_color":"","heading_position":"text-start","grouped_content_bg":"rgba(0,0,0,0)","grouped_column_gap":"0","grouped_content_padding":"0","group_border_radius":"","enable_group_box_shadow":false,"reverse_column":true,"content_width":"50\/50","lap_content_width":"50\/50","tab_content_width":"50\/50","additional_block_background_color":"","additional_block_box_shadow":false,"additional_content_padding":"0","additional_block_border_radius":"0","enable_main_content":true,"main_block_background_color":"rgba(0,0,0,0)","enable_main_block_box_shadow":false,"main_block_border_radius":"0","main_content_padding":"0","collection":"new-arrivals-demo-1","column_gap":"0","border_radius":"0","enable_list_view":false,"grid":"4","post_limit":4,"enable_slider":true,"items_per_view":4,"items_laptop_view":4,"items_tablet_view":2,"items_mobile_landscape_view":1,"items_mobile_view":1,"enable_center_mode":false,"rows":1,"slider_autoplay":0,"enable_auto_height":false,"dots":false,"carousel_pagination_alignment":"left_pagination","carousel_pagination_bottom_alignment":"outside_element","arrows":true,"nav_arrow_position":"center-navigation","center_nav_arrow_alignment":"outside_container","navigation_button_color":"","navigation_button_icon_color":"","navigation_button_hover_color":"","navigation_button_hover_icon_color":"","navigation_dot_color":"","navigation_dot_active_color":"","custom_class_name":"custom_product_carousel"}},"16424048551c9bfc29":{"type":"home-masonry-banner","blocks":{"16424048553c0d4f19-0":{"type":"content","settings":{"show_image":false,"block_title":"Express The Feel Of Fashion","block_sub_title":"About us","block_description":"Nisl marques condimentum mutjseu tesluse herese id venenatis a condimentum vitae sapien pellentesque habitant. Faucibus nisl tincidunt eget nullam non nisi.Elementum curabitur vitae nunc sed velit dignissim. Urna porttitor rhoncus dolor purus non enim praesent elementum facilisis.<br><br>  Fringilla est ullamcorper eget nulla facilisi etiam dignissim. Etiam sit amet nisl purus in mollis nunc sed. Orci a scelerisque purus semper eget duis. Quam id leo in vitae turpis uis viverra nibh cras pulvinar mattis nunc sed blandit.","block_button_text":"Shop Now","block_button_link":"shopify:\/\/collections\/demo-1-stylish-products","use_title_link":false,"block_text_align":"text-start","content_position":"center-left","image_position":"center","reverse_column":false,"block_banner_bg":"rgba(0,0,0,0)","block_heading_color":"","block_sub_heading_color":"","block_description_color":"","block_button_bg_color":"#d6a6ad","block_button_text_color":"#181818","block_button_hover_bg_color":"#d6a6ad","block_button_hover_text_color":"#181818","overlay_style":"use_gradient_overlay","overlay_color":"#f3eeeb","overlay_opacity":"0.75","rotation_degree":"180"}}},"block_order":["16424048553c0d4f19-0"],"settings":{"full":false,"spacing_both_ends":false,"padding":"80,80","margin":"0,0","show_background_image":false,"background_style":"none","background_size":"auto","enable_overlay":false,"background_color":"","overlay_transparency":"0.5","section_heading":"","section_sub_heading":"","section_description":"","section_button_text":"","section_button_link":"","heading_position":"text-center","section_heading_color":"","section_sub_heading_color":"","section_description_color":"","section_button_bg_color":"","section_button_text_color":"","section_button_hover_bg_color":"","section_button_hover_text_color":"","main_banner_style":"overlay","block_banner_style":"overlay","reverse_column":true,"column_gap":"30px","enable_box_shadow":false,"border_radius":"0","content_width":"50\/50","lap_content_width":"50\/50","tab_content_width":"50\/50","primary_text_align":"text-start","primary_position":"bottom-left","enable_main_img":true,"primary_image":"shopify:\/\/shop_images\/grid01.jpg","image_position":"top left","primary_title":"Aara Cort Combo","underline_color":"#d6a6ad","primary_sub_title":"","primary_description":"","primary_button_text":"Shop Now","primary_button_link":"shopify:\/\/collections\/new-arrivals-demo-1","set_heading_link":true,"primary_banner_bg":"#bee1e6","primary_heading_color":"","primary_sub_heading_color":"","primary_description_color":"","primary_button_bg_color":"#d6a6ad","primary_button_text_color":"#000000","primary_button_hover_bg_color":"#d6a6ad","primary_button_hover_text_color":"#181818","overlay_style":"use_gradient_overlay","overlay_color":"#bee1e6","overlay_opacity":".75","rotation_degree":"180","block_style":"style-2","enable_badge":true,"overlay_style_height":1100,"overlay_style_height_laptop":800,"overlay_style_height_tab":440,"overlay_style_height_mobile":440,"custom_class_name":"custom-masonry-banner"}},"1647003528e0dd4daf":{"type":"home-grid-banner","blocks":{"16470035281d74e274-0":{"type":"content","settings":{"block_image":"shopify:\/\/shop_images\/grid02.jpg","show_image":true,"block_title":"Overcoat Dress","underline_color":"#f1c5af","block_sub_title":"","block_description":"","show_scroll_txt":false,"block_scroll_txt":"Scroll Text","block_button_text":"Shop Now","block_button_link":"shopify:\/\/collections\/best-sellers-demo-1","use_title_link":true,"enable_button_link_2":false,"block_button_text_2":"","block_button_link_2":"","block_text_align":"text-center","content_position":"bottom-center","reverse_column":false,"block_banner_bg":"#bee1e6","block_content_box_bg":"","block_heading_color":"","block_sub_heading_color":"","scroll_txt_color":"","block_description_color":"","block_button_bg_color":"#d6a6ad","block_button_text_color":"#181818","block_button_hover_bg_color":"#d6a6ad","block_button_hover_text_color":"#181818","block_button_bg_color_2":"","block_button_text_color_2":"","block_button_hover_bg_color_2":"","block_button_hover_text_color_2":"","overlay_style":"use_gradient_overlay","overlay_color":"#bee1e6","overlay_opacity":"0.75","rotation_degree":"180"}},"0d02c8d2-2eb3-4bd9-bb82-72ad5f5500c4":{"type":"content","settings":{"block_image":"shopify:\/\/shop_images\/grid03.jpg","show_image":true,"block_title":"Jean Dress","underline_color":"#f4e9d4","block_sub_title":"","block_description":"","show_scroll_txt":false,"block_scroll_txt":"Scroll Text","block_button_text":"Shop Now","block_button_link":"shopify:\/\/collections\/new-arrivals-demo-1","use_title_link":true,"enable_button_link_2":false,"block_button_text_2":"","block_button_link_2":"","block_text_align":"text-center","content_position":"bottom-center","reverse_column":false,"block_banner_bg":"#fcb7d8","block_content_box_bg":"","block_heading_color":"","block_sub_heading_color":"","scroll_txt_color":"","block_description_color":"","block_button_bg_color":"#d6a6ad","block_button_text_color":"#181818","block_button_hover_bg_color":"#d6a6ad","block_button_hover_text_color":"#181818","block_button_bg_color_2":"","block_button_text_color_2":"","block_button_hover_bg_color_2":"","block_button_hover_text_color_2":"","overlay_style":"use_gradient_overlay","overlay_color":"#f3eeeb","overlay_opacity":"0.75","rotation_degree":"180"}},"df477972-d16d-4a34-957e-aaba3b8d80a8":{"type":"content","settings":{"block_image":"shopify:\/\/shop_images\/grid04.jpg","show_image":true,"block_title":"Woolen Dress","underline_color":"#bee1e6","block_sub_title":"","block_description":"","show_scroll_txt":false,"block_scroll_txt":"Scroll Text","block_button_text":"Shop Now","block_button_link":"shopify:\/\/collections\/shop-demo1","use_title_link":true,"enable_button_link_2":false,"block_button_text_2":"","block_button_link_2":"","block_text_align":"text-center","content_position":"bottom-center","reverse_column":false,"block_banner_bg":"#f5a6a9","block_content_box_bg":"","block_heading_color":"","block_sub_heading_color":"","scroll_txt_color":"","block_description_color":"","block_button_bg_color":"#d6a6ad","block_button_text_color":"#181818","block_button_hover_bg_color":"#d6a6ad","block_button_hover_text_color":"#181818","block_button_bg_color_2":"","block_button_text_color_2":"","block_button_hover_bg_color_2":"","block_button_hover_text_color_2":"","overlay_style":"use_gradient_overlay","overlay_color":"#f3eeeb","overlay_opacity":"0.75","rotation_degree":"180"}}},"block_order":["16470035281d74e274-0","0d02c8d2-2eb3-4bd9-bb82-72ad5f5500c4","df477972-d16d-4a34-957e-aaba3b8d80a8"],"settings":{"full":true,"spacing_both_ends":true,"padding":"0,0","margin":"0,0","show_background_image":false,"background_style":"none","background_size":"auto","enable_overlay":false,"background_color":"","overlay_transparency":"0.5","section_heading":"","section_sub_heading":"","section_description":"","section_button_text":"","section_button_link":"","section_heading_color":"","section_sub_heading_color":"","section_description_color":"","section_button_bg_color":"","section_button_text_color":"","section_button_hover_bg_color":"","section_button_hover_text_color":"","heading_position":"text-center","block_banner_style":"overlay","column_gap":"40","grid":"3","border_radius":"0","enable_box_shadow":false,"equal_height":false,"content_width":"50\/50","lap_content_width":"40\/60","overlay_style_height":750,"overlay_style_height_laptop":600,"overlay_style_height_mobile":550,"custom_class_name":"custom-grid-banner"}},"1641196637f1b94dad":{"type":"home-grid-banner","blocks":{"1641196637d8d916cd-0":{"type":"content","settings":{"block_image":"shopify:\/\/shop_images\/grid06.jpg","show_image":true,"block_title":"Adventure's Fashion","underline_color":"#d6a6ad","block_sub_title":"","block_description":"","show_scroll_txt":false,"block_scroll_txt":"Scroll Text","block_button_text":"Shop Now","block_button_link":"shopify:\/\/collections\/best-sellers-demo-1","use_title_link":true,"enable_button_link_2":false,"block_button_text_2":"","block_button_link_2":"","block_text_align":"text-start","content_position":"bottom-right","reverse_column":false,"block_banner_bg":"#bee1e6","block_content_box_bg":"","block_heading_color":"","block_sub_heading_color":"","scroll_txt_color":"","block_description_color":"","block_button_bg_color":"#d6a6ad","block_button_text_color":"#181818","block_button_hover_bg_color":"#d6a6ad","block_button_hover_text_color":"#181818","block_button_bg_color_2":"","block_button_text_color_2":"","block_button_hover_bg_color_2":"","block_button_hover_text_color_2":"","overlay_style":"use_gradient_overlay","overlay_color":"#bee1e6","overlay_opacity":"0.85","rotation_degree":"180"}},"7b1ee2a5-03f4-42bf-b12a-fbcc3445bd4d":{"type":"content","settings":{"block_image":"shopify:\/\/shop_images\/grid05.jpg","show_image":true,"block_title":"Fantastic Desgins","underline_color":"#d6a6ad","block_sub_title":"","block_description":"","show_scroll_txt":false,"block_scroll_txt":"Scroll Text","block_button_text":"Shop Now","block_button_link":"shopify:\/\/collections\/new-arrivals-demo-1","use_title_link":true,"enable_button_link_2":false,"block_button_text_2":"","block_button_link_2":"","block_text_align":"text-start","content_position":"bottom-right","reverse_column":false,"block_banner_bg":"#bee1e6","block_content_box_bg":"","block_heading_color":"","block_sub_heading_color":"","scroll_txt_color":"","block_description_color":"","block_button_bg_color":"","block_button_text_color":"#181818","block_button_hover_bg_color":"","block_button_hover_text_color":"#181818","block_button_bg_color_2":"","block_button_text_color_2":"","block_button_hover_bg_color_2":"","block_button_hover_text_color_2":"","overlay_style":"use_gradient_overlay","overlay_color":"#bee1e6","overlay_opacity":"0.75","rotation_degree":"180"}}},"block_order":["1641196637d8d916cd-0","7b1ee2a5-03f4-42bf-b12a-fbcc3445bd4d"],"settings":{"full":true,"spacing_both_ends":true,"padding":"80,80","margin":"0,0","show_background_image":false,"background_style":"none","background_size":"auto","enable_overlay":false,"background_color":"","overlay_transparency":"0.5","section_heading":"","section_sub_heading":"","section_description":"","section_button_text":"","section_button_link":"","section_heading_color":"","section_sub_heading_color":"","section_description_color":"","section_button_bg_color":"","section_button_text_color":"","section_button_hover_bg_color":"","section_button_hover_text_color":"","heading_position":"text-center","block_banner_style":"overlay","column_gap":"30","grid":"2","border_radius":"0","enable_box_shadow":false,"equal_height":false,"content_width":"50\/50","lap_content_width":"40\/60","overlay_style_height":750,"overlay_style_height_laptop":690,"overlay_style_height_mobile":390,"custom_class_name":"custom-grid-banner-one"}},"164700209535af19f2":{"type":"home-product-carousel","settings":{"full":true,"spacing_both_ends":true,"padding":"0,130","margin":"0,0","show_background_image":false,"background_style":"none","background_size":"auto","enable_overlay":false,"background_color":"","overlay_transparency":"0.5","section_heading":"","section_sub_heading":"","section_description":"","section_button_text":"","section_button_link":"","section_heading_color":"","section_sub_heading_color":"","section_description_color":"","section_button_bg_color":"","section_button_text_color":"","section_button_hover_bg_color":"","section_button_hover_text_color":"","heading_position":"text-center","grouped_content_bg":"","grouped_column_gap":"30","grouped_content_padding":"0","group_border_radius":"","enable_group_box_shadow":false,"reverse_column":false,"content_width":"30\/70","lap_content_width":"35\/65","tab_content_width":"45\/55","additional_block_background_color":"","additional_block_box_shadow":false,"additional_content_padding":"0","additional_block_border_radius":"0","enable_main_content":true,"main_block_background_color":"","enable_main_block_box_shadow":false,"main_block_border_radius":"0","main_content_padding":"0","collection":"best-sellers-demo-1","column_gap":"30","border_radius":"0","enable_list_view":false,"grid":"4","post_limit":4,"enable_slider":false,"items_per_view":4,"items_laptop_view":3,"items_tablet_view":2,"items_mobile_landscape_view":1,"items_mobile_view":1,"enable_center_mode":false,"rows":3,"slider_autoplay":0,"enable_auto_height":false,"dots":false,"carousel_pagination_alignment":"center_pagination","carousel_pagination_bottom_alignment":"outside_element","arrows":false,"nav_arrow_position":"navigation-top-right","center_nav_arrow_alignment":"inside_container","navigation_button_color":"","navigation_button_icon_color":"","navigation_button_hover_color":"","navigation_button_hover_icon_color":"","navigation_dot_color":"","navigation_dot_active_color":"","custom_class_name":""}},"1652089857b1899cac":{"type":"home-video-banner","blocks":{"1652089857879835d6-0":{"type":"content","settings":{"show_image":true,"block_title":"Title","block_sub_title":"Sub title","block_description":"Short description","block_button_text":"","block_button_link":"","block_text_align":"text-center","content_position":"center","reverse_column":false,"block_banner_bg":"","block_content_box_bg":"","block_heading_color":"","block_sub_heading_color":"","block_description_color":"","block_button_bg_color":"","block_button_text_color":"","block_button_hover_bg_color":"","block_button_hover_text_color":"","overlay_style":"use_overlay","overlay_color":"","overlay_opacity":"0.5","rotation_degree":"180"}}},"block_order":["1652089857879835d6-0"],"settings":{"full":true,"spacing_both_ends":false,"padding":"0,0","margin":"0,0","show_background_image":false,"background_style":"none","background_size":"auto","enable_overlay":false,"background_color":"","overlay_transparency":"0.5","section_heading":"","section_sub_heading":"","section_description":"","section_button_text":"","section_button_link":"","section_heading_color":"","section_sub_heading_color":"","section_description_color":"","section_button_bg_color":"","section_button_text_color":"","section_button_hover_bg_color":"","section_button_hover_text_color":"","heading_position":"text-center","block_title":"","block_sub_title":"","block_description":"","block_button_text":"","block_button_link":"","content_position":"center","block_text_align":"text-center","layout_style":"default","reverse_column":false,"block_image":"shopify:\/\/shop_images\/grid07.jpg","show_image":true,"video_format":"modal","video_url":"","iframe_url":"https:\/\/www.youtube.com\/embed\/85m0wq29mAA","video_height":"780","overlay_style":"with-overlay","enable_box_shadow":false,"border_radius":"0","block_banner_style":"overlay","banner_heading_color":"","banner_sub_heading_color":"","banner_description_color":"","banner_button_bg_color":"","banner_button_text_color":"","banner_button_hover_bg_color":"","banner_button_hover_text_color":"","video_overlay_color":"#d6a6ad","video_overlay_transparency":"0","icon_bg_color":"#f4e9d4","icon_color":"#d6a6ad","icon_bg_color_hover":"#d6a6ad","icon_color_hover":"#f4e9d4","custom_class_name":""}},"1652089863bde098a5":{"type":"home-testimonial","blocks":{"fcc11664-db70-4d98-902d-c52fd15ac32a":{"type":"content","settings":{"quote":"<p>‘’Qures bibendum ut tristique et. Dui id ornare arcu odio habitant morbi tristique.‘’<\/p>","icon":"shopify:\/\/shop_images\/test03.jpg","author":"Stefie George","job":"CEO","star":"4.5","content_bg_color":"#bee1e6"}},"71c4c88d-5c1a-4efe-9970-f1923aaf162d":{"type":"content","settings":{"quote":"<p>‘’Felis bibendum ut tristique et. Dui id ornare arcu odio habitant morbi tristique.‘’<\/p>","icon":"shopify:\/\/shop_images\/test04.jpg","author":"Lenda Lena","job":"Customer","star":"4","content_bg_color":"#f4e9d4"}},"165208986360689f6c-0":{"type":"content","settings":{"quote":"<p>‘’Phues bibendum ut tristique et. Dui id ornare arcu odio habitant morbi tristique.‘’<\/p>","icon":"shopify:\/\/shop_images\/test05.jpg","author":"Roselin","job":"Director","star":"5","content_bg_color":"#f3a298"}}},"block_order":["fcc11664-db70-4d98-902d-c52fd15ac32a","71c4c88d-5c1a-4efe-9970-f1923aaf162d","165208986360689f6c-0"],"settings":{"full":false,"spacing_both_ends":false,"padding":"80,80","margin":"0,0","show_background_image":true,"background_image":"shopify:\/\/shop_images\/testimonial-bg.png","background_style":"parallax","background_size":"cover","enable_overlay":false,"background_color":"","overlay_transparency":"0.5","section_heading":"Our Clients","section_sub_heading":"Get In Touch","section_description":"Try our new customers","section_button_text":"","section_button_link":"","section_heading_color":"","text_underline_color":"#d8edf0","section_sub_heading_color":"","section_description_color":"","section_button_bg_color":"","section_button_text_color":"","section_button_hover_bg_color":"","section_button_hover_text_color":"","heading_position":"text-center","grid":"3","block_style":"style_3","boxed_styles":"default","enable_box_shadow":false,"reverse_column":false,"text_position":"text-center","quote_icon":"shopify:\/\/shop_images\/testimonial-quote.png","quote_style":"quote-icon-in-content","author_info_style":"style_2","border_radius":"30px 0px 30px 30px","boxed_border_radius":"0","column_gap":"10","content_width":"30\/70","lap_content_width":"20\/80","tab_content_width":"30\/70","vertical_position":"vertical-top","testimonial_border_color":"","testimonial_background_color":"","testimonial_content_color":"#000000","testimonial_review_color":"#000000","testimonial_author_text_color":"#000000","testimonial_author_designation_color":"","testimonial_author_separator_color":"","testimonial_quote_icon_color":"#000000","enable_slider":true,"enable_auto_height":true,"items_per_view":3,"slider_autoplay":0,"dots":true,"carousel_pagination_alignment":"custom_pagination","arrows":true,"nav_arrow_position":"navigation-top-right","center_nav_arrow_alignment":"outside_container","navigation_button_color":"rgba(0,0,0,0)","navigation_button_icon_color":"#000000","navigation_button_hover_color":"rgba(0,0,0,0)","navigation_button_hover_icon_color":"#aaaaaa","navigation_dot_color":"#aaaaaa","navigation_dot_active_color":"#000000","custom_class_name":""}},"1647590423e62cf6dd":{"type":"home-featured-blog","settings":{"full":false,"spacing_both_ends":false,"padding":"0,0","margin":"0,0","show_background_image":true,"background_image":"shopify:\/\/shop_images\/testimonial-2-bg.png","background_style":"parallax","background_size":"auto","enable_overlay":false,"background_color":"","overlay_transparency":"0.5","section_heading":"Latest Blog News","section_sub_heading":"","section_description":"","section_button_text":"","section_button_link":"","section_heading_color":"","text_underline_color":"#f8f2e5","section_sub_heading_color":"","section_description_color":"","section_button_bg_color":"","section_button_text_color":"","section_button_hover_bg_color":"","section_button_hover_text_color":"","heading_position":"text-center","blog":"news","blog_show_author":false,"blog_show_date":true,"blog_comments":false,"blog_show_tag":false,"blog_show_button":true,"blog_show_description":true,"enable_blog_icons":false,"block_banner_style":"grid-style","post_limit":3,"grid":"3","text_position":"text-center","enable_box_shadow":false,"vertical_position":"vertical-center","content_width":"50\/50","lap_content_width":"40\/60","overlay_style_height":400,"overlay_style":"use_overlay","overlay_color":"#f3eeeb","overlay_opacity":".5","rotation_degree":"180","split_blog_layout":false,"split_gap":"45","enable_masonry_grid":false,"main_banner_style":"grid-style","additional_banner_style":"list-style","enable_masonry_reverse":false,"blog_bg_color":"","blog_link_color":"","blog_link_hover_color":"","blog_text_color":"#181818","blog_icon_color":"rgba(0,0,0,0)","blog_button_bg_color":"","blog_button_text_color":"","blog_button_bg_hover_color":"","blog_button_text_hover_color":"","blog_link_color_overlay":"","blog_link_hover_color_overlay":"","blog_text_color_overlay":"","blog_icon_color_overlay":"","blog_button_bg_color_overlay":"","blog_button_text_color_overlay":"","blog_button_bg_hover_color_overlay":"","blog_button_text_hover_color_overlay":"","masonry_content_width":"50\/50","lap_masonry_content_width":"40\/60","enable_slider":false,"enable_auto_height":true,"items_per_view":2,"column_gap":"45","slider_autoplay":0,"dots":true,"carousel_pagination_alignment":"center_pagination","arrows":true,"nav_arrow_position":"center-navigation","center_nav_arrow_alignment":"outside_container","navigation_button_color":"","navigation_button_icon_color":"","navigation_button_hover_color":"","navigation_button_hover_icon_color":"","navigation_dot_color":"","navigation_dot_active_color":"","custom_class_name":"demo-1-blog"}},"1641196762e5d9966f":{"type":"home-image-gallery","blocks":{"16411967620f689c59-0":{"type":"image_image","settings":{"image":"shopify:\/\/shop_images\/insta01.jpg","show_icon":true,"icon":"fa fa-instagram","link":"https:\/\/www.instagram.com\/p\/CgjPnCvpmNQ\/?utm_source=ig_web_copy_link"}},"16411967620f689c59-1":{"type":"image_image","settings":{"image":"shopify:\/\/shop_images\/insta02.jpg","show_icon":true,"icon":"fa fa-instagram","link":"https:\/\/www.instagram.com\/p\/CgjPY5nJ4EU\/?utm_source=ig_web_copy_link"}},"16411967620f689c59-2":{"type":"image_image","settings":{"image":"shopify:\/\/shop_images\/insta03.jpg","show_icon":true,"icon":"fa fa-instagram","link":"https:\/\/www.instagram.com\/p\/CgjPanlJj1L\/?utm_source=ig_web_copy_link"}},"16411967620f689c59-3":{"type":"image_image","settings":{"image":"shopify:\/\/shop_images\/insta04.jpg","show_icon":true,"icon":"fa fa-instagram","link":"https:\/\/www.instagram.com\/p\/CgjPdpRJhWQ\/?utm_source=ig_web_copy_link"}},"9f229a8f-e4fa-443b-a754-7cdba0f63d68":{"type":"image_image","settings":{"image":"shopify:\/\/shop_images\/insta05.jpg","show_icon":true,"icon":"fa fa-instagram","link":"https:\/\/www.instagram.com\/p\/CgjPfZPpvNu\/?utm_source=ig_web_copy_link"}},"e686c535-c763-43a4-ad17-98c465f40295":{"type":"image_image","settings":{"image":"shopify:\/\/shop_images\/insta06.jpg","show_icon":true,"icon":"fa fa-instagram","link":"https:\/\/www.instagram.com\/p\/CgjPhGNJX8k\/?utm_source=ig_web_copy_link"}},"f16d109c-612e-47f2-82f9-79eec2d2d916":{"type":"image_image","settings":{"image":"shopify:\/\/shop_images\/insta07.jpg","show_icon":true,"icon":"fa fa-instagram","link":"https:\/\/www.instagram.com\/p\/CgjPjb-JHhB\/?utm_source=ig_web_copy_link"}}},"block_order":["16411967620f689c59-0","16411967620f689c59-1","16411967620f689c59-2","16411967620f689c59-3","9f229a8f-e4fa-443b-a754-7cdba0f63d68","e686c535-c763-43a4-ad17-98c465f40295","f16d109c-612e-47f2-82f9-79eec2d2d916"],"settings":{"full":true,"spacing_both_ends":true,"padding":"35,30","margin":"0,0","background_image":"shopify:\/\/shop_images\/testimonial-2-bg.png","show_background_image":true,"background_style":"parallax","background_size":"auto","enable_overlay":false,"background_color":"","overlay_transparency":"0.5","section_heading":"Best Instagram Updates","section_sub_heading":"","section_description":"","section_button_text":"","section_button_link":"","section_heading_color":"","text_underline_color":"#f7dccf","section_sub_heading_color":"","section_description_color":"","section_button_bg_color":"","section_button_text_color":"","section_button_hover_bg_color":"","section_button_hover_text_color":"","heading_position":"text-center","grid":"6","column_gap":"20","image_list_text":"","image_list_link":"","item_height":360,"item_height_laptop":320,"item_height_tab":310,"item_height_mobile":290,"image_link_bg_color":"","image_overlay_color":"#f3efec","image_link_text_color":"","image_link_hover_bg_color":"","image_link_hover_text_color":"#000000","enable_slider":true,"remove_button_space":false,"enable_auto_height":true,"items_per_view":6,"slider_autoplay":3,"dots":false,"carousel_pagination_alignment":"center_pagination","arrows":false,"nav_arrow_position":"navigation-bottom-center","center_nav_arrow_alignment":"outside_container","navigation_button_color":"","navigation_button_icon_color":"","navigation_button_hover_color":"","navigation_button_hover_icon_color":"","navigation_dot_color":"","navigation_dot_active_color":"","custom_class_name":"demo-1-image-list"}},"1652090074fa0c7752":{"type":"home-brand-logos","blocks":{"1652090074999ec65c-0":{"type":"Image","settings":{"image":"shopify:\/\/shop_images\/brlog01.png","title":"Brand Name","link":""}},"1652090074999ec65c-1":{"type":"Image","settings":{"image":"shopify:\/\/shop_images\/brlog02.png","title":"Brand Name","link":""}},"1652090074999ec65c-2":{"type":"Image","settings":{"image":"shopify:\/\/shop_images\/brlog03.png","title":"Brand Name","link":""}},"1652090074999ec65c-3":{"type":"Image","settings":{"image":"shopify:\/\/shop_images\/brlog04.png","title":"Brand Name","link":""}},"1652090074999ec65c-4":{"type":"Image","settings":{"image":"shopify:\/\/shop_images\/brlog05.png","title":"Brand Name","link":""}},"803ce829-f8e0-4ba5-bfbb-cec06ec8bf38":{"type":"Image","settings":{"image":"shopify:\/\/shop_images\/brlog06.png","title":"Brand Name","link":""}},"bbc1ecd2-82eb-44ee-9f1e-0075626494aa":{"type":"Image","settings":{"image":"shopify:\/\/shop_images\/brlog07.png","title":"Brand Name","link":""}}},"block_order":["1652090074999ec65c-0","1652090074999ec65c-1","1652090074999ec65c-2","1652090074999ec65c-3","1652090074999ec65c-4","803ce829-f8e0-4ba5-bfbb-cec06ec8bf38","bbc1ecd2-82eb-44ee-9f1e-0075626494aa"],"settings":{"full":false,"spacing_both_ends":false,"padding":"80,0","margin":"0,0","show_background_image":true,"background_image":"shopify:\/\/shop_images\/testimonial-3-bg.png","background_style":"fixed","background_size":"auto","enable_overlay":false,"background_color":"","overlay_transparency":"0.5","section_heading":"","section_sub_heading":"","section_description":"","section_button_text":"","section_button_link":"","section_heading_color":"","section_sub_heading_color":"","section_description_color":"","section_button_bg_color":"","section_button_text_color":"","section_button_hover_bg_color":"","section_button_hover_text_color":"","heading_position":"text-center","grid":"5","block_style":"style-1","enable_box_shadow":false,"column_gap":"10","border_radius":"0","swipe_on_mobile":false,"block_border_color":"","block_background_color":"","enable_slider":true,"enable_auto_height":true,"items_per_view":5,"slider_autoplay":0,"dots":false,"carousel_pagination_alignment":"center_pagination","arrows":true,"nav_arrow_position":"center-navigation","center_nav_arrow_alignment":"outside_container","navigation_button_color":"#d6a6ad","navigation_button_icon_color":"#000000","navigation_button_hover_color":"rgba(0,0,0,0)","navigation_button_hover_icon_color":"#000000","navigation_dot_color":"","navigation_dot_active_color":"","custom_class_name":"custom-brand-logo"}}},"order":["1652177166499c7edc","1641192923cf7cf963","16411943113c18c20f","16424048551c9bfc29","1647003528e0dd4daf","1641196637f1b94dad","164700209535af19f2","1652089857b1899cac","1652089863bde098a5","1647590423e62cf6dd","1641196762e5d9966f","1652090074fa0c7752"]}