{"sections":{"main":{"type":"main-page","settings":{"full":true,"spacing_both_ends":false,"padding":"0,0","margin":"0,0"}},"16427569661c6a439f":{"type":"home-custom-section","blocks":{"164275696592391fbc-1":{"type":"content","settings":{"block_heading":"Fashion for Women","block_sub_heading":"","block_description":"Lorem ipsum dolor sit amet, consectetur adipiscing elit. Quisque ultricies efficitur enim, sit amet feugiat dui venenatis vitae.","html":"","block_button_text":"Discover now","block_button_link":"shopify:\/\/collections","heading_position":"text-start","heading_position_vertical":"align_middle","block_img_1":"shopify:\/\/shop_images\/img_1_84d9221f-0ee9-4ae8-8e18-e78c2583ac67.jpg","image_1_border_radius":"","block_img_2":"shopify:\/\/shop_images\/img_3.jpg","image_2_border_radius":"","pattern_image":"shopify:\/\/shop_images\/demo-10-dot-pattern_14b35b4c-041e-44cb-aa1f-0287b61112a5.png","reverse_column":false,"reverse_row":false,"block_heading_color":"","block_sub_heading_color":"","block_description_color":"","block_html_color":"","block_button_bg_color":"","block_button_text_color":"","block_button_hover_bg_color":"","block_button_hover_text_color":""}},"164275696592391fbc-0":{"type":"content","settings":{"block_heading":"Fashion for Men","block_sub_heading":"","block_description":"Lorem ipsum dolor sit amet, consectetur adipiscing elit. Quisque ultricies efficitur enim, sit amet feugiat dui venenatis vitae.","html":"","block_button_text":"Discover now","block_button_link":"shopify:\/\/collections","heading_position":"text-end","heading_position_vertical":"align_middle","block_img_1":"shopify:\/\/shop_images\/img_4.jpg","image_1_border_radius":"","block_img_2":"shopify:\/\/shop_images\/img_2_8ee7dd99-8e00-42d4-b542-6b6174394551.jpg","image_2_border_radius":"","pattern_image":"shopify:\/\/shop_images\/demo-10-dot-pattern_14b35b4c-041e-44cb-aa1f-0287b61112a5.png","reverse_column":true,"reverse_row":true,"block_heading_color":"","block_sub_heading_color":"","block_description_color":"","block_html_color":"","block_button_bg_color":"","block_button_text_color":"","block_button_hover_bg_color":"","block_button_hover_text_color":""}}},"block_order":["164275696592391fbc-1","164275696592391fbc-0"],"settings":{"full":true,"spacing_both_ends":true,"padding":"0,0","margin":"0,200","show_background_image":false,"background_style":"none","background_size":"auto","enable_overlay":false,"background_color":"","overlay_transparency":"0.5","section_heading":"","section_sub_heading":"","section_description":"","section_button_text":"","section_button_link":"","section_heading_color":"","section_sub_heading_color":"","section_description_color":"","section_button_bg_color":"","section_button_text_color":"","section_button_hover_bg_color":"","section_button_hover_text_color":"","heading_position":"text-center","heading_position_vertical":"top","column_gap":"30","border_radius":"","two_column":true,"custom_style":"custom_style_2"}},"16424222622a37110b":{"type":"home-featured-collection","blocks":{"1642422262c45eb15d-0":{"type":"collection","settings":{"collection":"frontpage","block_button_text":"View","block_text_align":"custom","content_position":"center","reverse_column":false,"block_banner_bg":"#f3eeeb","block_content_box_bg":"","block_heading_color":"","block_sub_heading_color":"","block_description_color":"","block_button_bg_color":"","block_button_text_color":"","block_button_hover_bg_color":"","block_button_hover_text_color":"","overlay_style":"use_gradient_overlay","overlay_color":"#f3eeeb","overlay_opacity":"1","rotation_degree":"180"}},"7d92219b-67dd-4586-9ac1-6ab2ffa06f85":{"type":"collection","settings":{"collection":"test-collections-1","block_button_text":"View","block_text_align":"custom","content_position":"center","reverse_column":false,"block_banner_bg":"","block_content_box_bg":"","block_heading_color":"","block_sub_heading_color":"","block_description_color":"","block_button_bg_color":"","block_button_text_color":"","block_button_hover_bg_color":"","block_button_hover_text_color":"","overlay_style":"use_gradient_overlay","overlay_color":"#f3eeeb","overlay_opacity":"1","rotation_degree":"180"}},"40e479e0-8d36-4350-8daa-02fb78fe6f5f":{"type":"collection","settings":{"collection":"dummy-collection","block_button_text":"View","block_text_align":"custom","content_position":"center","reverse_column":false,"block_banner_bg":"","block_content_box_bg":"","block_heading_color":"","block_sub_heading_color":"","block_description_color":"","block_button_bg_color":"","block_button_text_color":"","block_button_hover_bg_color":"","block_button_hover_text_color":"","overlay_style":"use_gradient_overlay","overlay_color":"#f3eeeb","overlay_opacity":"1","rotation_degree":"180"}},"25b73e02-7426-4799-969f-8ff0186d43e7":{"type":"collection","settings":{"collection":"demo-collections","block_button_text":"View","block_text_align":"custom","content_position":"center","reverse_column":false,"block_banner_bg":"","block_content_box_bg":"","block_heading_color":"","block_sub_heading_color":"","block_description_color":"","block_button_bg_color":"","block_button_text_color":"","block_button_hover_bg_color":"","block_button_hover_text_color":"","overlay_style":"use_gradient_overlay","overlay_color":"#f3eeeb","overlay_opacity":"1","rotation_degree":"180"}},"4953cd75-dc1b-4e39-a1b8-69c7be21a18a":{"type":"collection","settings":{"collection":"frontpage","block_button_text":"View","block_text_align":"custom","content_position":"center","reverse_column":false,"block_banner_bg":"","block_content_box_bg":"","block_heading_color":"","block_sub_heading_color":"","block_description_color":"","block_button_bg_color":"","block_button_text_color":"","block_button_hover_bg_color":"","block_button_hover_text_color":"","overlay_style":"use_gradient_overlay","overlay_color":"#f3eeeb","overlay_opacity":"1","rotation_degree":"180"}},"8231ea23-dcd4-4400-8605-5c63cf5d84c0":{"type":"collection","settings":{"collection":"test-collections-1","block_button_text":"View","block_text_align":"custom","content_position":"center","reverse_column":false,"block_banner_bg":"","block_content_box_bg":"","block_heading_color":"","block_sub_heading_color":"","block_description_color":"","block_button_bg_color":"","block_button_text_color":"","block_button_hover_bg_color":"","block_button_hover_text_color":"","overlay_style":"use_gradient_overlay","overlay_color":"#f3eeeb","overlay_opacity":"1","rotation_degree":"180"}}},"block_order":["1642422262c45eb15d-0","7d92219b-67dd-4586-9ac1-6ab2ffa06f85","40e479e0-8d36-4350-8daa-02fb78fe6f5f","25b73e02-7426-4799-969f-8ff0186d43e7","4953cd75-dc1b-4e39-a1b8-69c7be21a18a","8231ea23-dcd4-4400-8605-5c63cf5d84c0"],"settings":{"full":true,"spacing_both_ends":true,"padding":"0,100","margin":"0,0","show_background_image":false,"background_style":"none","background_size":"auto","enable_overlay":false,"background_color":"","overlay_transparency":"0.5","section_heading":"Our Collection","section_sub_heading":"","section_description":"Lorem ipsum dolor sit amet, consectetur adipiscing elit, sed do eiusmod tempor incididunt ut labore et dolore magna aliqua.","section_button_text":"","section_button_link":"","section_heading_color":"","section_sub_heading_color":"","section_description_color":"","section_button_bg_color":"","section_button_text_color":"","section_button_hover_bg_color":"","section_button_hover_text_color":"","heading_position":"text-start","grid":"2","block_banner_style":"grid","column_gap":"30","equal_height":false,"overlay_style_height":"400","enable_box_shadow":false,"border_radius":"0","enable_items_count":true,"enable_collection_desc":false,"enable_collection_button":false,"content_width":"50\/50","lap_content_width":"35\/65","enable_slider":true,"enable_auto_height":false,"slider_autoplay":3,"items_per_view":4,"items_laptop_view":3,"items_tablet_view":2,"items_mobile_landscape_view":1,"items_mobile_view":1,"enable_center_mode":true,"dots":false,"carousel_pagination_alignment":"center_pagination","arrows":false,"nav_arrow_position":"center-navigation","center_nav_arrow_alignment":"inside_container","navigation_button_color":"","navigation_button_icon_color":"","navigation_button_hover_color":"","navigation_button_hover_icon_color":"","navigation_dot_color":"","navigation_dot_active_color":"","custom_class_name":"custom_featured_collection"}},"16424232174025ea73":{"type":"home-brand-logos","blocks":{"1642423217a3e326ae-0":{"type":"Image","settings":{"image":"shopify:\/\/shop_images\/our_partner.png","title":"Brand Name","link":""}},"1642423217a3e326ae-1":{"type":"Image","settings":{"image":"shopify:\/\/shop_images\/our_partner2.png","title":"Brand Name","link":""}},"30a0ce74-50c6-4148-a4e4-a7821fdbc637":{"type":"Image","settings":{"image":"shopify:\/\/shop_images\/our_partner_3.png","title":"Brand Name","link":""}},"e38553b3-5061-416c-9c43-16ebf9aa7f61":{"type":"Image","settings":{"image":"shopify:\/\/shop_images\/our_partner_4.png","title":"Brand Name","link":""}},"4d94386b-34f8-4689-a8dd-4b51deb2af15":{"type":"Image","settings":{"image":"shopify:\/\/shop_images\/our_partner_5.png","title":"Brand Name","link":""}},"b0dad9e9-e5cc-4ea8-a0ec-3251976493f9":{"type":"Image","settings":{"image":"shopify:\/\/shop_images\/our_partner_6.png","title":"Brand Name","link":""}},"b1632cf2-432d-4dac-8f03-f651837c50b0":{"type":"Image","settings":{"image":"shopify:\/\/shop_images\/our_partner_7.png","title":"Brand Name","link":""}},"e4f488d6-b176-4cc0-ba30-7b4b918a677a":{"type":"Image","settings":{"image":"shopify:\/\/shop_images\/our_partner_8.png","title":"Brand Name","link":""}},"c566874f-6252-4d9d-bf31-0b5eabe4db62":{"type":"Image","settings":{"image":"shopify:\/\/shop_images\/our_partner_9.png","title":"Brand Name","link":""}},"5c61260e-c267-4a06-bcaa-9337b5884442":{"type":"Image","settings":{"image":"shopify:\/\/shop_images\/our_partner_10.png","title":"Brand Name","link":""}}},"block_order":["1642423217a3e326ae-0","1642423217a3e326ae-1","30a0ce74-50c6-4148-a4e4-a7821fdbc637","e38553b3-5061-416c-9c43-16ebf9aa7f61","4d94386b-34f8-4689-a8dd-4b51deb2af15","b0dad9e9-e5cc-4ea8-a0ec-3251976493f9","b1632cf2-432d-4dac-8f03-f651837c50b0","e4f488d6-b176-4cc0-ba30-7b4b918a677a","c566874f-6252-4d9d-bf31-0b5eabe4db62","5c61260e-c267-4a06-bcaa-9337b5884442"],"settings":{"full":false,"spacing_both_ends":false,"padding":"100,0","margin":"0,0","show_background_image":false,"background_style":"none","background_size":"auto","enable_overlay":false,"background_color":"","overlay_transparency":"0.5","section_heading":"Our Partners","section_sub_heading":"","section_description":"Lorem ipsum dolor sit amet, consectetur adipiscing elit, sed do eiusmod tempor incididunt.","section_button_text":"","section_button_link":"","section_heading_color":"","section_sub_heading_color":"","section_description_color":"","section_button_bg_color":"","section_button_text_color":"","section_button_hover_bg_color":"","section_button_hover_text_color":"","heading_position":"text-center","grid":"5","block_style":"style-3","enable_box_shadow":false,"column_gap":"30","border_radius":"0","swipe_on_mobile":true,"block_border_color":"#f3eeeb","block_background_color":"rgba(0,0,0,0)","enable_slider":false,"enable_auto_height":false,"items_per_view":5,"slider_autoplay":0,"dots":true,"carousel_pagination_alignment":"center_pagination","arrows":false,"nav_arrow_position":"navigation-bottom-center","center_nav_arrow_alignment":"outside_container","navigation_button_color":"","navigation_button_icon_color":"","navigation_button_hover_color":"","navigation_button_hover_icon_color":"","navigation_dot_color":"","navigation_dot_active_color":"","custom_class_name":""}},"1642424530ed2ab461":{"type":"home-product-carousel","blocks":{"b91cbf8f-0b46-4266-87b5-f460fcb84f22":{"type":"banner","settings":{"block_image":"shopify:\/\/shop_images\/img_5.jpg","show_image":true,"block_title":"","block_sub_title":"","block_description":"","block_button_text":"","block_button_link":"","block_banner_style":"grid","block_text_align":"text-center","grid_banner_box_shadow":false,"grid_banner_border_radius":"0","overlay_style_height":"400","content_position":"center","grid_banner_heading_color":"","grid_banner_sub_heading_color":"","grid_banner_description_color":"","grid_banner_button_bg_color":"","grid_banner_button_text_color":"","grid_banner_button_hover_bg_color":"","grid_banner_button_hover_text_color":"","grid_banner_content_bg":"","banner_image_overlay_style":"with-gradient-overlay","banner_image_overlay_color":"#f3eeeb","banner_image_overlay_opacity":"1","banner_image_rotation_degree":"180"}}},"block_order":["b91cbf8f-0b46-4266-87b5-f460fcb84f22"],"settings":{"full":true,"spacing_both_ends":false,"padding":"100,0","margin":"0,0","show_background_image":false,"background_style":"none","background_size":"auto","enable_overlay":false,"background_color":"","overlay_transparency":"0.5","section_heading":"Featured Showcase","section_sub_heading":"","section_description":"Making fashion is the style dolor sit amet, consectetur adipiscing elit, sed do eiusmod tempor incididunt.","section_button_text":"","section_button_link":"","section_heading_color":"","section_sub_heading_color":"","section_description_color":"","section_button_bg_color":"","section_button_text_color":"","section_button_hover_bg_color":"","section_button_hover_text_color":"","heading_position":"text-start","grouped_content_bg":"","grouped_column_gap":"80","grouped_content_padding":"0","group_border_radius":"","enable_group_box_shadow":false,"reverse_column":true,"content_width":"50\/50","lap_content_width":"53\/47","tab_content_width":"100\/100","additional_block_background_color":"","additional_block_box_shadow":false,"additional_content_padding":"0","additional_block_border_radius":"0","enable_main_content":true,"main_block_background_color":"","enable_main_block_box_shadow":false,"main_block_border_radius":"0","main_content_padding":"0","collection":"test-collections-1","column_gap":"30","border_radius":"0","enable_list_view":false,"grid":"2","post_limit":2,"enable_slider":true,"items_per_view":2,"items_laptop_view":2,"items_tablet_view":2,"items_mobile_landscape_view":2,"items_mobile_view":1,"enable_center_mode":false,"rows":1,"slider_autoplay":0,"enable_auto_height":false,"dots":false,"carousel_pagination_alignment":"center_pagination","carousel_pagination_bottom_alignment":"outside_element","arrows":false,"nav_arrow_position":"navigation-top-right","center_nav_arrow_alignment":"inside_container","navigation_button_color":"","navigation_button_icon_color":"","navigation_button_hover_color":"","navigation_button_hover_icon_color":"","navigation_dot_color":"","navigation_dot_active_color":"","custom_class_name":"custom_product_carousel_3"}},"1642483675fee265cd":{"type":"home-product-carousel","blocks":{"1f3c24a8-fa0a-4e72-99be-1e2c089f126a":{"type":"banner","settings":{"block_image":"shopify:\/\/shop_images\/image-5.png","show_image":true,"block_title":"","block_sub_title":"","block_description":"","block_button_text":"","block_button_link":"","block_banner_style":"grid","block_text_align":"text-center","grid_banner_box_shadow":false,"grid_banner_border_radius":"0","overlay_style_height":"400","content_position":"center","grid_banner_heading_color":"","grid_banner_sub_heading_color":"","grid_banner_description_color":"","grid_banner_button_bg_color":"","grid_banner_button_text_color":"","grid_banner_button_hover_bg_color":"","grid_banner_button_hover_text_color":"","grid_banner_content_bg":"","banner_image_overlay_style":"with-gradient-overlay","banner_image_overlay_color":"#f3eeeb","banner_image_overlay_opacity":"1","banner_image_rotation_degree":"180"}}},"block_order":["1f3c24a8-fa0a-4e72-99be-1e2c089f126a"],"settings":{"full":true,"spacing_both_ends":false,"padding":"100,0","margin":"0,0","show_background_image":false,"background_style":"none","background_size":"auto","enable_overlay":false,"background_color":"","overlay_transparency":"0.5","section_heading":"Marvels in Fashion  Industry","section_sub_heading":"","section_description":"Style is an, dolor sit amet, consectetur adipiscing elit, sed do eius mod tempor incididunt ut labore et dolore magna aliqua.","section_button_text":"","section_button_link":"","section_heading_color":"","section_sub_heading_color":"","section_description_color":"","section_button_bg_color":"","section_button_text_color":"","section_button_hover_bg_color":"","section_button_hover_text_color":"","heading_position":"text-start","grouped_content_bg":"","grouped_column_gap":"80","grouped_content_padding":"0","group_border_radius":"","enable_group_box_shadow":false,"reverse_column":false,"content_width":"50\/50","lap_content_width":"50\/50","tab_content_width":"100\/100","additional_block_background_color":"","additional_block_box_shadow":false,"additional_content_padding":"0","additional_block_border_radius":"0","enable_main_content":true,"main_block_background_color":"","enable_main_block_box_shadow":false,"main_block_border_radius":"0","main_content_padding":"0","collection":"frontpage","column_gap":"30","border_radius":"0","enable_list_view":false,"grid":"2","post_limit":2,"enable_slider":false,"items_per_view":4,"items_laptop_view":3,"items_tablet_view":2,"items_mobile_landscape_view":1,"items_mobile_view":1,"enable_center_mode":true,"rows":3,"slider_autoplay":0,"enable_auto_height":false,"dots":false,"carousel_pagination_alignment":"center_pagination","carousel_pagination_bottom_alignment":"outside_element","arrows":false,"nav_arrow_position":"navigation-top-right","center_nav_arrow_alignment":"inside_container","navigation_button_color":"","navigation_button_icon_color":"","navigation_button_hover_color":"","navigation_button_hover_icon_color":"","navigation_dot_color":"","navigation_dot_active_color":"","custom_class_name":"custom_product_carousel_3"}},"16425039012b9d0cf1":{"type":"home-featured-collection","blocks":{"392be06a-10ee-49ae-882f-4db0d4fe4b3a":{"type":"collection","settings":{"collection":"frontpage","block_button_text":"Shop Now","block_text_align":"custom","content_position":"center","reverse_column":false,"block_banner_bg":"rgba(0,0,0,0)","block_content_box_bg":"","block_heading_color":"","block_sub_heading_color":"","block_description_color":"","block_button_bg_color":"","block_button_text_color":"","block_button_hover_bg_color":"","block_button_hover_text_color":"","overlay_style":"use_gradient_overlay","overlay_color":"#f3eeeb","overlay_opacity":"1","rotation_degree":"180"}},"1642503901c7c5c10f-0":{"type":"collection","settings":{"collection":"demo-collections","block_button_text":"Shop Now","block_text_align":"custom","content_position":"center","reverse_column":false,"block_banner_bg":"rgba(0,0,0,0)","block_content_box_bg":"","block_heading_color":"","block_sub_heading_color":"","block_description_color":"","block_button_bg_color":"","block_button_text_color":"","block_button_hover_bg_color":"","block_button_hover_text_color":"","overlay_style":"use_gradient_overlay","overlay_color":"#f3eeeb","overlay_opacity":"1","rotation_degree":"180"}},"1642503901c7c5c10f-1":{"type":"collection","settings":{"collection":"dummy-collection","block_button_text":"Shop Now","block_text_align":"custom","content_position":"center","reverse_column":false,"block_banner_bg":"rgba(0,0,0,0)","block_content_box_bg":"","block_heading_color":"","block_sub_heading_color":"","block_description_color":"","block_button_bg_color":"","block_button_text_color":"","block_button_hover_bg_color":"","block_button_hover_text_color":"","overlay_style":"use_gradient_overlay","overlay_color":"#f3eeeb","overlay_opacity":"1","rotation_degree":"180"}},"24468fb2-1ade-4d41-9dc4-7aa178880289":{"type":"collection","settings":{"collection":"test-collections-1","block_button_text":"Shop Now","block_text_align":"custom","content_position":"center","reverse_column":false,"block_banner_bg":"rgba(0,0,0,0)","block_content_box_bg":"","block_heading_color":"","block_sub_heading_color":"","block_description_color":"","block_button_bg_color":"","block_button_text_color":"","block_button_hover_bg_color":"","block_button_hover_text_color":"","overlay_style":"use_gradient_overlay","overlay_color":"#f3eeeb","overlay_opacity":"1","rotation_degree":"180"}},"7bb319b9-5c35-48c9-afb8-14b7de58c327":{"type":"collection","settings":{"collection":"dummy-collection","block_button_text":"Shop Now","block_text_align":"custom","content_position":"center","reverse_column":false,"block_banner_bg":"rgba(0,0,0,0)","block_content_box_bg":"","block_heading_color":"","block_sub_heading_color":"","block_description_color":"","block_button_bg_color":"","block_button_text_color":"","block_button_hover_bg_color":"","block_button_hover_text_color":"","overlay_style":"use_gradient_overlay","overlay_color":"#f3eeeb","overlay_opacity":"1","rotation_degree":"180"}}},"block_order":["392be06a-10ee-49ae-882f-4db0d4fe4b3a","1642503901c7c5c10f-0","1642503901c7c5c10f-1","24468fb2-1ade-4d41-9dc4-7aa178880289","7bb319b9-5c35-48c9-afb8-14b7de58c327"],"settings":{"full":true,"spacing_both_ends":false,"padding":"0,0","margin":"100,100","show_background_image":false,"background_style":"none","background_size":"auto","enable_overlay":false,"background_color":"","overlay_transparency":"0.5","section_heading":"Featured Product","section_sub_heading":"Sub Heading","section_description":"Use this text to share the information which you like!.","section_button_text":"","section_button_link":"","section_heading_color":"","section_sub_heading_color":"","section_description_color":"","section_button_bg_color":"","section_button_text_color":"","section_button_hover_bg_color":"","section_button_hover_text_color":"","heading_position":"text-start","grid":"2","block_banner_style":"grid","column_gap":"30","equal_height":false,"overlay_style_height":"400","enable_box_shadow":false,"border_radius":"0","enable_items_count":true,"enable_collection_desc":false,"enable_collection_button":false,"content_width":"50\/50","lap_content_width":"35\/65","enable_slider":true,"enable_auto_height":false,"slider_autoplay":0,"items_per_view":2,"items_laptop_view":2,"items_tablet_view":2,"items_mobile_landscape_view":2,"items_mobile_view":1,"enable_center_mode":true,"dots":false,"carousel_pagination_alignment":"center_pagination","arrows":true,"nav_arrow_position":"custom","center_nav_arrow_alignment":"outside_container","navigation_button_color":"rgba(0,0,0,0)","navigation_button_icon_color":"#181818","navigation_button_hover_color":"rgba(0,0,0,0)","navigation_button_hover_icon_color":"#ba8d69","navigation_dot_color":"","navigation_dot_active_color":"","custom_class_name":"custom_featured_collection_3"}},"16424897987b2a2ee3":{"type":"home-masonry-banner","blocks":{"1642489798f9dd65a1-0":{"type":"content","settings":{"block_image":"shopify:\/\/shop_images\/img_1.jpg","show_image":true,"block_title":"","block_sub_title":"Combo Offers","block_description":"","block_button_text":"View Products","block_button_link":"shopify:\/\/collections","block_text_align":"text-start","content_position":"custom_2","image_position":"center","reverse_column":false,"block_banner_bg":"rgba(0,0,0,0)","block_heading_color":"#ffffff","block_sub_heading_color":"#ffffff","block_description_color":"","block_button_bg_color":"rgba(0,0,0,0)","block_button_text_color":"#ffffff","block_button_hover_bg_color":"#ba8d69","block_button_hover_text_color":"#ffffff","overlay_style":"use_gradient_overlay","overlay_color":"#181818","overlay_opacity":"0.75","rotation_degree":"180"}}},"block_order":["1642489798f9dd65a1-0"],"settings":{"full":true,"spacing_both_ends":false,"padding":"100,200","margin":"0,0","show_background_image":false,"background_style":"none","background_size":"auto","enable_overlay":true,"background_color":"#ba8d69","overlay_transparency":"1","section_heading":"The Great Gala","section_sub_heading":"","section_description":"","section_button_text":"","section_button_link":"","heading_position":"text-start","section_heading_color":"","section_sub_heading_color":"","section_description_color":"","section_button_bg_color":"","section_button_text_color":"","section_button_hover_bg_color":"","section_button_hover_text_color":"","main_banner_style":"overlay","block_banner_style":"overlay","reverse_column":true,"column_gap":"200px","enable_box_shadow":false,"border_radius":"0","content_width":"38\/62","lap_content_width":"40\/60","tab_content_width":"50\/50","primary_text_align":"text-start","primary_position":"custom_2","primary_image":"shopify:\/\/shop_images\/demo-10-custom.jpg","primary_title":"","primary_sub_title":"The Stolen Look","primary_description":"","primary_button_text":"View Products","primary_button_link":"shopify:\/\/collections","primary_banner_bg":"#f3eeeb","primary_heading_color":"","primary_sub_heading_color":"","primary_description_color":"","primary_button_bg_color":"rgba(0,0,0,0)","primary_button_text_color":"#181818","primary_button_hover_bg_color":"rgba(0,0,0,0)","primary_button_hover_text_color":"#ba8d69","overlay_style":"use_gradient_overlay","overlay_color":"#181818","overlay_opacity":"0.75","rotation_degree":"180","block_style":"style-2","enable_badge":true,"badge_image":"shopify:\/\/shop_images\/demo-9-badge.png","overlay_style_height":600,"overlay_style_height_laptop":550,"overlay_style_height_tab":500,"overlay_style_height_mobile":400,"custom_class_name":"custom_masonry_banner_2"}},"164257715956b65889":{"type":"home-product-carousel","settings":{"full":false,"spacing_both_ends":false,"padding":"200,0","margin":"0,0","show_background_image":false,"background_style":"none","background_size":"auto","enable_overlay":false,"background_color":"","overlay_transparency":"0.5","section_heading":"Product Carousel","section_sub_heading":"Sub Heading","section_description":"Use this text to share the information which you like!.","section_button_text":"","section_button_link":"","section_heading_color":"","section_sub_heading_color":"","section_description_color":"","section_button_bg_color":"","section_button_text_color":"","section_button_hover_bg_color":"","section_button_hover_text_color":"","heading_position":"text-center","grouped_content_bg":"","grouped_column_gap":"30","grouped_content_padding":"0","group_border_radius":"","enable_group_box_shadow":false,"reverse_column":false,"content_width":"25\/75","lap_content_width":"35\/65","tab_content_width":"45\/55","additional_block_background_color":"","additional_block_box_shadow":false,"additional_content_padding":"0","additional_block_border_radius":"0","enable_main_content":true,"main_block_background_color":"","enable_main_block_box_shadow":false,"main_block_border_radius":"0","main_content_padding":"0","collection":"dummy-collection","column_gap":"30","border_radius":"0","enable_list_view":false,"grid":"2","post_limit":2,"enable_slider":true,"items_per_view":4,"items_laptop_view":3,"items_tablet_view":3,"items_mobile_landscape_view":2,"items_mobile_view":1,"enable_center_mode":false,"rows":1,"slider_autoplay":0,"enable_auto_height":false,"dots":false,"carousel_pagination_alignment":"center_pagination","carousel_pagination_bottom_alignment":"outside_element","arrows":false,"nav_arrow_position":"navigation-top-right","center_nav_arrow_alignment":"inside_container","navigation_button_color":"","navigation_button_icon_color":"","navigation_button_hover_color":"","navigation_button_hover_icon_color":"","navigation_dot_color":"","navigation_dot_active_color":"","custom_class_name":"custom_product_carousel_3"}},"1642579424d5452fe1":{"type":"home-featured-blog","settings":{"full":false,"spacing_both_ends":false,"padding":"0,0","margin":"0,0","show_background_image":false,"background_style":"none","background_size":"auto","enable_overlay":false,"background_color":"","overlay_transparency":"0.5","section_heading":"Our Talks","section_sub_heading":"","section_description":"Classic edition of the greatest collection for a creative outlook that brings the style out of your passion.","section_button_text":"View All Blogs","section_button_link":"shopify:\/\/blogs\/news","section_heading_color":"","section_sub_heading_color":"","section_description_color":"","section_button_bg_color":"","section_button_text_color":"","section_button_hover_bg_color":"","section_button_hover_text_color":"","heading_position":"text-start","blog":"news","blog_show_author":false,"blog_show_date":true,"blog_comments":false,"blog_show_tag":false,"blog_show_button":true,"blog_show_description":true,"enable_blog_icons":false,"block_banner_style":"grid-style","post_limit":2,"grid":"2","text_position":"text-start","enable_box_shadow":false,"vertical_position":"vertical-top","content_width":"50\/50","lap_content_width":"50\/50","overlay_style_height":400,"overlay_style":"use_gradient_overlay","overlay_color":"#f3eeeb","overlay_opacity":"1","rotation_degree":"180","split_blog_layout":false,"split_gap":"30","enable_masonry_grid":false,"main_banner_style":"grid-style","additional_banner_style":"list-style","enable_masonry_reverse":false,"blog_bg_color":"","blog_link_color":"","blog_link_hover_color":"","blog_text_color":"","blog_icon_color":"","blog_button_bg_color":"","blog_button_text_color":"","blog_button_bg_hover_color":"","blog_button_text_hover_color":"","blog_link_color_overlay":"","blog_link_hover_color_overlay":"","blog_text_color_overlay":"","blog_icon_color_overlay":"","blog_button_bg_color_overlay":"","blog_button_text_color_overlay":"","blog_button_bg_hover_color_overlay":"","blog_button_text_hover_color_overlay":"","masonry_content_width":"50\/50","lap_masonry_content_width":"40\/60","enable_slider":false,"enable_auto_height":false,"items_per_view":2,"column_gap":"30","slider_autoplay":0,"dots":true,"carousel_pagination_alignment":"center_pagination","arrows":true,"nav_arrow_position":"center-navigation","center_nav_arrow_alignment":"outside_container","navigation_button_color":"","navigation_button_icon_color":"","navigation_button_hover_color":"","navigation_button_hover_icon_color":"","navigation_dot_color":"","navigation_dot_active_color":"","custom_class_name":"custom_blog"}},"1642483682d2b35b82":{"type":"home-testimonial","blocks":{"1642483682e5522ff7-0":{"type":"content","settings":{"quote":"<p>Sectetur adipiscing elit, sed do eiusmod tempor incididunt ut labore et dolore magna aliqua. Quis ipsum suspendisse.<\/p>","icon":"shopify:\/\/shop_images\/client-logo-3.jpg","author":"","job":"","star":"0"}},"9de0fe52-1a14-4021-85b6-9b519eee5e70":{"type":"content","settings":{"quote":"<p>Sectetur adipiscing elit, sed do eiusmod tempor incididunt ut labore et dolore magna aliqua. Quis ipsum suspendisse.<\/p>","icon":"shopify:\/\/shop_images\/client-logo-3.jpg","author":"","job":"","star":"0"}},"9b4ea2c1-19d3-424a-bb23-7294371988dd":{"type":"content","settings":{"quote":"<p>Sectetur adipiscing elit, sed do eiusmod tempor incididunt ut labore et dolore magna aliqua. Quis ipsum suspendisse.<\/p>","icon":"shopify:\/\/shop_images\/client-logo-3.jpg","author":"","job":"","star":"0"}},"27c1119b-7364-42ac-b8be-3edee4bfee65":{"type":"content","settings":{"quote":"<p>Sectetur adipiscing elit, sed do eiusmod tempor incididunt ut labore et dolore magna aliqua. Quis ipsum suspendisse.<\/p>","icon":"shopify:\/\/shop_images\/client-logo-3.jpg","author":"","job":"","star":"0"}},"cbce5539-8b29-4f57-91a6-7bc8a947f16e":{"type":"content","settings":{"quote":"<p>Sectetur adipiscing elit, sed do eiusmod tempor incididunt ut labore et dolore magna aliqua. Quis ipsum suspendisse.<\/p>","icon":"shopify:\/\/shop_images\/client-logo-3.jpg","author":"","job":"","star":"0"}}},"block_order":["1642483682e5522ff7-0","9de0fe52-1a14-4021-85b6-9b519eee5e70","9b4ea2c1-19d3-424a-bb23-7294371988dd","27c1119b-7364-42ac-b8be-3edee4bfee65","cbce5539-8b29-4f57-91a6-7bc8a947f16e"],"settings":{"full":true,"spacing_both_ends":true,"padding":"100,0","margin":"0,0","show_background_image":false,"background_style":"none","background_size":"auto","enable_overlay":false,"background_color":"","overlay_transparency":"0.5","section_heading":"","section_sub_heading":"","section_description":"","section_button_text":"","section_button_link":"","section_heading_color":"","section_sub_heading_color":"","section_description_color":"","section_button_bg_color":"","section_button_text_color":"","section_button_hover_bg_color":"","section_button_hover_text_color":"","heading_position":"text-center","grid":"3","block_style":"style_3","boxed_styles":"overall_boxed","enable_box_shadow":false,"reverse_column":true,"text_position":"text-center","quote_icon":"shopify:\/\/shop_images\/quote-icon-2_f19a8081-49eb-47cb-be0b-0f88f9dd119a.png","quote_style":"quote-icon-in-content","author_info_style":"style_2","border_radius":"0px","boxed_border_radius":"0","column_gap":"30","content_width":"30\/70","lap_content_width":"20\/80","tab_content_width":"30\/70","vertical_position":"vertical-top","testimonial_border_color":"rgba(0,0,0,0)","testimonial_background_color":"rgba(0,0,0,0)","testimonial_content_color":"","testimonial_review_color":"","testimonial_author_text_color":"","testimonial_author_designation_color":"","testimonial_author_separator_color":"","testimonial_quote_icon_color":"#181818","enable_slider":true,"enable_auto_height":true,"items_per_view":4,"slider_autoplay":0,"dots":false,"carousel_pagination_alignment":"center_pagination","arrows":false,"nav_arrow_position":"center-navigation","center_nav_arrow_alignment":"outside_container","navigation_button_color":"","navigation_button_icon_color":"","navigation_button_hover_color":"","navigation_button_hover_icon_color":"","navigation_dot_color":"","navigation_dot_active_color":"","custom_class_name":"custom_testimonial_carousel_2_a"}},"16425900165814aa08":{"type":"home-testimonial","blocks":{"164259001652e59aa5-0":{"type":"content","settings":{"quote":"<p>Adipiscing elit, sed do eiusmod tempor incididunt ut labore et dolore magna aliqua. Quis ipsum suspendisse ultrices gravida.<\/p>","icon":"shopify:\/\/shop_images\/specification-block.jpg","author":"Author Name","job":"Author Designation","star":"0"}},"b2887415-7406-48c8-bcec-e810f6ff3f05":{"type":"content","settings":{"quote":"<p>Adipiscing elit, sed do eiusmod tempor incididunt ut labore et dolore magna aliqua. Quis ipsum suspendisse ultrices gravida.<\/p>","icon":"shopify:\/\/shop_images\/specification-block.jpg","author":"Author Name","job":"Author Designation","star":"0"}},"57022527-0ce7-416c-9797-f64924f11643":{"type":"content","settings":{"quote":"<p>Adipiscing elit, sed do eiusmod tempor incididunt ut labore et dolore magna aliqua. Quis ipsum suspendisse ultrices gravida.<\/p>","icon":"shopify:\/\/shop_images\/specification-block.jpg","author":"Author Name","job":"Author Designation","star":"0"}}},"block_order":["164259001652e59aa5-0","b2887415-7406-48c8-bcec-e810f6ff3f05","57022527-0ce7-416c-9797-f64924f11643"],"settings":{"full":false,"spacing_both_ends":false,"padding":"100,50","margin":"0,0","show_background_image":false,"background_style":"none","background_size":"auto","enable_overlay":false,"background_color":"","overlay_transparency":"0.5","section_heading":"","section_sub_heading":"","section_description":"","section_button_text":"","section_button_link":"","section_heading_color":"","section_sub_heading_color":"","section_description_color":"","section_button_bg_color":"","section_button_text_color":"","section_button_hover_bg_color":"","section_button_hover_text_color":"","heading_position":"text-center","grid":"3","block_style":"style_3","boxed_styles":"default","enable_box_shadow":false,"reverse_column":true,"text_position":"text-center","quote_icon":"shopify:\/\/shop_images\/quote-icon-2_f19a8081-49eb-47cb-be0b-0f88f9dd119a.png","quote_style":"quote-icon-in-content","author_info_style":"style_1","border_radius":"50%","boxed_border_radius":"0","column_gap":"0","content_width":"30\/70","lap_content_width":"20\/80","tab_content_width":"30\/70","vertical_position":"vertical-top","testimonial_border_color":"rgba(0,0,0,0)","testimonial_background_color":"rgba(0,0,0,0)","testimonial_content_color":"","testimonial_review_color":"","testimonial_author_text_color":"","testimonial_author_designation_color":"","testimonial_author_separator_color":"","testimonial_quote_icon_color":"#181818","enable_slider":true,"enable_auto_height":false,"items_per_view":3,"slider_autoplay":5,"dots":false,"carousel_pagination_alignment":"center_pagination","arrows":false,"nav_arrow_position":"center-navigation","center_nav_arrow_alignment":"outside_container","navigation_button_color":"","navigation_button_icon_color":"","navigation_button_hover_color":"","navigation_button_hover_icon_color":"","navigation_dot_color":"","navigation_dot_active_color":"","custom_class_name":"custom_testimonial_carousel_2_a"}},"16451848043bf730d2":{"type":"home-brand-logos","blocks":{"16451848040d50ee54-0":{"type":"Image","settings":{"image":"shopify:\/\/shop_images\/our_partner.png","title":"Brand Name","link":""}},"16451848040d50ee54-1":{"type":"Image","settings":{"image":"shopify:\/\/shop_images\/our_partner2.png","title":"Brand Name","link":""}},"16451848040d50ee54-2":{"type":"Image","settings":{"image":"shopify:\/\/shop_images\/our_partner_3.png","title":"Brand Name","link":""}},"16451848040d50ee54-3":{"type":"Image","settings":{"image":"shopify:\/\/shop_images\/our_partner_4.png","title":"Brand Name","link":""}},"16451848040d50ee54-4":{"type":"Image","settings":{"image":"shopify:\/\/shop_images\/our_partner_5.png","title":"Brand Name","link":""}},"47bd3226-2665-4b23-bc2f-0b0b9970cef4":{"type":"Image","settings":{"image":"shopify:\/\/shop_images\/our_partner_6.png","title":"Brand Name","link":""}},"a2a960a0-d616-4d42-854c-474084456d7a":{"type":"Image","settings":{"image":"shopify:\/\/shop_images\/our_partner_7.png","title":"Brand Name","link":""}},"ef54a7d4-bb3f-449a-9224-8c2e362415df":{"type":"Image","settings":{"image":"shopify:\/\/shop_images\/our_partner_8.png","title":"Brand Name","link":""}},"b6f194de-184d-4efd-8443-3d7aa17727c5":{"type":"Image","settings":{"image":"shopify:\/\/shop_images\/our_partner_9.png","title":"Brand Name","link":""}},"d719da3c-0bff-482b-8895-21bc2b890667":{"type":"Image","settings":{"image":"shopify:\/\/shop_images\/our_partner_10.png","title":"Brand Name","link":""}}},"block_order":["16451848040d50ee54-0","16451848040d50ee54-1","16451848040d50ee54-2","16451848040d50ee54-3","16451848040d50ee54-4","47bd3226-2665-4b23-bc2f-0b0b9970cef4","a2a960a0-d616-4d42-854c-474084456d7a","ef54a7d4-bb3f-449a-9224-8c2e362415df","b6f194de-184d-4efd-8443-3d7aa17727c5","d719da3c-0bff-482b-8895-21bc2b890667"],"settings":{"full":false,"spacing_both_ends":false,"padding":"0,0","margin":"0,0","show_background_image":false,"background_style":"none","background_size":"auto","enable_overlay":false,"background_color":"","overlay_transparency":"0.5","section_heading":"Brand logos","section_sub_heading":"Sub Heading","section_description":"Use this text to share the information which you like!.","section_button_text":"","section_button_link":"","section_heading_color":"","section_sub_heading_color":"","section_description_color":"","section_button_bg_color":"","section_button_text_color":"","section_button_hover_bg_color":"","section_button_hover_text_color":"","heading_position":"text-center","grid":"5","block_style":"style-1","enable_box_shadow":false,"column_gap":"30","border_radius":"0","swipe_on_mobile":true,"block_border_color":"","block_background_color":"","enable_slider":false,"enable_auto_height":false,"items_per_view":4,"slider_autoplay":0,"dots":true,"carousel_pagination_alignment":"center_pagination","arrows":true,"nav_arrow_position":"navigation-bottom-center","center_nav_arrow_alignment":"outside_container","navigation_button_color":"","navigation_button_icon_color":"","navigation_button_hover_color":"","navigation_button_hover_icon_color":"","navigation_dot_color":"","navigation_dot_active_color":"","custom_class_name":"custom_brand_logos"}}},"order":["main","16427569661c6a439f","16424222622a37110b","16424232174025ea73","1642424530ed2ab461","1642483675fee265cd","16425039012b9d0cf1","16424897987b2a2ee3","164257715956b65889","1642579424d5452fe1","1642483682d2b35b82","16425900165814aa08","16451848043bf730d2"]}