{"sections":{"main":{"type":"about-us","disabled":true,"settings":{}},"16565835258bba584c":{"type":"home-video-banner","settings":{"full":false,"spacing_both_ends":false,"padding":"30,100","margin":"0,0","show_background_image":false,"background_style":"none","background_size":"auto","enable_overlay":false,"background_color":"","overlay_transparency":"0.5","section_heading":"An Adventure's of Dress Designs","section_sub_heading":"New Fashion","section_description":"Purus viverra accumsan in nisl nisi scelerisque eu ultrices vitae. Fringilla urna porttitor rhoncus dolor purus. Platea dictumst vestibulum rhoncus est pellentesque. Eget nunc lobortis mattis aliquam faucibus purus in massa. Posuere morbi leo urna molestie at elementum eu facilisis. Dui faucibus in ornare quam viverra orci. Viverra ipsum nunc aliquet bibendum. Consequat semper viverra nam libero justo laoreet. Accumsan lacus vel facilisis volutpat est. Ultrices tincidunt arcu non sodales.  Feugiat sed lectus vestibulum mattis. Non diam phasellus vestibulum lorem sed risus ultricies. Nibh ipsum consequat nisl vel pretium. Consequat ac felis donec et odio pellentesque diam volutpat commodo. Volutpat lacus laoreet non curabitur gravida arcu ac tortor. Eros in cursus turpis massa tincidunt dui ut ornare lectus.","section_button_text":"Explore More","section_button_link":"shopify:\/\/collections\/best-sellers-demo-1","section_heading_color":"","section_sub_heading_color":"","section_description_color":"","section_button_bg_color":"","section_button_text_color":"","section_button_hover_bg_color":"","section_button_hover_text_color":"","heading_position":"text-start","block_title":"","block_sub_title":"","block_description":"","block_button_text":"","block_button_link":"","content_position":"custom","block_text_align":"text-center","layout_style":"default","reverse_column":false,"block_image":"shopify:\/\/shop_images\/overlay-banner.jpg","show_image":true,"video_format":"modal","video_url":"","iframe_url":"https:\/\/www.youtube.com\/embed\/85m0wq29mAA","video_height":"500","overlay_style":"with-overlay","enable_box_shadow":false,"border_radius":"0","block_banner_style":"grid","banner_heading_color":"#ffffff","banner_sub_heading_color":"","banner_description_color":"#ffffff","banner_button_bg_color":"","banner_button_text_color":"","banner_button_hover_bg_color":"","banner_button_hover_text_color":"","video_overlay_color":"#bee1e6","video_overlay_transparency":"0","icon_bg_color":"rgba(0,0,0,0)","icon_color":"#d6a6ad","icon_bg_color_hover":"rgba(0,0,0,0)","icon_color_hover":"","custom_class_name":"icon_modify about-custom-video"}},"16565835388d040efe":{"type":"home-support-block","blocks":{"760a4a41-9bee-473d-b7f1-23f35e7d25de":{"type":"icon","settings":{"icon":"shopify:\/\/shop_images\/Vector_Smart_Object.png","title":"Free Delivery","desc":"On Order Above $20","link_text":"View More","link":"","text_underline_color":"#d6a6ad","icon_bg_color":""}},"0e237723-5011-45c1-b283-0b71928bb8c8":{"type":"icon","settings":{"icon":"shopify:\/\/shop_images\/Vector_Smart_Object1.png","title":"Easy Returns","desc":"7 Days Free Returns","link_text":"View More","link":"","text_underline_color":"#f1c5af","icon_bg_color":""}},"60a864c9-dc67-4066-ba93-da3558bac954":{"type":"icon","settings":{"icon":"shopify:\/\/shop_images\/Vector_Smart_Object2.png","title":"Customer Service","desc":"24*7 Support Help","link_text":"View More","link":"","text_underline_color":"#fff4d8","icon_bg_color":""}},"0a306368-6b97-40cf-97d8-c97480937cbb":{"type":"icon","settings":{"icon":"shopify:\/\/shop_images\/Vector_Smart_Object3.png","title":"Secure Guarantee","desc":"100% Secured Shopping Ecperience","link_text":"View More","link":"","text_underline_color":"#d7d7d7","icon_bg_color":"rgba(0,0,0,0)"}}},"block_order":["760a4a41-9bee-473d-b7f1-23f35e7d25de","0e237723-5011-45c1-b283-0b71928bb8c8","60a864c9-dc67-4066-ba93-da3558bac954","0a306368-6b97-40cf-97d8-c97480937cbb"],"settings":{"full":false,"spacing_both_ends":false,"padding":"80,90","margin":"0,0","show_background_image":false,"background_style":"none","background_size":"auto","enable_overlay":true,"background_color":"","overlay_transparency":"0.5","section_heading":"","section_sub_heading":"","section_description":"","section_button_text":"","section_button_link":"","section_heading_color":"","section_sub_heading_color":"","section_description_color":"","section_button_bg_color":"","section_button_text_color":"","section_button_hover_bg_color":"","section_button_hover_text_color":"","heading_position":"text-center","text_position":"text-center","block_style":"default-style","grid":"4","enable_grid_style":true,"vertical_position":"position-default","reverse_column":false,"border_radius":"0px","icon_border_radius":"0px","enable_box_shadow":false,"block_icon_outer_size":"60px","block_icon_size":"60px","slide_on_mobile":true,"block_border_color":"rgba(0,0,0,0)","block_bg":"rgba(0,0,0,0)","block_icon_bg":"rgba(0,0,0,0)","block_icon_border_color":"rgba(0,0,0,0)","block_heading_color":"","block_description_color":"","block_button_bg_color":"","block_button_text_color":"","block_button_hover_bg_color":"","block_button_hover_text_color":"","custom_class_name":"custom_support custom-support-about"}},"16565835741a7d2fe5":{"type":"home-masonry-banner","blocks":{"1656583573e81b0112-0":{"type":"content","settings":{"block_image":"shopify:\/\/shop_images\/grid02_25c96010-14df-458f-a501-3cda55ff3409.jpg","show_image":true,"block_title":"Western Collection","block_sub_title":"","block_description":"","block_button_text":"Start at $25","block_button_link":"shopify:\/\/collections\/new-arrivals-demo-1","use_title_link":true,"block_text_align":"text-center","content_position":"bottom-right","image_position":"center","reverse_column":false,"block_banner_bg":"rgba(0,0,0,0)","block_heading_color":"","block_sub_heading_color":"","block_description_color":"","block_button_bg_color":"#d6a6ad","block_button_text_color":"#000000","block_button_hover_bg_color":"#d6a6ad","block_button_hover_text_color":"#000000","overlay_style":"use_overlay","overlay_color":"","overlay_opacity":"0.65","rotation_degree":"180"}},"1656583573e81b0112-1":{"type":"content","settings":{"block_image":"shopify:\/\/shop_images\/grid03_8e306205-d9e8-4c13-87ae-670026b65d91.jpg","show_image":true,"block_title":"Overcoat Collection","block_sub_title":"","block_description":"","block_button_text":"Start at $11","block_button_link":"shopify:\/\/collections\/shop-demo1","use_title_link":true,"block_text_align":"text-center","content_position":"bottom-left","image_position":"center","reverse_column":false,"block_banner_bg":"rgba(0,0,0,0)","block_heading_color":"","block_sub_heading_color":"","block_description_color":"","block_button_bg_color":"#d6a6ad","block_button_text_color":"#000000","block_button_hover_bg_color":"#d6a6ad","block_button_hover_text_color":"#000000","overlay_style":"use_overlay","overlay_color":"","overlay_opacity":"0.65","rotation_degree":"180"}},"34c2a3fd-22a8-49a1-854b-e4f8466ab874":{"type":"content","settings":{"block_image":"shopify:\/\/shop_images\/grid04_cc210643-f079-48bb-a08b-ecf8638f219d.jpg","show_image":true,"block_title":"Kid's Collections","block_sub_title":"","block_description":"","block_button_text":"Start at $20","block_button_link":"shopify:\/\/collections\/new-arrivals-demo-1","use_title_link":true,"block_text_align":"text-start","content_position":"bottom-right","image_position":"center","reverse_column":false,"block_banner_bg":"rgba(0,0,0,0)","block_heading_color":"","block_sub_heading_color":"","block_description_color":"","block_button_bg_color":"#d6a6ad","block_button_text_color":"#000000","block_button_hover_bg_color":"#d6a6ad","block_button_hover_text_color":"#000000","overlay_style":"use_overlay","overlay_color":"","overlay_opacity":"0.65","rotation_degree":"180"}}},"block_order":["1656583573e81b0112-0","1656583573e81b0112-1","34c2a3fd-22a8-49a1-854b-e4f8466ab874"],"settings":{"full":false,"spacing_both_ends":false,"padding":"100,100","margin":"0,0","show_background_image":false,"background_style":"none","background_size":"auto","enable_overlay":false,"background_color":"","overlay_transparency":"0.5","section_heading":"Modern Collections","section_sub_heading":"Trendy Designs","section_description":"Purus viverra accumsan in nisl nisi scelerisque eu ultrices vitae. Fringilla urna porttitor rhoncus dolor purus.","section_button_text":"","section_button_link":"","heading_position":"text-center","section_heading_color":"","section_sub_heading_color":"","section_description_color":"","section_button_bg_color":"","section_button_text_color":"","section_button_hover_bg_color":"","section_button_hover_text_color":"","main_banner_style":"overlay","block_banner_style":"overlay","reverse_column":false,"column_gap":"30px","enable_box_shadow":false,"border_radius":"0","content_width":"35\/65","lap_content_width":"40\/60","tab_content_width":"45\/55","primary_text_align":"text-center","primary_position":"bottom-right","enable_main_img":true,"primary_image":"shopify:\/\/shop_images\/grid01_a83ca1f9-6408-4d2e-a48c-6962e35da196.jpg","image_position":"top left","primary_title":"Casual Collection","underline_color":"#d6a6ad","primary_sub_title":"","primary_description":"","primary_button_text":"Start at $18","primary_button_link":"shopify:\/\/collections\/best-sellers-demo-1","set_heading_link":true,"primary_banner_bg":"","primary_heading_color":"","primary_sub_heading_color":"","primary_description_color":"","primary_button_bg_color":"#d6a6ad","primary_button_text_color":"#000000","primary_button_hover_bg_color":"#d6a6ad","primary_button_hover_text_color":"#000000","overlay_style":"use_overlay","overlay_color":"","overlay_opacity":"0.65","rotation_degree":"180","block_style":"style-3","enable_badge":true,"overlay_style_height":520,"overlay_style_height_laptop":350,"overlay_style_height_tab":500,"overlay_style_height_mobile":450,"custom_class_name":"about-custom-masonry"}},"165658359801aad33f":{"type":"home-testimonial","blocks":{"1656583597df148758-0":{"type":"content","settings":{"quote":"<p>‘’ Commodo sed egestas egestas fringilla phasellus faucibus marwues ferserg‘’<\/p>","icon":"shopify:\/\/shop_images\/image11.jpg","author":"Lenda Lena","job":"Designer","star":"0","content_bg_color":"#f4e9d4"}},"a2668369-f098-41a6-8fdd-df6dc907c581":{"type":"content","settings":{"quote":"<p>‘’Gersmodo sed egestas egestas fringilla phasellus faucibus marwues ferserg‘’<\/p>","icon":"shopify:\/\/shop_images\/image13.jpg","author":"Roselin","job":"Customer","star":"0","content_bg_color":"#bee1e6"}},"5906445d-d724-4422-b46b-2223e0df3f82":{"type":"content","settings":{"quote":"<p>‘’Wdesmodo sed egestas egestas fringilla phasellus faucibus marwues ferserg‘’<\/p>","icon":"shopify:\/\/shop_images\/image12.jpg","author":"Jessy","job":"Staff","star":"0","content_bg_color":"#f3a298"}}},"block_order":["1656583597df148758-0","a2668369-f098-41a6-8fdd-df6dc907c581","5906445d-d724-4422-b46b-2223e0df3f82"],"settings":{"full":false,"spacing_both_ends":false,"padding":"100,100","margin":"0,0","show_background_image":false,"background_style":"none","background_size":"auto","enable_overlay":true,"background_color":"#d6a6ad","overlay_transparency":".5","section_heading":"Testimonials","section_sub_heading":"Client  Say","section_description":"Purus viverra accumsan in nisl nisi scelerisque eu ultrices vitae. Fringilla urna porttitor rhoncus dolor purus.","section_button_text":"","section_button_link":"","section_heading_color":"","text_underline_color":"rgba(0,0,0,0)","section_sub_heading_color":"","section_description_color":"","section_button_bg_color":"","section_button_text_color":"","section_button_hover_bg_color":"","section_button_hover_text_color":"","heading_position":"text-center","grid":"1","block_style":"style_3","boxed_styles":"default","enable_box_shadow":false,"reverse_column":false,"text_position":"text-center","quote_icon":"shopify:\/\/shop_images\/quote-icon.png","quote_style":"quote-icon-in-content","author_info_style":"style_2","border_radius":"30px 0px 30px 30px","boxed_border_radius":"30px 0px 30px 30px","column_gap":"30","content_width":"30\/70","lap_content_width":"20\/80","tab_content_width":"30\/70","vertical_position":"vertical-center","testimonial_border_color":"","testimonial_background_color":"","testimonial_content_color":"","testimonial_review_color":"","testimonial_author_text_color":"#000000","testimonial_author_designation_color":"#000000","testimonial_author_separator_color":"","testimonial_quote_icon_color":"#000000","enable_slider":true,"enable_auto_height":true,"items_per_view":3,"slider_autoplay":0,"dots":true,"carousel_pagination_alignment":"custom_pagination","arrows":true,"nav_arrow_position":"navigation-top-right","center_nav_arrow_alignment":"outside_container","navigation_button_color":"rgba(0,0,0,0)","navigation_button_icon_color":"#000000","navigation_button_hover_color":"rgba(0,0,0,0)","navigation_button_hover_icon_color":"#666666","navigation_dot_color":"#d2d2d2","navigation_dot_active_color":"#000000","custom_class_name":"about-custom-testimonials"}},"1656583613d0a27ea1":{"type":"inner-page-team-section","blocks":{"5bacc694-3d63-4709-82f7-36f2d35bc3f4":{"type":"content","settings":{"image":"shopify:\/\/shop_images\/team01.jpg","name":"Isabella","designation":"Creative Designer","facebook":"#","twitter":"#","pinterest":"#","youtube":""}},"5408fc57-b345-4ff0-b17d-2f3235d419e7":{"type":"content","settings":{"image":"shopify:\/\/shop_images\/team02.jpg","name":"Jacqueline","designation":"Brand Manager","facebook":"#","twitter":"#","pinterest":"#","youtube":""}},"bfd64ad6-725e-43f4-b824-cd204baae243":{"type":"content","settings":{"image":"shopify:\/\/shop_images\/team03.jpg","name":"Morriska","designation":"Marketing Manager","facebook":"#","twitter":"#","pinterest":"#","youtube":""}},"24dadc80-c910-4577-a56a-7a1b3b000fd1":{"type":"content","settings":{"image":"shopify:\/\/shop_images\/team04.jpg","name":"Kimberley","designation":"CEO","facebook":"#","twitter":"#","pinterest":"#","youtube":""}},"34cdf061-5f02-4898-9c22-e1cd852ec6b6":{"type":"content","settings":{"image":"shopify:\/\/shop_images\/team05.jpg","name":"Samson","designation":"Director","facebook":"#","twitter":"#","pinterest":"#","youtube":"#"}},"3e6838e0-cb1f-49ae-8435-ec0c595c01e3":{"type":"content","settings":{"image":"shopify:\/\/shop_images\/team06.jpg","name":"Ricky","designation":"Photographer","facebook":"#","twitter":"#","pinterest":"#","youtube":"#"}}},"block_order":["5bacc694-3d63-4709-82f7-36f2d35bc3f4","5408fc57-b345-4ff0-b17d-2f3235d419e7","bfd64ad6-725e-43f4-b824-cd204baae243","24dadc80-c910-4577-a56a-7a1b3b000fd1","34cdf061-5f02-4898-9c22-e1cd852ec6b6","3e6838e0-cb1f-49ae-8435-ec0c595c01e3"],"settings":{"full":false,"spacing_both_ends":false,"padding":"0,0","margin":"100,-30","show_background_image":false,"background_style":"default","enable_overlay":false,"background_color":"","overlay_transparency":"0.5","section_heading":"Fashion Team","section_sub_heading":"New Feel","section_description":"Purus viverra accumsan in nisl nisi scelerisque eu ultrices vitae. Fringilla urna porttitor rhoncus dolor purus.","section_button_text":"","section_button_link":"","section_heading_color":"","section_sub_heading_color":"","section_description_color":"","section_button_bg_color":"","section_button_text_color":"","section_button_hover_bg_color":"","section_button_hover_text_color":"","heading_position":"text-center","column":"three-column","slide_on_mobile":true,"block_heading_color":"","block_designation_color":"","block_bg":"#bee1e6","block_social_icon_bg_color":"#d6a6ad","block_social_icon_color":"#ffffff","block_social_icon_hover_bg_color":"#181818","block_social_icon_hover_color":"#ffffff"}}},"order":["main","16565835258bba584c","16565835388d040efe","16565835741a7d2fe5","165658359801aad33f","1656583613d0a27ea1"]}