{"sections":{"1632997596a17e50b6":{"type":"home-slider-width-promo-images","blocks":{"1632997596a17e50b6-0":{"type":"Slider","settings":{"image":"shopify:\/\/shop_images\/slide-img1.png","mobile_bg_clr":"","text_alignment":"text-center","content_position":"bottom-left","show_image":false,"title_2":"","subheading_color":"","subheading_size":"","title":"Scandinavain Sofa","heading_color":"#6f2d2d","heading_size":"30","desc":"California 3-Seater","desc_color":"","desc_size":"16","button":"","link":"","btn_bg_color":"","btn_txt_color":"","btn_hoverbg_color":"","btn_hovertxt_color":"","button_2":"","link_2":"","btn_bg_color_2":"","btn_txt_color_2":"","btn_hoverbg_color_2":"","btn_hovertxt_color_2":"","slide_content_bg":""}}},"block_order":["1632997596a17e50b6-0"],"settings":{"full":true,"spacing_both_ends":false,"padding":"0,0","margin":"0,50","show_background_image":true,"background_image":"shopify:\/\/shop_images\/slider-bg.png","background_style":"default","enable_overlay":false,"background_color":"#6f2d2d","overlay_transparency":"0.5","enable_box_shadow":false,"border_radius":"0","content_border_radius":"0","slider_height":100,"slider_height_mobile":100,"autoplay":false,"slideshow_speed":"5000","dots":false,"arrows":false,"nav_arrow_position":"center-navigation","center_nav_arrow_alignment":"inside_container","navigation_button_color":"","navigation_button_icon_color":"","navigation_button_hover_color":"","navigation_button_hover_icon_color":"","navigation_dot_color":"","navigation_dot_active_color":"","content_width":"40\/60","lap_content_width":"50\/50","grouped_column_gap":"0","reverse_column":false,"custom_class_name":"","enable_promo_block":true,"promo_block_style":"default","promo_height":190,"promo_height_lap":160,"promo_height_tab":100,"promo_height_mobile":100,"enable_additional_block_1":true,"image_1":"shopify:\/\/shop_images\/slide-img1_18c7d695-7563-482b-bed8-c871739b8839.png","title_1":"Classic Armchair","text_1":"Art Deco Style","button_1":"","link_1":"","enable_additional_block_2":true,"image_2":"shopify:\/\/shop_images\/slide-img2.png","title_2":"Red Modern Sofa","text_2":"Moder Unique Style","button_2":"","link_2":"","promo_heading_color":"","promo_description_color":"","promo_button_text_color":"","promo_button_bg_color":"","promo_button_hover_text_color":"","promo_button_hover_bg_color":"","promo_grid_bg_color":"","promo_overlay_bg_color":"","promo_overlay_opacity":"0"}},"163239790067c9b9c6":{"type":"home-testimonial","blocks":{"163239790067c9b9c6-0":{"type":"content","settings":{"quote":"<p>\"Lorem Ipsum is simply dummy text of the printing and typesetting industry. Lorem Ipsum has been the industry's standard dummy text ever since the 1500s, when an unknown printer took a galley of type.\"<\/p>","author":"Jerome Bell","job":"Director","star":"0"}},"354f8aab-f443-45e2-9e6c-8026a5a8942e":{"type":"content","settings":{"quote":"<p>\"Purus in mollis nunc sed id semper of the printing and typesetting industry. Lorem Ipsum has been the industry's standard dummy text ever since the 1500s, when an unknown printer took a phulues marques .\"<\/p>","author":"Martin John","job":"CEO","star":"0"}},"0a60020c-1f18-4fd6-b6c9-909f02f96ca1":{"type":"content","settings":{"quote":"<p>\"Rhoncus aenean vel elit sceleris of the printing and typesetting industry. Lorem Ipsum has been the industry's standard dummy text ever since the 1500s, when an unknown printer took a tellus isum loerem.\"<\/p>","author":"Stephen George","job":"Assitant Manager","star":"0"}}},"block_order":["163239790067c9b9c6-0","354f8aab-f443-45e2-9e6c-8026a5a8942e","0a60020c-1f18-4fd6-b6c9-909f02f96ca1"],"settings":{"full":true,"spacing_both_ends":true,"padding":"50,50","margin":"0,0","show_background_image":true,"background_image":"shopify:\/\/shop_images\/testimonial-bg.png","background_style":"default","enable_overlay":true,"background_color":"","overlay_transparency":"0.5","section_heading":"Trusted By Over 150,00  Customers Worldwide Since 2010","section_sub_heading":"","section_description":"","section_button_text":"","section_button_link":"","section_heading_color":"","section_sub_heading_color":"","section_description_color":"","section_button_bg_color":"","section_button_text_color":"","section_button_hover_bg_color":"","section_button_hover_text_color":"","heading_position":"text-start","grid":"2","block_style":"style_2","boxed_styles":"content_boxed","enable_box_shadow":false,"reverse_column":false,"text_position":"text-start","quote_style":"no-quote-icon","author_info_style":"style_2","border_radius":"0px","boxed_border_radius":"0","column_gap":"30","content_width":"30\/70","lap_content_width":"20\/80","vertical_position":"vertical-top","testimonial_border_color":"","testimonial_background_color":"","testimonial_content_color":"","testimonial_review_color":"","testimonial_author_text_color":"","testimonial_author_designation_color":"","testimonial_author_separator_color":"","testimonial_quote_icon_color":"","enable_slider":true,"enable_auto_height":true,"items_per_view":1,"slider_autoplay":0,"dots":false,"carousel_pagination_alignment":"center_pagination","carousel_pagination_bottom_alignment":"outside_element","arrows":true,"nav_arrow_position":"navigation-bottom-right","center_nav_arrow_alignment":"outside_container","navigation_button_color":"rgba(0,0,0,0)","navigation_button_icon_color":"#1a1a1a","navigation_button_hover_color":"rgba(0,0,0,0)","navigation_button_hover_icon_color":"#6f2d2d","navigation_dot_color":"","navigation_dot_active_color":"","custom_class_name":""}},"16329980314e386936":{"type":"home-product-tab","blocks":{"7ea31fa8-6e72-4460-b714-453df01997a9":{"type":"tab","settings":{"tab":"frontpage","block_title":"ALL"}},"50f7befa-fd77-41f9-b996-9e05c2988cb9":{"type":"tab","settings":{"tab":"best-sellers","block_title":"MESH"}},"d56cf0c8-bf05-4a29-9b4f-a9c118d2eab5":{"type":"tab","settings":{"tab":"elegant-products","block_title":"TILTING"}},"00520f1e-6125-4faf-8f4e-23bfb75c6a95":{"type":"tab","settings":{"tab":"glowing-products","block_title":"SITING"}},"1f4eb2bf-bb4d-40bf-91c7-fbc1b0a559c8":{"type":"tab","settings":{"tab":"trending-products","block_title":"ARM"}}},"block_order":["7ea31fa8-6e72-4460-b714-453df01997a9","50f7befa-fd77-41f9-b996-9e05c2988cb9","d56cf0c8-bf05-4a29-9b4f-a9c118d2eab5","00520f1e-6125-4faf-8f4e-23bfb75c6a95","1f4eb2bf-bb4d-40bf-91c7-fbc1b0a559c8"],"settings":{"full":true,"spacing_both_ends":true,"padding":"0,60","margin":"50,70","show_background_image":false,"background_style":"default","enable_overlay":false,"background_color":"","overlay_transparency":"0.5","section_heading":"Popular Products","section_sub_heading":"","section_description":"","section_button_text":"","section_button_link":"","section_heading_color":"","section_sub_heading_color":"","section_description_color":"","section_button_bg_color":"","section_button_text_color":"","section_button_hover_bg_color":"","section_button_hover_text_color":"","heading_position":"text-center","content_width":"30\/70","lap_content_width":"35\/65","grouped_content_bg":"","grouped_column_gap":"30","grouped_content_padding":"0","group_border_radius":"0","enable_group_box_shadow":false,"reverse_column":false,"enable_additional_content":false,"additional_block_background_color":"","additional_block_box_shadow":false,"additional_content_padding":"0","additional_block_border_radius":"0","enable_main_content":true,"main_block_background_color":"","enable_main_block_box_shadow":false,"main_block_border_radius":"0","main_content_padding":"0","enable_list_view":false,"grid":"4","post_limit":8,"column_gap":"30","border_radius":"","tab_style":"style-2","tab_alignment":"text-center","tab_link_bg_color":"rgba(0,0,0,0)","tab_link_color":"#000000","tab_link_bg_hover_color":"rgba(0,0,0,0)","tab_link_hover_text_color":"#6f2d2d","tab_content_bg_color":"","tab_content_border_color":"","enable_slider":true,"items_per_view":4,"rows":3,"enable_autoplay":false,"slider_autoplay":6,"dots":false,"carousel_pagination_alignment":"center_pagination","carousel_pagination_bottom_alignment":"outside_element","arrows":false,"nav_arrow_position":"navigation-top-right","center_nav_arrow_alignment":"inside_container","navigation_button_color":"","navigation_button_icon_color":"","navigation_button_hover_color":"","navigation_button_hover_icon_color":"","navigation_dot_color":"","navigation_dot_active_color":"","custom_class_name":""}},"1632998507316636e2":{"type":"home-number-counter","blocks":{"1632998507316636e2-0":{"type":"class","settings":{"class":"fa fa-plus","title":"","text":"Satisfied Customers","value":"10","value_text":"K"}},"1632998507316636e2-1":{"type":"class","settings":{"class":"fa fa-plus","title":"","text":"Award Winning","value":"50","value_text":""}},"1632998507316636e2-2":{"type":"class","settings":{"class":"fa fa-plus","title":"","text":"Years Experience","value":"25","value_text":""}},"1632998507316636e2-3":{"type":"class","settings":{"class":"fa fa-plus","title":"","text":"Total Product","value":"419","value_text":""}}},"block_order":["1632998507316636e2-0","1632998507316636e2-1","1632998507316636e2-2","1632998507316636e2-3"],"settings":{"full":true,"spacing_both_ends":false,"padding":"120,260","margin":"0,50","show_background_image":true,"background_image":"shopify:\/\/shop_images\/number-count-bg.jpg","background_style":"default","enable_overlay":false,"background_color":"#810909","overlay_transparency":"1","section_heading":"Luxury Lounge Chair","section_sub_heading":"","section_description":"Marques tellus sid amet consectetur adipisicing elit. Itaque tenetur quae impedit, est accusamus necessitatibus cumque aliqua quis ipsum suspendisse.","section_button_text":"","section_button_link":"","section_heading_color":"#ffffff","section_sub_heading_color":"","section_description_color":"#ffffff","section_button_bg_color":"","section_button_text_color":"","section_button_hover_bg_color":"","section_button_hover_text_color":"","heading_position":"text-start","grid":"2","column_gap":"50","counter_style":"grid","vertical_position":"vertical-top","block_text_align":"text-start","reverse_column":false,"enable_boxed":false,"enable_overall_border":false,"border_radius":"0","icon_border_radius":"0px","block_icon_outer_size":"25","block_icon_size":"20","enable_box_shadow":false,"block_bg_color":"","block_icon_border_color":"#ffffff","block_icon_bg_color":"","block_icon_color":"#ffffff","block_title_color":"","block_text_color":"#ffffff","block_value_color":"#ffffff","block_value_text_color":"#ffffff","block_border_color":"#ffffff","left_image":"shopify:\/\/shop_images\/furniture_copy-countimg-1.png","right_image":"shopify:\/\/shop_images\/img.png","right_image_sign":"shopify:\/\/shop_images\/count-sign.png","custom_class_name":""}},"163221575460b474e8":{"type":"home-grid-banner","blocks":{"163221575460b474e8-0":{"type":"content","settings":{"block_image":"shopify:\/\/shop_images\/Untitled-4.png","show_image":true,"show_after_image":false,"after_image":"shopify:\/\/shop_images\/download_25.png","block_title":"Contemporary Lamps","use_title_link":true,"block_sub_title":"","block_description":"Porttitor lacus luctus accumsan tortosectetur adipiscing elit, sed do eiusmod tempor incididunt ut labore et dolore magna aliqua. Ut...","block_button_text":"Shop Now","block_button_link":"shopify:\/\/collections\/best-sellers","block_text_align":"text-start","content_position":"top-center","reverse_column":true,"mask_bg":"#f6f0ee","block_banner_bg":"","block_content_box_bg":"","block_heading_color":"","block_sub_heading_color":"","block_description_color":"","block_button_bg_color":"#ffffff","block_button_text_color":"#1a1a1a","block_button_hover_bg_color":"#6f2d2d","block_button_hover_text_color":"#ffffff","overlay_style":"use_overlay","overlay_color":"","overlay_opacity":"0.5","rotation_degree":"180"}},"163221575460b474e8-1":{"type":"content","settings":{"block_image":"shopify:\/\/shop_images\/Untitled-6.png","show_image":true,"show_after_image":true,"after_image":"shopify:\/\/shop_images\/download_3a4.png","block_title":"Black Armchair","use_title_link":true,"block_sub_title":"","block_description":"Elit eget gravida cum sociis natoqunsectetur adipiscing elit, sed do eiusmod tempor incididunt ut labore et dolore magna aliqua. Ut...","block_button_text":"Shop Now","block_button_link":"shopify:\/\/collections\/elegant-products","block_text_align":"text-start","content_position":"center","reverse_column":false,"mask_bg":"#f6f0ee","block_banner_bg":"","block_content_box_bg":"","block_heading_color":"","block_sub_heading_color":"","block_description_color":"","block_button_bg_color":"#ffffff","block_button_text_color":"#1a1a1a","block_button_hover_bg_color":"#6f2d2d","block_button_hover_text_color":"#ffffff","overlay_style":"use_overlay","overlay_color":"","overlay_opacity":"0.5","rotation_degree":"180"}},"72e66c98-8ec2-4bf2-8067-a4f58c1899ca":{"type":"content","settings":{"block_image":"shopify:\/\/shop_images\/chair_03e05c88-cb8b-4f04-9706-098decb78e84.png","show_image":true,"show_after_image":true,"after_image":"shopify:\/\/shop_images\/download_2.png","block_title":"Stylish Chairs","use_title_link":true,"block_sub_title":"","block_description":"Sem fringilla ut morbi tincidunt augnsectetur adipiscing elit, sed do eiusmod tempor incididunt ut labore et dolore magna aliqua. Ut...","block_button_text":"Shop Now","block_button_link":"shopify:\/\/collections\/glowing-products","block_text_align":"text-start","content_position":"center","reverse_column":true,"mask_bg":"#f6f0ee","block_banner_bg":"","block_content_box_bg":"","block_heading_color":"","block_sub_heading_color":"","block_description_color":"","block_button_bg_color":"#ffffff","block_button_text_color":"#1a1a1a","block_button_hover_bg_color":"#6f2d2d","block_button_hover_text_color":"#ffffff","overlay_style":"use_overlay","overlay_color":"","overlay_opacity":"0.5","rotation_degree":"180"}}},"block_order":["163221575460b474e8-0","163221575460b474e8-1","72e66c98-8ec2-4bf2-8067-a4f58c1899ca"],"settings":{"full":true,"spacing_both_ends":true,"padding":"130,50","margin":"0,0","show_background_image":false,"background_style":"default","enable_overlay":false,"background_color":"","overlay_transparency":"0.5","section_heading":"","section_sub_heading":"","section_description":"","section_button_text":"","section_button_link":"","section_heading_color":"","section_sub_heading_color":"","section_description_color":"","section_button_bg_color":"","section_button_text_color":"","section_button_hover_bg_color":"","section_button_hover_text_color":"","heading_position":"text-center","block_banner_style":"list","column_gap":"30","grid":"2","border_radius":"0","enable_box_shadow":false,"equal_height":false,"content_width":"50\/50","lap_content_width":"40\/60","overlay_style_height":300,"overlay_style_height_laptop":300,"overlay_style_height_mobile":300,"custom_class_name":""}},"1632397896d88b5d9d":{"type":"home-support-block","blocks":{"ce739fb0-390d-4cb8-b5ee-87c5ab1182e0":{"type":"icon","settings":{"icon":"shopify:\/\/shop_images\/icon1.png","title":"Fast Delivery","use_title_link":true,"desc":"Same Day Delivery As Soon As Possible","link_text":"","link":"shopify:\/\/collections"}},"c583eafd-0bef-41a4-b0da-fd7e16a6c32c":{"type":"icon","settings":{"icon":"shopify:\/\/shop_images\/icon2_0c968c73-216c-4ce5-94e4-8a3aa3aec7b5.png","title":"Special Discount","use_title_link":true,"desc":"Get Attrative Offers Day By Day","link_text":"","link":"shopify:\/\/collections"}},"becccab9-58df-4c73-abbe-c62386eb0b2a":{"type":"icon","settings":{"icon":"shopify:\/\/shop_images\/icon3.png","title":"Money Return","use_title_link":true,"desc":"100% Money Back Guarantee","link_text":"","link":"shopify:\/\/collections"}},"1573d33f-1712-4b18-b0e0-76027143a28b":{"type":"icon","settings":{"icon":"shopify:\/\/shop_images\/icon4.png","title":"High Quality","use_title_link":true,"desc":"Control At All Usages From Manufacturer","link_text":"","link":"shopify:\/\/collections"}}},"block_order":["ce739fb0-390d-4cb8-b5ee-87c5ab1182e0","c583eafd-0bef-41a4-b0da-fd7e16a6c32c","becccab9-58df-4c73-abbe-c62386eb0b2a","1573d33f-1712-4b18-b0e0-76027143a28b"],"settings":{"full":true,"spacing_both_ends":true,"padding":"0,0","margin":"50,50","show_background_image":false,"background_style":"default","enable_overlay":true,"background_color":"","overlay_transparency":"0.5","section_heading":"","section_sub_heading":"","section_description":"","section_button_text":"","section_button_link":"","section_heading_color":"","section_sub_heading_color":"","section_description_color":"","section_button_bg_color":"","section_button_text_color":"","section_button_hover_bg_color":"","section_button_hover_text_color":"","heading_position":"text-center","text_position":"text-center","block_style":"default-style","grid":"4","enable_grid_style":true,"vertical_position":"position-default","reverse_column":false,"border_radius":"0px","icon_border_radius":"0px","enable_box_shadow":false,"block_icon_outer_size":"60px","block_icon_size":"52px","block_border_color":"","block_bg":"","block_icon_bg":"","block_icon_border_color":"","block_heading_color":"","block_description_color":"","block_button_bg_color":"","block_button_text_color":"","block_button_hover_bg_color":"","block_button_hover_text_color":"","custom_class_name":""}},"16584758672ff6cc24":{"type":"home-featured-blog","settings":{"full":false,"spacing_both_ends":false,"padding":"30,50","margin":"0,0","show_background_image":false,"background_style":"default","enable_overlay":false,"background_color":"","overlay_transparency":"0.5","section_heading":"Our Latest News & Article","section_sub_heading":"","section_description":"","section_button_text":"","section_button_link":"","section_heading_color":"","section_sub_heading_color":"","section_description_color":"","section_button_bg_color":"","section_button_text_color":"","section_button_hover_bg_color":"","section_button_hover_text_color":"","heading_position":"text-center","blog":"news","blog_show_author":true,"blog_show_date":true,"blog_comments":false,"blog_show_tag":false,"blog_show_button":true,"blog_show_description":false,"enable_blog_icons":false,"block_banner_style":"grid-style","post_limit":2,"grid":"2","text_position":"text-center","enable_box_shadow":false,"vertical_position":"vertical-center","content_width":"50\/50","lap_content_width":"40\/60","overlay_style_height":400,"overlay_style":"use_overlay","overlay_color":"","overlay_opacity":"0.5","rotation_degree":"180","split_blog_layout":false,"split_gap":"50","enable_masonry_grid":false,"main_banner_style":"grid-style","additional_banner_style":"list-style","enable_masonry_reverse":false,"blog_bg_color":"","blog_link_color":"","blog_link_hover_color":"","blog_text_color":"","blog_icon_color":"","blog_button_bg_color":"","blog_button_text_color":"","blog_button_bg_hover_color":"","blog_button_text_hover_color":"","blog_link_color_overlay":"","blog_link_hover_color_overlay":"","blog_text_color_overlay":"","blog_icon_color_overlay":"","blog_button_bg_color_overlay":"","blog_button_text_color_overlay":"","blog_button_bg_hover_color_overlay":"","blog_button_text_hover_color_overlay":"","masonry_content_width":"50\/50","lap_masonry_content_width":"40\/60","enable_slider":false,"enable_auto_height":true,"items_per_view":2,"column_gap":"60","slider_autoplay":0,"dots":true,"carousel_pagination_alignment":"center_pagination","arrows":true,"nav_arrow_position":"center-navigation","center_nav_arrow_alignment":"outside_container","navigation_button_color":"","navigation_button_icon_color":"","navigation_button_hover_color":"","navigation_button_hover_icon_color":"","navigation_dot_color":"","navigation_dot_active_color":"","custom_class_name":""}},"1632999924e64d7add":{"type":"home-newsletter","settings":{"full":true,"spacing_both_ends":true,"padding":"80,80","margin":"0,0","show_background_image":false,"background_style":"default","background_color":"#6f2d2d","enable_overlay":true,"overlay_transparency":"1","section_heading":"","section_sub_heading":"Sign Up for Furniture Email","section_description":"Nec dui nunc mattis enim ut tellus sit ernu elementum.","section_button_text":"","section_button_link":"","section_heading_color":"#ffffff","section_sub_heading_color":"#ffffff","section_description_color":"#ffffff","section_button_bg_color":"","section_button_text_color":"#ffffff","section_button_hover_bg_color":"","section_button_hover_text_color":"#ffffff","heading_position":"text-start","section_position":"text-end","newsletter_form_width":"100%","newsletter_description":"","news_style":"default","reverse_column":false,"space_in_between":"15px","newsletter_box_border_color":"#ffffff","newsletter_box_bg_color":"#6f2d2d","newsletter_box_border_focus_color":"#ffffff","newsletter_button_bg_color":"#6f2d2d","newsletter_button_text_color":"#ffffff","newsletter_button_hover_bg_color":"#1a1a1a","newsletter_button_hover_text_color":"#ffffff","newsletter_description_color":"","custom_class_name":""}}},"order":["1632997596a17e50b6","163239790067c9b9c6","16329980314e386936","1632998507316636e2","163221575460b474e8","1632397896d88b5d9d","16584758672ff6cc24","1632999924e64d7add"]}