{"sections":{"main":{"type":"contact","settings":{"full":true,"spacing_both_ends":true,"padding":"50,0","margin":"100,0","section_heading":"","section_sub_heading":"","section_description":"","section_button_text":"","section_button_link":"","section_heading_color":"","section_sub_heading_color":"","section_description_color":"","section_button_bg_color":"","section_button_text_color":"","section_button_hover_bg_color":"","section_button_hover_text_color":"","heading_position":"text-center","contact_layout":"block_layout","enable_gmap":true,"contact_iframe_code":"<iframe src=\"https:\/\/www.google.com\/maps\/embed?pb=!1m18!1m12!1m3!1d125323.47388557404!2d76.89719425617638!3d11.011701573367942!2m3!1f0!2f0!3f0!3m2!1i1024!2i768!4f13.1!3m3!1m2!1s0x3ba859af2f971cb5%3A0x2fc1c81e183ed282!2sCoimbatore%2C%20Tamil%20Nadu!5e0!3m2!1sen!2sin!4v1636899289991!5m2!1sen!2sin\" width=\"1950\" height=\"600\" style=\"border:0;\" allowfullscreen=\"\" loading=\"lazy\"><\/iframe>","enable_contact_info":true,"contactborder_color":"#999999","contact_hvrborder_color":"#6f2d2d","icontactheading_color":"","contacticon_bg_color":"","contacticon_color":"","contacticon_hoverbg_color":"","contacticonhover_color":"","contact_phone":true,"contact_module_contact_phonetitle":"Phone","contact_icon_1":"fa fa-phone","contact_phone1":"<b>Toll-Free: <\/b> 0000 - 123 - 456789","contact_phone2":"<b>Fax: <\/b> 0000 - 123 - 456789","contact_module_email":true,"contact_module_contact_title":"Email","contact_icon_2":"fa fa-envelope","contact_module_email1":"info@example.com","contact_module_email2":"support@example.com","contact_module_address":true,"contact_module_address_title":"Address","contact_icon_3":"fa fa-location-arrow","contact_module_address1":"No: 58 A, East Madison Street,","contact_module_address2":"Baltimore, MD, USA 4508","enable_contact_form":true,"contact_form_title":"Contact Form"}}},"order":["main"]}