{"sections":{"1656674056029dc852":{"type":"home-grid-banner","blocks":{"1656674055f4b34247-0":{"type":"content","settings":{"show_image":false,"block_title":"Luxurious Fashion Designs Feel Unique & Fabulous","underline_color":"","block_sub_title":"Fashion Fit","block_description":"","show_scroll_txt":false,"block_scroll_txt":"Scroll Text","block_button_text":"Shop Now","block_button_link":"shopify:\/\/collections\/best-sellers-demo-3","use_title_link":false,"enable_button_link_2":false,"block_button_text_2":"","block_button_link_2":"","enable_tag":false,"tag_text":"","block_text_align":"text-start","content_position":"center","reverse_column":false,"block_banner_bg":"#f2eeed","block_content_box_bg":"","block_heading_color":"","block_sub_heading_color":"","scroll_txt_color":"","block_description_color":"","block_button_bg_color":"","block_button_text_color":"","block_button_hover_bg_color":"","block_button_hover_text_color":"","block_button_bg_color_2":"","block_button_text_color_2":"","block_button_hover_bg_color_2":"","block_button_hover_text_color_2":"","overlay_style":"use_overlay","overlay_color":"","overlay_opacity":"0.5","rotation_degree":"180"}},"1656674055f4b34247-1":{"type":"content","settings":{"block_image":"shopify:\/\/shop_images\/Aara_demo-2-pic.gif","show_image":true,"block_title":"","underline_color":"","block_sub_title":"","block_description":"","show_scroll_txt":false,"block_scroll_txt":"","block_button_text":"","block_button_link":"","use_title_link":false,"enable_button_link_2":false,"block_button_text_2":"","block_button_link_2":"","enable_tag":false,"tag_text":"","block_text_align":"text-center","content_position":"center","reverse_column":false,"block_banner_bg":"","block_content_box_bg":"","block_heading_color":"","block_sub_heading_color":"","scroll_txt_color":"","block_description_color":"","block_button_bg_color":"","block_button_text_color":"","block_button_hover_bg_color":"","block_button_hover_text_color":"","block_button_bg_color_2":"","block_button_text_color_2":"","block_button_hover_bg_color_2":"","block_button_hover_text_color_2":"","overlay_style":"use_overlay","overlay_color":"","overlay_opacity":"0","rotation_degree":"180"}}},"block_order":["1656674055f4b34247-0","1656674055f4b34247-1"],"settings":{"full":true,"spacing_both_ends":false,"padding":"0,50","margin":"0,20","show_background_image":false,"background_style":"none","background_size":"auto","enable_overlay":false,"background_color":"","overlay_transparency":"0.5","section_heading":"","section_sub_heading":"","section_description":"","section_button_text":"","section_button_link":"","section_heading_color":"","section_sub_heading_color":"","section_description_color":"","section_button_bg_color":"","section_button_text_color":"","section_button_hover_bg_color":"","section_button_hover_text_color":"","heading_position":"text-center","block_banner_style":"overlay","column_gap":"0","grid":"2","border_radius":"0","enable_box_shadow":false,"equal_height":false,"content_width":"50\/50","lap_content_width":"40\/60","overlay_style_height":820,"overlay_style_height_laptop":750,"overlay_style_height_mobile":400,"custom_class_name":"demo-3-customs-grid"}},"16566755872a70dac0":{"type":"home-custom-section","blocks":{"16566755871e83f8b2-0":{"type":"content","settings":{"block_heading":"Feel Pretty","block_sub_heading":"","block_description":"","html":"","block_button_text":"","block_button_link":"","heading_position":"text-center","heading_position_vertical":"align_top","block_img_1":"shopify:\/\/shop_images\/image-1.jpg","image_1_border_radius":"","image_2_border_radius":"","block_image_bg_color":"","reverse_column":false,"reverse_row":false,"block_heading_color":"","block_sub_heading_color":"","block_description_color":"","block_html_color":"","block_button_bg_color":"","block_button_text_color":"","block_button_hover_bg_color":"","block_button_hover_text_color":""}},"16566755871e83f8b2-1":{"type":"content","settings":{"block_heading":"Classic Designs!","block_sub_heading":"","block_description":"","html":"<p>Tellus in metus vulputate eu scelerisque. Habitant morbi tristique senectus et netus et. Vitae justo eget magna fermentum. Id neque aliquam vestibulum morbi blandit. Malesuada fames ac turpis egestas maecenas pharetra convallis.Diam ut venenatis tellus in metbibendum at varius vel pharetra vel turpis nun marques rguese etlues.<\/p>\n<p>Tincidunt nunc pulvinar sapien et ligula ullamcorper malesuada proin. Platea dictumst vestibulum rhoncus est. Duis ultricies lacus sed turpis tincidunt id aliquet risus feugiat.Nibh nisl condimentum id venenatis. Adipiscing enim eu turpis egestas pretium.  <\/p>\n<p><b>Check out our new design?<\/b><\/p>\n<p>Blandit volutpat maecenas volutpat blandit aliquam etiam erat velit scelerisque. Vulputate enim nulla aliquet porttitor lacus luctus accumsan tortor. Vitae sapien pellentesque habitant morbi tristique senectu marques warese teslue gbesres.  <\/p>","block_button_text":"Shop Now","block_button_link":"shopify:\/\/collections\/latest-products","heading_position":"text-start","heading_position_vertical":"align_top","image_1_border_radius":"","image_2_border_radius":"","block_image_bg_color":"","reverse_column":false,"reverse_row":false,"block_heading_color":"","block_sub_heading_color":"","block_description_color":"","block_html_color":"","block_button_bg_color":"","block_button_text_color":"","block_button_hover_bg_color":"","block_button_hover_text_color":""}}},"block_order":["16566755871e83f8b2-0","16566755871e83f8b2-1"],"settings":{"full":false,"spacing_both_ends":false,"padding":"50,50","margin":"0,20","show_background_image":false,"background_style":"none","background_size":"auto","show_style_image":true,"style_image":"shopify:\/\/shop_images\/style-1.png","enable_overlay":false,"background_color":"","overlay_transparency":"0.5","section_heading":"","section_sub_heading":"","section_description":"","section_button_text":"","section_button_link":"","section_heading_color":"","section_sub_heading_color":"","section_description_color":"","section_button_bg_color":"","section_button_text_color":"","section_button_hover_bg_color":"","section_button_hover_text_color":"","heading_position":"text-center","heading_position_vertical":"top","column_gap":"30","border_radius":"","two_column":true,"custom_style":"default","custom_class_name":"demo-two-custom-one"}},"1656676665e740d805":{"type":"home-featured-collection","blocks":{"1656676664e5bc2474-0":{"type":"collection","settings":{"collection":"latest-products","collection_text":"","collection_sub_text":"","enable_custom_img_height":false,"block_img_height":250,"block_button_text":"Shop Now","block_text_align":"text-center","content_position":"center","reverse_column":false,"block_banner_bg":"rgba(0,0,0,0)","block_content_box_bg":"","block_heading_color":"","block_heading_hover_color":"","block_subheading_color":"","block_sub_heading_color":"","block_description_color":"","block_button_bg_color":"#d6a6ad","block_button_text_color":"#000000","block_button_hover_bg_color":"#d6a6ad","block_button_hover_text_color":"#000000","overlay_style":"use_overlay","overlay_color":"#cac8c8","overlay_opacity":"0.8","rotation_degree":"180"}},"1656676664e5bc2474-1":{"type":"collection","settings":{"collection":"hot-deals","collection_text":"","collection_sub_text":"","enable_custom_img_height":true,"block_img_height":250,"block_button_text":"Shop Now","block_text_align":"text-center","content_position":"center","reverse_column":false,"block_banner_bg":"rgba(0,0,0,0)","block_content_box_bg":"","block_heading_color":"","block_heading_hover_color":"","block_subheading_color":"","block_sub_heading_color":"","block_description_color":"","block_button_bg_color":"#d6a6ad","block_button_text_color":"#000000","block_button_hover_bg_color":"#d6a6ad","block_button_hover_text_color":"#000000","overlay_style":"use_overlay","overlay_color":"#cac8c8","overlay_opacity":"0.8","rotation_degree":"180"}},"38d85635-2558-46ee-9aa8-44208bd214a6":{"type":"collection","settings":{"collection":"new-arrivals","collection_text":"","collection_sub_text":"","enable_custom_img_height":false,"block_img_height":400,"block_button_text":"Shop Now","block_text_align":"text-center","content_position":"center","reverse_column":false,"block_banner_bg":"rgba(0,0,0,0)","block_content_box_bg":"","block_heading_color":"","block_heading_hover_color":"","block_subheading_color":"","block_sub_heading_color":"","block_description_color":"","block_button_bg_color":"#d6a6ad","block_button_text_color":"#000000","block_button_hover_bg_color":"#d6a6ad","block_button_hover_text_color":"#000000","overlay_style":"use_overlay","overlay_color":"#cac8c8","overlay_opacity":"0.8","rotation_degree":"180"}},"e127a44d-aa54-4269-85a6-753b745b8cb3":{"type":"collection","settings":{"collection":"popular-products","collection_text":"","collection_sub_text":"","enable_custom_img_height":true,"block_img_height":300,"block_button_text":"Shop Now","block_text_align":"text-center","content_position":"center","reverse_column":false,"block_banner_bg":"rgba(0,0,0,0)","block_content_box_bg":"","block_heading_color":"","block_heading_hover_color":"","block_subheading_color":"","block_sub_heading_color":"","block_description_color":"","block_button_bg_color":"#d6a6ad","block_button_text_color":"#000000","block_button_hover_bg_color":"#d6a6ad","block_button_hover_text_color":"#000000","overlay_style":"use_overlay","overlay_color":"#cac8c8","overlay_opacity":"0.8","rotation_degree":"180"}},"63ebd6a9-4d5c-4ed2-bace-7d9ad4bac326":{"type":"collection","settings":{"collection":"trending-products","collection_text":"","collection_sub_text":"","enable_custom_img_height":false,"block_img_height":400,"block_button_text":"Shop Now","block_text_align":"text-center","content_position":"center","reverse_column":false,"block_banner_bg":"rgba(0,0,0,0)","block_content_box_bg":"","block_heading_color":"","block_heading_hover_color":"","block_subheading_color":"","block_sub_heading_color":"","block_description_color":"","block_button_bg_color":"#d6a6ad","block_button_text_color":"#000000","block_button_hover_bg_color":"#d6a6ad","block_button_hover_text_color":"#000000","overlay_style":"use_overlay","overlay_color":"#cac8c8","overlay_opacity":"0.8","rotation_degree":"180"}}},"block_order":["1656676664e5bc2474-0","1656676664e5bc2474-1","38d85635-2558-46ee-9aa8-44208bd214a6","e127a44d-aa54-4269-85a6-753b745b8cb3","63ebd6a9-4d5c-4ed2-bace-7d9ad4bac326"],"settings":{"full":false,"spacing_both_ends":false,"padding":"100,100","margin":"0,00","show_background_image":false,"background_style":"none","background_size":"auto","enable_overlay":true,"background_color":"#bee1e6","overlay_transparency":".5","section_heading":"Trendy Collections","section_sub_heading":"Famous Products","section_description":"","section_button_text":"","section_button_link":"","section_heading_color":"","section_sub_heading_color":"","section_description_color":"","section_button_bg_color":"","section_button_text_color":"","section_button_hover_bg_color":"","section_button_hover_text_color":"","heading_position":"text-center","grid":"2","block_banner_style":"grid","column_gap":"30","equal_height":false,"overlay_style_height":"400","enable_box_shadow":false,"border_radius":"0","enable_items_count":true,"enable_title":false,"enable_sub_title":false,"enable_collection_desc":true,"enable_collection_button":true,"content_width":"50\/50","lap_content_width":"35\/65","enable_slider":true,"enable_auto_height":false,"slider_autoplay":0,"items_per_view":4,"items_laptop_view":3,"items_tablet_view":2,"items_mobile_landscape_view":1,"items_mobile_view":1,"enable_center_mode":false,"dots":false,"carousel_pagination_alignment":"center_pagination","arrows":true,"nav_arrow_position":"center-navigation","center_nav_arrow_alignment":"outside_container","navigation_button_color":"rgba(0,0,0,0)","navigation_button_icon_color":"#000000","navigation_button_hover_color":"rgba(0,0,0,0)","navigation_button_hover_icon_color":"#000000","navigation_dot_color":"","navigation_dot_active_color":"","custom_class_name":"demo-two-custom-collection"}},"1656329016e878e1d5":{"type":"home-product-carousel","settings":{"full":false,"spacing_both_ends":false,"padding":"100,50","margin":"0,0","show_background_image":false,"background_style":"none","background_size":"auto","enable_overlay":false,"background_color":"","overlay_transparency":"0.5","show_style_image":true,"style_image":"shopify:\/\/shop_images\/style-1.png","section_heading":"Trendy Collections","section_sub_heading":"Special Products","section_description":"","section_button_text":"","section_button_link":"","section_heading_color":"","section_sub_heading_color":"","section_description_color":"","section_button_bg_color":"","section_button_text_color":"","section_button_hover_bg_color":"","section_button_hover_text_color":"","heading_position":"text-center","grouped_content_bg":"","grouped_column_gap":"30","grouped_content_padding":"0","group_border_radius":"","enable_group_box_shadow":false,"reverse_column":false,"content_width":"25\/75","lap_content_width":"35\/65","additional_block_background_color":"","additional_block_box_shadow":false,"additional_content_padding":"0","additional_block_border_radius":"0","enable_main_content":true,"main_block_background_color":"","enable_main_block_box_shadow":false,"main_block_border_radius":"0","main_content_padding":"0","collection":"latest-products","column_gap":"30","border_radius":"0","enable_list_view":false,"grid":"4","enable_additional_button":true,"additional_button_text":"Shop Now","additional_button_link":"shopify:\/\/collections\/new-arrivals","additional_button_background_color":"","additional_button_color":"","additional_button_hover_background_color":"","additional_button_hover_color":"","post_limit":8,"enable_slider":false,"items_per_view":4,"items_laptop_view":3,"items_tablet_view":2,"items_mobile_view":1,"rows":3,"slider_autoplay":0,"enable_auto_height":false,"dots":false,"carousel_pagination_alignment":"center_pagination","carousel_pagination_bottom_alignment":"outside_element","arrows":false,"nav_arrow_position":"navigation-top-right","center_nav_arrow_alignment":"inside_container","navigation_button_color":"","navigation_button_icon_color":"","navigation_button_hover_color":"","navigation_button_hover_icon_color":"","navigation_dot_color":"","navigation_dot_active_color":"","custom_class_name":"custom-collection-section"}},"1655266632ad5c25f1":{"type":"home-html-text","settings":{"full":false,"spacing_both_ends":false,"padding":"150,150","margin":"80,0","show_background_image":true,"background_image":"shopify:\/\/shop_images\/bg-2-5.jpg","background_style":"fixed","background_size":"cover","enable_overlay":true,"background_color":"#f2eeed","overlay_transparency":"1","section_heading":"Western Outfits","section_sub_heading":"25% offer","section_description":"Nisi vitae suscipit marques tellus geresye mauris a diam maecenas sed. Sit amet purus gravida quis blandit turpis cursus. Nunc sed id semper risus in hendrerit gravid marques viverra suspendisse potenti.","section_button_text":"Shop Now","section_button_link":"shopify:\/\/collections\/best-sellers-demo-3","section_button_2_text":"","section_button_2_link":"","section_heading_color":"","section_sub_heading_color":"","section_description_color":"","section_button_bg_color":"#d6a6ad","section_button_text_color":"#000000","section_button_hover_bg_color":"#d6a6ad","section_button_hover_text_color":"#000000","heading_position":"text-end","html":"","custom_class_name":"demo-2-custom-html-one"}},"1656735752d9ad54a0":{"type":"home-testimonial","blocks":{"1656735752d50efa0c-0":{"type":"content","settings":{"quote":"<p>‘’ Aliquam purus sit amet luctus venenatis lectus magna fringilla urna yhres. ‘’<\/p>","icon":"shopify:\/\/shop_images\/test04_5821bda3-5409-4698-8163-b0e12b7344e8.jpg","author":"Lenda Lena","job":"Customer","star":"0","content_bg_color":"#f4e9d4"}},"dfa72943-a5b3-4d70-ab0d-828e70d7543a":{"type":"content","settings":{"quote":"<p>‘’ Verquam purus sit amet luctus venenatis lectus magna fringilla urna yhres. ‘’<\/p>","icon":"shopify:\/\/shop_images\/test03_4ea4664a-f526-4b02-b6b2-a8cf747cf5a4.jpg","author":"Angelia","job":"Director","star":"0","content_bg_color":"#bee1e6"}},"9e99283d-d074-4a60-b191-4b9827bdac79":{"type":"content","settings":{"quote":"<p>‘’Seduam purus sit amet luctus venenatis lectus magna fringilla urna yhres. ‘’<\/p>","icon":"shopify:\/\/shop_images\/test05_485d877e-e4ad-41e5-8b9a-56ebe53db72a.jpg","author":"Roselin","job":"CEO","star":"0","content_bg_color":"#f3a298"}}},"block_order":["1656735752d50efa0c-0","dfa72943-a5b3-4d70-ab0d-828e70d7543a","9e99283d-d074-4a60-b191-4b9827bdac79"],"settings":{"full":false,"spacing_both_ends":false,"padding":"80,80","margin":"0,0","show_background_image":true,"background_image":"shopify:\/\/shop_images\/testimonial-bg.png","background_style":"parallax","background_size":"cover","show_style_image":true,"style_image":"shopify:\/\/shop_images\/style-1.png","enable_overlay":false,"background_color":"","overlay_transparency":"0.5","section_heading":"Our Clients","section_sub_heading":"Get In Touch","section_description":"Try our new customers","section_button_text":"","section_button_link":"","section_heading_color":"","text_underline_color":"rgba(0,0,0,0)","section_sub_heading_color":"","section_description_color":"","section_button_bg_color":"","section_button_text_color":"","section_button_hover_bg_color":"","section_button_hover_text_color":"","heading_position":"text-center","grid":"3","block_style":"style_3","boxed_styles":"default","enable_box_shadow":false,"reverse_column":false,"text_position":"text-center","quote_icon":"shopify:\/\/shop_images\/testimonial-quote.png","quote_style":"quote-icon-in-content","author_info_style":"style_2","border_radius":"30px 0px 30px 30px","boxed_border_radius":"0","column_gap":"10","content_width":"30\/70","lap_content_width":"20\/80","tab_content_width":"30\/70","vertical_position":"vertical-top","testimonial_border_color":"","testimonial_background_color":"","testimonial_content_color":"#000000","testimonial_review_color":"","testimonial_author_text_color":"#000000","testimonial_author_designation_color":"","testimonial_author_separator_color":"","testimonial_quote_icon_color":"#000000","enable_slider":true,"enable_auto_height":true,"items_per_view":3,"slider_autoplay":0,"dots":true,"carousel_pagination_alignment":"custom_pagination","arrows":true,"nav_arrow_position":"navigation-top-right","center_nav_arrow_alignment":"outside_container","navigation_button_color":"rgba(0,0,0,0)","navigation_button_icon_color":"#000000","navigation_button_hover_color":"rgba(0,0,0,0)","navigation_button_hover_icon_color":"#aaaaaa","navigation_dot_color":"#aaaaaa","navigation_dot_active_color":"#000000","custom_class_name":""}},"165673773490231c16":{"type":"home-html-text","settings":{"full":false,"spacing_both_ends":false,"padding":"180,130","margin":"0,20","show_background_image":true,"background_image":"shopify:\/\/shop_images\/grid02_9281ea62-ecd0-4a1f-bbc0-22128e5ee176.jpg","background_style":"none","background_size":"cover","enable_overlay":true,"background_color":"","overlay_transparency":"0.5","section_heading":"Fly high, Wear High","section_sub_heading":"10% On Every Products","section_description":"","section_button_text":"Buy at $25","section_button_link":"shopify:\/\/collections\/hot-deals","section_button_2_text":"","section_button_2_link":"","section_heading_color":"","section_sub_heading_color":"","section_description_color":"","section_button_bg_color":"","section_button_text_color":"","section_button_hover_bg_color":"","section_button_hover_text_color":"","heading_position":"text-center","html":"<!--<div id='insta-feed'><\/div>-->","custom_class_name":"demo-2-custom-html-two"}},"1656738699147afb33":{"type":"home-image-gallery","blocks":{"1656738699852bfc7a-0":{"type":"image_image","settings":{"image":"shopify:\/\/shop_images\/insta01_def3658d-e2c3-4937-a0c1-ea2bb95d30cd.jpg","title":"@Shama","show_icon":true,"icon":"fa fa-instagram","link":"https:\/\/www.instagram.com\/p\/CgjPnCvpmNQ\/?utm_source=ig_web_copy_link"}},"1656738699852bfc7a-1":{"type":"image_image","settings":{"image":"shopify:\/\/shop_images\/insta02_0bcbde91-16cd-4f28-a3f4-b7fcfcb36e6b.jpg","title":"@nina","show_icon":true,"icon":"fa fa-instagram","link":"https:\/\/www.instagram.com\/p\/CgjPY5nJ4EU\/?utm_source=ig_web_copy_link"}},"1656738699852bfc7a-2":{"type":"image_image","settings":{"image":"shopify:\/\/shop_images\/insta03_0d063e4c-7d3d-4e6e-948f-dad8533d853b.jpg","title":"@karina","show_icon":true,"icon":"fa fa-instagram","link":"https:\/\/www.instagram.com\/p\/CgjPanlJj1L\/?utm_source=ig_web_copy_link"}},"1656738699852bfc7a-3":{"type":"image_image","settings":{"image":"shopify:\/\/shop_images\/insta04_07320a2e-6439-4835-b79b-2c99a1091fe8.jpg","title":"@mura","show_icon":true,"icon":"fa fa-instagram","link":"https:\/\/www.instagram.com\/p\/CgjPdpRJhWQ\/?utm_source=ig_web_copy_link"}},"1656738699852bfc7a-4":{"type":"image_image","settings":{"image":"shopify:\/\/shop_images\/insta05_0959f5d9-c9ed-461f-af39-34d584a13c4d.jpg","title":"@nicky","show_icon":true,"icon":"fa fa-instagram","link":"https:\/\/www.instagram.com\/p\/CgjPfZPpvNu\/?utm_source=ig_web_copy_link"}},"395c0e4b-a795-44a3-a29c-b05ee3644f47":{"type":"image_image","settings":{"image":"shopify:\/\/shop_images\/insta06_81d03340-f752-427c-9f60-652890dcef5b.jpg","title":"@joki","show_icon":true,"icon":"fa fa-instagram","link":"https:\/\/www.instagram.com\/p\/CgjPhGNJX8k\/?utm_source=ig_web_copy_link"}},"5b1dcc28-0ccd-4f79-88d7-1d8c37947408":{"type":"image_image","settings":{"image":"shopify:\/\/shop_images\/insta07_49c98a70-f8fe-4092-bebb-cd6ee9e5dce8.jpg","title":"","show_icon":false,"icon":"fa fa-instagram","link":"https:\/\/www.instagram.com\/p\/CgjPjb-JHhB\/?utm_source=ig_web_copy_link"}}},"block_order":["1656738699852bfc7a-0","1656738699852bfc7a-1","1656738699852bfc7a-2","1656738699852bfc7a-3","1656738699852bfc7a-4","395c0e4b-a795-44a3-a29c-b05ee3644f47","5b1dcc28-0ccd-4f79-88d7-1d8c37947408"],"settings":{"full":true,"spacing_both_ends":true,"padding":"80,30","margin":"0,0","background_image":"shopify:\/\/shop_images\/testimonial-2-bg.png","show_background_image":true,"background_style":"parallax","background_size":"auto","enable_overlay":false,"background_color":"","overlay_transparency":"0.5","section_heading":"Follow on Instagram","section_sub_heading":"New Update","section_description":"","section_button_text":"","section_button_link":"","section_heading_color":"","text_underline_color":"rgba(0,0,0,0)","section_sub_heading_color":"","section_description_color":"","section_button_bg_color":"","section_button_text_color":"","section_button_hover_bg_color":"","section_button_hover_text_color":"","heading_position":"text-center","grid":"6","column_gap":"20","image_list_text":"","image_list_link":"","item_height":360,"item_height_laptop":320,"item_height_tab":310,"item_height_mobile":290,"image_link_bg_color":"","image_overlay_color":"#f3efec","image_link_text_color":"","image_link_hover_bg_color":"","image_link_hover_text_color":"#000000","enable_slider":true,"remove_button_space":false,"enable_auto_height":true,"items_per_view":6,"slider_autoplay":3,"dots":false,"carousel_pagination_alignment":"center_pagination","arrows":false,"nav_arrow_position":"navigation-bottom-center","center_nav_arrow_alignment":"outside_container","navigation_button_color":"","navigation_button_icon_color":"","navigation_button_hover_color":"","navigation_button_hover_icon_color":"","navigation_dot_color":"","navigation_dot_active_color":"","custom_class_name":"demo-1-image-list"}},"165690477691dff079":{"type":"home-brand-logos","blocks":{"16569047762faecafc-0":{"type":"Image","settings":{"image":"shopify:\/\/shop_images\/brlog01_02f602ed-4141-4f92-9534-9f4a8d674c1d.png","title":"Brand Name","link":""}},"16569047762faecafc-1":{"type":"Image","settings":{"image":"shopify:\/\/shop_images\/brlog02_71aebb0b-f5f8-49b2-a8d5-c8cb5abf9861.png","title":"Brand Name","link":""}},"16569047762faecafc-2":{"type":"Image","settings":{"image":"shopify:\/\/shop_images\/brlog03_b8717073-c644-4ef0-91cf-56c767f05749.png","title":"Brand Name","link":""}},"16569047762faecafc-3":{"type":"Image","settings":{"image":"shopify:\/\/shop_images\/brlog04_aa3471d2-7643-4645-8ad3-4c292e4034f3.png","title":"Brand Name","link":""}},"16569047762faecafc-4":{"type":"Image","settings":{"image":"shopify:\/\/shop_images\/brlog05_0f5fee53-ce33-48fd-a640-936bcfe20a06.png","title":"Brand Name","link":""}},"16569047762faecafc-5":{"type":"Image","settings":{"image":"shopify:\/\/shop_images\/brlog07_6b38f8b3-5ce7-477d-a87d-4346cedf557a.png","title":"Brand Name","link":""}}},"block_order":["16569047762faecafc-0","16569047762faecafc-1","16569047762faecafc-2","16569047762faecafc-3","16569047762faecafc-4","16569047762faecafc-5"],"settings":{"full":false,"spacing_both_ends":false,"padding":"80,0","margin":"0,0","show_background_image":true,"background_image":"shopify:\/\/shop_images\/testimonial-3-bg.png","background_style":"fixed","background_size":"auto","enable_overlay":false,"background_color":"","overlay_transparency":"0.5","section_heading":"","section_sub_heading":"","section_description":"","section_button_text":"","section_button_link":"","section_heading_color":"","section_sub_heading_color":"","section_description_color":"","section_button_bg_color":"","section_button_text_color":"","section_button_hover_bg_color":"","section_button_hover_text_color":"","heading_position":"text-center","grid":"5","block_style":"style-1","enable_box_shadow":false,"column_gap":"10","border_radius":"0","swipe_on_mobile":false,"block_border_color":"","block_background_color":"","enable_slider":true,"enable_auto_height":true,"items_per_view":5,"slider_autoplay":0,"dots":false,"carousel_pagination_alignment":"center_pagination","arrows":true,"nav_arrow_position":"center-navigation","center_nav_arrow_alignment":"outside_container","navigation_button_color":"rgba(0,0,0,0)","navigation_button_icon_color":"#000000","navigation_button_hover_color":"rgba(0,0,0,0)","navigation_button_hover_icon_color":"#d6a6ad","navigation_dot_color":"","navigation_dot_active_color":"","custom_class_name":"custom-brand-logo"}}},"order":["1656674056029dc852","16566755872a70dac0","1656676665e740d805","1656329016e878e1d5","1655266632ad5c25f1","1656735752d9ad54a0","165673773490231c16","1656738699147afb33","165690477691dff079"]}