{"sections":{"16425767257f007fd3":{"type":"slideshow","blocks":{"bbdda3cb-3b7f-4329-aafe-909c616bf333":{"type":"Slider","settings":{"image":"shopify:\/\/shop_images\/img2.jpg","mobile_image":"shopify:\/\/shop_images\/Image-1.jpg","mobile_bg_clr":"#ffffff","text_alignment":"text-start","content_position":"center-right","show_image":false,"title_2":"Best Summer Deal","subheading_color":"#555555","subheading_size":"24","title":"BE HEALTHY<span> BY  NATURAL FRUITS DRINK <\/span>","title_3":"","heading_color":"#242424","heading_size":"60","desc":"","desc_color":"","desc_size":"14","button":"Shop Now","link":"shopify:\/\/collections\/best-sellers","btn_bg_color":"#242424","btn_txt_color":"#ffffff","btn_hoverbg_color":"#fd6500","btn_hovertxt_color":"","button_2":"","link_2":"","btn_bg_color_2":"","btn_txt_color_2":"","btn_hoverbg_color_2":"","btn_hovertxt_color_2":"","slide_content_bg":"rgba(0,0,0,0)"}},"4f8cb446-5dda-4a3b-95f2-d53d6a9957ee":{"type":"Slider","settings":{"image":"shopify:\/\/shop_images\/Web-Sliders-2.jpg","mobile_image":"shopify:\/\/shop_images\/Mobile-Sliders-2.jpg","mobile_bg_clr":"#ffffff","text_alignment":"text-start","content_position":"center-left","show_image":false,"title_2":"Black Friday Offer","subheading_color":"","subheading_size":"24","title":"KEEP THE BODY <span> ACTIVE ALONG GOOD HEALTH <\/span>","title_3":"","heading_color":"#242424","heading_size":"60","desc":"","desc_color":"","desc_size":"14","button":"Shop Now","link":"shopify:\/\/collections\/mixer-collection","btn_bg_color":"#242424","btn_txt_color":"#ffffff","btn_hoverbg_color":"#fd6500","btn_hovertxt_color":"","button_2":"","link_2":"","btn_bg_color_2":"","btn_txt_color_2":"","btn_hoverbg_color_2":"","btn_hovertxt_color_2":"","slide_content_bg":"rgba(0,0,0,0)"}},"b541a05d-5c20-4d34-8414-d15c0b101c5d":{"type":"Slider","settings":{"image":"shopify:\/\/shop_images\/Web-Sliders-3.jpg","mobile_image":"shopify:\/\/shop_images\/Mobile-Sliders-3.jpg","mobile_bg_clr":"#ffffff","text_alignment":"text-center","content_position":"dt-sc-flex-center","show_image":false,"title_2":"New Spcial Offer","subheading_color":"","subheading_size":"24","title":"FRESH DRINK WITH<span> NATURAL RAW PULP <\/span>","title_3":"","heading_color":"#242424","heading_size":"60","desc":"","desc_color":"","desc_size":"14","button":"Shop Now","link":"shopify:\/\/collections\/new-arrivals","btn_bg_color":"#242424","btn_txt_color":"#ffffff","btn_hoverbg_color":"#fd6500","btn_hovertxt_color":"","button_2":"","link_2":"","btn_bg_color_2":"","btn_txt_color_2":"","btn_hoverbg_color_2":"","btn_hovertxt_color_2":"","slide_content_bg":"rgba(0,0,0,0)"}}},"block_order":["bbdda3cb-3b7f-4329-aafe-909c616bf333","4f8cb446-5dda-4a3b-95f2-d53d6a9957ee","b541a05d-5c20-4d34-8414-d15c0b101c5d"],"settings":{"full":true,"spacing_both_ends":false,"margin":"0,0","slider_height":850,"slider_height_lap":750,"slider_height_tab":650,"slider_height_mobile":550,"content_within_container":false,"enable_box_shadow":false,"border_radius":"0","content_border_radius":"0","autoplay":false,"slideshow_speed":"7000","dots":false,"carousel_pagination_alignment":"center_pagination","carousel_pagination_bottom_alignment":"inside_element","arrows":false,"nav_arrow_position":"navigation-bottom-center","center_nav_arrow_alignment":"inside_container","navigation_button_color":"","navigation_button_icon_color":"","navigation_button_hover_color":"","navigation_button_hover_icon_color":"","navigation_dot_color":"","navigation_dot_active_color":"","custom_class_name":"banner-slider"}},"16439583950d2739a8":{"type":"home-support-block","blocks":{"723ac9db-30a7-414a-8792-8f4b08bf48ed":{"type":"icon","settings":{"icon":"shopify:\/\/shop_images\/home-support-1.png","title":"Free Delivery","desc":"Arcu non odio euismod","link_text":"View More","link":""}},"bd7a6f6f-060c-474f-a21c-dac274407212":{"type":"icon","settings":{"icon":"shopify:\/\/shop_images\/home-support-3.png","title":"Cash Refund","desc":"Lacinia at quis risus sed","link_text":"View More","link":""}},"3c21235b-5439-494d-9d26-7dd734d0ee26":{"type":"icon","settings":{"icon":"shopify:\/\/shop_images\/home-support-2.png","title":"Online Help","desc":"Vulputate vitae nunc se","link_text":"View More","link":""}},"fd08c370-26f2-4dc9-937c-9353273e5e34":{"type":"icon","settings":{"icon":"shopify:\/\/shop_images\/home-support-4.png","title":"Promotions & Deals","desc":"Din velit dignissim accu","link_text":"View More","link":""}}},"block_order":["723ac9db-30a7-414a-8792-8f4b08bf48ed","bd7a6f6f-060c-474f-a21c-dac274407212","3c21235b-5439-494d-9d26-7dd734d0ee26","fd08c370-26f2-4dc9-937c-9353273e5e34"],"settings":{"full":false,"spacing_both_ends":false,"padding":"0,0","margin":"100,90","show_background_image":false,"background_style":"none","background_size":"auto","enable_overlay":false,"background_color":"","overlay_transparency":"0.5","section_heading":"","section_sub_heading":"","section_description":"","section_button_text":"","section_button_link":"","section_heading_color":"","section_sub_heading_color":"","section_description_color":"","section_button_bg_color":"","section_button_text_color":"","section_button_hover_bg_color":"","section_button_hover_text_color":"","heading_position":"text-center","text_position":"text-center","block_style":"default-style","grid":"4","enable_grid_style":true,"vertical_position":"position-default","reverse_column":false,"border_radius":"0px","icon_border_radius":"0px","enable_box_shadow":false,"block_icon_outer_size":"55px","block_icon_size":"53px","block_border_color":"rgba(0,0,0,0)","block_bg":"rgba(0,0,0,0)","block_icon_bg":"rgba(0,0,0,0)","block_icon_border_color":"rgba(0,0,0,0)","block_heading_color":"","block_description_color":"","block_button_bg_color":"","block_button_text_color":"","block_button_hover_bg_color":"","block_button_hover_text_color":"","custom_class_name":"home_support"}},"16439590804baa4842":{"type":"home-grid-banner","blocks":{"164395908060f14dfc-0":{"type":"content","settings":{"block_image":"shopify:\/\/shop_images\/img_01.jpg","show_image":true,"block_title":"40% Off On Any Juicer Mixer","block_title1":"Title1","block_sub_title":"Best Holiday Sale!","block_description":"","block_button_text":"Shop Now","block_button_link":"shopify:\/\/collections\/best-sellers","block_text_align":"text-start","content_position":"center-right","reverse_column":false,"block_banner_bg":"","block_content_box_bg":"#000000","block_heading_color":"#eb8b02","block_sub_heading_color":"#555555","block_description_color":"","block_button_bg_color":"#000000","block_button_text_color":"#ffffff","block_button_hover_bg_color":"#fd6500","block_button_hover_text_color":"","overlay_style":"use_overlay","overlay_color":"#e9e9e9","overlay_opacity":"0.6","rotation_degree":"180"}},"164395908060f14dfc-1":{"type":"content","settings":{"block_image":"shopify:\/\/shop_images\/Image.jpg","show_image":true,"block_title":"<span>SUMMER<\/span>","block_title1":"title","block_sub_title":"New Year Big Sale","block_description":"Latest Collections Of 2022","block_button_text":"20% Off For Any Mixer","block_button_link":"shopify:\/\/collections\/new-arrivals","block_text_align":"text-center","content_position":"center","reverse_column":false,"block_banner_bg":"","block_content_box_bg":"rgba(0,0,0,0)","block_heading_color":"#fd6500","block_sub_heading_color":"#555555","block_description_color":"#232323","block_button_bg_color":"#000000","block_button_text_color":"#ffffff","block_button_hover_bg_color":"#fd6500","block_button_hover_text_color":"#ffffff","overlay_style":"use_overlay","overlay_color":"#e9e9e9","overlay_opacity":"0.6","rotation_degree":"180"}},"9ce5a7bc-d2cf-4205-9496-0239958be9c4":{"type":"content","settings":{"block_image":"shopify:\/\/shop_images\/img_03.jpg","show_image":true,"block_title":"Smoothie Blender & Juicer","block_title1":"Title1","block_sub_title":"New Arrivals","block_description":"","block_button_text":"Shop Now","block_button_link":"shopify:\/\/collections\/pretty-products","block_text_align":"text-start","content_position":"center-right","reverse_column":false,"block_banner_bg":"","block_content_box_bg":"","block_heading_color":"#a1ab2c","block_sub_heading_color":"#555555","block_description_color":"","block_button_bg_color":"#000000","block_button_text_color":"#ffffff","block_button_hover_bg_color":"#fd6500","block_button_hover_text_color":"#ffffff","overlay_style":"use_overlay","overlay_color":"#e9e9e9","overlay_opacity":"0.6","rotation_degree":"180"}}},"block_order":["164395908060f14dfc-0","164395908060f14dfc-1","9ce5a7bc-d2cf-4205-9496-0239958be9c4"],"settings":{"full":true,"spacing_both_ends":true,"padding":"0,0","margin":"0,0","show_background_image":false,"background_style":"none","background_size":"auto","enable_overlay":false,"background_color":"","overlay_transparency":"0.5","section_heading":"","section_sub_heading":"","section_description":"","section_button_text":"","section_button_link":"","section_heading_color":"","section_sub_heading_color":"","section_description_color":"","section_button_bg_color":"#000000","section_button_text_color":"","section_button_hover_bg_color":"","section_button_hover_text_color":"","heading_position":"text-center","block_banner_style":"overlay","column_gap":"20","grid":"3","border_radius":"0","enable_box_shadow":false,"equal_height":false,"content_width":"50\/50","lap_content_width":"40\/60","overlay_style_height":390,"overlay_style_height_laptop":390,"overlay_style_height_mobile":400,"custom_class_name":"grid-block"}},"164395987376adac93":{"type":"home-product-carousel","blocks":{"998a7a3e-4501-466e-85c8-53d374e0231f":{"type":"collection","disabled":true,"settings":{"block_title":"Title","collection":"","enable_box_shadow":false,"border_radius":"0","collection_column_gap":"","limit":2,"enable_slider":false,"items_per_view":1,"rows":2,"slider_autoplay":0,"enable_auto_height":false,"dots":false,"carousel_pagination_alignment":"center_pagination","arrows":true,"nav_arrow_position":"navigation-top-right","navigation_button_color":"","navigation_button_icon_color":"","navigation_button_hover_color":"","navigation_button_hover_icon_color":"","navigation_dot_color":"","navigation_dot_active_color":""}}},"block_order":["998a7a3e-4501-466e-85c8-53d374e0231f"],"settings":{"full":false,"spacing_both_ends":false,"padding":"0,0","margin":"100,0","show_background_image":false,"background_style":"none","background_size":"auto","enable_overlay":false,"background_color":"","overlay_transparency":"0.5","section_heading":"Latest Arrivals","section_sub_heading":"Explore New Invention","section_description":"","section_button_text":"","section_button_link":"","section_heading_color":"#000000","section_sub_heading_color":"#555555","section_description_color":"#555555","section_button_bg_color":"#000000","section_button_text_color":"#ffffff","section_button_hover_bg_color":"","section_button_hover_text_color":"","heading_position":"text-center","grouped_content_bg":"","grouped_column_gap":"20","grouped_content_padding":"0","group_border_radius":"","enable_group_box_shadow":false,"reverse_column":false,"content_width":"30\/70","lap_content_width":"35\/65","additional_block_background_color":"","additional_block_box_shadow":false,"additional_content_padding":"0","additional_block_border_radius":"0","enable_main_content":true,"main_block_background_color":"","enable_main_block_box_shadow":false,"main_block_border_radius":"0","main_content_padding":"0","collection":"new-arrivals","column_gap":"20","border_radius":"0","enable_list_view":false,"grid":"4","post_limit":8,"enable_slider":false,"items_per_view":4,"rows":3,"slider_autoplay":0,"enable_auto_height":false,"dots":false,"carousel_pagination_alignment":"center_pagination","carousel_pagination_bottom_alignment":"outside_element","arrows":false,"nav_arrow_position":"navigation-top-right","center_nav_arrow_alignment":"inside_container","navigation_button_color":"","navigation_button_icon_color":"","navigation_button_hover_color":"","navigation_button_hover_icon_color":"","navigation_dot_color":"","navigation_dot_active_color":"","custom_class_name":"product-block"}},"16439610326c1e7791":{"type":"home-masonry-banner","blocks":{"1643961032a124f74d-0":{"type":"content","settings":{"block_image":"shopify:\/\/shop_images\/img-4.jpg","show_image":true,"block_title":"30% Off On Any Juicer Mixer","block_sub_title":"Summer Day Sale","block_description":"","block_button_text":"Shop Now","block_button_link":"shopify:\/\/collections\/mixer-collection","block_text_align":"text-center","content_position":"top-center","image_position":"center","reverse_column":false,"block_banner_bg":"","block_heading_color":"#e24343","block_sub_heading_color":"","block_description_color":"#555555","block_button_bg_color":"#000000","block_button_text_color":"#ffffff","block_button_hover_bg_color":"#fd6500","block_button_hover_text_color":"#ffffff","overlay_style":"use_overlay","overlay_color":"#e9e9e9","overlay_opacity":"0.6","rotation_degree":"180"}},"1643961032a124f74d-1":{"type":"content","settings":{"block_image":"shopify:\/\/shop_images\/img5.jpg","show_image":true,"block_title":"Personal Blender","block_sub_title":"Quality Juice","block_description":"","block_button_text":"Shop Now","block_button_link":"shopify:\/\/collections\/new-arrivals","block_text_align":"text-start","content_position":"center-left","image_position":"center","reverse_column":false,"block_banner_bg":"","block_heading_color":"#e65b93","block_sub_heading_color":"","block_description_color":"#555555","block_button_bg_color":"#000000","block_button_text_color":"#ffffff","block_button_hover_bg_color":"#fd6500","block_button_hover_text_color":"#ffffff","overlay_style":"use_overlay","overlay_color":"#e9e9e9","overlay_opacity":"0.6","rotation_degree":"180"}},"08469b10-7446-4752-8998-f5a015e95321":{"type":"content","settings":{"block_image":"shopify:\/\/shop_images\/img_6.jpg","show_image":true,"block_title":"Modern <br>Juicer","block_sub_title":"New Arrivals","block_description":"","block_button_text":"Shop Now","block_button_link":"shopify:\/\/collections\/pretty-products","block_text_align":"text-start","content_position":"center-left","image_position":"center left","reverse_column":false,"block_banner_bg":"","block_heading_color":"#209565","block_sub_heading_color":"","block_description_color":"#555555","block_button_bg_color":"#000000","block_button_text_color":"#ffffff","block_button_hover_bg_color":"#fd6500","block_button_hover_text_color":"#ffffff","overlay_style":"use_overlay","overlay_color":"#e9e9e9","overlay_opacity":"0.6","rotation_degree":"180"}},"4c4918d2-7ccd-4ae3-9d3c-1645be0d4f62":{"type":"content","settings":{"block_image":"shopify:\/\/shop_images\/img_8.jpg","show_image":true,"block_title":"Compact <br> Design","block_sub_title":"Professional Jar","block_description":"","block_button_text":"Shop Now","block_button_link":"shopify:\/\/collections\/best-sellers","block_text_align":"text-start","content_position":"center-left","image_position":"center","reverse_column":false,"block_banner_bg":"","block_heading_color":"#259095","block_sub_heading_color":"","block_description_color":"#555555","block_button_bg_color":"#000000","block_button_text_color":"#ffffff","block_button_hover_bg_color":"#fd6500","block_button_hover_text_color":"#ffffff","overlay_style":"use_overlay","overlay_color":"#e9e9e9","overlay_opacity":"0.6","rotation_degree":"180"}},"dd3b7784-9651-437e-b276-6ed2b303f566":{"type":"content","settings":{"block_image":"shopify:\/\/shop_images\/img_9.jpg","show_image":true,"block_title":"Perfect <br>Model","block_sub_title":"Classic Appliance","block_description":"","block_button_text":"Shop Now","block_button_link":"shopify:\/\/collections\/mixer-collection","block_text_align":"text-start","content_position":"center-left","image_position":"center","reverse_column":false,"block_banner_bg":"","block_heading_color":"#80af50","block_sub_heading_color":"","block_description_color":"#555555","block_button_bg_color":"#000000","block_button_text_color":"#ffffff","block_button_hover_bg_color":"#fd6500","block_button_hover_text_color":"#ffffff","overlay_style":"use_overlay","overlay_color":"#e9e9e9","overlay_opacity":"0.6","rotation_degree":"180"}}},"block_order":["1643961032a124f74d-0","1643961032a124f74d-1","08469b10-7446-4752-8998-f5a015e95321","4c4918d2-7ccd-4ae3-9d3c-1645be0d4f62","dd3b7784-9651-437e-b276-6ed2b303f566"],"settings":{"full":true,"spacing_both_ends":true,"padding":"50,0","margin":"50,50","show_background_image":false,"background_style":"none","background_size":"auto","enable_overlay":false,"background_color":"","overlay_transparency":"0.5","section_heading":"","section_sub_heading":"","section_description":"","section_button_text":"","section_button_link":"","heading_position":"text-center","section_heading_color":"","section_sub_heading_color":"","section_description_color":"","section_button_bg_color":"","section_button_text_color":"rgba(0,0,0,0)","section_button_hover_bg_color":"rgba(0,0,0,0)","section_button_hover_text_color":"rgba(0,0,0,0)","main_banner_style":"overlay","block_banner_style":"overlay","reverse_column":true,"column_gap":"20px","enable_box_shadow":false,"border_radius":"0","content_width":"25\/75","lap_content_width":"25\/75","primary_text_align":"text-center","primary_position":"top-center","primary_image":"shopify:\/\/shop_images\/img_7.jpg","primary_title":"High-Speed Processor","primary_sub_title":"Up to 40% off","primary_description":"","primary_button_text":"","primary_button_link":"shopify:\/\/collections\/best-sellers","primary_banner_bg":"rgba(0,0,0,0)","primary_heading_color":"#fd6500","primary_sub_heading_color":"","primary_description_color":"","primary_button_bg_color":"#000000","primary_button_text_color":"","primary_button_hover_bg_color":"","primary_button_hover_text_color":"","overlay_style":"use_overlay","overlay_color":"#e9e9e9","overlay_opacity":"0.6","rotation_degree":"180","block_style":"style-10","overlay_style_height":300,"overlay_style_height_laptop":300,"overlay_style_height_tab":300,"overlay_style_height_mobile":300,"custom_class_name":"masonry-block"}},"16439617936120d6d2":{"type":"home-product-tab","blocks":{"133b2701-a1ca-47e6-9226-aa926b836d5c":{"type":"tab","settings":{"tab":"mixer-collection","block_title":"Cold Press Juicers"}},"0347984e-6e29-4d21-83aa-610979dbbbae":{"type":"tab","settings":{"tab":"new-arrivals","block_title":"Electric Citrus Juicers"}},"dd240e07-629d-493c-9b04-c72eeef7c929":{"type":"tab","settings":{"tab":"stylish-products","block_title":"Juicer Mixer Grinders"}},"caf3a0ce-581d-4d4a-9daf-fe1e24ec6087":{"type":"tab","settings":{"tab":"pretty-products","block_title":"Manual Citrus Juicers"}}},"block_order":["133b2701-a1ca-47e6-9226-aa926b836d5c","0347984e-6e29-4d21-83aa-610979dbbbae","dd240e07-629d-493c-9b04-c72eeef7c929","caf3a0ce-581d-4d4a-9daf-fe1e24ec6087"],"settings":{"full":false,"spacing_both_ends":true,"padding":"0,0","margin":"30,0","show_background_image":false,"background_style":"none","background_size":"auto","enable_overlay":false,"background_color":"","overlay_transparency":"0.5","section_heading":"Shop By Category","section_sub_heading":"Powerful Juicer Collection","section_description":"","section_button_text":"","section_button_link":"","section_heading_color":"#242424","section_sub_heading_color":"#555555","section_description_color":"#555555","section_button_bg_color":"","section_button_text_color":"","section_button_hover_bg_color":"#f21d1d","section_button_hover_text_color":"rgba(0,0,0,0)","heading_position":"text-center","content_width":"30\/70","lap_content_width":"35\/65","grouped_content_bg":"","grouped_column_gap":"20","grouped_content_padding":"0","group_border_radius":"0","enable_group_box_shadow":false,"reverse_column":false,"enable_additional_content":false,"additional_block_background_color":"","additional_block_box_shadow":false,"additional_content_padding":"0","additional_block_border_radius":"0","enable_main_content":true,"main_block_background_color":"","enable_main_block_box_shadow":false,"main_block_border_radius":"0","main_content_padding":"0","enable_list_view":false,"grid":"5","post_limit":10,"column_gap":"","border_radius":"","tab_style":"style-2","tab_alignment":"text-center","tab_link_bg_color":"","tab_link_color":"#242424","tab_link_bg_hover_color":"","tab_link_hover_text_color":"#fd6500","tab_content_bg_color":"","tab_content_border_color":"","enable_slider":false,"items_per_view":4,"rows":3,"enable_autoplay":true,"slider_autoplay":1,"dots":false,"carousel_pagination_alignment":"center_pagination","carousel_pagination_bottom_alignment":"outside_element","arrows":false,"nav_arrow_position":"navigation-top-right","center_nav_arrow_alignment":"inside_container","navigation_button_color":"","navigation_button_icon_color":"","navigation_button_hover_color":"","navigation_button_hover_icon_color":"","navigation_dot_color":"","navigation_dot_active_color":"","custom_class_name":"product-tab"}},"1643961798e53635a2":{"type":"home-featured-blog","settings":{"full":false,"spacing_both_ends":false,"padding":"0,0","margin":"50,0","show_background_image":false,"background_style":"none","background_size":"auto","enable_overlay":false,"background_color":"","overlay_transparency":"0.5","section_heading":"Latest News","section_sub_heading":"Get In Touch","section_description":"","section_button_text":"","section_button_link":"","section_heading_color":"#000000","section_sub_heading_color":"#555555","section_description_color":"#555555","section_button_bg_color":"","section_button_text_color":"","section_button_hover_bg_color":"","section_button_hover_text_color":"","heading_position":"text-center","blog":"news","blog_show_author":false,"blog_show_date":false,"blog_comments":false,"blog_show_tag":true,"blog_show_button":true,"blog_show_description":true,"enable_blog_icons":false,"block_banner_style":"grid-style","post_limit":4,"grid":"4","text_position":"text-start","enable_box_shadow":false,"vertical_position":"vertical-center","content_width":"50\/50","lap_content_width":"40\/60","overlay_style_height":400,"overlay_style":"use_overlay","overlay_color":"","overlay_opacity":"0.5","rotation_degree":"180","split_blog_layout":false,"split_gap":"30","enable_masonry_grid":false,"main_banner_style":"grid-style","additional_banner_style":"list-style","enable_masonry_reverse":false,"blog_bg_color":"rgba(0,0,0,0)","blog_link_color":"","blog_link_hover_color":"","blog_text_color":"#555555","blog_icon_color":"","blog_button_bg_color":"","blog_button_text_color":"","blog_button_bg_hover_color":"","blog_button_text_hover_color":"","blog_link_color_overlay":"","blog_link_hover_color_overlay":"#fd6500","blog_text_color_overlay":"","blog_icon_color_overlay":"","blog_button_bg_color_overlay":"","blog_button_text_color_overlay":"","blog_button_bg_hover_color_overlay":"","blog_button_text_hover_color_overlay":"","masonry_content_width":"50\/50","lap_masonry_content_width":"40\/60","enable_slider":false,"enable_auto_height":true,"items_per_view":2,"column_gap":"30","slider_autoplay":0,"dots":true,"carousel_pagination_alignment":"center_pagination","arrows":true,"nav_arrow_position":"center-navigation","center_nav_arrow_alignment":"outside_container","navigation_button_color":"","navigation_button_icon_color":"","navigation_button_hover_color":"","navigation_button_hover_icon_color":"","navigation_dot_color":"","navigation_dot_active_color":"","custom_class_name":"home-blog"}}},"order":["16425767257f007fd3","16439583950d2739a8","16439590804baa4842","164395987376adac93","16439610326c1e7791","16439617936120d6d2","1643961798e53635a2"]}