{"sections":{"main":{"type":"about-us","disabled":true,"settings":{}},"163947753124fd5ee5":{"type":"home-grid-banner","blocks":{"16394775318160aee4-0":{"type":"content","settings":{"block_image":"shopify:\/\/shop_images\/about2.jpg","show_image":true,"block_title":"","block_title1":"","block_sub_title":"","block_description":"","block_button_text":"","block_button_link":"","block_text_align":"text-center","content_position":"center","reverse_column":false,"block_banner_bg":"","block_content_box_bg":"","block_heading_color":"","block_sub_heading_color":"","block_description_color":"","block_button_bg_color":"","block_button_text_color":"","block_button_hover_bg_color":"","block_button_hover_text_color":"","overlay_style":"use_overlay","overlay_color":"#555555","overlay_opacity":"0.5","rotation_degree":"180"}},"16394775318160aee4-1":{"type":"content","settings":{"block_image":"shopify:\/\/shop_images\/about1.jpg","show_image":true,"block_title":"","block_title1":"","block_sub_title":"","block_description":"","block_button_text":"","block_button_link":"","block_text_align":"text-center","content_position":"center","reverse_column":false,"block_banner_bg":"","block_content_box_bg":"","block_heading_color":"","block_sub_heading_color":"","block_description_color":"","block_button_bg_color":"","block_button_text_color":"","block_button_hover_bg_color":"","block_button_hover_text_color":"","overlay_style":"use_overlay","overlay_color":"#555555","overlay_opacity":"0.5","rotation_degree":"180"}},"a8f4cefc-b929-4cbd-8a80-066c03d17f7e":{"type":"content","settings":{"block_image":"shopify:\/\/shop_images\/about3.jpg","show_image":true,"block_title":"","block_title1":"","block_sub_title":"","block_description":"","block_button_text":"","block_button_link":"","block_text_align":"text-center","content_position":"center","reverse_column":false,"block_banner_bg":"","block_content_box_bg":"","block_heading_color":"","block_sub_heading_color":"","block_description_color":"","block_button_bg_color":"","block_button_text_color":"","block_button_hover_bg_color":"","block_button_hover_text_color":"","overlay_style":"use_overlay","overlay_color":"#555555","overlay_opacity":"0.5","rotation_degree":"180"}},"6de15619-840e-499f-93d6-6be5056c8cd8":{"type":"content","settings":{"block_image":"shopify:\/\/shop_images\/about4.jpg","show_image":true,"block_title":"","block_title1":"","block_sub_title":"","block_description":"","block_button_text":"","block_button_link":"","block_text_align":"text-center","content_position":"center","reverse_column":false,"block_banner_bg":"","block_content_box_bg":"","block_heading_color":"","block_sub_heading_color":"","block_description_color":"","block_button_bg_color":"","block_button_text_color":"","block_button_hover_bg_color":"","block_button_hover_text_color":"","overlay_style":"use_overlay","overlay_color":"#555555","overlay_opacity":"0.5","rotation_degree":"180"}}},"block_order":["16394775318160aee4-0","16394775318160aee4-1","a8f4cefc-b929-4cbd-8a80-066c03d17f7e","6de15619-840e-499f-93d6-6be5056c8cd8"],"settings":{"full":false,"spacing_both_ends":false,"padding":"0,0","margin":"0,50","show_background_image":false,"background_style":"none","background_size":"auto","enable_overlay":false,"background_color":"#fd6500","overlay_transparency":"0.5","section_heading":"Fine Juicer Machine","section_sub_heading":"","section_description":"Hiuewe aweelit sed ullamcorper morbi. Morbi non arcu risus quis varius. Blandit turpis cursus in hac habitasse platea dictumst quisque.","section_button_text":"read more","section_button_link":"shopify:\/\/collections\/pretty-products","section_heading_color":"#242424","section_sub_heading_color":"#555555","section_description_color":"","section_button_bg_color":"","section_button_text_color":"","section_button_hover_bg_color":"","section_button_hover_text_color":"","heading_position":"text-center","block_banner_style":"overlay","column_gap":"30","grid":"4","border_radius":"0","enable_box_shadow":false,"equal_height":false,"content_width":"50\/50","lap_content_width":"40\/60","overlay_style_height":300,"overlay_style_height_laptop":300,"overlay_style_height_mobile":300,"custom_class_name":"about-grid"}},"1645783633ca791119":{"type":"home-support-block","blocks":{"0b9b5bd9-4ca4-4c57-94a3-1418fbda3c59":{"type":"icon","settings":{"icon":"shopify:\/\/shop_images\/home-support-1_624b3d00-ba63-4b70-8511-a49cd4d77f76.png","title":"Free Shipping","desc":"Free shipping all order","link_text":"View More","link":""}},"5dd50062-2ed9-4607-87cd-7593c6e52a93":{"type":"icon","settings":{"icon":"shopify:\/\/shop_images\/home-support-3_8672a887-dab7-49cf-8807-b6bb54d80718.png","title":"Money Return","desc":"30 days for free return","link_text":"View More","link":""}},"2d6613ff-29fb-4b5b-b1ae-ce3d7584a7b4":{"type":"icon","settings":{"icon":"shopify:\/\/shop_images\/home-support-2_136f6b8f-ded5-4548-bf43-50dd9be79f9d.png","title":"Online Support","desc":"Support 24 hours a day","link_text":"View More","link":""}},"3188470a-5565-4135-871c-ced28bf7e12a":{"type":"icon","settings":{"icon":"shopify:\/\/shop_images\/home-support-4_57819328-f14c-42f4-8075-de3a3389a0ae.png","title":"Deals & Promotions","desc":"Price savings, discounts","link_text":"View More","link":""}}},"block_order":["0b9b5bd9-4ca4-4c57-94a3-1418fbda3c59","5dd50062-2ed9-4607-87cd-7593c6e52a93","2d6613ff-29fb-4b5b-b1ae-ce3d7584a7b4","3188470a-5565-4135-871c-ced28bf7e12a"],"settings":{"full":false,"spacing_both_ends":false,"padding":"80,70","margin":"50,50","show_background_image":false,"background_style":"none","background_size":"auto","enable_overlay":true,"background_color":"#d6d6d6","overlay_transparency":"0.5","section_heading":"Easy To Deliver","section_sub_heading":"","section_description":"Marques velit sed ullamcorper morbi. Morbi non arcu risus quis varius. Blandit turpis cursus in hac habitasse platea dictumst quisque.","section_button_text":"","section_button_link":"","section_heading_color":"#242424","section_sub_heading_color":"#555555","section_description_color":"#555555","section_button_bg_color":"","section_button_text_color":"","section_button_hover_bg_color":"","section_button_hover_text_color":"","heading_position":"text-center","text_position":"text-start","block_style":"default-style","grid":"3","enable_grid_style":false,"vertical_position":"position-default","reverse_column":false,"border_radius":"0px","icon_border_radius":"0px","enable_box_shadow":false,"block_icon_outer_size":"60px","block_icon_size":"40px","block_border_color":"","block_bg":"","block_icon_bg":"","block_icon_border_color":"","block_heading_color":"","block_description_color":"","block_button_bg_color":"","block_button_text_color":"","block_button_hover_bg_color":"","block_button_hover_text_color":"","custom_class_name":"about-support_block"}},"16457044391a501cd7":{"type":"home-masonry-banner","blocks":{"16457044399401474a-0":{"type":"content","settings":{"block_image":"shopify:\/\/shop_images\/image-2_caa545fb-0dc0-46bf-bc32-02c164974d5a.jpg","show_image":true,"block_title":"Professional Blenders","use_title":true,"block_sub_title":"","block_description":"","block_button_text":"Read more","block_button_link":"shopify:\/\/collections\/new-arrivals","block_text_align":"text-center","content_position":"center","image_position":"center","reverse_column":false,"block_banner_bg":"","block_heading_color":"","block_sub_heading_color":"","block_description_color":"","block_button_bg_color":"","block_button_text_color":"","block_button_hover_bg_color":"","block_button_hover_text_color":"","overlay_style":"use_overlay","overlay_color":"#fd6500","overlay_opacity":"0.5","rotation_degree":"180"}},"16457044399401474a-1":{"type":"content","settings":{"block_image":"shopify:\/\/shop_images\/image-3_716b1bf3-19a0-4dab-8e64-37066a389a6a.jpg","show_image":true,"block_title":"Fruits Blender","use_title":true,"block_sub_title":"","block_description":"","block_button_text":"Read more","block_button_link":"shopify:\/\/collections\/mixer-collection-1","block_text_align":"text-center","content_position":"center","image_position":"center","reverse_column":false,"block_banner_bg":"","block_heading_color":"","block_sub_heading_color":"","block_description_color":"","block_button_bg_color":"","block_button_text_color":"","block_button_hover_bg_color":"","block_button_hover_text_color":"","overlay_style":"use_overlay","overlay_color":"#fd6500","overlay_opacity":"0.5","rotation_degree":"180"}}},"block_order":["16457044399401474a-0","16457044399401474a-1"],"settings":{"full":false,"spacing_both_ends":false,"padding":"30,85","margin":"0,0","show_background_image":false,"background_style":"none","background_size":"auto","enable_overlay":false,"background_color":"#fd6500","overlay_transparency":"0.5","section_heading":"Kitchen Appliances","section_sub_heading":"","section_description":"Ullamcorper velit sed ullamcorper morbi. Morbi non arcu risus quis varius. Blandit turpis cursus in hac habitasse platea dictumst quisque.","section_button_text":"","section_button_link":"","heading_position":"text-center","section_heading_color":"#242424","section_sub_heading_color":"#555555","section_description_color":"#555555","section_button_bg_color":"","section_button_text_color":"","section_button_hover_bg_color":"","section_button_hover_text_color":"","main_banner_style":"overlay","block_banner_style":"overlay","reverse_column":false,"column_gap":"30px","enable_box_shadow":false,"border_radius":"0","content_width":"65\/35","lap_content_width":"40\/60","primary_text_align":"text-center","primary_position":"center","primary_image":"shopify:\/\/shop_images\/image-1_a58c2080-00cb-419f-ab73-6e28eaca72ff.jpg","primary_title":"Mixing Blades","use_title":true,"primary_sub_title":"","primary_description":"","primary_button_text":"Read more","primary_button_link":"shopify:\/\/collections\/best-sellers","primary_banner_bg":"rgba(0,0,0,0)","primary_heading_color":"","primary_sub_heading_color":"","primary_description_color":"","primary_button_bg_color":"","primary_button_text_color":"","primary_button_hover_bg_color":"","primary_button_hover_text_color":"","overlay_style":"use_overlay","overlay_color":"#fd6500","overlay_opacity":"0.5","rotation_degree":"180","block_style":"style-2","overlay_style_height":280,"overlay_style_height_laptop":250,"overlay_style_height_tab":250,"overlay_style_height_mobile":220,"custom_class_name":"about-masonry"}},"16457802764961e1f0":{"type":"inner-page-team-section","blocks":{"7d209987-0b61-4c78-8184-72c3b3703ec6":{"type":"content","settings":{"image":"shopify:\/\/shop_images\/team_img_01.jpg","name":"Joel Duncan","designation":"CEO","facebook":"#","twitter":"#","pinterest":"#","youtube":"#"}},"681d90fa-654c-42ed-a25b-3474abe4b0c4":{"type":"content","settings":{"image":"shopify:\/\/shop_images\/team_img_02.jpg","name":"Sheeran Lindsey","designation":"Project Manager","facebook":"#","twitter":"#","pinterest":"#","youtube":"#"}},"303a8ba8-2dcf-41c4-8b99-1605695edb50":{"type":"content","settings":{"image":"shopify:\/\/shop_images\/team_img_03.jpg","name":"Janica","designation":"Director","facebook":"#","twitter":"#","pinterest":"#","youtube":"#"}},"425ebe60-d4db-43fe-baf9-7453ad9aa7e3":{"type":"content","settings":{"image":"shopify:\/\/shop_images\/team_img_04.jpg","name":"Jacky","designation":"Supervisor","facebook":"#","twitter":"#","pinterest":"#","youtube":"#"}}},"block_order":["7d209987-0b61-4c78-8184-72c3b3703ec6","681d90fa-654c-42ed-a25b-3474abe4b0c4","303a8ba8-2dcf-41c4-8b99-1605695edb50","425ebe60-d4db-43fe-baf9-7453ad9aa7e3"],"settings":{"enable":true,"full":false,"spacing_both_ends":false,"padding":"0,0","margin":"0,20","show_background_image":false,"background_style":"default","enable_overlay":false,"background_color":"#000000","overlay_transparency":"0.5","section_heading":"Team Work","section_sub_heading":"","section_description":"Yreserr serdlit sed ullamcorper morbi. Morbi non arcu risus quis varius. Blandit turpis cursus in hac habitasse platea dictumst quisque.","section_button_text":"","section_button_link":"","section_heading_color":"#242424","section_sub_heading_color":"#555555","section_description_color":"#555555","section_button_bg_color":"#000000","section_button_text_color":"#ffffff","section_button_hover_bg_color":"#fd6500","section_button_hover_text_color":"#ffffff","heading_position":"text-center","column":"four-column","block_heading_color":"","block_designation_color":"","block_bg":"","block_social_icon_bg_color":"#000000","block_social_icon_color":"#ffffff","block_social_icon_hover_bg_color":"#ffffff","block_social_icon_hover_color":"#fd6500"}},"1646044101324b462c":{"type":"home-support-block","disabled":true,"blocks":{"8e08d569-5891-498d-845b-ba2c0a30c4b2":{"type":"icon","settings":{"icon":"shopify:\/\/shop_images\/icon_01.png","title":"Free Shipping","desc":"Neque viverra justo nec ultrices. Vivamus arcu felis bibendum ut. Aenean pharetra magna ac placerat vestibulum lectus mauris ultrices.Quis commodo sed diam donec.","link_text":"View More","link":""}},"ca6d9491-7cfe-414d-8cac-9e1b0c76a484":{"type":"icon","settings":{"icon":"shopify:\/\/shop_images\/icon_02.png","title":"Money Return","desc":"Fusce ut placerat orci nulla pellentesque dignissim enim. Proin libero nunc consequat interdum. Ac auctor augue mauris augue neque gravida indiam.","link_text":"View More","link":""}},"e1354004-12cd-4697-91ff-fad2783405b3":{"type":"icon","settings":{"icon":"shopify:\/\/shop_images\/icon_03.png","title":"Online Support","desc":"Vitae congue eu consequat ac felis donec et. Risus feugiat in ante metus. Tempor id eu nisl nunc mi ipsum faucibus. Sit amet venenatis urna cursus.","link_text":"View More","link":""}},"a224336d-fc3f-4ce7-ba37-baae01a44347":{"type":"icon","settings":{"icon":"shopify:\/\/shop_images\/icon_04.png","title":"Deals & Promotions","desc":"Sed vulputate odio ut enim. At tempor commodo ullamcorper a. Nunc congue nisi vitae suscipit tellus mauris a. Justo nec ultrices dui sapien eget libero.","link_text":"View More","link":""}}},"block_order":["8e08d569-5891-498d-845b-ba2c0a30c4b2","ca6d9491-7cfe-414d-8cac-9e1b0c76a484","e1354004-12cd-4697-91ff-fad2783405b3","a224336d-fc3f-4ce7-ba37-baae01a44347"],"settings":{"full":false,"spacing_both_ends":false,"padding":"70,50","margin":"0,0","show_background_image":false,"background_style":"none","background_size":"auto","enable_overlay":false,"background_color":"","overlay_transparency":"0.5","section_heading":"Specialties Of Our Company","section_sub_heading":"","section_description":"","section_button_text":"","section_button_link":"","section_heading_color":"","section_sub_heading_color":"","section_description_color":"","section_button_bg_color":"","section_button_text_color":"","section_button_hover_bg_color":"","section_button_hover_text_color":"","heading_position":"text-center","text_position":"text-start","block_style":"default-style","grid":"3","enable_grid_style":false,"vertical_position":"position-default","reverse_column":false,"border_radius":"0px","icon_border_radius":"0px","enable_box_shadow":false,"block_icon_outer_size":"110px","block_icon_size":"40px","block_border_color":"#cacaca","block_bg":"","block_icon_bg":"","block_icon_border_color":"","block_heading_color":"","block_description_color":"","block_button_bg_color":"","block_button_text_color":"","block_button_hover_bg_color":"","block_button_hover_text_color":"","custom_class_name":"about_support_block"}}},"order":["main","163947753124fd5ee5","1645783633ca791119","16457044391a501cd7","16457802764961e1f0","1646044101324b462c"]}