{"sections":{"main":{"type":"services","disabled":true,"settings":{}},"1646113007b213f8fd":{"type":"home-masonry-banner","blocks":{"164611300698063ec1-0":{"type":"content","settings":{"block_image":"shopify:\/\/shop_images\/image-2_63c020db-e44b-4ce8-9650-86e94bf07e11.jpg","show_image":true,"block_title":"Weight Management","block_sub_title":"","block_description":"","block_button_text":"","block_button_link":"","block_text_align":"text-center","content_position":"center","image_position":"center","reverse_column":false,"block_banner_bg":"","block_heading_color":"","block_sub_heading_color":"","block_description_color":"","block_button_bg_color":"","block_button_text_color":"","block_button_hover_bg_color":"","block_button_hover_text_color":"","overlay_style":"use_overlay","overlay_color":"#fd6500","overlay_opacity":"0.5","rotation_degree":"180"}},"164611300698063ec1-1":{"type":"content","settings":{"block_image":"shopify:\/\/shop_images\/image-3_53cf9d24-9786-424d-85da-76a57b682fb6.jpg","show_image":true,"block_title":"Greeny Vegtables","block_sub_title":"","block_description":"","block_button_text":"","block_button_link":"","block_text_align":"text-center","content_position":"center","image_position":"center","reverse_column":false,"block_banner_bg":"","block_heading_color":"","block_sub_heading_color":"","block_description_color":"","block_button_bg_color":"","block_button_text_color":"","block_button_hover_bg_color":"","block_button_hover_text_color":"","overlay_style":"use_overlay","overlay_color":"#fd6500","overlay_opacity":"0.5","rotation_degree":"180"}}},"block_order":["164611300698063ec1-0","164611300698063ec1-1"],"settings":{"full":false,"spacing_both_ends":true,"padding":"0,0","margin":"0,20","show_background_image":false,"background_style":"none","background_size":"auto","enable_overlay":false,"background_color":"","overlay_transparency":"0.5","section_heading":"Fresh Fruits Set","section_sub_heading":"","section_description":"Rhuyreser svelit sed ullamcorper morbi. Morbi non arcu risus quis varius. Blandit turpis cursus in hac habitasse platea dictumst quisque.","section_button_text":"","section_button_link":"","heading_position":"text-center","section_heading_color":"#242424","section_sub_heading_color":"#555555","section_description_color":"#555555","section_button_bg_color":"","section_button_text_color":"","section_button_hover_bg_color":"","section_button_hover_text_color":"","main_banner_style":"overlay","block_banner_style":"overlay","reverse_column":false,"column_gap":"30px","enable_box_shadow":false,"border_radius":"0","content_width":"50\/50","lap_content_width":"50\/50","primary_text_align":"text-center","primary_position":"center","primary_image":"shopify:\/\/shop_images\/image-1_0d7e1fec-146b-4a71-bf11-c3c732397685.jpg","primary_title":"Healthy Benefits","primary_sub_title":"","primary_description":"","primary_button_text":"","primary_button_link":"","primary_banner_bg":"","primary_heading_color":"","primary_sub_heading_color":"","primary_description_color":"","primary_button_bg_color":"","primary_button_text_color":"","primary_button_hover_bg_color":"","primary_button_hover_text_color":"","overlay_style":"use_overlay","overlay_color":"#fd6500","overlay_opacity":"0.5","rotation_degree":"180","block_style":"style-2","overlay_style_height":280,"overlay_style_height_laptop":270,"overlay_style_height_tab":210,"overlay_style_height_mobile":200,"custom_class_name":"service-masonry"}},"164611554956fc0e09":{"type":"home-specification-block","blocks":{"0113b0bf-acf3-481a-a319-6170e1506be0":{"type":"icon","settings":{"icon":"shopify:\/\/shop_images\/inner-1.png","title":"Force Juicer","desc":"Habitant morbi tristlor sit amet","link_text":"View More","link":"","reverse_column":true}},"f38a1032-d904-4ba5-a70b-0eb61d0b246a":{"type":"icon","settings":{"icon":"shopify:\/\/shop_images\/inner-2.png","title":"Lemon Juicer","desc":"Neque vitae tempus quentesqu","link_text":"View More","link":"","reverse_column":true}},"17d8314a-7e6e-475c-a4c4-6ead1f75cf4a":{"type":"icon","settings":{"icon":"shopify:\/\/shop_images\/inner-3.png","title":"Gear Juicer","desc":"Uapien faucibus et molestie ac","link_text":"View More","link":"","reverse_column":true}},"7316d0e8-35df-4607-b27a-835c39a718b8":{"type":"icon","settings":{"icon":"shopify:\/\/shop_images\/inner-4.png","title":"Beetroot  Juicer","desc":"Lectus nulla at volutpat diam","link_text":"","link":"","reverse_column":false}},"1a570b2c-4e27-41b5-b55c-ea7562e54e09":{"type":"icon","settings":{"icon":"shopify:\/\/shop_images\/inner-5.png","title":"Citrus juicer","desc":"Montes nascetur ridiculus mus","link_text":"","link":"","reverse_column":false}},"a76a5428-6d49-432d-af48-b9689de30df2":{"type":"icon","settings":{"icon":"shopify:\/\/shop_images\/inner-6.png","title":"Olive Juicer","desc":"Suspendisse interdum consr lie","link_text":"","link":"","reverse_column":false}}},"block_order":["0113b0bf-acf3-481a-a319-6170e1506be0","f38a1032-d904-4ba5-a70b-0eb61d0b246a","17d8314a-7e6e-475c-a4c4-6ead1f75cf4a","7316d0e8-35df-4607-b27a-835c39a718b8","1a570b2c-4e27-41b5-b55c-ea7562e54e09","a76a5428-6d49-432d-af48-b9689de30df2"],"settings":{"full":false,"spacing_both_ends":false,"padding":"80,100","margin":"80,30","show_background_image":false,"background_style":"none","background_size":"auto","enable_overlay":true,"background_color":"#d6d6d6","overlay_transparency":"0.5","section_heading":"Kitchen Appliances","section_sub_heading":"","section_description":"Gerers urese velit sed ullamcorper morbi. Morbi non arcu risus quis varius. Blandit turpis cursus in hac habitasse platea dictumst quisque.","section_button_text":"","section_button_link":"","section_heading_color":"#242424","section_sub_heading_color":"#555555","section_description_color":"#555555","section_button_bg_color":"","section_button_text_color":"","section_button_hover_bg_color":"","section_button_hover_text_color":"","heading_position":"text-center","column_gap":"30px","vertical_position":"position-vertical-center","content_width":"40\/60","content_width_lap":"40\/50","content_width_tab":"35\/65","enable_image":true,"primary_image":"shopify:\/\/shop_images\/Banner_800_x_716.jpg","primary_title":"","primary_sub_title":"","primary_description":"","primary_button_text":"","primary_button_link":"","main_banner_style":"overlay","primary_text_align":"text-center","primary_position":"center","overlay_style_height":"445","border_radius":"0","enable_box_shadow":false,"overlay_style":"use_overlay","overlay_color":"#000000","overlay_opacity":"0.5","rotation_degree":"180","primary_banner_bg":"","primary_heading_color":"","primary_sub_heading_color":"","primary_description_color":"","primary_button_bg_color":"","primary_button_text_color":"","primary_button_hover_bg_color":"","primary_button_hover_text_color":"","specification_block_style":"default","block_icon_size":"24px","icon_border_radius":"0px","specification_style":"style1","block_icon_outer_size":"50px","additional_heading":"Additional Block Headng","additional_sub_heading":"Sub Heading","additional_description":"Use this text to share the information which you like!.","additional_heading_position":"text-center","block_icon_bg":"","block_icon_color":"","block_heading_color":"","block_description_color":"","block_button_bg_color":"","block_button_text_color":"","block_button_hover_bg_color":"","block_button_hover_text_color":"","additional_heading_color":"","additional_sub_heading_color":"","additional_description_color":"","custom_class_name":"service-specification_block"}},"16462148776b9decfd":{"type":"home-support-block","blocks":{"ad537f4d-aa5c-4cdd-bf46-c466eba1c67e":{"type":"icon","settings":{"icon":"shopify:\/\/shop_images\/inner3-2.png","title":"Special Offers","desc":"Neque viverra justo nec ultrices. Vivamus arcu felis bibendum ut. Aenean pharetra magna ac placerat vestibulum lectus mauris ultrices.Quis commodo sed diam donec.","link_text":"View More","link":""}},"631ba7ef-9202-4be6-9267-158d19f62b48":{"type":"icon","settings":{"icon":"shopify:\/\/shop_images\/inner-1-white_ad56e304-0157-44de-95b0-9ab95d6d76e7.png","title":"Door Delivery","desc":"Fusce ut placerat orci nulla pellentesque dignissim enim. Proin libero nunc consequat interdum. Ac auctor augue mauris augue neque gravida indiam.","link_text":"View More","link":""}},"69fcc5da-9f3a-4b85-8bf9-65a862ec27bc":{"type":"icon","settings":{"icon":"shopify:\/\/shop_images\/inner3-3.png","title":"Multiple Stores","desc":"Vitae congue eu consequat ac felis donec et. Risus feugiat in ante metus. Tempor id eu nisl nunc mi ipsum faucibus. Sit amet venenatis urna cursus.","link_text":"View More","link":""}},"d381879c-e010-4684-bc11-0003dc74fb90":{"type":"icon","settings":{"icon":"shopify:\/\/shop_images\/inner3-1.png","title":"Easy Booking","desc":"Sed vulputate odio ut enim. At tempor commodo ullamcorper a. Nunc congue nisi vitae suscipit tellus mauris a. Justo nec ultrices dui sapien eget libero.","link_text":"View More","link":""}}},"block_order":["ad537f4d-aa5c-4cdd-bf46-c466eba1c67e","631ba7ef-9202-4be6-9267-158d19f62b48","69fcc5da-9f3a-4b85-8bf9-65a862ec27bc","d381879c-e010-4684-bc11-0003dc74fb90"],"settings":{"full":false,"spacing_both_ends":false,"padding":"0,30","margin":"0,0","show_background_image":false,"background_style":"none","background_size":"auto","enable_overlay":false,"background_color":"","overlay_transparency":"0.5","section_heading":"Specialties Of Our Company","section_sub_heading":"","section_description":"Tellus elit sed ullamcorper morbi. Morbi non arcu risus quis varius. Blandit turpis cursus in hac habitasse platea dictumst quisque.","section_button_text":"Tellus sersvelit sed ullamcorper morbi. Morbi non arcu risus quis varius. Blandit turpis cursus in hac habitasse platea dictumst quisque.","section_button_link":"","section_heading_color":"#242424","section_sub_heading_color":"#555555","section_description_color":"#555555","section_button_bg_color":"","section_button_text_color":"","section_button_hover_bg_color":"","section_button_hover_text_color":"","heading_position":"text-center","text_position":"text-start","block_style":"default-style","grid":"3","enable_grid_style":false,"vertical_position":"position-default","reverse_column":false,"border_radius":"0px","icon_border_radius":"0px","enable_box_shadow":false,"block_icon_outer_size":"110px","block_icon_size":"40px","block_border_color":"","block_bg":"","block_icon_bg":"","block_icon_border_color":"","block_heading_color":"","block_description_color":"","block_button_bg_color":"","block_button_text_color":"","block_button_hover_bg_color":"","block_button_hover_text_color":"","custom_class_name":"service_support_block"}},"1646214533a0e61103":{"type":"home-brand-logos","blocks":{"16462145321059c573-0":{"type":"Image","settings":{"image":"shopify:\/\/shop_images\/our_client_01_05de34d2-cf41-473d-92da-55192b95b759.png","title":"Brand Name","link":""}},"16462145321059c573-1":{"type":"Image","settings":{"image":"shopify:\/\/shop_images\/our_client_02_385beb1b-29a2-4b4c-9e0f-7a6df9465c99.png","title":"Brand Name","link":""}},"16462145321059c573-2":{"type":"Image","settings":{"image":"shopify:\/\/shop_images\/our_client_03_843860dc-88b3-425e-9378-939a3b3a355c.png","title":"Brand Name","link":""}},"16462145321059c573-3":{"type":"Image","settings":{"image":"shopify:\/\/shop_images\/our_client_04_29b7d998-c944-41fb-904a-836e6fd0da40.png","title":"Brand Name","link":""}},"16462145321059c573-4":{"type":"Image","settings":{"image":"shopify:\/\/shop_images\/our_client_05_4afa2d4b-5832-4237-96cc-f4fdcb211e59.png","title":"Brand Name","link":""}},"3488f460-4bc3-48ea-9dd8-dcff6ab6a367":{"type":"Image","settings":{"image":"shopify:\/\/shop_images\/our_client_01_05de34d2-cf41-473d-92da-55192b95b759.png","title":"Brand Name","link":""}},"fe169728-cfaa-4c02-b633-b37cb5979eab":{"type":"Image","settings":{"image":"shopify:\/\/shop_images\/our_client_02_385beb1b-29a2-4b4c-9e0f-7a6df9465c99.png","title":"Brand Name","link":""}},"ae4f78e4-5c0d-4f11-8a7e-b5159cd0f33b":{"type":"Image","settings":{"image":"shopify:\/\/shop_images\/our_client_03_843860dc-88b3-425e-9378-939a3b3a355c.png","title":"Brand Name","link":""}},"c3e67170-9c11-45fc-92d3-35bbef6b0d50":{"type":"Image","settings":{"image":"shopify:\/\/shop_images\/our_client_04_29b7d998-c944-41fb-904a-836e6fd0da40.png","title":"Brand Name","link":""}},"356877f0-c445-4f82-8d77-143b4732e9c7":{"type":"Image","settings":{"image":"shopify:\/\/shop_images\/our_client_05_4afa2d4b-5832-4237-96cc-f4fdcb211e59.png","title":"Brand Name","link":""}}},"block_order":["16462145321059c573-0","16462145321059c573-1","16462145321059c573-2","16462145321059c573-3","16462145321059c573-4","3488f460-4bc3-48ea-9dd8-dcff6ab6a367","fe169728-cfaa-4c02-b633-b37cb5979eab","ae4f78e4-5c0d-4f11-8a7e-b5159cd0f33b","c3e67170-9c11-45fc-92d3-35bbef6b0d50","356877f0-c445-4f82-8d77-143b4732e9c7"],"settings":{"full":false,"spacing_both_ends":false,"padding":"0,0","margin":"0,40","show_background_image":false,"background_style":"none","background_size":"auto","enable_overlay":false,"background_color":"","overlay_transparency":"0.5","section_heading":"Our Clients","section_sub_heading":"","section_description":"Beres greelit sed ullamcorper morbi. Morbi non arcu risus quis varius. Blandit turpis cursus in hac habitasse platea dictumst quisque.","section_button_text":"","section_button_link":"","section_heading_color":"#242424","section_sub_heading_color":"#555555","section_description_color":"#555555","section_button_bg_color":"","section_button_text_color":"","section_button_hover_bg_color":"","section_button_hover_text_color":"","heading_position":"text-center","grid":"3","block_style":"style-1","enable_box_shadow":false,"column_gap":"30","border_radius":"0","block_border_color":"","block_background_color":"","enable_slider":true,"enable_auto_height":true,"items_per_view":5,"slider_autoplay":3,"dots":false,"carousel_pagination_alignment":"center_pagination","arrows":false,"nav_arrow_position":"navigation-bottom-center","center_nav_arrow_alignment":"outside_container","navigation_button_color":"","navigation_button_icon_color":"","navigation_button_hover_color":"","navigation_button_hover_icon_color":"","navigation_dot_color":"","navigation_dot_active_color":"","custom_class_name":"brands"}}},"order":["main","1646113007b213f8fd","164611554956fc0e09","16462148776b9decfd","1646214533a0e61103"]}