{"sections":{"main":{"type":"contact","settings":{"full":false,"spacing_both_ends":false,"padding":"0,0","margin":"0,0","section_heading":"","section_sub_heading":"","section_description":"","section_button_text":"","section_button_link":"","section_heading_color":"","section_sub_heading_color":"","section_description_color":"","section_button_bg_color":"","section_button_text_color":"","section_button_hover_bg_color":"","section_button_hover_text_color":"","heading_position":"text-center","contact_layout":"block_layout","enable_gmap":true,"contact_iframe_code":"<iframe src=\"https:\/\/www.google.com\/maps\/embed?pb=!1m18!1m12!1m3!1d3578.2809607833838!2d-80.153231184605!3d26.25254329451593!2m3!1f0!2f0!3f0!3m2!1i1024!2i768!4f13.1!3m3!1m2!1s0x88d903246293f5dd%3A0xfda16dd7a47b21ee!2sImeca%20Lumber%20%26%20Hardware!5e0!3m2!1sen!2sin!4v1645769818334!5m2!1sen!2sin\" width=\"100%\" height=\"450\" style=\"border:0;\" allowfullscreen=\"\" loading=\"lazy\"><\/iframe>","enable_contact_info":true,"contactborder_color":"","contact_hvrborder_color":"","icontactheading_color":"","contacticon_bg_color":"","contacticon_color":"","contacticon_hoverbg_color":"","contacticonhover_color":"","contact_phone":true,"contact_module_contact_phonetitle":"Phone","contact_icon_1":"fa fa-phone","contact_phone1":"0000 - 123 - 456789","contact_phone2":"0000 - 123 - 456789","contact_module_email":true,"contact_module_contact_title":"Email","contact_icon_2":"fa fa-envelope","contact_module_email1":"info@example.com","contact_module_email2":"support@example.com","contact_module_address":true,"contact_module_address_title":"Address","contact_icon_3":"fa fa-location-arrow","contact_module_address1":"No: 58 A, East Madison Street,","contact_module_address2":"Baltimore, MD, USA 4508","enable_contact_form":true,"contact_form_title":"Contact Form"}}},"order":["main"]}