{"sections":{"1626870276b398a0aa":{"type":"home-grid-banner","disabled":true,"blocks":{"1626870276b398a0aa-0":{"type":"content","settings":{"show_image":true,"block_title":"","block_sub_title":"","block_description":"","block_button_text":"","block_button_link":"","block_text_align":"text-center","content_position":"center","reverse_column":false,"block_banner_bg":"","block_content_box_bg":"","block_heading_color":"","block_sub_heading_color":"","block_description_color":"","block_button_bg_color":"","block_button_text_color":"","block_button_hover_bg_color":"","block_button_hover_text_color":"","overlay_style":"use_overlay","overlay_color":"","overlay_opacity":"0.5","rotation_degree":"180"}}},"block_order":["1626870276b398a0aa-0"],"settings":{"full":false,"spacing_both_ends":false,"padding":"20,20","margin":"0,0","show_background_image":false,"background_style":"default","background_size":"auto","enable_overlay":false,"background_color":"","overlay_transparency":"0.5","section_heading":"","section_sub_heading":"","section_description":"","section_button_text":"","section_button_link":"","section_heading_color":"","section_sub_heading_color":"","section_description_color":"","section_button_bg_color":"","section_button_text_color":"","section_button_hover_bg_color":"","section_button_hover_text_color":"","heading_position":"text-center","block_banner_style":"grid","column_gap":"30","grid":"1","border_radius":"0","enable_box_shadow":false,"equal_height":false,"content_width":"50\/50","lap_content_width":"40\/60","overlay_style_height":390,"overlay_style_height_laptop":500,"overlay_style_height_mobile":400,"custom_class_name":""}},"main":{"type":"main-collection-template","blocks":{"13774c76-41f2-4be4-9f86-d042e71f8e06":{"type":"menu","settings":{"filter_title":"Category","linklist":"sidebar-menu"}},"c46d821f-34df-4d7e-afed-7f3cfe4f37c4":{"type":"collection_filter","settings":{}},"b8b9fac8-f331-4738-a7e9-29aa5671dffe":{"type":"carousel","settings":{"title":"Best Sellers","collection":"best-sellers","limit":5}}},"block_order":["13774c76-41f2-4be4-9f86-d042e71f8e06","c46d821f-34df-4d7e-afed-7f3cfe4f37c4","b8b9fac8-f331-4738-a7e9-29aa5671dffe"],"settings":{"show_collection_image":true,"collections_sort_enable":true,"collections_view_enable":true,"grid":"3","rows":"2"}}},"order":["1626870276b398a0aa","main"]}