{"sections":{"16399845030f026f00":{"type":"slideshow","blocks":{"31dedcd7-20d0-4f89-abdb-75dac3907a9a":{"type":"Slider","settings":{"image":"shopify:\/\/shop_images\/slider.jpg","mobile_image":"shopify:\/\/shop_images\/mob-1.jpg","mobile_bg_clr":"rgba(0,0,0,0)","text_alignment":"text-start","content_position":"center-right","show_image":false,"title_2":"STYLE DESTINATION","subheading_color":"#cbad73","subheading_size":"16","title":"Uniquely<span> Attractive <\/span> Light <span>Sculptures<\/span>","heading_color":"#ffffff","heading_size":"60","desc":"","desc_color":"","desc_size":"","button":"SHOP NOW","link":"shopify:\/\/collections\/best-sellers","btn_bg_color":"","btn_txt_color":"#cbad73","btn_hoverbg_color":"#cbad73","btn_hovertxt_color":"#ffffff","button_2":"","link_2":"","btn_bg_color_2":"","btn_txt_color_2":"","btn_hoverbg_color_2":"","btn_hovertxt_color_2":"","slide_content_bg":""}}},"block_order":["31dedcd7-20d0-4f89-abdb-75dac3907a9a"],"settings":{"full":true,"spacing_both_ends":false,"margin":"0,0","slider_height":850,"slider_height_lap":700,"slider_height_tab":600,"slider_height_mobile":460,"content_within_container":false,"enable_box_shadow":false,"border_radius":"","content_border_radius":"","autoplay":false,"slideshow_speed":"5000","dots":false,"carousel_pagination_alignment":"center_pagination","carousel_pagination_bottom_alignment":"inside_element","arrows":false,"nav_arrow_position":"center-navigation","center_nav_arrow_alignment":"inside_container","navigation_button_color":"#ffffff","navigation_button_icon_color":"#1a1a1a","navigation_button_hover_color":"#cbad73","navigation_button_hover_icon_color":"#ffffff","navigation_dot_color":"#6a6a6a","navigation_dot_active_color":"#cbad73","custom_class_name":"banner-slider"}},"1639984526e493fcec":{"type":"home-custom-section","blocks":{"16399845256f171fdb-0":{"type":"content","settings":{"block_heading":"","block_sub_heading":"","block_description":"","html":"","block_button_text":"","block_button_link":"","heading_position":"text-end","block_img_1":"shopify:\/\/shop_images\/3.png","image_1_border_radius":"0","block_img_2":"shopify:\/\/shop_images\/2.png","image_2_border_radius":"0","reverse_column":false,"fullwidth_images":false,"block_heading_color":"","block_sub_heading_color":"","block_description_color":"","block_html_color":"","block_button_bg_color":"","block_button_text_color":"","block_button_hover_bg_color":"","block_button_hover_text_color":""}},"16399845256f171fdb-1":{"type":"content","settings":{"block_heading":"Our Pieces are <span> Authentic & Original<\/span>","block_sub_heading":"ABOUT US","block_description":"Lorem ipsum dolor sit, consectetur adipiscing elit.","html":"Country’s <br>\n<span>Collections<\/span>","block_button_text":"DISCOVER MORE","block_button_link":"shopify:\/\/collections\/hot-deals","heading_position":"text-start","block_img_1":"shopify:\/\/shop_images\/image.png","image_1_border_radius":"0","image_2_border_radius":"","reverse_column":true,"fullwidth_images":true,"block_heading_color":"#1a1a1a","block_sub_heading_color":"#cbad73","block_description_color":"#6a6a6a","block_html_color":"#ffffff","block_button_bg_color":"","block_button_text_color":"#1a1a1a","block_button_hover_bg_color":"#cbad73","block_button_hover_text_color":"#ffffff"}}},"block_order":["16399845256f171fdb-0","16399845256f171fdb-1"],"settings":{"full":false,"spacing_both_ends":false,"padding":"","margin":"120,30","show_background_image":false,"background_style":"none","background_size":"auto","enable_overlay":false,"background_color":"","overlay_transparency":"0.5","section_heading":"","section_sub_heading":"","section_description":"","section_button_text":"","section_button_link":"","section_heading_color":"","section_sub_heading_color":"","section_description_color":"","section_button_bg_color":"","section_button_text_color":"","section_button_hover_bg_color":"","section_button_hover_text_color":"","heading_position":"text-end","column_gap":"40","border_radius":"0","content_width":"30\/70","lap_content_width":"30\/70"}},"1639984529881865cf":{"type":"home-product-carousel","settings":{"full":false,"spacing_both_ends":false,"padding":"0,0","margin":"0,20","show_background_image":false,"background_style":"none","background_size":"auto","enable_overlay":false,"background_color":"","overlay_transparency":"0.5","section_heading":"Our Latest Collections","section_sub_heading":"","section_description":"Sed do eiusmod tempor incididunt ut labore et dolt.","section_button_text":"","section_button_link":"shopify:\/\/collections\/all","section_heading_color":"#1a1a1a","section_sub_heading_color":"#6a6a6a","section_description_color":"#6a6a6a","section_button_bg_color":"","section_button_text_color":"#1a1a1a","section_button_hover_bg_color":"#cbad73","section_button_hover_text_color":"#1a1a1a","heading_position":"text-center","grouped_content_bg":"","grouped_column_gap":"30","grouped_content_padding":"0","group_border_radius":"0","enable_group_box_shadow":false,"reverse_column":false,"content_width":"30\/70","lap_content_width":"35\/65","additional_block_background_color":"","additional_block_box_shadow":false,"additional_content_padding":"0","additional_block_border_radius":"0","enable_main_content":true,"main_block_background_color":"","enable_main_block_box_shadow":false,"main_block_border_radius":"0","main_content_padding":"0","collection":"frontpage","column_gap":"30","border_radius":"0","enable_list_view":false,"grid":"4","post_limit":8,"enable_slider":false,"items_per_view":4,"rows":3,"slider_autoplay":0,"enable_auto_height":true,"dots":false,"carousel_pagination_alignment":"center_pagination","carousel_pagination_bottom_alignment":"outside_element","arrows":false,"nav_arrow_position":"navigation-top-right","center_nav_arrow_alignment":"inside_container","navigation_button_color":"","navigation_button_icon_color":"","navigation_button_hover_color":"","navigation_button_hover_icon_color":"","navigation_dot_color":"","navigation_dot_active_color":"","custom_class_name":"product-carousel"}},"1640675355863ea1d1":{"type":"home-html-text","settings":{"full":false,"spacing_both_ends":false,"padding":"0,0","margin":"0,70","show_background_image":false,"background_style":"none","background_size":"auto","enable_overlay":false,"background_color":"","overlay_transparency":"0.5","section_heading":"","section_sub_heading":"","section_description":"","section_button_text":"SHOW MORE","section_button_link":"shopify:\/\/collections","section_heading_color":"","section_sub_heading_color":"","section_description_color":"","section_button_bg_color":"","section_button_text_color":"#1a1a1a","section_button_hover_bg_color":"#cbad73","section_button_hover_text_color":"#ffffff","heading_position":"text-center","html":"<!--<div id='insta-feed'><\/div>-->","custom_class_name":"product-buttton"}},"163946096489802b92":{"type":"home-video-banner","settings":{"full":true,"spacing_both_ends":true,"padding":"0,0","margin":"0,120","show_background_image":true,"background_image":"shopify:\/\/shop_images\/bg_7385ae45-b008-4fc2-90c7-d2ff34552678.png","background_style":"none","background_size":"auto","enable_overlay":false,"background_color":"","overlay_transparency":"0.5","section_heading":"Original <span>Pure <br>Brand <\/span>Since<br> <span>1988<\/span>","section_sub_heading":"OUR HISTORY","section_description":"Bibendum neque egestas congue quisque <br>egestas diam in arcu. Ut lectus arcu bibendum <br>varius. Placerat vestibulum lectus<br> mauris eros.","section_button_text":"DISCOVER MORE","section_button_link":"shopify:\/\/collections\/latest-arrivals","section_heading_color":"#1a1a1a","section_sub_heading_color":"#cbad73","section_description_color":"#6a6a6a","section_button_bg_color":"","section_button_text_color":"#1a1a1a","section_button_hover_bg_color":"#cbad73","section_button_hover_text_color":"#ffffff","heading_position":"text-start","block_title":"Country’s <span>Collection<\/span>","block_sub_title":"","block_description":"","block_button_text":"","block_button_link":"","enable_content_image":true,"content_image":"shopify:\/\/shop_images\/our-history-2_55080323-37a9-4b23-a459-29a167be336a.jpg","content_position":"center-right","block_text_align":"text-start","layout_style":"two-column","reverse_column":true,"block_image":"shopify:\/\/shop_images\/our-history-1.jpg","show_image":true,"video_format":"modal","video_url":"https:\/\/storage.googleapis.com\/coverr-main\/mp4\/Palm_Trees.mp4","iframe_url":"https:\/\/www.youtube.com\/embed\/JJMPKgyCoSY","video_height":"1000","overlay_style":"with-overlay","enable_box_shadow":false,"border_radius":"0","banner_heading_color":"#ffffff","banner_sub_heading_color":"","banner_description_color":"","banner_button_bg_color":"","banner_button_text_color":"","banner_button_hover_bg_color":"","banner_button_hover_text_color":"","video_overlay_color":"","video_overlay_transparency":"0.5","icon_bg_color":"#ffffff","icon_color":"#1a1a1a","icon_bg_color_hover":"#cbad73","icon_color_hover":"#1a1a1a","custom_class_name":"video-banner"}},"16399858795f33fc05":{"type":"home-support-block","blocks":{"b3e1246b-f899-4c94-be28-8fd64897487f":{"type":"icon","settings":{"icon":"shopify:\/\/shop_images\/home-icon-06.png","title":"Low Power Cosumption","use_title":true,"desc":"Lorem sed risus ultricies tristique nulla aliquet enim tortor at","link_text":"","link":"shopify:\/\/collections"}},"2095212c-a629-45ad-8863-4a3ecc372a67":{"type":"icon","settings":{"icon":"shopify:\/\/shop_images\/home-icon-05.png","title":"Low Cost  Product","use_title":true,"desc":"Eget est lorem ipsum fringilla sit amet. Scelerisque viverra mauris","link_text":"","link":"shopify:\/\/collections"}},"8ded906d-e35a-47a3-9708-2991c398099d":{"type":"icon","settings":{"icon":"shopify:\/\/shop_images\/home-icon-04.png","title":"Low Sized  Light","use_title":true,"desc":"Facilisi morbi tempus iaculis urna id volutpat neque laoreet.","link_text":"","link":"shopify:\/\/collections"}},"53e2f911-193d-4f15-b95b-7e9207eaa4aa":{"type":"icon","settings":{"icon":"shopify:\/\/shop_images\/home-icon-03.png","title":"Faster Connectionps","use_title":true,"desc":"Tortor pretium viverra suspendisse potenti honcus do non enim praesent.","link_text":"","link":"shopify:\/\/collections"}},"63edd79a-a0c3-41db-acf7-994d304a87a0":{"type":"icon","settings":{"icon":"shopify:\/\/shop_images\/home-icon-02.png","title":"Safe and Secure","use_title":true,"desc":"At varius vel pharetra vel turpis nunc eget lorem nisl pretium fusce","link_text":"","link":"shopify:\/\/collections"}},"bdd20951-40d1-41cb-8854-60ea54748c24":{"type":"icon","settings":{"icon":"shopify:\/\/shop_images\/home-icon-01.png","title":"Smart Energy  Saver","use_title":true,"desc":"Quis varius quam id diam fermentum  ac odio tempor orci enim","link_text":"","link":"shopify:\/\/collections"}}},"block_order":["b3e1246b-f899-4c94-be28-8fd64897487f","2095212c-a629-45ad-8863-4a3ecc372a67","8ded906d-e35a-47a3-9708-2991c398099d","53e2f911-193d-4f15-b95b-7e9207eaa4aa","63edd79a-a0c3-41db-acf7-994d304a87a0","bdd20951-40d1-41cb-8854-60ea54748c24"],"settings":{"full":false,"spacing_both_ends":false,"padding":"0,0","margin":"0,120","show_background_image":true,"background_image":"shopify:\/\/shop_images\/offer-bg.png","background_style":"none","background_size":"auto","enable_overlay":false,"background_color":"","overlay_transparency":"0.5","section_heading":"Our <span>values<\/span>","section_sub_heading":"","section_description":"Lorem ipsum dolor sit amet, consect adipiscing elit.","section_button_text":"","section_button_link":"","section_heading_color":"#1a1a1a","section_sub_heading_color":"","section_description_color":"#6a6a6a","section_button_bg_color":"","section_button_text_color":"","section_button_hover_bg_color":"","section_button_hover_text_color":"","heading_position":"text-center","text_position":"text-center","block_style":"default-style","grid":"3","enable_grid_style":true,"vertical_position":"position-default","reverse_column":false,"border_radius":"0px","icon_border_radius":"0px","enable_box_shadow":false,"block_icon_outer_size":"120","block_icon_size":"168px","block_border_color":"","block_bg":"","block_icon_bg":"","block_icon_border_color":"","block_heading_color":"#1a1a1a","block_heading_hover_color":"","block_description_color":"#6a6a6a","block_button_bg_color":"","block_button_text_color":"","block_button_hover_bg_color":"","block_button_hover_text_color":"","custom_class_name":"support-block"}},"163998595332268fcb":{"type":"home-grid-banner","blocks":{"16399859537c94c051-0":{"type":"content","settings":{"block_image":"shopify:\/\/shop_images\/shutterstock_1612362445.png","show_image":true,"block_title":"We Connect a<span> Global <br> Community <\/span>to the <br> <span> Shining.<\/span>","block_sub_title":"OUR STORY","block_description":"Justo sapien eget sit dui, amet  accumsan sit, <br> morbi tempus iaculis urna velit sed morbi<br>  massa massa ultricies.","block_button_text":"DISCOVER MORE","block_button_link":"shopify:\/\/collections\/best-sellers","block_text_align":"text-start","content_position":"center-right","reverse_column":false,"block_banner_bg":"","block_content_box_bg":"","block_heading_color":"#ffffff","block_sub_heading_color":"#cbad73","block_description_color":"#ffffff","block_button_bg_color":"","block_button_text_color":"#ffffff","block_button_hover_bg_color":"#cbad73","block_button_hover_text_color":"#ffffff","overlay_style":"use_overlay","overlay_color":"","overlay_opacity":"0.5","rotation_degree":"180"}}},"block_order":["16399859537c94c051-0"],"settings":{"full":true,"spacing_both_ends":false,"padding":"0,0","margin":"0,120","show_background_image":false,"background_style":"none","background_size":"auto","enable_overlay":false,"background_color":"","overlay_transparency":"0.5","section_heading":"","section_sub_heading":"","section_description":"","section_button_text":"","section_button_link":"","section_heading_color":"","section_sub_heading_color":"","section_description_color":"","section_button_bg_color":"","section_button_text_color":"","section_button_hover_bg_color":"","section_button_hover_text_color":"","heading_position":"text-center","block_banner_style":"overlay","column_gap":"30","grid":"1","border_radius":"0","enable_box_shadow":false,"equal_height":false,"content_width":"50\/50","lap_content_width":"40\/60","overlay_style_height":940,"overlay_style_height_laptop":800,"overlay_style_height_mobile":600,"custom_class_name":"grid-banner"}},"16399859592c3359b0":{"type":"home-featured-blog","settings":{"full":false,"spacing_both_ends":false,"padding":"0,0","margin":"0,60","show_background_image":false,"background_style":"none","background_size":"auto","enable_overlay":false,"background_color":"","overlay_transparency":"0.5","section_heading":"Latest <span> Blog<\/span>","section_sub_heading":"","section_description":"Justo sapien eget sit dui, amet  accumsan sit, morbi tempus iaculis","section_button_text":"","section_button_link":"","section_heading_color":"#1a1a1a","section_sub_heading_color":"rgba(0,0,0,0)","section_description_color":"#6a6a6a","section_button_bg_color":"","section_button_text_color":"","section_button_hover_bg_color":"","section_button_hover_text_color":"","heading_position":"text-center","blog":"news","blog_show_author":false,"blog_show_date":true,"blog_comments":false,"blog_show_tag":false,"blog_show_button":true,"blog_show_description":false,"enable_blog_icons":false,"block_banner_style":"grid-style","post_limit":6,"grid":"3","text_position":"text-center","enable_box_shadow":false,"vertical_position":"vertical-center","content_width":"50\/50","lap_content_width":"40\/60","overlay_style_height":450,"overlay_style":"use_overlay","overlay_color":"#cbad73","overlay_opacity":"0.5","rotation_degree":"180","split_blog_layout":false,"split_gap":"30","enable_masonry_grid":false,"main_banner_style":"grid-style","additional_banner_style":"list-style","enable_masonry_reverse":false,"blog_bg_color":"","blog_link_color":"#1a1a1a","blog_link_hover_color":"#cbad73","blog_text_color":"#cbad73","blog_icon_color":"","blog_button_bg_color":"","blog_button_text_color":"#1a1a1a","blog_button_bg_hover_color":"#cbad73","blog_button_text_hover_color":"#ffffff","blog_link_color_overlay":"","blog_link_hover_color_overlay":"","blog_text_color_overlay":"","blog_icon_color_overlay":"","blog_button_bg_color_overlay":"","blog_button_text_color_overlay":"","blog_button_bg_hover_color_overlay":"","blog_button_text_hover_color_overlay":"","masonry_content_width":"50\/50","lap_masonry_content_width":"40\/60","enable_slider":true,"enable_auto_height":true,"items_per_view":3,"column_gap":"30","slider_autoplay":0,"dots":true,"carousel_pagination_alignment":"center_pagination","arrows":true,"nav_arrow_position":"center-navigation","center_nav_arrow_alignment":"outside_container","navigation_button_color":"","navigation_button_icon_color":"#1a1a1a","navigation_button_hover_color":"#cbad73","navigation_button_hover_icon_color":"#ffffff","navigation_dot_color":"#1a1a1a","navigation_dot_active_color":"#cbad73","custom_class_name":"blog-post"}},"1639986069dd7a77bc":{"type":"home-brand-logos","blocks":{"163998606971f1cf43-0":{"type":"Image","settings":{"image":"shopify:\/\/shop_images\/home-icon-10.png","title":"Brand Name","link":""}},"163998606971f1cf43-1":{"type":"Image","settings":{"image":"shopify:\/\/shop_images\/home-icon-09.png","title":"Brand Name","link":""}},"163998606971f1cf43-2":{"type":"Image","settings":{"image":"shopify:\/\/shop_images\/client-icon2-3.png","title":"Brand Name","link":""}},"163998606971f1cf43-3":{"type":"Image","settings":{"image":"shopify:\/\/shop_images\/client-icon2-4.png","title":"Brand Name","link":""}},"163998606971f1cf43-4":{"type":"Image","settings":{"image":"shopify:\/\/shop_images\/client-icon2-5.png","title":"Brand Name","link":""}}},"block_order":["163998606971f1cf43-0","163998606971f1cf43-1","163998606971f1cf43-2","163998606971f1cf43-3","163998606971f1cf43-4"],"settings":{"full":true,"spacing_both_ends":true,"padding":"40,40","margin":"60,120","show_background_image":false,"background_style":"none","background_size":"auto","enable_overlay":true,"background_color":"#1a1a1a","overlay_transparency":"1","section_heading":"","section_sub_heading":"","section_description":"","section_button_text":"","section_button_link":"","section_heading_color":"","section_sub_heading_color":"","section_description_color":"","section_button_bg_color":"","section_button_text_color":"","section_button_hover_bg_color":"","section_button_hover_text_color":"","heading_position":"text-center","grid":"5","block_style":"style-1","enable_box_shadow":false,"column_gap":"30","border_radius":"0","block_border_color":"","block_background_color":"rgba(0,0,0,0)","enable_slider":true,"enable_auto_height":false,"items_per_view":5,"slider_autoplay":0,"dots":false,"carousel_pagination_alignment":"center_pagination","arrows":false,"nav_arrow_position":"navigation-bottom-center","center_nav_arrow_alignment":"outside_container","navigation_button_color":"","navigation_button_icon_color":"","navigation_button_hover_color":"","navigation_button_hover_icon_color":"","navigation_dot_color":"","navigation_dot_active_color":"","custom_class_name":"brand-logo"}},"1639986191457a8d6b":{"type":"home-html-text","settings":{"full":false,"spacing_both_ends":false,"padding":"","margin":"0,60","show_background_image":true,"background_image":"shopify:\/\/shop_images\/offer-bg.png","background_style":"none","background_size":"auto","enable_overlay":false,"background_color":"#f5f5f5","overlay_transparency":"0.5","section_heading":"Clearance<span> Sales <\/span>Up To <br> <span>72%<\/span> Off. All <span>Sales are Final!<\/span>","section_sub_heading":"","section_description":"Justo sapien eget sit dui, amet  accumsan sit, <br> morbi tempus iaculis urna velit sed morbi massa massa ultricies.","section_button_text":"SUBSCRIBE","section_button_link":"https:\/\/pinchr.myshopify.com\/collections\/all","section_heading_color":"#1a1a1a","section_sub_heading_color":"","section_description_color":"#6a6a6a","section_button_bg_color":"","section_button_text_color":"#1a1a1a","section_button_hover_bg_color":"#cbad73","section_button_hover_text_color":"#ffffff","heading_position":"text-center","html":"","custom_class_name":"subscribe"}}},"order":["16399845030f026f00","1639984526e493fcec","1639984529881865cf","1640675355863ea1d1","163946096489802b92","16399858795f33fc05","163998595332268fcb","16399859592c3359b0","1639986069dd7a77bc","1639986191457a8d6b"]}