{"sections":{"main":{"type":"services","disabled":true,"settings":{}},"1640752189d7c7d6cd":{"type":"home-grid-banner","blocks":{"16407521895a8739cf-0":{"type":"content","settings":{"block_image":"shopify:\/\/shop_images\/our-products_c1eb72bd-abc7-4efb-a744-04047a8d2e09.png","show_image":true,"block_title":"Our Products are <br><span>Ideally <\/span>Dazzling<br> with<span> Perfection<\/span>","block_sub_title":"OUR PRODUCT","block_description":"Tristique senectus et netus et malesuada fames. Nibh cras pulvinar mattis nunc sed blandit libero  sed augue lacus viverra elit ut aliqua.","block_button_text":"KNOW MORE","block_button_link":"shopify:\/\/collections\/best-sellers","block_text_align":"text-start","content_position":"center","reverse_column":false,"block_banner_bg":"","block_content_box_bg":"","block_heading_color":"#1a1a1a","block_sub_heading_color":"#cbad73","block_description_color":"#6a6a6a","block_button_bg_color":"","block_button_text_color":"#1a1a1a","block_button_hover_bg_color":"#cbad73","block_button_hover_text_color":"#ffffff","overlay_style":"use_overlay","overlay_color":"","overlay_opacity":"0.5","rotation_degree":"180"}}},"block_order":["16407521895a8739cf-0"],"settings":{"full":false,"spacing_both_ends":false,"padding":"0,0","margin":"10,60","show_background_image":false,"background_style":"none","background_size":"auto","enable_overlay":false,"background_color":"","overlay_transparency":"0.5","section_heading":"","section_sub_heading":"","section_description":"","section_button_text":"","section_button_link":"","section_heading_color":"","section_sub_heading_color":"","section_description_color":"","section_button_bg_color":"","section_button_text_color":"","section_button_hover_bg_color":"","section_button_hover_text_color":"","heading_position":"text-center","block_banner_style":"list","column_gap":"100","grid":"2","border_radius":"0","enable_box_shadow":false,"equal_height":false,"content_width":"50\/50","lap_content_width":"40\/60","overlay_style_height":600,"overlay_style_height_laptop":500,"overlay_style_height_mobile":400,"custom_class_name":"service-grid"}},"164069577969f9aa31":{"type":"home-brand-logos","blocks":{"164069577979f000b2-0":{"type":"Image","settings":{"image":"shopify:\/\/shop_images\/home-icon-07.png","title":"Brand Name","link":""}},"164069577979f000b2-1":{"type":"Image","settings":{"image":"shopify:\/\/shop_images\/home-icon-08.png","title":"Brand Name","link":""}},"164069577979f000b2-2":{"type":"Image","settings":{"image":"shopify:\/\/shop_images\/client-icon2-3_6e360743-9e6c-48a4-8f85-b93e2750fb9e.png","title":"Brand Name","link":""}},"164069577979f000b2-3":{"type":"Image","settings":{"image":"shopify:\/\/shop_images\/client-icon2-4_93d22fe1-a0a1-4f51-bee5-2c515438528c.png","title":"Brand Name","link":""}},"164069577979f000b2-4":{"type":"Image","settings":{"image":"shopify:\/\/shop_images\/client-icon2-5_a93e0329-db76-47b5-87f9-f821d9394526.png","title":"Brand Name","link":""}}},"block_order":["164069577979f000b2-0","164069577979f000b2-1","164069577979f000b2-2","164069577979f000b2-3","164069577979f000b2-4"],"settings":{"full":true,"spacing_both_ends":true,"padding":"50,50","margin":"0,0","show_background_image":false,"background_style":"none","background_size":"auto","enable_overlay":true,"background_color":"#fcfbf8","overlay_transparency":"1","section_heading":"","section_sub_heading":"","section_description":"","section_button_text":"","section_button_link":"","section_heading_color":"","section_sub_heading_color":"","section_description_color":"","section_button_bg_color":"","section_button_text_color":"","section_button_hover_bg_color":"","section_button_hover_text_color":"","heading_position":"text-center","grid":"5","block_style":"style-1","enable_box_shadow":false,"column_gap":"30","border_radius":"0","block_border_color":"","block_background_color":"#fcfbf8","enable_slider":true,"enable_auto_height":true,"items_per_view":5,"slider_autoplay":0,"dots":false,"carousel_pagination_alignment":"center_pagination","arrows":false,"nav_arrow_position":"navigation-bottom-center","center_nav_arrow_alignment":"outside_container","navigation_button_color":"","navigation_button_icon_color":"","navigation_button_hover_color":"","navigation_button_hover_icon_color":"","navigation_dot_color":"","navigation_dot_active_color":"","custom_class_name":"service-brand"}},"1640753761cbdf7640":{"type":"home-linkedlist-menu","blocks":{"16407537616d49ae13-0":{"type":"categorylisting","settings":{"image":"shopify:\/\/shop_images\/serviceicon-1.png","sub_title":"Uplight  Chandelier","linked_list_description":"In ante metus dictum at tempor commodo ullamcorper a quam id.","linkedlist":"","block_button_text":"","block_button_link":"shopify:\/\/collections","reverse_column":false}},"16407537616d49ae13-1":{"type":"categorylisting","settings":{"image":"shopify:\/\/shop_images\/serviceicon-2.png","sub_title":"Cone Pendant","linked_list_description":"Eget velit aliquet sagittis id consectetur. Eu mi bibendum neque egesta.","linkedlist":"","block_button_text":"","block_button_link":"shopify:\/\/collections","reverse_column":false}},"16407537616d49ae13-2":{"type":"categorylisting","settings":{"image":"shopify:\/\/shop_images\/serviceicon-3.png","sub_title":"Three Chandelier","linked_list_description":"Habitasse platea dictumst vestibulum rhoncus est elit ullamcorper.","linkedlist":"","block_button_text":"","block_button_link":"shopify:\/\/collections","reverse_column":false}},"299ef869-8fe2-44e5-8df0-62daa6f58e8a":{"type":"categorylisting","settings":{"image":"shopify:\/\/shop_images\/serviceicon-4.png","sub_title":"Table Lamp","linked_list_description":"Et netus et malesuada fames ac turpis. Arcu cursus euismod nibh.","linkedlist":"","block_button_text":"","block_button_link":"shopify:\/\/collections","reverse_column":false}},"85969d0c-6d30-4e31-961e-539ce9f62e7e":{"type":"categorylisting","settings":{"image":"shopify:\/\/shop_images\/serviceicon-5.png","sub_title":"Island Lighting","linked_list_description":"Et molestie ac vestibulum. Tristique magna sit amet purus gravida quis.","linkedlist":"","block_button_text":"","block_button_link":"shopify:\/\/collections","reverse_column":false}},"67a95099-78ef-420a-9a90-a56b37283573":{"type":"categorylisting","settings":{"image":"shopify:\/\/shop_images\/serviceicon-6.png","sub_title":"Globe Pendant","linked_list_description":"Elit ullamcorper dignissim cras tincidunt lobortis feugiat vivamus et.","linkedlist":"","block_button_text":"","block_button_link":"shopify:\/\/collections","reverse_column":false}}},"block_order":["16407537616d49ae13-0","16407537616d49ae13-1","16407537616d49ae13-2","299ef869-8fe2-44e5-8df0-62daa6f58e8a","85969d0c-6d30-4e31-961e-539ce9f62e7e","67a95099-78ef-420a-9a90-a56b37283573"],"settings":{"full":false,"spacing_both_ends":false,"padding":"0,0","margin":"","show_background_image":false,"background_style":"none","background_size":"auto","enable_overlay":true,"background_color":"#fafafa","overlay_transparency":"1","section_heading":"Our <span>Services<\/span>","section_sub_heading":"","section_description":"Lorem ipsum dolor sit amet, consect adipiscing elit.","section_button_text":"","section_button_link":"","section_heading_color":"#1a1a1a","section_sub_heading_color":"","section_description_color":"#6a6a6a","section_button_bg_color":"","section_button_text_color":"","section_button_hover_bg_color":"","section_button_hover_text_color":"","heading_position":"text-center","grid":"3","enable_boxed":false,"enable_box_shadow":false,"linked_style":"overall-stye-1","linked_list_style":"list-stye-1","enable_list_separator":false,"column_gap":"50px","overall_border_radius":"0","border_radius":"0","text_align":"text-center","overlay_padding":20,"overlay_padding_mobile":15,"image_height":400,"image_height_lap":400,"image_height_tab":400,"image_height_mobile":400,"item_background_color":"","item_heading_color":"","item_heading_hover_color":"","item_description_color":"","item_link_color":"","item_link_hover_color":"","separator_color":"","item_button_bg_color":"","item_button_text_color":"","item_button_hover_bg_color":"","item_button_hover_text_color":"","item_overlay_color":"","item_overlay_transparency":"0.9","custom_class_name":"our-service"}},"164069577226caf723":{"type":"home-featured-blog","disabled":true,"settings":{"full":false,"spacing_both_ends":false,"padding":"0,0","margin":"100,100","show_background_image":false,"background_style":"none","background_size":"auto","enable_overlay":false,"background_color":"","overlay_transparency":"0.5","section_heading":"Latest <span>Blog<\/span>","section_sub_heading":"","section_description":"Nisi quis eleifend quam adipiscing vitae proin sagittis","section_button_text":"","section_button_link":"","section_heading_color":"#1a1a1a","section_sub_heading_color":"","section_description_color":"#6a6a6a","section_button_bg_color":"","section_button_text_color":"","section_button_hover_bg_color":"","section_button_hover_text_color":"","heading_position":"text-center","blog":"news","blog_show_author":false,"blog_show_date":true,"blog_comments":false,"blog_show_tag":false,"blog_show_button":true,"blog_show_description":false,"enable_blog_icons":false,"block_banner_style":"grid-style","post_limit":6,"grid":"3","text_position":"text-center","enable_box_shadow":false,"vertical_position":"vertical-center","content_width":"50\/50","lap_content_width":"40\/60","overlay_style_height":470,"overlay_style":"use_overlay","overlay_color":"","overlay_opacity":"0.5","rotation_degree":"180","split_blog_layout":false,"split_gap":"30","enable_masonry_grid":false,"main_banner_style":"grid-style","additional_banner_style":"list-style","enable_masonry_reverse":false,"blog_bg_color":"","blog_link_color":"#1a1a1a","blog_link_hover_color":"#cbad73","blog_text_color":"#cbad73","blog_icon_color":"","blog_button_bg_color":"","blog_button_text_color":"#1a1a1a","blog_button_bg_hover_color":"#cbad73","blog_button_text_hover_color":"#ffffff","blog_link_color_overlay":"","blog_link_hover_color_overlay":"","blog_text_color_overlay":"","blog_icon_color_overlay":"","blog_button_bg_color_overlay":"","blog_button_text_color_overlay":"","blog_button_bg_hover_color_overlay":"","blog_button_text_hover_color_overlay":"","masonry_content_width":"50\/50","lap_masonry_content_width":"40\/60","enable_slider":true,"enable_auto_height":true,"items_per_view":3,"column_gap":"30","slider_autoplay":7,"dots":true,"carousel_pagination_alignment":"center_pagination","arrows":true,"nav_arrow_position":"center-navigation","center_nav_arrow_alignment":"outside_container","navigation_button_color":"","navigation_button_icon_color":"#1a1a1a","navigation_button_hover_color":"#cbad73","navigation_button_hover_icon_color":"#ffffff","navigation_dot_color":"#6a6a6a","navigation_dot_active_color":"#cbad73","custom_class_name":"service-blog"}},"1640755421db28872e":{"type":"slideshow","blocks":{"679646f6-ace4-43f0-abd1-3beaabf1e570":{"type":"Slider","settings":{"image":"shopify:\/\/shop_images\/slider-service.png","mobile_image":"shopify:\/\/shop_images\/slider-service.png","mobile_bg_clr":"#3a3a3a","text_alignment":"text-center","content_position":"dt-sc-flex-center","show_image":false,"title_2":"OUR DESIGN","subheading_color":"#cbad73","subheading_size":"20","title":"Designed for World’s Most Beautiful Interior Design","heading_color":"#ffffff","heading_size":"54","desc":"","desc_color":"","desc_size":"14","button":"DISCOVER MORE","link":"shopify:\/\/collections\/hot-deals","btn_bg_color":"","btn_txt_color":"#ffffff","btn_hoverbg_color":"","btn_hovertxt_color":"#ffffff","button_2":"","link_2":"","btn_bg_color_2":"","btn_txt_color_2":"","btn_hoverbg_color_2":"","btn_hovertxt_color_2":"","slide_content_bg":""}}},"block_order":["679646f6-ace4-43f0-abd1-3beaabf1e570"],"settings":{"full":true,"spacing_both_ends":false,"margin":"0,0","slider_height":600,"slider_height_lap":600,"slider_height_tab":600,"slider_height_mobile":350,"content_within_container":false,"enable_box_shadow":false,"border_radius":"0","content_border_radius":"0","autoplay":false,"slideshow_speed":"5000","dots":false,"carousel_pagination_alignment":"center_pagination","carousel_pagination_bottom_alignment":"inside_element","arrows":false,"nav_arrow_position":"navigation-bottom-center","center_nav_arrow_alignment":"inside_container","navigation_button_color":"","navigation_button_icon_color":"","navigation_button_hover_color":"","navigation_button_hover_icon_color":"","navigation_dot_color":"","navigation_dot_active_color":"","custom_class_name":"service-slider"}},"1640759314cb4ae969":{"type":"home-number-counter","blocks":{"16407593147e54e231-0":{"type":"class","settings":{"class":"","title":"Finished Project","text":"","value":"324","value_text":""}},"16407593147e54e231-1":{"type":"class","settings":{"class":"","title":"Yeat of Experience","text":"","value":"30","value_text":""}},"16407593147e54e231-2":{"type":"class","settings":{"class":"","title":"Location Worldwide","text":"","value":"48","value_text":""}},"16407593147e54e231-3":{"type":"class","settings":{"class":"","title":"Business Awards","text":"","value":"230","value_text":""}}},"block_order":["16407593147e54e231-0","16407593147e54e231-1","16407593147e54e231-2","16407593147e54e231-3"],"settings":{"full":false,"spacing_both_ends":false,"padding":"30,0","margin":"70,0","show_background_image":true,"background_image":"shopify:\/\/shop_images\/03-Service_1b2f24e4-4157-4855-b9b0-a27ef06344f4.png","background_style":"none","background_size":"cover","enable_overlay":false,"background_color":"","overlay_transparency":"0.5","section_heading":"","section_sub_heading":"","section_description":"","section_button_text":"","section_button_link":"","section_heading_color":"","section_sub_heading_color":"","section_description_color":"","section_button_bg_color":"","section_button_text_color":"","section_button_hover_bg_color":"","section_button_hover_text_color":"","heading_position":"text-center","grid":"4","column_gap":"30","counter_style":"grid","vertical_position":"vertical-center","block_text_align":"text-center","reverse_column":false,"enable_boxed":false,"enable_overall_border":false,"border_radius":"0","icon_border_radius":"0px","block_icon_outer_size":"75","block_icon_size":"50","enable_box_shadow":false,"block_bg_color":"","block_icon_border_color":"","block_icon_bg_color":"","block_icon_color":"","block_title_color":"#6a6a6a","block_text_color":"","block_value_color":"","block_value_text_color":"","block_border_color":"","custom_class_name":"service-counter"}}},"order":["main","1640752189d7c7d6cd","164069577969f9aa31","1640753761cbdf7640","164069577226caf723","1640755421db28872e","1640759314cb4ae969"]}