{"sections":{"main":{"type":"about-us","disabled":true,"settings":{}},"16406680533a3abee1":{"type":"home-html-text","settings":{"full":false,"spacing_both_ends":false,"padding":"0,0","margin":"50,90","show_background_image":false,"background_style":"none","background_size":"auto","enable_overlay":false,"background_color":"","overlay_transparency":"0.5","section_heading":"We Strive to Make the<span> World Flashing<\/span><br> and More<span> Sustainable<\/span>Through<br> Innovation","section_sub_heading":"WHO WE ARE","section_description":"","image":"shopify:\/\/shop_images\/sign.png","section_button_text":"","section_button_link":"","section_heading_color":"#1a1a1a","section_sub_heading_color":"#cbad73","section_description_color":"","section_button_bg_color":"","section_button_text_color":"","section_button_hover_bg_color":"","section_button_hover_text_color":"","heading_position":"text-center","html":"<!--<div id='insta-feed'><\/div>-->","custom_class_name":"about-htmltext"}},"1640688989f3406c95":{"type":"home-linkedlist-menu","blocks":{"16406889893696076d-0":{"type":"categorylisting","settings":{"image":"shopify:\/\/shop_images\/about-icon1_a60a66d1-fd4e-46c2-8cf7-3d426fb0a570.png","sub_title":"Climate Proof","linked_list_description":"Non consectetur a erat nam at cras lectus urna duis.","linkedlist":"","block_button_text":"","block_button_link":"shopify:\/\/collections","reverse_column":false}},"16406889893696076d-1":{"type":"categorylisting","settings":{"image":"shopify:\/\/shop_images\/about-icon2_fbfc0d74-80c6-43a0-b3ff-be52a7cb5313.png","sub_title":"Water Resistant","linked_list_description":"Neque laoreet suspendisse interdum cons ectetur.","linkedlist":"","block_button_text":"","block_button_link":"shopify:\/\/collections","reverse_column":false}},"16406889893696076d-2":{"type":"categorylisting","settings":{"image":"shopify:\/\/shop_images\/about-icon3.png","sub_title":"Less Weight","linked_list_description":"Luctus venenatis lectus fringilla rhoncus dolor purus.","linkedlist":"","block_button_text":"","block_button_link":"shopify:\/\/collections","reverse_column":false}},"9b829705-e456-4861-8902-feae5549887e":{"type":"categorylisting","settings":{"image":"shopify:\/\/shop_images\/about-icon4_0955417a-feeb-4a28-b23f-53fd06b0a3f2.png","sub_title":"Thermo Regulte","linked_list_description":"Quisque sagittis purus sit amet volutpat ursus drisu at.","linkedlist":"","block_button_text":"","block_button_link":"shopify:\/\/collections","reverse_column":false}}},"block_order":["16406889893696076d-0","16406889893696076d-1","16406889893696076d-2","9b829705-e456-4861-8902-feae5549887e"],"settings":{"full":false,"spacing_both_ends":false,"padding":"0,0","margin":"0,0","show_background_image":false,"background_style":"none","background_size":"auto","enable_overlay":true,"background_color":"#f9f8f7","overlay_transparency":"1","section_heading":"","section_sub_heading":"","section_description":"","section_button_text":"","section_button_link":"","section_heading_color":"","section_sub_heading_color":"","section_description_color":"","section_button_bg_color":"","section_button_text_color":"","section_button_hover_bg_color":"","section_button_hover_text_color":"","heading_position":"text-center","grid":"4","enable_boxed":false,"enable_box_shadow":false,"linked_style":"overall-stye-1","linked_list_style":"list-stye-2","enable_list_separator":false,"column_gap":"30px","overall_border_radius":"0","border_radius":"0","text_align":"text-center","overlay_padding":20,"overlay_padding_mobile":15,"image_height":400,"image_height_lap":400,"image_height_tab":400,"image_height_mobile":400,"item_background_color":"","item_heading_color":"","item_heading_hover_color":"","item_description_color":"","item_link_color":"","item_link_hover_color":"","separator_color":"","item_button_bg_color":"","item_button_text_color":"","item_button_hover_bg_color":"","item_button_hover_text_color":"","item_overlay_color":"","item_overlay_transparency":"0.9","custom_class_name":"category-list"}},"1640762182548fc743":{"type":"counter_with_video_grid","blocks":{"1640762182e600d9f0-0":{"type":"class","settings":{"class":"","title":"Finished Projects","text":"Nunc sed blandit libero volutpat sed cras nulla facilisi.","value":"314","value_text":"K"}},"1640762182e600d9f0-1":{"type":"class","settings":{"class":"","title":"Yeat of Experience","text":"Cras fermentum odio eu feugiat pretium dui.","value":"30","value_text":"K"}},"1640762182e600d9f0-2":{"type":"class","settings":{"class":"","title":"Location Worldwide","text":"Iam donec adipiscing tristique tellus  risus nec  feugiat.","value":"48","value_text":"K"}},"1640762182e600d9f0-3":{"type":"class","disabled":true,"settings":{"class":"","title":"Business Awards","text":"","value":"230","value_text":""}}},"block_order":["1640762182e600d9f0-0","1640762182e600d9f0-1","1640762182e600d9f0-2","1640762182e600d9f0-3"],"settings":{"full":false,"spacing_both_ends":false,"padding":"0,0","margin":"100,50","show_background_image":false,"background_style":"default","enable_overlay":false,"background_color":"","overlay_transparency":"0.5","section_heading":"Number Counter","section_sub_heading":"OUR STORY","section_description":"Use this text to share the information which you like!.","section_button_text":"","section_button_link":"","section_heading_color":"rgba(0,0,0,0)","section_sub_heading_color":"#cbad73","section_description_color":"","section_button_bg_color":"","section_button_text_color":"","section_button_hover_bg_color":"","section_button_hover_text_color":"","heading_position":"text-center","grid":"4","column_gap":"30","counter_style":"list","vertical_position":"vertical-bottom","block_text_align":"text-start","reverse_column":false,"enable_boxed":false,"enable_overall_border":false,"border_radius":"0","icon_border_radius":"0px","block_icon_size":"60","block_title_color":"#cbad73","block_text_color":"#6a6a6a","block_value_color":"#1a1a1a","block_image":"shopify:\/\/shop_images\/vdo-banner.jpg","show_image":true,"video_format":"modal","video_url":"https:\/\/storage.googleapis.com\/coverr-main\/mp4\/Palm_Trees.mp4","iframe_url":"https:\/\/www.youtube.com\/embed\/JJMPKgyCoSY","video_height":"500","overlay_style":"with-overlay","banner_heading":"Original Pure Brand Since 1988","banner_sub_heading":"","banner_description":"Integer eget aliquet nibh praesent. Justo nec ultrices dui sapien eget mi. Nunc faucibus a pellentesque sit amet porttitor eget dolor morbi. Diam donec adipiscing tristique risus nec feugiat tellus in metus ultricies mi eget mauris.","banner_btn":"SHOW MORE","banner_link":"shopify:\/\/collections\/latest-arrivals","banner_heading_color":"#1a1a1a","banner_sub_heading_color":"#cbad73","banner_description_color":"#6a6a6a","banner_button_bg_color":"","banner_button_text_color":"","banner_button_hover_bg_color":"","banner_button_hover_text_color":"","video_overlay_color":"","video_overlay_transparency":"0.5","icon_bg_color":"#ffffff","icon_color":"#1a1a1a","icon_bg_color_hover":"#cbad73","icon_color_hover":"#1a1a1a","custom_class_name":"counter-about"}},"16406778251eab5573":{"type":"inner-page-team-section","blocks":{"53aced02-54f4-43ad-8ff1-3b803364135c":{"type":"content","settings":{"image":"shopify:\/\/shop_images\/team-1.jpg","name":"Vince C. Harrington","designation":"DESIGNER","facebook":"#","twitter":"#","pinterest":"#","youtube":""}},"e7f38ad7-e007-492f-a85c-f8dec4c2681d":{"type":"content","settings":{"image":"shopify:\/\/shop_images\/team-2.jpg","name":"Tammy J. Miller","designation":"MANAGER","facebook":"#","twitter":"#","pinterest":"","youtube":"#"}},"80e488dc-c035-4958-bbf7-04fdf843e97d":{"type":"content","settings":{"image":"shopify:\/\/shop_images\/team-3.jpg","name":"Juan F. Fay","designation":"DIRECTOR","facebook":"#","twitter":"#","pinterest":"","youtube":"#"}},"5b8025b4-3611-4eae-a244-3ece6edcca50":{"type":"content","settings":{"image":"shopify:\/\/shop_images\/team-4.jpg","name":"Dale M. Propp","designation":"DEVELOPER","facebook":"#","twitter":"#","pinterest":"","youtube":"#"}}},"block_order":["53aced02-54f4-43ad-8ff1-3b803364135c","e7f38ad7-e007-492f-a85c-f8dec4c2681d","80e488dc-c035-4958-bbf7-04fdf843e97d","5b8025b4-3611-4eae-a244-3ece6edcca50"],"settings":{"enable":true,"full":false,"spacing_both_ends":false,"padding":"","margin":"","background_image":"shopify:\/\/shop_images\/teammember-bg.png","show_background_image":true,"background_style":"default","enable_overlay":false,"background_color":"#1a1a1a","overlay_transparency":"1","section_heading":"Meet Our <span>Team<\/span>","section_sub_heading":"","section_description":"Orci phasellus egestas tellus rutrum pellentesque eu.","section_button_text":"","section_button_link":"","section_heading_color":"#e8e8e8","section_sub_heading_color":"","section_description_color":"#e8e8e8","section_button_bg_color":"","section_button_text_color":"","section_button_hover_bg_color":"","section_button_hover_text_color":"","heading_position":"text-center","column":"four-column","block_heading_color":"#ffffff","block_designation_color":"#cbad73","block_bg":"#e8e8e8","block_social_icon_bg_color":"rgba(0,0,0,0)","block_social_icon_color":"#ffffff","block_social_icon_hover_bg_color":"","block_social_icon_hover_color":"#cbad73"}},"164067799614f84271":{"type":"home-featured-blog","settings":{"full":false,"spacing_both_ends":false,"padding":"0,0","margin":"100,90","show_background_image":false,"background_style":"none","background_size":"auto","enable_overlay":false,"background_color":"","overlay_transparency":"0.5","section_heading":"Latest<span> Blog<\/span>","section_sub_heading":"","section_description":"Blandit massa enim nec dui nunc mattis enim ut tellus.","section_button_text":"","section_button_link":"","section_heading_color":"","section_sub_heading_color":"","section_description_color":"","section_button_bg_color":"","section_button_text_color":"","section_button_hover_bg_color":"","section_button_hover_text_color":"","heading_position":"text-center","blog":"news","blog_show_author":false,"blog_show_date":true,"blog_comments":false,"blog_show_tag":false,"blog_show_button":true,"blog_show_description":false,"enable_blog_icons":false,"block_banner_style":"grid-style","post_limit":6,"grid":"3","text_position":"text-center","enable_box_shadow":false,"vertical_position":"vertical-center","content_width":"50\/50","lap_content_width":"40\/60","overlay_style_height":480,"overlay_style":"use_overlay","overlay_color":"","overlay_opacity":"0.5","rotation_degree":"180","split_blog_layout":false,"split_gap":"30","enable_masonry_grid":false,"main_banner_style":"grid-style","additional_banner_style":"list-style","enable_masonry_reverse":false,"blog_bg_color":"","blog_link_color":"#1a1a1a","blog_link_hover_color":"#cbad73","blog_text_color":"#cbad73","blog_icon_color":"","blog_button_bg_color":"","blog_button_text_color":"#1a1a1a","blog_button_bg_hover_color":"#cbad73","blog_button_text_hover_color":"#ffffff","blog_link_color_overlay":"","blog_link_hover_color_overlay":"","blog_text_color_overlay":"","blog_icon_color_overlay":"","blog_button_bg_color_overlay":"","blog_button_text_color_overlay":"","blog_button_bg_hover_color_overlay":"","blog_button_text_hover_color_overlay":"","masonry_content_width":"50\/50","lap_masonry_content_width":"40\/60","enable_slider":true,"enable_auto_height":true,"items_per_view":3,"column_gap":"30","slider_autoplay":7,"dots":true,"carousel_pagination_alignment":"center_pagination","arrows":true,"nav_arrow_position":"center-navigation","center_nav_arrow_alignment":"outside_container","navigation_button_color":"#ffffff","navigation_button_icon_color":"#1a1a1a","navigation_button_hover_color":"#cbad73","navigation_button_hover_icon_color":"#ffffff","navigation_dot_color":"#6a6a6a","navigation_dot_active_color":"#cbad73","custom_class_name":"about-blog"}},"1640679496f63627f3":{"type":"home-brand-logos","blocks":{"16406794968881a40e-0":{"type":"Image","settings":{"image":"shopify:\/\/shop_images\/home-icon-07.png","title":"Brand Name","link":""}},"16406794968881a40e-1":{"type":"Image","settings":{"image":"shopify:\/\/shop_images\/home-icon-08.png","title":"Brand Name","link":""}},"16406794968881a40e-2":{"type":"Image","settings":{"image":"shopify:\/\/shop_images\/client-icon2-3_6e360743-9e6c-48a4-8f85-b93e2750fb9e.png","title":"Brand Name","link":""}},"16406794968881a40e-3":{"type":"Image","settings":{"image":"shopify:\/\/shop_images\/client-icon2-5_a93e0329-db76-47b5-87f9-f821d9394526.png","title":"Brand Name","link":""}},"16406794968881a40e-4":{"type":"Image","settings":{"image":"shopify:\/\/shop_images\/client-icon2-5_a93e0329-db76-47b5-87f9-f821d9394526.png","title":"Brand Name","link":""}}},"block_order":["16406794968881a40e-0","16406794968881a40e-1","16406794968881a40e-2","16406794968881a40e-3","16406794968881a40e-4"],"settings":{"full":true,"spacing_both_ends":true,"padding":"40,40","margin":"0,0","show_background_image":false,"background_style":"none","background_size":"auto","enable_overlay":true,"background_color":"#fcfbf8","overlay_transparency":"1","section_heading":"","section_sub_heading":"","section_description":"","section_button_text":"","section_button_link":"","section_heading_color":"","section_sub_heading_color":"","section_description_color":"","section_button_bg_color":"","section_button_text_color":"","section_button_hover_bg_color":"","section_button_hover_text_color":"","heading_position":"text-center","grid":"5","block_style":"style-1","enable_box_shadow":false,"column_gap":"30","border_radius":"0","block_border_color":"","block_background_color":"#fcfbf8","enable_slider":true,"enable_auto_height":true,"items_per_view":5,"slider_autoplay":0,"dots":false,"carousel_pagination_alignment":"center_pagination","arrows":false,"nav_arrow_position":"navigation-bottom-center","center_nav_arrow_alignment":"outside_container","navigation_button_color":"","navigation_button_icon_color":"","navigation_button_hover_color":"","navigation_button_hover_icon_color":"","navigation_dot_color":"","navigation_dot_active_color":"","custom_class_name":"about-client"}}},"order":["main","16406680533a3abee1","1640688989f3406c95","1640762182548fc743","16406778251eab5573","164067799614f84271","1640679496f63627f3"]}