{"sections":{"main":{"type":"contact","settings":{"full":false,"spacing_both_ends":false,"padding":"0,0","margin":"0,0","section_heading":"Send Message","section_sub_heading":"","section_description":"Cras accumsan tortor leo, sed sagittis nisl euismod vitae. Praesent <br> gravida velit in metus tincidunt cursus nec.","section_button_text":"","section_button_link":"","section_heading_color":"#1a1a1a","section_sub_heading_color":"#6a6a6a","section_description_color":"#6a6a6a","section_button_bg_color":"","section_button_text_color":"","section_button_hover_bg_color":"","section_button_hover_text_color":"","heading_position":"text-start","contact_layout":"left_iconblock_form_inline","enable_gmap":true,"contact_iframe_code":"<iframe src=\"https:\/\/www.google.com\/maps\/embed?pb=!1m14!1m12!1m3!1d4013436.3643496064!2d78.2885026!3d10.78283645!2m3!1f0!2f0!3f0!3m2!1i1024!2i768!4f13.1!5e0!3m2!1sen!2sin!4v1640866835961!5m2!1sen!2sin\" width=\"100%\" height=\"600\" style=\"border:0;\" allowfullscreen=\"\" loading=\"lazy\"><\/iframe>","map_section_heading":"Find on Google Maps","map_section_description":"Tias accumsan tortor leo, sed sagittis nisl euismod vitae. Praesent <br>gravida velit in metus tincidunt cursus nec.","enable_contact_info":true,"contactborder_color":"#999797","contact_hvrborder_color":"#cbad73","icontactheading_color":"#1a1a1a","contacticon_bg_color":"#f6f6f6","contacticon_color":"#1a1a1a","contacticon_hoverbg_color":"#cbad73","contacticonhover_color":"#ffffff","contact_phone":true,"contact_module_contact_phonetitle":"Phone Number","contact_icon_1":"fa fa-phone","contact_phone1":"0000 - 123 - 456789","contact_phone2":"","contact_module_email":true,"contact_module_contact_title":"Email Address","contact_icon_2":"fa fa-envelope","contact_module_email1":"info@example.com","contact_module_email2":"","contact_module_address":true,"contact_module_address_title":"Fax Address","contact_icon_3":"fa fa-fax","contact_module_address1":"0000 - 123 - 456789","contact_module_address2":"","enable_contact_form":true,"contact_form_title":""}},"1640695253cf7f347e":{"type":"home-featured-blog","disabled":true,"settings":{"full":false,"spacing_both_ends":false,"padding":"0,0","margin":"0,80","show_background_image":false,"background_style":"none","background_size":"auto","enable_overlay":false,"background_color":"","overlay_transparency":"0.5","section_heading":"Lastest <span>Blog<\/span>","section_sub_heading":"","section_description":"Ultrices dui sapien eget mi proin sed libero enim sed","section_button_text":"","section_button_link":"","section_heading_color":"#1a1a1a","section_sub_heading_color":"","section_description_color":"#6a6a6a","section_button_bg_color":"","section_button_text_color":"","section_button_hover_bg_color":"","section_button_hover_text_color":"","heading_position":"text-center","blog":"news","blog_show_author":false,"blog_show_date":true,"blog_comments":false,"blog_show_tag":false,"blog_show_button":true,"blog_show_description":false,"enable_blog_icons":false,"block_banner_style":"grid-style","post_limit":6,"grid":"3","text_position":"text-center","enable_box_shadow":false,"vertical_position":"vertical-center","content_width":"50\/50","lap_content_width":"40\/60","overlay_style_height":600,"overlay_style":"use_overlay","overlay_color":"","overlay_opacity":"0.5","rotation_degree":"180","split_blog_layout":false,"split_gap":"30","enable_masonry_grid":false,"main_banner_style":"grid-style","additional_banner_style":"list-style","enable_masonry_reverse":false,"blog_bg_color":"","blog_link_color":"#1a1a1a","blog_link_hover_color":"#cbad73","blog_text_color":"#cbad73","blog_icon_color":"","blog_button_bg_color":"rgba(0,0,0,0)","blog_button_text_color":"#1a1a1a","blog_button_bg_hover_color":"#cbad73","blog_button_text_hover_color":"#ffffff","blog_link_color_overlay":"","blog_link_hover_color_overlay":"","blog_text_color_overlay":"","blog_icon_color_overlay":"","blog_button_bg_color_overlay":"","blog_button_text_color_overlay":"","blog_button_bg_hover_color_overlay":"","blog_button_text_hover_color_overlay":"","masonry_content_width":"50\/50","lap_masonry_content_width":"40\/60","enable_slider":true,"enable_auto_height":true,"items_per_view":3,"column_gap":"30","slider_autoplay":2,"dots":true,"carousel_pagination_alignment":"center_pagination","arrows":true,"nav_arrow_position":"center-navigation","center_nav_arrow_alignment":"outside_container","navigation_button_color":"","navigation_button_icon_color":"#1a1a1a","navigation_button_hover_color":"#cbad73","navigation_button_hover_icon_color":"#ffffff","navigation_dot_color":"#6a6a6a","navigation_dot_active_color":"#cbad73","custom_class_name":"contact-blog"}},"1640695278cdc90a7c":{"type":"home-brand-logos","disabled":true,"blocks":{"164069527819a2bb58-0":{"type":"Image","settings":{"image":"shopify:\/\/shop_images\/home-icon-07.png","title":"Brand Name","link":""}},"164069527819a2bb58-1":{"type":"Image","settings":{"image":"shopify:\/\/shop_images\/home-icon-08.png","title":"Brand Name","link":""}},"164069527819a2bb58-2":{"type":"Image","settings":{"image":"shopify:\/\/shop_images\/client-icon2-3_6e360743-9e6c-48a4-8f85-b93e2750fb9e.png","title":"Brand Name","link":""}},"164069527819a2bb58-3":{"type":"Image","settings":{"image":"shopify:\/\/shop_images\/client-icon2-4_93d22fe1-a0a1-4f51-bee5-2c515438528c.png","title":"Brand Name","link":""}},"164069527819a2bb58-4":{"type":"Image","settings":{"image":"shopify:\/\/shop_images\/client-icon2-5_a93e0329-db76-47b5-87f9-f821d9394526.png","title":"Brand Name","link":""}}},"block_order":["164069527819a2bb58-0","164069527819a2bb58-1","164069527819a2bb58-2","164069527819a2bb58-3","164069527819a2bb58-4"],"settings":{"full":false,"spacing_both_ends":false,"padding":"0,0","margin":"0,0","show_background_image":false,"background_style":"none","background_size":"auto","enable_overlay":true,"background_color":"#fcfbf8","overlay_transparency":"1","section_heading":"","section_sub_heading":"","section_description":"","section_button_text":"","section_button_link":"","section_heading_color":"","section_sub_heading_color":"","section_description_color":"","section_button_bg_color":"","section_button_text_color":"","section_button_hover_bg_color":"","section_button_hover_text_color":"","heading_position":"text-center","grid":"5","block_style":"style-1","enable_box_shadow":false,"column_gap":"30","border_radius":"0","block_border_color":"","block_background_color":"#fcfbf8","enable_slider":true,"enable_auto_height":true,"items_per_view":5,"slider_autoplay":0,"dots":false,"carousel_pagination_alignment":"center_pagination","arrows":false,"nav_arrow_position":"navigation-bottom-center","center_nav_arrow_alignment":"outside_container","navigation_button_color":"","navigation_button_icon_color":"","navigation_button_hover_color":"","navigation_button_hover_icon_color":"","navigation_dot_color":"","navigation_dot_active_color":"","custom_class_name":"contact-brand"}}},"order":["main","1640695253cf7f347e","1640695278cdc90a7c"]}