{"sections":{"main":{"type":"faq-template-1","blocks":{"68dc88d8-4fab-4295-a50e-ab34e0e21863":{"type":"icon","settings":{"title":"How will my order be delivered  to me?","desc":"Sit amet cursus sit amet dictum. Donec massa sapien faucibus et molestie. Proin fermentum leo vel orci porta non pulvinar neque. Volutpat lacus laoreet non curabitur gravida. Vitae tempus quam pellentesque nec nam. Magna fringilla urna porttitor rhoncus dolor purus non enim. Nulla facilisi cras fermentum odio. Faucibus scelerisque eleifend donec pretium. Venenatis cras sed felis eget velit."}},"30b16160-3f60-49ed-accb-a061e678d6b8":{"type":"icon","settings":{"title":"How will I know if order is placed successfully?","desc":"Adipiscing vitae proin sagittis nisl rhoncus. Nibh nisl condimentum id venenatis a. A arcu cursus vitae congue. Non enim praesent elementum facilisis. Netus et malesuada fames ac turpis egestas maecenas. Felis eget velit aliquet sagittis id consectetur. Nibh tellus molestie nunc non. Non blandit massa enim nec dui nunc mattis.  Orci nulla pellentesque dignissim enim sit amet. Mattis ullamcorper velit sed ullamcorper morbi tincidunt ornare."}},"81b77e20-706f-4855-b81f-6551f652bb36":{"type":"icon","settings":{"title":"What payment methods are accepted?","desc":"Dolor sit amet consectetur adipiscing. Aliquam faucibus purus in massa tempor nec feugiat nisl. Urna duis convallis convallis tellus id interdum. Fringilla phasellus faucibus scelerisque eleifend. Consequat ac felis donec et odio pellentesque diam. Eget nullam non nisi est sit amet facilisis. Diam quam nulla porttitor massa id neque. Dictumst quisque sagittis purus sit amet volutpat consequat mauris nunc. Proin nibh nisl condimentum id venenatis a."}},"7c4d2a7c-1f3c-4410-935c-e1361a72ccb7":{"type":"icon","settings":{"title":"What shipping methods are available?","desc":"Faucibus nisl tincidunt eget nullam non. Sollicitudin nibh sit amet commodo nulla facilisi nullam vehicula ipsum. Aliquet eget sit amet tellus cras adipiscing enim eu turpis. Ut pharetra sit amet aliquam id diam maecenas ultricies. Et ligula ullamcorper malesuada proin libero.  Turpis massa sed elementum tempus egestas sed sed risus pretium. Euismod quis viverra nibh cras pulvinar mattis nunc. Morbi tempus iaculis urna id volutpat lacus laoreet non curabitur."}},"381095d8-3e90-42f5-950e-58fed7ef3103":{"type":"icon","settings":{"title":"How do I track my order?","desc":"Nullam ac tortor vitae purus faucibus ornare. Et tortor at risus viverra adipiscing. Ut faucibus pulvinar elementum integer enim neque volutpat ac tincidunt. Quis vel eros donec ac odio tempor orci dapibus. Sit amet porttitor eget dolor morbi. Ac felis donec et odio pellentesque diam. Vivamus at augue eget arcu dictum. Cras ornare arcu dui vivamus arcu felis bibendum. Fermentum leo vel orci porta non pulvinar neque laoreet."}},"4397e945-ff9f-4c2f-a85e-2c321758bcf2":{"type":"class","disabled":true,"settings":{"class":"","title":"Heading","desc":"Lorem ipsum dolor sit amet"}},"7a6a60ef-ca82-491f-b3bf-c32baf0d0735":{"type":"icon","disabled":true,"settings":{"title":"Heading","desc":"Lorem ipsum dolor sit amet"}}},"block_order":["68dc88d8-4fab-4295-a50e-ab34e0e21863","30b16160-3f60-49ed-accb-a061e678d6b8","81b77e20-706f-4855-b81f-6551f652bb36","7c4d2a7c-1f3c-4410-935c-e1361a72ccb7","381095d8-3e90-42f5-950e-58fed7ef3103","4397e945-ff9f-4c2f-a85e-2c321758bcf2","7a6a60ef-ca82-491f-b3bf-c32baf0d0735"],"settings":{"full":false,"spacing_both_ends":false,"padding":"0,0","margin":"0,0","show_background_image":false,"background_style":"none","background_size":"auto","enable_overlay":false,"background_color":"","overlay_transparency":"0.5","section_heading":"Top Customer Questions","section_sub_heading":"","section_description":"","section_button_text":"","section_button_link":"","section_heading_color":"","section_sub_heading_color":"","section_description_color":"","section_button_bg_color":"","section_button_text_color":"","section_button_hover_bg_color":"","section_button_hover_text_color":"","heading_position":"text-center","block_style":"default-style","text_position":"text-start","border_radius":"0","grid_gap":"30","enable_box_shadow":true,"enable_heading_icons":true,"faq_icon_size":"30","enable_segmented_layout":true,"segmented_layout_gap":"15","faq_border_color":"#9f6000","faq_heading_color":"","faq_heading_bg_color":"","faq_content_color":"","faq_content_bg_color":"","custom_class_name":""}}},"order":["main"]}