{"sections":{"main":{"type":"main-page","settings":{"full":false,"spacing_both_ends":false,"padding":"0,0","margin":"0,0"}},"16493123584f6e70e5":{"type":"home-featured-product","settings":{"full":false,"spacing_both_ends":false,"padding":"0,100","margin":"0,0","show_background_image":false,"background_style":"none","background_size":"auto","enable_overlay":false,"background_color":"","overlay_transparency":"0.5","section_heading":"Featured Product","section_sub_heading":"","section_description":"","section_button_text":"","section_button_link":"","section_heading_color":"","section_sub_heading_color":"","section_description_color":"","section_button_bg_color":"","section_button_text_color":"","section_button_hover_bg_color":"","section_button_hover_text_color":"","heading_position":"text-center","featured_product":"14-product-accordion-tab-bottom","gallery_type":"thumbnails_horizontal","vertical_style":"dt-sc-product-vertical-thumb-left","disable_thumbnails":false,"enable_zoom":true,"enable_video_looping":false,"meta-lable-style":"full-width","show_featured_shop_desc":true,"featured_view_desc_truncate":"30","show_variants_swatches":true,"deals_section":false,"show_size_chart":false,"show_product_vendor":false,"show_product_type":false,"show_product_sku":false,"show_product_quantity":true,"display_back_in_stock":false,"show_quantity_selector":true,"show_checkout":true,"hide_addtocart":false}},"1649314576c9fdfde7":{"type":"home-featured-product","settings":{"full":false,"spacing_both_ends":false,"padding":"0,100","margin":"0,0","show_background_image":false,"background_style":"none","background_size":"auto","enable_overlay":false,"background_color":"","overlay_transparency":"0.5","section_heading":"Thumb Removed","section_sub_heading":"","section_description":"","section_button_text":"","section_button_link":"","section_heading_color":"","section_sub_heading_color":"","section_description_color":"","section_button_bg_color":"","section_button_text_color":"","section_button_hover_bg_color":"","section_button_hover_text_color":"","heading_position":"text-center","featured_product":"14-product-accordion-tab-bottom","gallery_type":"thumbnails_horizontal","vertical_style":"dt-sc-product-vertical-thumb-left","disable_thumbnails":true,"enable_zoom":true,"enable_video_looping":false,"meta-lable-style":"full-width","show_featured_shop_desc":true,"featured_view_desc_truncate":"30","show_variants_swatches":true,"deals_section":false,"show_size_chart":false,"show_product_vendor":false,"show_product_type":false,"show_product_sku":false,"show_product_quantity":true,"display_back_in_stock":false,"show_quantity_selector":true,"show_checkout":true,"hide_addtocart":false}},"16493146834294d9bd":{"type":"home-featured-product","settings":{"full":false,"spacing_both_ends":false,"padding":"0,100","margin":"0,0","show_background_image":false,"background_style":"none","background_size":"auto","enable_overlay":false,"background_color":"","overlay_transparency":"0.5","section_heading":"Thumb Horizontal","section_sub_heading":"","section_description":"","section_button_text":"","section_button_link":"","section_heading_color":"","section_sub_heading_color":"","section_description_color":"","section_button_bg_color":"","section_button_text_color":"","section_button_hover_bg_color":"","section_button_hover_text_color":"","heading_position":"text-center","featured_product":"14-product-accordion-tab-bottom","gallery_type":"thumbnails_horizontal","vertical_style":"dt-sc-product-vertical-thumb-left","disable_thumbnails":false,"enable_zoom":true,"enable_video_looping":false,"meta-lable-style":"full-width","show_featured_shop_desc":true,"featured_view_desc_truncate":"30","show_variants_swatches":true,"deals_section":false,"show_size_chart":false,"show_product_vendor":false,"show_product_type":false,"show_product_sku":false,"show_product_quantity":true,"display_back_in_stock":false,"show_quantity_selector":true,"show_checkout":true,"hide_addtocart":false}},"164931474819bab493":{"type":"home-featured-product","settings":{"full":false,"spacing_both_ends":false,"padding":"0,100","margin":"0,0","show_background_image":false,"background_style":"none","background_size":"auto","enable_overlay":false,"background_color":"","overlay_transparency":"0.5","section_heading":"Thumb Vertical - Left","section_sub_heading":"","section_description":"","section_button_text":"","section_button_link":"","section_heading_color":"","section_sub_heading_color":"","section_description_color":"","section_button_bg_color":"","section_button_text_color":"","section_button_hover_bg_color":"","section_button_hover_text_color":"","heading_position":"text-center","featured_product":"14-product-accordion-tab-bottom","gallery_type":"thumbnails_vertical","vertical_style":"dt-sc-product-vertical-thumb-left","disable_thumbnails":false,"enable_zoom":true,"enable_video_looping":false,"meta-lable-style":"full-width","show_featured_shop_desc":true,"featured_view_desc_truncate":"30","show_variants_swatches":true,"deals_section":false,"show_size_chart":false,"show_product_vendor":false,"show_product_type":false,"show_product_sku":false,"show_product_quantity":true,"display_back_in_stock":false,"show_quantity_selector":true,"show_checkout":true,"hide_addtocart":false}},"164931481178402131":{"type":"home-featured-product","settings":{"full":false,"spacing_both_ends":false,"padding":"0,20","margin":"0,0","show_background_image":false,"background_style":"none","background_size":"auto","enable_overlay":false,"background_color":"","overlay_transparency":"0.5","section_heading":"Thumb Vertical - Right","section_sub_heading":"","section_description":"","section_button_text":"","section_button_link":"","section_heading_color":"","section_sub_heading_color":"","section_description_color":"","section_button_bg_color":"","section_button_text_color":"","section_button_hover_bg_color":"","section_button_hover_text_color":"","heading_position":"text-center","featured_product":"14-product-accordion-tab-bottom","gallery_type":"thumbnails_vertical","vertical_style":"dt-sc-product-vertical-thumb-right","disable_thumbnails":false,"enable_zoom":true,"enable_video_looping":false,"meta-lable-style":"full-width","show_featured_shop_desc":true,"featured_view_desc_truncate":"30","show_variants_swatches":true,"deals_section":false,"show_size_chart":false,"show_product_vendor":false,"show_product_type":false,"show_product_sku":false,"show_product_quantity":true,"display_back_in_stock":false,"show_quantity_selector":true,"show_checkout":true,"hide_addtocart":false}}},"order":["main","16493123584f6e70e5","1649314576c9fdfde7","16493146834294d9bd","164931474819bab493","164931481178402131"]}