{"sections":{"main":{"type":"main-page","settings":{"full":false,"spacing_both_ends":false,"padding":"0,0","margin":"0,0"}},"1649414834cc40cd1d":{"type":"home-newsletter","settings":{"full":false,"spacing_both_ends":false,"padding":"0,100","margin":"0,0","show_background_image":false,"background_style":"none","background_size":"auto","background_color":"","enable_overlay":false,"overlay_transparency":"0.5","section_heading":"Newsletter Style 1","section_sub_heading":"","section_description":"","section_button_text":"","section_button_link":"","section_heading_color":"","section_sub_heading_color":"","section_description_color":"","section_button_bg_color":"","section_button_text_color":"","section_button_hover_bg_color":"","section_button_hover_text_color":"","heading_position":"text-center","section_position":"text-center","newsletter_form_width":"65%","newsletter_description":"Few lines of short description goes here...","news_style":"default","reverse_column":false,"space_in_between":"10px","newsletter_box_border_color":"","newsletter_box_bg_color":"","newsletter_box_border_focus_color":"","newsletter_button_bg_color":"","newsletter_button_text_color":"","newsletter_button_hover_bg_color":"","newsletter_button_hover_text_color":"","newsletter_description_color":"","custom_class_name":""}},"164941487565ccf161":{"type":"home-newsletter","settings":{"full":false,"spacing_both_ends":false,"padding":"0,100","margin":"0,0","show_background_image":false,"background_style":"none","background_size":"auto","background_color":"","enable_overlay":false,"overlay_transparency":"0.5","section_heading":"Newsletter Style 2","section_sub_heading":"","section_description":"","section_button_text":"","section_button_link":"","section_heading_color":"","section_sub_heading_color":"","section_description_color":"","section_button_bg_color":"","section_button_text_color":"","section_button_hover_bg_color":"","section_button_hover_text_color":"","heading_position":"text-center","section_position":"text-center","newsletter_form_width":"65%","newsletter_description":"Few lines of short description goes here...","news_style":"style-2","reverse_column":false,"space_in_between":"10px","newsletter_box_border_color":"","newsletter_box_bg_color":"","newsletter_box_border_focus_color":"","newsletter_button_bg_color":"","newsletter_button_text_color":"","newsletter_button_hover_bg_color":"","newsletter_button_hover_text_color":"","newsletter_description_color":"","custom_class_name":""}},"1649414904e8fce7b7":{"type":"home-newsletter","settings":{"full":false,"spacing_both_ends":false,"padding":"0,100","margin":"0,0","show_background_image":false,"background_style":"none","background_size":"auto","background_color":"","enable_overlay":false,"overlay_transparency":"0.5","section_heading":"Newsletter Style 3","section_sub_heading":"","section_description":"","section_button_text":"","section_button_link":"","section_heading_color":"","section_sub_heading_color":"","section_description_color":"","section_button_bg_color":"","section_button_text_color":"","section_button_hover_bg_color":"","section_button_hover_text_color":"","heading_position":"text-center","section_position":"text-center","newsletter_form_width":"65%","newsletter_description":"Few lines of short description goes here...","news_style":"style-3","reverse_column":false,"space_in_between":"10px","newsletter_box_border_color":"","newsletter_box_bg_color":"","newsletter_box_border_focus_color":"","newsletter_button_bg_color":"","newsletter_button_text_color":"","newsletter_button_hover_bg_color":"","newsletter_button_hover_text_color":"","newsletter_description_color":"","custom_class_name":""}},"16494151441e8e49bc":{"type":"home-newsletter","settings":{"full":false,"spacing_both_ends":false,"padding":"0,100","margin":"0,0","show_background_image":false,"background_style":"none","background_size":"auto","background_color":"","enable_overlay":false,"overlay_transparency":"0.5","section_heading":"Newsletter Style 4","section_sub_heading":"","section_description":"","section_button_text":"","section_button_link":"","section_heading_color":"","section_sub_heading_color":"","section_description_color":"","section_button_bg_color":"","section_button_text_color":"","section_button_hover_bg_color":"","section_button_hover_text_color":"","heading_position":"text-center","section_position":"text-center","newsletter_form_width":"65%","newsletter_description":"Few lines of short description goes here...","news_style":"style-4","reverse_column":false,"space_in_between":"10px","newsletter_box_border_color":"","newsletter_box_bg_color":"","newsletter_box_border_focus_color":"","newsletter_button_bg_color":"","newsletter_button_text_color":"","newsletter_button_hover_bg_color":"","newsletter_button_hover_text_color":"","newsletter_description_color":"","custom_class_name":""}},"1649415182840204b9":{"type":"home-newsletter","settings":{"full":false,"spacing_both_ends":false,"padding":"0,30","margin":"0,0","show_background_image":false,"background_style":"none","background_size":"auto","background_color":"","enable_overlay":false,"overlay_transparency":"0.5","section_heading":"Newsletter Style 5","section_sub_heading":"","section_description":"","section_button_text":"","section_button_link":"","section_heading_color":"","section_sub_heading_color":"","section_description_color":"","section_button_bg_color":"","section_button_text_color":"","section_button_hover_bg_color":"","section_button_hover_text_color":"","heading_position":"text-center","section_position":"text-center","newsletter_form_width":"65%","newsletter_description":"Few lines of short description goes here...","news_style":"style-5","reverse_column":false,"space_in_between":"10px","newsletter_box_border_color":"","newsletter_box_bg_color":"","newsletter_box_border_focus_color":"","newsletter_button_bg_color":"","newsletter_button_text_color":"","newsletter_button_hover_bg_color":"","newsletter_button_hover_text_color":"","newsletter_description_color":"","custom_class_name":""}}},"order":["main","1649414834cc40cd1d","164941487565ccf161","1649414904e8fce7b7","16494151441e8e49bc","1649415182840204b9"]}