{"sections":{"16425767257f007fd3":{"type":"slideshow","blocks":{"bbdda3cb-3b7f-4329-aafe-909c616bf333":{"type":"Slider","settings":{"image":"shopify:\/\/shop_images\/img_1.png","mobile_image":"shopify:\/\/shop_images\/img_1.png","mobile_bg_clr":"#1a1a1a","text_alignment":"text-center","content_position":"top-center","block_image":"shopify:\/\/shop_images\/img_1.png","show_image":false,"title_2":"","subheading_color":"#ffffff","subheading_size":"20","title":"ADEQUATE CHARGER BANK","heading_color":"#ffffff","heading_size":"54","desc":"Hac habitasse platea dictumst vestibulum rhoncus est. Lacus vel facilisis volutpat est pulvinar velit.","desc_color":"#ffffff","desc_size":"18","button":"","link":"shopify:\/\/collections","btn_bg_color":"","btn_txt_color":"","btn_hoverbg_color":"","btn_hovertxt_color":"","button_2":"","link_2":"","btn_bg_color_2":"","btn_txt_color_2":"","btn_hoverbg_color_2":"","btn_hovertxt_color_2":"","slide_content_bg":"rgba(0,0,0,0)"}},"4613fb8b-3002-49d7-bea1-4780e192eee6":{"type":"Slider","disabled":true,"settings":{"mobile_bg_clr":"","text_alignment":"text-center","content_position":"dt-sc-flex-center","show_image":false,"title_2":"Sub Heading","subheading_color":"","subheading_size":"20","title":"Heading","heading_color":"","heading_size":"54","desc":"Few lines of short description.","desc_color":"","desc_size":"14","button":"Shop Now","link":"","btn_bg_color":"","btn_txt_color":"","btn_hoverbg_color":"","btn_hovertxt_color":"","button_2":"Shop Now","link_2":"","btn_bg_color_2":"","btn_txt_color_2":"","btn_hoverbg_color_2":"","btn_hovertxt_color_2":"","slide_content_bg":""}}},"block_order":["bbdda3cb-3b7f-4329-aafe-909c616bf333","4613fb8b-3002-49d7-bea1-4780e192eee6"],"settings":{"full":true,"spacing_both_ends":false,"margin":"0,0","show_bg_color":true,"bg_color":"#101012","slider_height":1010,"slider_height_lap":1020,"slider_height_tab":600,"slider_height_mobile":370,"content_within_container":false,"enable_box_shadow":false,"border_radius":"0","content_border_radius":"0","autoplay":false,"slideshow_speed":"5000","dots":false,"carousel_pagination_alignment":"center_pagination","carousel_pagination_bottom_alignment":"inside_element","arrows":false,"nav_arrow_position":"navigation-bottom-center","center_nav_arrow_alignment":"inside_container","navigation_button_color":"","navigation_button_icon_color":"","navigation_button_hover_color":"","navigation_button_hover_icon_color":"","navigation_dot_color":"","navigation_dot_active_color":"","custom_class_name":"mah_banner_slider"}},"1643795180480fbd55":{"type":"home-custom-section","disabled":true,"blocks":{"16437951800189a12b-0":{"type":"content","settings":{"block_heading":"Dual input Ports","block_sub_heading":"","block_description":"Either Android user or iOs user, only one cable can recharge and discharge your power bank.","html":"","block_button_text":"","block_button_link":"","heading_position":"text-center","image_1_border_radius":"","block_img_2":"shopify:\/\/shop_images\/img_1.png","image_2_border_radius":"","reverse_column":false,"fullwidth_images":true,"block_heading_color":"#ffffff","block_sub_heading_color":"","block_description_color":"#ffffff","block_html_color":"","block_button_bg_color":"","block_button_text_color":"","block_button_hover_bg_color":"","block_button_hover_text_color":""}}},"block_order":["16437951800189a12b-0"],"settings":{"full":true,"spacing_both_ends":true,"padding":"0,0","margin":"0,0","show_background_image":false,"background_style":"none","background_size":"auto","enable_overlay":true,"background_color":"#1a1a1a","overlay_transparency":"1","section_heading":"","section_sub_heading":"","section_description":"","section_button_text":"","section_button_link":"","section_heading_color":"","section_sub_heading_color":"","section_description_color":"","section_button_bg_color":"","section_button_text_color":"","section_button_hover_bg_color":"","section_button_hover_text_color":"","heading_position":"text-center","column_gap":"30","border_radius":"","content_width":"50\/50","lap_content_width":"40\/60","custom_class_name":""}},"1643797454eceb4621":{"type":"home-number-counter","blocks":{"16437974547b165944-0":{"type":"class","settings":{"class":"","title":"REGULAR CHARGING","block_button_link":"shopify:\/\/collections","text":"HOURS","value":"7.5","value_text":""}},"16437974547b165944-1":{"type":"class","settings":{"class":"","title":"NEW CHARGING TIME","block_button_link":"shopify:\/\/collections","text":"HOURS","value":"3.5","value_text":""}},"16437974547b165944-2":{"type":"class","settings":{"class":"","title":"TIME KEPT","block_button_link":"shopify:\/\/collections","text":"TIME","value":"40","value_text":"%"}}},"block_order":["16437974547b165944-0","16437974547b165944-1","16437974547b165944-2"],"settings":{"full":false,"spacing_both_ends":false,"padding":"100, 00","margin":"0,0","show_background_image":true,"background_image":"shopify:\/\/shop_images\/Two-way-bac-gr-img_be549f4c-6e46-4368-bfe8-6510613a0e3f.jpg","show_block_image":true,"block_image":"shopify:\/\/shop_images\/Two-way-img.png","background_style":"none","background_size":"cover","enable_overlay":false,"background_color":"#158703","overlay_transparency":"0.7","section_heading":"Try Better Way To Charge Fast","section_sub_heading":"","section_description":"Adipiscing commodo elit at imperdiet dui accumsan. Tristique senectus et netus et malesuada pellentesque eu.","section_button_text":"","section_button_link":"","section_heading_color":"#ffffff","section_sub_heading_color":"","section_description_color":"#ffffff","section_button_bg_color":"","section_button_text_color":"","section_button_hover_bg_color":"","section_button_hover_text_color":"","heading_position":"text-center","grid":"3","column_gap":"30","counter_style":"grid","vertical_position":"vertical-center","block_text_align":"text-center","reverse_column":false,"enable_boxed":false,"enable_overall_border":false,"border_radius":"0","icon_border_radius":"0px","block_icon_outer_size":"75","block_icon_size":"50","enable_box_shadow":false,"block_bg_color":"","block_icon_border_color":"","block_icon_bg_color":"","block_icon_color":"","block_title_color":"#ffffff","block_button_link":"","block_text_color":"","block_value_color":"","block_value_text_color":"","block_border_color":"","custom_class_name":"mah-block-two-way"}},"1643802550d2e379b8":{"type":"home-custom-section","blocks":{"1643802550173388dd-0":{"type":"content","settings":{"block_heading":"","block_sub_heading":"","block_description":"","html":"","block_button_text":"View More","block_button_link":"","heading_position":"text-center","image_1_border_radius":"","image_2_border_radius":"","reverse_column":false,"fullwidth_images":false,"block_heading_color":"","block_sub_heading_color":"","block_description_color":"","block_html_color":"","block_button_bg_color":"","block_button_text_color":"","block_button_hover_bg_color":"","block_button_hover_text_color":""}}},"block_order":["1643802550173388dd-0"],"settings":{"full":false,"spacing_both_ends":false,"padding":"80,550","margin":"0,0","show_background_image":true,"background_image":"shopify:\/\/shop_images\/img_2.jpg","background_style":"none","background_size":"cover","enable_overlay":true,"background_color":"#ececec","overlay_transparency":"0","section_heading":"Lightweight & Portable","section_sub_heading":"","section_description":"Dui faucibus in ornare quam viverra orci sagittis eu. Adipiscing commodo elit at imperdiet dui accumsan sit ametortor vitae purus faucibus ornare.","section_button_text":"View More","section_button_link":"shopify:\/\/collections","section_heading_color":"","section_sub_heading_color":"","section_description_color":"","section_button_bg_color":"","section_button_text_color":"","section_button_hover_bg_color":"","section_button_hover_text_color":"","heading_position":"text-center","column_gap":"30","border_radius":"","content_width":"50\/50","lap_content_width":"40\/60","custom_class_name":"mah-slimline"}},"1643858449df8e46c8":{"type":"home-support-block","blocks":{"8bc5a679-6055-4369-b152-0e7e61f1dfaa":{"type":"icon","settings":{"icon":"shopify:\/\/shop_images\/icon_01.png","title":"SAFE HEAT PRODUCTION","desc":"","link_text":"","link":"shopify:\/\/collections"}},"3501ca7c-6401-4316-8917-0e36534db02b":{"type":"icon","settings":{"icon":"shopify:\/\/shop_images\/icon_02.png","title":"FAST CHARGING WITH PRODUCTION","desc":"","link_text":"","link":"shopify:\/\/collections"}},"ab88b248-f691-47b4-9627-f0dc6450ee3c":{"type":"icon","settings":{"icon":"shopify:\/\/shop_images\/icon_03.png","title":"BEST CIRCUIT POWER SYSTEM","desc":"","link_text":"","link":"shopify:\/\/collections"}},"900195cb-babf-4999-bbd0-851c0b6e2ed5":{"type":"icon","settings":{"icon":"shopify:\/\/shop_images\/icon_04.png","title":"ENERGIZER ULTIMATE POWER","desc":"","link_text":"","link":"shopify:\/\/collections"}},"1cf815b6-1715-4c8a-a3d4-c74c0aea2c33":{"type":"icon","settings":{"icon":"shopify:\/\/shop_images\/icon_05.png","title":"PORTABLE CHARGER","desc":"","link_text":"","link":"shopify:\/\/collections"}},"2b6ccb70-1115-4ef9-a98c-f1e8584f2e2e":{"type":"icon","settings":{"icon":"shopify:\/\/shop_images\/icon_06.png","title":"LIGHTNING CONNECTER","desc":"","link_text":"","link":"shopify:\/\/collections"}}},"block_order":["8bc5a679-6055-4369-b152-0e7e61f1dfaa","3501ca7c-6401-4316-8917-0e36534db02b","ab88b248-f691-47b4-9627-f0dc6450ee3c","900195cb-babf-4999-bbd0-851c0b6e2ed5","1cf815b6-1715-4c8a-a3d4-c74c0aea2c33","2b6ccb70-1115-4ef9-a98c-f1e8584f2e2e"],"settings":{"full":false,"spacing_both_ends":false,"padding":"100,100","margin":"0,0","show_background_image":true,"background_image":"shopify:\/\/shop_images\/icon_back_gr_img.png","background_style":"none","background_size":"cover","enable_overlay":false,"background_color":"","overlay_transparency":"0.5","section_heading":"Fastest Safe Power Supplies","section_sub_heading":"","section_description":"Aliquam vestibulum morbi blandit cursus risus at ultrices. Commodo ullamcorper a lacus vestibulum sed arcu non.","section_button_text":"","section_button_link":"","section_heading_color":"","section_sub_heading_color":"","section_description_color":"","section_button_bg_color":"","section_button_text_color":"","section_button_hover_bg_color":"","section_button_hover_text_color":"","heading_position":"text-center","text_position":"text-center","block_style":"default-style","grid":"3","enable_grid_style":true,"vertical_position":"position-default","reverse_column":false,"border_radius":"0px","icon_border_radius":"0px","enable_box_shadow":false,"block_icon_outer_size":"90px","block_icon_size":"84px","block_border_color":"","block_bg":"","block_icon_bg":"rgba(0,0,0,0)","block_icon_border_color":"rgba(0,0,0,0)","block_heading_color":"","block_description_color":"","block_button_bg_color":"","block_button_text_color":"","block_button_hover_bg_color":"","block_button_hover_text_color":"","custom_class_name":"mah-support-block"}},"1643862936e539d4a4":{"type":"home-custom-section","blocks":{"3c64a9e2-a744-4f25-b9f2-7178aa14c486":{"type":"content","settings":{"block_heading":"","block_sub_heading":"","block_description":"","html":"","block_button_text":"","block_button_link":"","heading_position":"text-center","block_img_1":"shopify:\/\/shop_images\/multi-col-img-1_09354a68-f950-4b91-a3e1-497a8d42a604.png","image_1_border_radius":"","image_2_border_radius":"","reverse_column":false,"fullwidth_images":true,"block_heading_color":"","block_sub_heading_color":"","block_description_color":"","block_html_color":"","block_button_bg_color":"","block_button_text_color":"","block_button_hover_bg_color":"","block_button_hover_text_color":""}}},"block_order":["3c64a9e2-a744-4f25-b9f2-7178aa14c486"],"settings":{"full":false,"spacing_both_ends":false,"padding":"120,100","margin":"0,0","show_background_image":true,"background_image":"shopify:\/\/shop_images\/multi_col_img_2.png","background_style":"none","background_size":"cover","enable_overlay":false,"background_color":"","overlay_transparency":"0.5","section_heading":"Multi Protection","section_sub_heading":"","section_description":"Justo laoreet sit amet cursus sit. Dolor sit amet consectetur adipiscing elit pellentesque habitant Amet massa tortor.","section_button_text":"View More","section_button_link":"shopify:\/\/collections\/new-products","section_heading_color":"#ffffff","section_sub_heading_color":"","section_description_color":"#ffffff","section_button_bg_color":"","section_button_text_color":"","section_button_hover_bg_color":"","section_button_hover_text_color":"","heading_position":"text-center","column_gap":"30","border_radius":"","content_width":"50\/50","lap_content_width":"40\/60","custom_class_name":"mah-multi-color"}},"16438633573227e223":{"type":"home-custom-section","blocks":{"16438633571457d36a-0":{"type":"content","settings":{"block_heading":"","block_sub_heading":"","block_description":"","html":"","block_button_text":"","block_button_link":"","heading_position":"text-start","image_1_border_radius":"","image_2_border_radius":"","reverse_column":false,"fullwidth_images":false,"block_heading_color":"","block_sub_heading_color":"","block_description_color":"","block_html_color":"","block_button_bg_color":"","block_button_text_color":"","block_button_hover_bg_color":"","block_button_hover_text_color":""}}},"block_order":["16438633571457d36a-0"],"settings":{"full":false,"spacing_both_ends":false,"padding":"400,00","margin":"0,0","show_background_image":true,"background_image":"shopify:\/\/shop_images\/easy_img.jpg","background_style":"none","background_size":"cover","enable_overlay":true,"background_color":"#ffdfd1","overlay_transparency":"0","section_heading":"Comfy To Hold","section_sub_heading":"","section_description":"Ut tortor pretium viverra suspendisse potenti nullam. <br> Consectetur purus ut faucibus pulvinar elementum","section_button_text":"View More","section_button_link":"shopify:\/\/collections","section_heading_color":"","section_sub_heading_color":"","section_description_color":"","section_button_bg_color":"","section_button_text_color":"","section_button_hover_bg_color":"","section_button_hover_text_color":"","heading_position":"text-start","column_gap":"30","border_radius":"","content_width":"50\/50","lap_content_width":"40\/60","custom_class_name":"mah-carry"}},"1643864469f354726b":{"type":"home-specification-block","blocks":{"b8d2e906-6900-4f1b-811f-283938615f2c":{"type":"icon","settings":{"icon":"shopify:\/\/shop_images\/icon-1_df551ba5-591b-4f3f-9eac-ebc5e16b1b3d.png","title":"HIGH CAPACITY BANK","desc":"Adipiscing diam donec adipiscing tristique risus nec feugiat in. Eu scelerisque felis imperdiet proin fermentum tincidunt leo vel.","link_text":"","link":"shopify:\/\/collections","reverse_column":false}},"76d81c30-e6ae-42c9-b6c5-0d2ac233b3ed":{"type":"icon","settings":{"icon":"shopify:\/\/shop_images\/icon-2_63925212-67be-4444-b6d7-451fb749fd67.png","title":"FAST CHARGING PARTS","desc":"Vestibulum mattis ullamcorper velit sed. Lectus nulla at volutpat diam ut venenatis tellus in metus. Lectus arcu bibendum at varius.","link_text":"","link":"shopify:\/\/collections","reverse_column":false}},"9aa2bf83-2788-46d2-812f-f995e74c3ed4":{"type":"icon","settings":{"icon":"shopify:\/\/shop_images\/icon-3_b18d9a75-c8d1-41ea-898e-c1c921e579a5.png","title":"HIGH POWER CONNECTOR","desc":"Est lorem ipsum dolor sit amet consectetur. Nibh sit amet commodo nulla facilisi nullam. Tempus imperdiet nulla malesuada eli.","link_text":"","link":"shopify:\/\/collections","reverse_column":false}},"f018643b-c632-44cb-b9f7-7fccea62ed59":{"type":"icon","settings":{"icon":"shopify:\/\/shop_images\/icon-4_acb62d0c-4830-4f26-ad0a-832222f1212c.png","title":"PORTABLE SAFETY CHARGER","desc":"Facilisi cras fermentum odio eu feugiat pretium nibh ipsum. Mauris augue neque gravida inauctor neque vitae temp.","link_text":"","link":"shopify:\/\/collections","reverse_column":false}}},"block_order":["b8d2e906-6900-4f1b-811f-283938615f2c","76d81c30-e6ae-42c9-b6c5-0d2ac233b3ed","9aa2bf83-2788-46d2-812f-f995e74c3ed4","f018643b-c632-44cb-b9f7-7fccea62ed59"],"settings":{"full":false,"spacing_both_ends":false,"padding":"80,80","margin":"0,0","show_background_image":true,"background_image":"shopify:\/\/shop_images\/specification-bg1.png","background_style":"none","background_size":"auto","enable_overlay":true,"background_color":"#0d3147","overlay_transparency":"0.92","section_heading":"Functionality","section_sub_heading":"","section_description":"Quam lacus suspendisse faucibus interdum posuere lorem ipsum. Varius duis at consectetur lorem etiam dignissim diam.","section_button_text":"","section_button_link":"","section_heading_color":"#ffffff","section_sub_heading_color":"","section_description_color":"#ffffff","section_button_bg_color":"","section_button_text_color":"","section_button_hover_bg_color":"","section_button_hover_text_color":"","heading_position":"text-center","column_gap":"50px","vertical_position":"position-vertical-center","content_width":"50\/50","content_width_lap":"40\/60","content_width_tab":"35\/65","enable_image":false,"primary_title":"","primary_sub_title":"","primary_description":"","primary_button_text":"","primary_button_link":"","main_banner_style":"grid","primary_text_align":"text-center","primary_position":"center","overlay_style_height":"600","border_radius":"0","enable_box_shadow":false,"overlay_style":"use_overlay","overlay_color":"","overlay_opacity":"0.5","rotation_degree":"180","primary_banner_bg":"","primary_heading_color":"","primary_sub_heading_color":"","primary_description_color":"","primary_button_bg_color":"","primary_button_text_color":"","primary_button_hover_bg_color":"","primary_button_hover_text_color":"","specification_block_style":"style2","block_icon_size":"60px","icon_border_radius":"0px","specification_style":"style1","block_icon_outer_size":"62px","additional_heading":"","additional_sub_heading":"","additional_description":"","additional_heading_position":"text-start","block_icon_bg":"","block_icon_color":"","block_heading_color":"#f9a27c","block_description_color":"#ffffff","block_button_bg_color":"","block_button_text_color":"","block_button_hover_bg_color":"","block_button_hover_text_color":"","additional_heading_color":"","additional_sub_heading_color":"","additional_description_color":"","custom_class_name":"mah-specification"}},"16438666308ace6945":{"type":"home-custom-section","blocks":{"16438666293b6402b5-0":{"type":"content","settings":{"block_heading":"Grab It Now","block_sub_heading":"","block_description":"Get US $7.00 Off On Any Top Orders","html":"<h6>BEST PRICE<\/h6>\n<h3>$148.25<\/h3>","block_button_text":"Buy Now","block_button_link":"shopify:\/\/collections\/new-arrivals","heading_position":"text-center","block_img_1":"shopify:\/\/shop_images\/Home-image-3.jpg","image_1_border_radius":"","image_2_border_radius":"","reverse_column":true,"fullwidth_images":true,"block_heading_color":"#4bd3eb","block_sub_heading_color":"","block_description_color":"","block_html_color":"","block_button_bg_color":"#4bd3eb","block_button_text_color":"#ffffff","block_button_hover_bg_color":"#1a1a1a","block_button_hover_text_color":"#ffffff"}}},"block_order":["16438666293b6402b5-0"],"settings":{"full":true,"spacing_both_ends":false,"padding":"100,50","margin":"0,0","show_background_image":false,"background_style":"none","background_size":"auto","enable_overlay":true,"background_color":"#fdfaff","overlay_transparency":"1","section_heading":"","section_sub_heading":"","section_description":"","section_button_text":"","section_button_link":"","section_heading_color":"","section_sub_heading_color":"","section_description_color":"","section_button_bg_color":"","section_button_text_color":"","section_button_hover_bg_color":"","section_button_hover_text_color":"","heading_position":"text-start","column_gap":"30","border_radius":"","content_width":"50\/50","lap_content_width":"40\/60","custom_class_name":"mah-buy-now"}}},"order":["16425767257f007fd3","1643795180480fbd55","1643797454eceb4621","1643802550d2e379b8","1643858449df8e46c8","1643862936e539d4a4","16438633573227e223","1643864469f354726b","16438666308ace6945"]}