{"sections":{"main":{"type":"contact","settings":{"full":false,"spacing_both_ends":false,"padding":"0,0","margin":"0,0","section_heading":"","section_sub_heading":"","section_description":"","section_button_text":"","section_button_link":"","section_heading_color":"","section_sub_heading_color":"","section_description_color":"","section_button_bg_color":"","section_button_text_color":"","section_button_hover_bg_color":"","section_button_hover_text_color":"","heading_position":"text-center","contact_layout":"left_iconblock_form_inline","enable_gmap":true,"contact_iframe_code":"<iframe width=\"100%\" height=\"600\" frameborder=\"0\" scrolling=\"no\" marginheight=\"0\" marginwidth=\"0\" src=\"https:\/\/maps.google.com\/maps?width=100%25&height=600&hl=en&q=1%20Grafton%20Street,%20Dublin,%20Ireland+(My%20Business%20Name)&t=&z=14&ie=UTF8&iwloc=B&output=embed\"><\/iframe>","enable_contact_info":true,"contactborder_color":"#b8785c","contact_hvrborder_color":"#1a1a1a","icontactheading_color":"#b8785c","contacticon_bg_color":"#b8785c","contacticon_color":"#ffffff","contacticon_hoverbg_color":"#1a1a1a","contacticonhover_color":"#ffffff","contact_phone":true,"contact_module_contact_phonetitle":"Phone","contact_icon_1":"fa fa-phone","contact_phone1":"0000 - 123 - 456789","contact_phone2":"0000 - 123 - 456789","contact_module_email":true,"contact_module_contact_title":"Email","contact_icon_2":"fa fa-envelope","contact_module_email1":"info@example.com","contact_module_email2":"support@example.com","contact_module_address":true,"contact_module_address_title":"Address","contact_icon_3":"fa fa-location-arrow","contact_module_address1":"No: 58 A, East Madison Street,","contact_module_address2":"Baltimore, MD, USA 4508","enable_contact_form":true,"contact_form_title":"Contact Form"}}},"order":["main"]}