{"sections":{"main":{"type":"about-us","settings":{}},"16394774858d286b47":{"type":"inner-page-team-section","blocks":{"7447ea08-8351-4195-ab90-3a850309c6b9":{"type":"content","settings":{"image":"shopify:\/\/shop_images\/support-block-image.jpg","name":"Name","designation":"Customer support","facebook":"#","twitter":"#","pinterest":"#","youtube":"#"}},"79c51896-3f28-4f2a-9ce6-e079b9ad3b9a":{"type":"content","settings":{"image":"shopify:\/\/shop_images\/support-block-image.jpg","name":"Name","designation":"Customer support","facebook":"#","twitter":"#","pinterest":"#","youtube":"#"}},"c8d36703-bc9f-436d-b010-c41f20467ad2":{"type":"content","settings":{"image":"shopify:\/\/shop_images\/support-block-image.jpg","name":"Name","designation":"Customer support","facebook":"#","twitter":"#","pinterest":"#","youtube":"#"}},"e2afe66f-c002-488b-ad74-8b3295b2b275":{"type":"content","settings":{"image":"shopify:\/\/shop_images\/support-block-image.jpg","name":"Name","designation":"Customer support","facebook":"#","twitter":"#","pinterest":"#","youtube":"#"}}},"block_order":["7447ea08-8351-4195-ab90-3a850309c6b9","79c51896-3f28-4f2a-9ce6-e079b9ad3b9a","c8d36703-bc9f-436d-b010-c41f20467ad2","e2afe66f-c002-488b-ad74-8b3295b2b275"],"settings":{"enable":true,"full":false,"spacing_both_ends":false,"padding":"0,0","margin":"0,0","show_background_image":false,"background_style":"default","enable_overlay":false,"background_color":"","overlay_transparency":"0.5","section_heading":"","section_sub_heading":"","section_description":"","section_button_text":"","section_button_link":"","section_heading_color":"","section_sub_heading_color":"","section_description_color":"","section_button_bg_color":"","section_button_text_color":"","section_button_hover_bg_color":"","section_button_hover_text_color":"","heading_position":"text-center","column":"four-column","block_heading_color":"","block_designation_color":"","block_bg":"","block_social_icon_bg_color":"","block_social_icon_color":"","block_social_icon_hover_bg_color":"","block_social_icon_hover_color":""}},"163947753124fd5ee5":{"type":"home-grid-banner","blocks":{"16394775318160aee4-0":{"type":"content","settings":{"block_image":"shopify:\/\/shop_images\/modern-jewelry-and-accessories-on-display.jpg","show_image":true,"block_title":"Title","block_sub_title":"Sub title","block_description":"Short description","block_button_text":"","block_button_link":"","block_text_align":"text-center","content_position":"center","reverse_column":false,"block_banner_bg":"","block_content_box_bg":"","block_heading_color":"","block_sub_heading_color":"","block_description_color":"","block_button_bg_color":"","block_button_text_color":"","block_button_hover_bg_color":"","block_button_hover_text_color":"","overlay_style":"use_overlay","overlay_color":"","overlay_opacity":"0.5","rotation_degree":"180"}},"16394775318160aee4-1":{"type":"content","settings":{"block_image":"shopify:\/\/shop_images\/modern-jewelry-and-accessories-on-display.jpg","show_image":true,"block_title":"Title","block_sub_title":"Sub title","block_description":"Short description","block_button_text":"","block_button_link":"","block_text_align":"text-center","content_position":"center","reverse_column":false,"block_banner_bg":"","block_content_box_bg":"","block_heading_color":"","block_sub_heading_color":"","block_description_color":"","block_button_bg_color":"","block_button_text_color":"","block_button_hover_bg_color":"","block_button_hover_text_color":"","overlay_style":"use_overlay","overlay_color":"","overlay_opacity":"0.5","rotation_degree":"180"}},"a8f4cefc-b929-4cbd-8a80-066c03d17f7e":{"type":"content","settings":{"block_image":"shopify:\/\/shop_images\/modern-jewelry-and-accessories-on-display.jpg","show_image":true,"block_title":"Title","block_sub_title":"Sub title","block_description":"Short description","block_button_text":"","block_button_link":"","block_text_align":"text-center","content_position":"center","reverse_column":false,"block_banner_bg":"","block_content_box_bg":"","block_heading_color":"","block_sub_heading_color":"","block_description_color":"","block_button_bg_color":"","block_button_text_color":"","block_button_hover_bg_color":"","block_button_hover_text_color":"","overlay_style":"use_overlay","overlay_color":"","overlay_opacity":"0.5","rotation_degree":"180"}},"6de15619-840e-499f-93d6-6be5056c8cd8":{"type":"content","settings":{"block_image":"shopify:\/\/shop_images\/modern-jewelry-and-accessories-on-display.jpg","show_image":true,"block_title":"Title","block_sub_title":"Sub title","block_description":"Short description","block_button_text":"","block_button_link":"","block_text_align":"text-center","content_position":"center","reverse_column":false,"block_banner_bg":"","block_content_box_bg":"","block_heading_color":"","block_sub_heading_color":"","block_description_color":"","block_button_bg_color":"","block_button_text_color":"","block_button_hover_bg_color":"","block_button_hover_text_color":"","overlay_style":"use_overlay","overlay_color":"","overlay_opacity":"0.5","rotation_degree":"180"}}},"block_order":["16394775318160aee4-0","16394775318160aee4-1","a8f4cefc-b929-4cbd-8a80-066c03d17f7e","6de15619-840e-499f-93d6-6be5056c8cd8"],"settings":{"full":false,"spacing_both_ends":false,"padding":"0,0","margin":"0,0","show_background_image":false,"background_style":"none","background_size":"auto","enable_overlay":false,"background_color":"","overlay_transparency":"0.5","section_heading":"","section_sub_heading":"","section_description":"","section_button_text":"","section_button_link":"","section_heading_color":"","section_sub_heading_color":"","section_description_color":"","section_button_bg_color":"","section_button_text_color":"","section_button_hover_bg_color":"","section_button_hover_text_color":"","heading_position":"text-center","block_banner_style":"grid","column_gap":"30","grid":"4","border_radius":"0","enable_box_shadow":false,"equal_height":false,"content_width":"50\/50","lap_content_width":"40\/60","overlay_style_height":300,"overlay_style_height_laptop":300,"overlay_style_height_mobile":300,"custom_class_name":""}}},"order":["main","16394774858d286b47","163947753124fd5ee5"]}