Handle,Title,Body (HTML),Vendor,Product Category,Type,Tags,Published,Option1 Name,Option1 Value,Option2 Name,Option2 Value,Option3 Name,Option3 Value,Variant SKU,Variant Grams,Variant Inventory Tracker,Variant Inventory Qty,Variant Inventory Policy,Variant Fulfillment Service,Variant Price,Variant Compare At Price,Variant Requires Shipping,Variant Taxable,Variant Barcode,Image Src,Image Position,Image Alt Text,Gift Card,SEO Title,SEO Description,Google Shopping / Google Product Category,Google Shopping / Gender,Google Shopping / Age Group,Google Shopping / MPN,Google Shopping / AdWords Grouping,Google Shopping / AdWords Labels,Google Shopping / Condition,Google Shopping / Custom Product,Google Shopping / Custom Label 0,Google Shopping / Custom Label 1,Google Shopping / Custom Label 2,Google Shopping / Custom Label 3,Google Shopping / Custom Label 4,Variant Image,Variant Weight Unit,Variant Tax Code,Cost per item,Included / Vietnam,Included / International,Price / International,Compare At Price / International,Status
armani-exchange,Armani Exchange,"<div class=""row"">
<div class=""col-sm-6"">
<div><img src=""https://cdn.shopify.com/s/files/1/0643/6464/2535/files/instagram9.jpg?v=1653906963"" class=""img-ultra"" alt=""""></div>
</div>
<div class=""col-sm-6"">
<div class=""ultra"">
<h3 class=""heading-content"">Things You Need To Know</h3>
<p class=""heading-content"">There are many variations of passages of Lorem Ipsum available, but the majority have suffered alteration in some form, by injected humour, or randomised words which don't look even slightly believable. If you are going to use a passage of Lorem Ipsum, you need to be sure there isn't anything embarrassing hidden in the middle of text.</p>
</div>
</div>
</div>
<div class=""row"">
<div class=""col-sm-6"">
<div class=""ultra"">
<h3 class=""heading-content"">Things You Need To Know</h3>
<p class=""heading-content"">There are many variations of passages of Lorem Ipsum available, but the majority have suffered alteration in some form, by injected humour, or randomised words which don't look even slightly believable. If you are going to use a passage of Lorem Ipsum, you need to be sure there isn't anything embarrassing hidden in the middle of text.</p>
</div>
</div>
<div class=""col-sm-6"">
<div><img src=""https://cdn.shopify.com/s/files/1/0643/6464/2535/files/instagram10.jpg?v=1653906963"" alt=""""></div>
</div>
</div>",Hosoren - Responsive Shopify Theme (Sections Ready) - 171,,"","",true,Title,Default Title,,,,,"",0.0,,0,deny,manual,10,,true,true,"",https://cdn.shopify.com/s/files/1/0747/1720/0685/products/4.1.jpg?v=1680748504,1,,false,,,,,,,,,,,,,,,,,kg,,,true,true,,,active
armani-exchange,,,,,,,,,,,,,,,,,,,,,,,,,https://cdn.shopify.com/s/files/1/0747/1720/0685/products/4.2.jpg?v=1680748505,2,,,,,,,,,,,,,,,,,,,,,,,,,,
aviator,Aviator,"<div class=""row"">
<div class=""col-sm-6"">
<div><img src=""https://cdn.shopify.com/s/files/1/0643/6464/2535/files/instagram9.jpg?v=1653906963"" class=""img-ultra"" alt=""""></div>
</div>
<div class=""col-sm-6"">
<div class=""ultra"">
<h3 class=""heading-content"">Things You Need To Know</h3>
<p class=""heading-content"">There are many variations of passages of Lorem Ipsum available, but the majority have suffered alteration in some form, by injected humour, or randomised words which don't look even slightly believable. If you are going to use a passage of Lorem Ipsum, you need to be sure there isn't anything embarrassing hidden in the middle of text.</p>
</div>
</div>
</div>
<div class=""row"">
<div class=""col-sm-6"">
<div class=""ultra"">
<h3 class=""heading-content"">Things You Need To Know</h3>
<p class=""heading-content"">There are many variations of passages of Lorem Ipsum available, but the majority have suffered alteration in some form, by injected humour, or randomised words which don't look even slightly believable. If you are going to use a passage of Lorem Ipsum, you need to be sure there isn't anything embarrassing hidden in the middle of text.</p>
</div>
</div>
<div class=""col-sm-6"">
<div><img src=""https://cdn.shopify.com/s/files/1/0643/6464/2535/files/instagram10.jpg?v=1653906963"" alt=""""></div>
</div>
</div>",Hosoren - Responsive Shopify Theme (Sections Ready) - 171,,"","",true,Title,Default Title,,,,,,0.0,,0,deny,manual,10,,true,true,,https://cdn.shopify.com/s/files/1/0747/1720/0685/products/10.1.jpg?v=1680748502,1,,false,,,,,,,,,,,,,,,,,kg,,,true,true,,,active
aviator,,,,,,,,,,,,,,,,,,,,,,,,,https://cdn.shopify.com/s/files/1/0747/1720/0685/products/10.1_61451e00-814b-4235-af69-08ff0e1264a5.jpg?v=1680748502,2,,,,,,,,,,,,,,,,,,,,,,,,,,
biggie,Biggie,"<div class=""row"">
<div class=""col-sm-6"">
<div><img src=""https://cdn.shopify.com/s/files/1/0643/6464/2535/files/instagram9.jpg?v=1653906963"" class=""img-ultra"" alt=""""></div>
</div>
<div class=""col-sm-6"">
<div class=""ultra"">
<h3 class=""heading-content"">Things You Need To Know</h3>
<p class=""heading-content"">There are many variations of passages of Lorem Ipsum available, but the majority have suffered alteration in some form, by injected humour, or randomised words which don't look even slightly believable. If you are going to use a passage of Lorem Ipsum, you need to be sure there isn't anything embarrassing hidden in the middle of text.</p>
</div>
</div>
</div>
<div class=""row"">
<div class=""col-sm-6"">
<div class=""ultra"">
<h3 class=""heading-content"">Things You Need To Know</h3>
<p class=""heading-content"">There are many variations of passages of Lorem Ipsum available, but the majority have suffered alteration in some form, by injected humour, or randomised words which don't look even slightly believable. If you are going to use a passage of Lorem Ipsum, you need to be sure there isn't anything embarrassing hidden in the middle of text.</p>
</div>
</div>
<div class=""col-sm-6"">
<div><img src=""https://cdn.shopify.com/s/files/1/0643/6464/2535/files/instagram10.jpg?v=1653906963"" alt=""""></div>
</div>
</div>",Hosoren - Responsive Shopify Theme (Sections Ready) - 171,,"","",true,Title,Default Title,,,,,,0.0,,0,deny,manual,10,,true,true,,https://cdn.shopify.com/s/files/1/0747/1720/0685/products/12.1.jpg?v=1680748499,1,,false,,,,,,,,,,,,,,,,,kg,,,true,true,,,active
buryef,Buryef,"<div class=""row"">
<div class=""col-sm-6"">
<div><img src=""https://cdn.shopify.com/s/files/1/0643/6464/2535/files/instagram9.jpg?v=1653906963"" class=""img-ultra"" alt=""""></div>
</div>
<div class=""col-sm-6"">
<div class=""ultra"">
<h3 class=""heading-content"">Things You Need To Know</h3>
<p class=""heading-content"">There are many variations of passages of Lorem Ipsum available, but the majority have suffered alteration in some form, by injected humour, or randomised words which don't look even slightly believable. If you are going to use a passage of Lorem Ipsum, you need to be sure there isn't anything embarrassing hidden in the middle of text.</p>
</div>
</div>
</div>
<div class=""row"">
<div class=""col-sm-6"">
<div class=""ultra"">
<h3 class=""heading-content"">Things You Need To Know</h3>
<p class=""heading-content"">There are many variations of passages of Lorem Ipsum available, but the majority have suffered alteration in some form, by injected humour, or randomised words which don't look even slightly believable. If you are going to use a passage of Lorem Ipsum, you need to be sure there isn't anything embarrassing hidden in the middle of text.</p>
</div>
</div>
<div class=""col-sm-6"">
<div><img src=""https://cdn.shopify.com/s/files/1/0643/6464/2535/files/instagram10.jpg?v=1653906963"" alt=""""></div>
</div>
</div>",Hosoren - Responsive Shopify Theme (Sections Ready) - 171,,"","",true,Title,Default Title,,,,,"",0.0,,0,deny,manual,12,15,true,true,"",https://cdn.shopify.com/s/files/1/0747/1720/0685/products/1.1.jpg?v=1680748497,1,,false,,,,,,,,,,,,,,,,,kg,,,true,true,,,active
buryef,,,,,,,,,,,,,,,,,,,,,,,,,https://cdn.shopify.com/s/files/1/0747/1720/0685/products/1.2.jpg?v=1680748497,2,,,,,,,,,,,,,,,,,,,,,,,,,,
buryef,,,,,,,,,,,,,,,,,,,,,,,,,https://cdn.shopify.com/s/files/1/0747/1720/0685/products/1.3.jpg?v=1680748497,3,,,,,,,,,,,,,,,,,,,,,,,,,,
clubmaster,Clubmaster,"<div class=""row"">
<div class=""col-sm-6"">
<div><img src=""https://cdn.shopify.com/s/files/1/0643/6464/2535/files/instagram9.jpg?v=1653906963"" class=""img-ultra"" alt=""""></div>
</div>
<div class=""col-sm-6"">
<div class=""ultra"">
<h3 class=""heading-content"">Things You Need To Know</h3>
<p class=""heading-content"">There are many variations of passages of Lorem Ipsum available, but the majority have suffered alteration in some form, by injected humour, or randomised words which don't look even slightly believable. If you are going to use a passage of Lorem Ipsum, you need to be sure there isn't anything embarrassing hidden in the middle of text.</p>
</div>
</div>
</div>
<div class=""row"">
<div class=""col-sm-6"">
<div class=""ultra"">
<h3 class=""heading-content"">Things You Need To Know</h3>
<p class=""heading-content"">There are many variations of passages of Lorem Ipsum available, but the majority have suffered alteration in some form, by injected humour, or randomised words which don't look even slightly believable. If you are going to use a passage of Lorem Ipsum, you need to be sure there isn't anything embarrassing hidden in the middle of text.</p>
</div>
</div>
<div class=""col-sm-6"">
<div><img src=""https://cdn.shopify.com/s/files/1/0643/6464/2535/files/instagram10.jpg?v=1653906963"" alt=""""></div>
</div>
</div>",Hosoren - Responsive Shopify Theme (Sections Ready) - 171,,"","black, violet",true,Color,violet,,,,,"",0.0,,0,deny,manual,12,15,true,true,"",https://cdn.shopify.com/s/files/1/0747/1720/0685/products/7.0.jpg?v=1680748493,1,,false,,,,,,,,,,,,,,,,https://cdn.shopify.com/s/files/1/0747/1720/0685/products/7.0.jpg?v=1680748493,kg,,,true,true,,,active
clubmaster,,,,,,,,,black,,,,,"",0.0,,0,deny,manual,12,15,true,true,"",https://cdn.shopify.com/s/files/1/0747/1720/0685/products/7.1.jpg?v=1680748493,2,,,,,,,,,,,,,,,,,,https://cdn.shopify.com/s/files/1/0747/1720/0685/products/7.1.jpg?v=1680748493,kg,,,,,,,
hexadgonal,Hexadgonal,"<div class=""row"">
<div class=""col-sm-6"">
<div><img src=""https://cdn.shopify.com/s/files/1/0643/6464/2535/files/instagram9.jpg?v=1653906963"" class=""img-ultra"" alt=""""></div>
</div>
<div class=""col-sm-6"">
<div class=""ultra"">
<h3 class=""heading-content"">Things You Need To Know</h3>
<p class=""heading-content"">There are many variations of passages of Lorem Ipsum available, but the majority have suffered alteration in some form, by injected humour, or randomised words which don't look even slightly believable. If you are going to use a passage of Lorem Ipsum, you need to be sure there isn't anything embarrassing hidden in the middle of text.</p>
</div>
</div>
</div>
<div class=""row"">
<div class=""col-sm-6"">
<div class=""ultra"">
<h3 class=""heading-content"">Things You Need To Know</h3>
<p class=""heading-content"">There are many variations of passages of Lorem Ipsum available, but the majority have suffered alteration in some form, by injected humour, or randomised words which don't look even slightly believable. If you are going to use a passage of Lorem Ipsum, you need to be sure there isn't anything embarrassing hidden in the middle of text.</p>
</div>
</div>
<div class=""col-sm-6"">
<div><img src=""https://cdn.shopify.com/s/files/1/0643/6464/2535/files/instagram10.jpg?v=1653906963"" alt=""""></div>
</div>
</div>",Hosoren - Responsive Shopify Theme (Sections Ready) - 171,,"","",true,Title,Default Title,,,,,"",0.0,,0,deny,manual,14,,true,true,"",https://cdn.shopify.com/s/files/1/0747/1720/0685/products/14.1.jpg?v=1680748489,1,,false,,,,,,,,,,,,,,,,,kg,,,true,true,,,active
hexadgonal,,,,,,,,,,,,,,,,,,,,,,,,,https://cdn.shopify.com/s/files/1/0747/1720/0685/products/14.1_57c34325-46e7-4504-ac03-40dbb5bcf436.jpg?v=1680748489,2,,,,,,,,,,,,,,,,,,,,,,,,,,
hexangonal,Hexangonal,"<div class=""row"">
<div class=""col-sm-6"">
<div><img src=""https://cdn.shopify.com/s/files/1/0643/6464/2535/files/instagram9.jpg?v=1653906963"" class=""img-ultra"" alt=""""></div>
</div>
<div class=""col-sm-6"">
<div class=""ultra"">
<h3 class=""heading-content"">Things You Need To Know</h3>
<p class=""heading-content"">There are many variations of passages of Lorem Ipsum available, but the majority have suffered alteration in some form, by injected humour, or randomised words which don't look even slightly believable. If you are going to use a passage of Lorem Ipsum, you need to be sure there isn't anything embarrassing hidden in the middle of text.</p>
</div>
</div>
</div>
<div class=""row"">
<div class=""col-sm-6"">
<div class=""ultra"">
<h3 class=""heading-content"">Things You Need To Know</h3>
<p class=""heading-content"">There are many variations of passages of Lorem Ipsum available, but the majority have suffered alteration in some form, by injected humour, or randomised words which don't look even slightly believable. If you are going to use a passage of Lorem Ipsum, you need to be sure there isn't anything embarrassing hidden in the middle of text.</p>
</div>
</div>
<div class=""col-sm-6"">
<div><img src=""https://cdn.shopify.com/s/files/1/0643/6464/2535/files/instagram10.jpg?v=1653906963"" alt=""""></div>
</div>
</div>",Hosoren - Responsive Shopify Theme (Sections Ready) - 171,,"","",true,Title,Default Title,,,,,"",0.0,,0,deny,manual,15,18,true,true,"",https://cdn.shopify.com/s/files/1/0747/1720/0685/products/6.1.jpg?v=1680748491,1,,false,,,,,,,,,,,,,,,,,kg,,,true,true,,,active
okalamy,Okalamy,"<div class=""row"">
<div class=""col-sm-6"">
<div><img src=""https://cdn.shopify.com/s/files/1/0643/6464/2535/files/instagram9.jpg?v=1653906963"" class=""img-ultra"" alt=""""></div>
</div>
<div class=""col-sm-6"">
<div class=""ultra"">
<h3 class=""heading-content"">Things You Need To Know</h3>
<p class=""heading-content"">There are many variations of passages of Lorem Ipsum available, but the majority have suffered alteration in some form, by injected humour, or randomised words which don't look even slightly believable. If you are going to use a passage of Lorem Ipsum, you need to be sure there isn't anything embarrassing hidden in the middle of text.</p>
</div>
</div>
</div>
<div class=""row"">
<div class=""col-sm-6"">
<div class=""ultra"">
<h3 class=""heading-content"">Things You Need To Know</h3>
<p class=""heading-content"">There are many variations of passages of Lorem Ipsum available, but the majority have suffered alteration in some form, by injected humour, or randomised words which don't look even slightly believable. If you are going to use a passage of Lorem Ipsum, you need to be sure there isn't anything embarrassing hidden in the middle of text.</p>
</div>
</div>
<div class=""col-sm-6"">
<div><img src=""https://cdn.shopify.com/s/files/1/0643/6464/2535/files/instagram10.jpg?v=1653906963"" alt=""""></div>
</div>
</div>",Hosoren - Responsive Shopify Theme (Sections Ready) - 171,,"","",true,Title,Default Title,,,,,,0.0,,0,deny,manual,14,,true,true,,https://cdn.shopify.com/s/files/1/0747/1720/0685/products/13.1.jpg?v=1680748487,1,,false,,,,,,,,,,,,,,,,,kg,,,true,true,,,active
okaley,Okaley,"<div class=""row"">
<div class=""col-sm-6"">
<div><img src=""https://cdn.shopify.com/s/files/1/0643/6464/2535/files/instagram9.jpg?v=1653906963"" class=""img-ultra"" alt=""""></div>
</div>
<div class=""col-sm-6"">
<div class=""ultra"">
<h3 class=""heading-content"">Things You Need To Know</h3>
<p class=""heading-content"">There are many variations of passages of Lorem Ipsum available, but the majority have suffered alteration in some form, by injected humour, or randomised words which don't look even slightly believable. If you are going to use a passage of Lorem Ipsum, you need to be sure there isn't anything embarrassing hidden in the middle of text.</p>
</div>
</div>
</div>
<div class=""row"">
<div class=""col-sm-6"">
<div class=""ultra"">
<h3 class=""heading-content"">Things You Need To Know</h3>
<p class=""heading-content"">There are many variations of passages of Lorem Ipsum available, but the majority have suffered alteration in some form, by injected humour, or randomised words which don't look even slightly believable. If you are going to use a passage of Lorem Ipsum, you need to be sure there isn't anything embarrassing hidden in the middle of text.</p>
</div>
</div>
<div class=""col-sm-6"">
<div><img src=""https://cdn.shopify.com/s/files/1/0643/6464/2535/files/instagram10.jpg?v=1653906963"" alt=""""></div>
</div>
</div>",Hosoren - Responsive Shopify Theme (Sections Ready) - 171,,"","",true,Title,Default Title,,,,,"",0.0,,0,deny,manual,13,15,true,true,"",https://cdn.shopify.com/s/files/1/0747/1720/0685/products/11.1.jpg?v=1680748485,1,,false,,,,,,,,,,,,,,,,,kg,,,true,true,,,active
pradama,Pradama,"<div class=""row"">
<div class=""col-sm-6"">
<div><img src=""https://cdn.shopify.com/s/files/1/0643/6464/2535/files/instagram9.jpg?v=1653906963"" class=""img-ultra"" alt=""""></div>
</div>
<div class=""col-sm-6"">
<div class=""ultra"">
<h3 class=""heading-content"">Things You Need To Know</h3>
<p class=""heading-content"">There are many variations of passages of Lorem Ipsum available, but the majority have suffered alteration in some form, by injected humour, or randomised words which don't look even slightly believable. If you are going to use a passage of Lorem Ipsum, you need to be sure there isn't anything embarrassing hidden in the middle of text.</p>
</div>
</div>
</div>
<div class=""row"">
<div class=""col-sm-6"">
<div class=""ultra"">
<h3 class=""heading-content"">Things You Need To Know</h3>
<p class=""heading-content"">There are many variations of passages of Lorem Ipsum available, but the majority have suffered alteration in some form, by injected humour, or randomised words which don't look even slightly believable. If you are going to use a passage of Lorem Ipsum, you need to be sure there isn't anything embarrassing hidden in the middle of text.</p>
</div>
</div>
<div class=""col-sm-6"">
<div><img src=""https://cdn.shopify.com/s/files/1/0643/6464/2535/files/instagram10.jpg?v=1653906963"" alt=""""></div>
</div>
</div>",Hosoren - Responsive Shopify Theme (Sections Ready) - 171,,"","",true,Title,Default Title,,,,,"",0.0,,0,deny,manual,12,,true,true,"",https://cdn.shopify.com/s/files/1/0747/1720/0685/products/2.0.jpg?v=1680748484,1,,false,,,,,,,,,,,,,,,,,kg,,,true,true,,,active
pradama,,,,,,,,,,,,,,,,,,,,,,,,,https://cdn.shopify.com/s/files/1/0747/1720/0685/products/2.1.jpg?v=1680748484,2,,,,,,,,,,,,,,,,,,,,,,,,,,
purple-adima,Purple Adima,"<div class=""row"">
<div class=""col-sm-6"">
<div><img src=""https://cdn.shopify.com/s/files/1/0643/6464/2535/files/instagram9.jpg?v=1653906963"" class=""img-ultra"" alt=""""></div>
</div>
<div class=""col-sm-6"">
<div class=""ultra"">
<h3 class=""heading-content"">Things You Need To Know</h3>
<p class=""heading-content"">There are many variations of passages of Lorem Ipsum available, but the majority have suffered alteration in some form, by injected humour, or randomised words which don't look even slightly believable. If you are going to use a passage of Lorem Ipsum, you need to be sure there isn't anything embarrassing hidden in the middle of text.</p>
</div>
</div>
</div>
<div class=""row"">
<div class=""col-sm-6"">
<div class=""ultra"">
<h3 class=""heading-content"">Things You Need To Know</h3>
<p class=""heading-content"">There are many variations of passages of Lorem Ipsum available, but the majority have suffered alteration in some form, by injected humour, or randomised words which don't look even slightly believable. If you are going to use a passage of Lorem Ipsum, you need to be sure there isn't anything embarrassing hidden in the middle of text.</p>
</div>
</div>
<div class=""col-sm-6"">
<div><img src=""https://cdn.shopify.com/s/files/1/0643/6464/2535/files/instagram10.jpg?v=1653906963"" alt=""""></div>
</div>
</div>",Hosoren - Responsive Shopify Theme (Sections Ready) - 171,,"","",true,Title,Default Title,,,,,,0.0,,0,deny,manual,12,,true,true,,https://cdn.shopify.com/s/files/1/0747/1720/0685/products/15.1.jpg?v=1680748481,1,,false,,,,,,,,,,,,,,,,,kg,,,true,true,,,active
ray-ben,Ray Ben,"<div class=""row"">
<div class=""col-sm-6"">
<div><img src=""https://cdn.shopify.com/s/files/1/0643/6464/2535/files/instagram9.jpg?v=1653906963"" class=""img-ultra"" alt=""""></div>
</div>
<div class=""col-sm-6"">
<div class=""ultra"">
<h3 class=""heading-content"">Things You Need To Know</h3>
<p class=""heading-content"">There are many variations of passages of Lorem Ipsum available, but the majority have suffered alteration in some form, by injected humour, or randomised words which don't look even slightly believable. If you are going to use a passage of Lorem Ipsum, you need to be sure there isn't anything embarrassing hidden in the middle of text.</p>
</div>
</div>
</div>
<div class=""row"">
<div class=""col-sm-6"">
<div class=""ultra"">
<h3 class=""heading-content"">Things You Need To Know</h3>
<p class=""heading-content"">There are many variations of passages of Lorem Ipsum available, but the majority have suffered alteration in some form, by injected humour, or randomised words which don't look even slightly believable. If you are going to use a passage of Lorem Ipsum, you need to be sure there isn't anything embarrassing hidden in the middle of text.</p>
</div>
</div>
<div class=""col-sm-6"">
<div><img src=""https://cdn.shopify.com/s/files/1/0643/6464/2535/files/instagram10.jpg?v=1653906963"" alt=""""></div>
</div>
</div>",Hosoren - Responsive Shopify Theme (Sections Ready) - 171,,"","",true,Title,Default Title,,,,,,0.0,,0,deny,manual,12,,true,true,,https://cdn.shopify.com/s/files/1/0747/1720/0685/products/5.1.jpg?v=1680748480,1,,false,,,,,,,,,,,,,,,,,kg,,,true,true,,,active
ray-ban,Ray-Ban,"<div class=""row"">
<div class=""col-sm-6"">
<div><img src=""https://cdn.shopify.com/s/files/1/0643/6464/2535/files/instagram9.jpg?v=1653906963"" class=""img-ultra"" alt=""""></div>
</div>
<div class=""col-sm-6"">
<div class=""ultra"">
<h3 class=""heading-content"">Things You Need To Know</h3>
<p class=""heading-content"">There are many variations of passages of Lorem Ipsum available, but the majority have suffered alteration in some form, by injected humour, or randomised words which don't look even slightly believable. If you are going to use a passage of Lorem Ipsum, you need to be sure there isn't anything embarrassing hidden in the middle of text.</p>
</div>
</div>
</div>
<div class=""row"">
<div class=""col-sm-6"">
<div class=""ultra"">
<h3 class=""heading-content"">Things You Need To Know</h3>
<p class=""heading-content"">There are many variations of passages of Lorem Ipsum available, but the majority have suffered alteration in some form, by injected humour, or randomised words which don't look even slightly believable. If you are going to use a passage of Lorem Ipsum, you need to be sure there isn't anything embarrassing hidden in the middle of text.</p>
</div>
</div>
<div class=""col-sm-6"">
<div><img src=""https://cdn.shopify.com/s/files/1/0643/6464/2535/files/instagram10.jpg?v=1653906963"" alt=""""></div>
</div>
</div>",Hosoren - Responsive Shopify Theme (Sections Ready) - 171,,"","black, yellow",true,Color,yellow,,,,,"",0.0,,0,deny,manual,10,,true,true,"",https://cdn.shopify.com/s/files/1/0747/1720/0685/products/3.1.jpg?v=1680748478,1,,false,,,,,,,,,,,,,,,,https://cdn.shopify.com/s/files/1/0747/1720/0685/products/3.1.jpg?v=1680748478,kg,,,true,true,,,active
ray-ban,,,,,,,,,black,,,,,"",0.0,,0,deny,manual,10,,true,true,"",https://cdn.shopify.com/s/files/1/0747/1720/0685/products/3.2.jpg?v=1680748478,2,,,,,,,,,,,,,,,,,,https://cdn.shopify.com/s/files/1/0747/1720/0685/products/3.2.jpg?v=1680748478,kg,,,,,,,
veango,Veango,"<div class=""row"">
<div class=""col-sm-6"">
<div><img src=""https://cdn.shopify.com/s/files/1/0643/6464/2535/files/instagram9.jpg?v=1653906963"" class=""img-ultra"" alt=""""></div>
</div>
<div class=""col-sm-6"">
<div class=""ultra"">
<h3 class=""heading-content"">Things You Need To Know</h3>
<p class=""heading-content"">There are many variations of passages of Lorem Ipsum available, but the majority have suffered alteration in some form, by injected humour, or randomised words which don't look even slightly believable. If you are going to use a passage of Lorem Ipsum, you need to be sure there isn't anything embarrassing hidden in the middle of text.</p>
</div>
</div>
</div>
<div class=""row"">
<div class=""col-sm-6"">
<div class=""ultra"">
<h3 class=""heading-content"">Things You Need To Know</h3>
<p class=""heading-content"">There are many variations of passages of Lorem Ipsum available, but the majority have suffered alteration in some form, by injected humour, or randomised words which don't look even slightly believable. If you are going to use a passage of Lorem Ipsum, you need to be sure there isn't anything embarrassing hidden in the middle of text.</p>
</div>
</div>
<div class=""col-sm-6"">
<div><img src=""https://cdn.shopify.com/s/files/1/0643/6464/2535/files/instagram10.jpg?v=1653906963"" alt=""""></div>
</div>
</div>",Hosoren - Responsive Shopify Theme (Sections Ready) - 171,,"","",true,Title,Default Title,,,,,,0.0,,0,deny,manual,10,,true,true,,https://cdn.shopify.com/s/files/1/0747/1720/0685/products/9.1.jpg?v=1680748475,1,,false,,,,,,,,,,,,,,,,,kg,,,true,true,,,active
veango,,,,,,,,,,,,,,,,,,,,,,,,,https://cdn.shopify.com/s/files/1/0747/1720/0685/products/9.2.jpg?v=1680748475,2,,,,,,,,,,,,,,,,,,,,,,,,,,
versace,Versace,"<div class=""row"">
<div class=""col-sm-6"">
<div><img src=""https://cdn.shopify.com/s/files/1/0643/6464/2535/files/instagram9.jpg?v=1653906963"" class=""img-ultra"" alt=""""></div>
</div>
<div class=""col-sm-6"">
<div class=""ultra"">
<h3 class=""heading-content"">Things You Need To Know</h3>
<p class=""heading-content"">There are many variations of passages of Lorem Ipsum available, but the majority have suffered alteration in some form, by injected humour, or randomised words which don't look even slightly believable. If you are going to use a passage of Lorem Ipsum, you need to be sure there isn't anything embarrassing hidden in the middle of text.</p>
</div>
</div>
</div>
<div class=""row"">
<div class=""col-sm-6"">
<div class=""ultra"">
<h3 class=""heading-content"">Things You Need To Know</h3>
<p class=""heading-content"">There are many variations of passages of Lorem Ipsum available, but the majority have suffered alteration in some form, by injected humour, or randomised words which don't look even slightly believable. If you are going to use a passage of Lorem Ipsum, you need to be sure there isn't anything embarrassing hidden in the middle of text.</p>
</div>
</div>
<div class=""col-sm-6"">
<div><img src=""https://cdn.shopify.com/s/files/1/0643/6464/2535/files/instagram10.jpg?v=1653906963"" alt=""""></div>
</div>
</div>",Hosoren - Responsive Shopify Theme (Sections Ready) - 171,,"","",true,Title,Default Title,,,,,"",0.0,,0,deny,manual,12,15,true,true,"",https://cdn.shopify.com/s/files/1/0747/1720/0685/products/8.1.jpg?v=1680748473,1,,false,,,,,,,,,,,,,,,,,kg,,,true,true,,,active
