{"sections":{"16484715585d0b75d2":{"type":"slideshow","blocks":{"7e33837d-b447-4031-9b6f-97da7a46ad45":{"type":"Slider","settings":{"slider_type":"image","video_url":"https:\/\/storage.googleapis.com\/coverr-main\/mp4\/Palm_Trees.mp4","iframe_url":"","mobile_bg_clr":"#d9ddcf","text_alignment":"text-start","content_position":"center-right","block_image":"shopify:\/\/shop_images\/11.jpg","show_image":true,"show_content":true,"title_2":"Unique Collection","subheading_color":"#565e41","subheading_size":"18","title":"Trending Fashion","heading_color":"#565e41","heading_size":"50","desc":"Ante metus dictum at tempor commodo ullamcorper a lacus vestibulum massa enim nec dui nunc mattis enim augue interdum velit euismod.","desc_color":"#565e41","desc_size":"16","button":"Shop Now","link":"shopify:\/\/collections\/new-arrivals","btn_bg_color":"#d9ddcf","btn_txt_color":"#565e41","btn_hoverbg_color":"#565e41","btn_hovertxt_color":"#ffffff","button_2":"New Arrivals","link_2":"shopify:\/\/collections\/best-sellers","btn_bg_color_2":"#565e41","btn_txt_color_2":"#ffffff","btn_hoverbg_color_2":"#d9ddcf","btn_hovertxt_color_2":"#565e41","slide_content_bg":"rgba(0,0,0,0)","slide_bg":"#ffffff","enable_additional_button":false,"additional_button_text":"View More","additional_button_link":"","additional_button_text_color":"","additional_button_text_hover_color":""}},"1c3ef5d2-7158-4a50-8def-1e1c84b6a9c6":{"type":"Slider","settings":{"slider_type":"image","video_url":"https:\/\/cdn.shopify.com\/s\/files\/1\/3099\/9934\/files\/845f1827c32642fda4eb0765b6dc7f00.HD-1080p-7.2Mbps.mp4?v=1651209135","iframe_url":"","mobile_bg_clr":"#d9ddcf","text_alignment":"text-start","content_position":"center-left","block_image":"shopify:\/\/shop_images\/2_4fd54525-76f0-4b27-b340-45a03fb35836.jpg","show_image":true,"show_content":true,"title_2":"Elegant Look","subheading_color":"#565e41","subheading_size":"18","title":"Ultimate Fashion","heading_color":"#565e41","heading_size":"50","desc":"Tincidunt augue interdum velit euismod lorem donec massa sapien nibh cras pulvinar mattis nunc sed blandit pharetra magna ac placerat vestibulum.","desc_color":"#565e41","desc_size":"16","button":"Shop Now","link":"shopify:\/\/collections\/hot-deals","btn_bg_color":"#d9ddcf","btn_txt_color":"#565e41","btn_hoverbg_color":"#565e41","btn_hovertxt_color":"#ffffff","button_2":"New Arrivals","link_2":"shopify:\/\/collections\/new-arrivals","btn_bg_color_2":"#565e41","btn_txt_color_2":"#ffffff","btn_hoverbg_color_2":"#d9ddcf","btn_hovertxt_color_2":"#565e41","slide_content_bg":"rgba(0,0,0,0)","slide_bg":"#ffffff","enable_additional_button":false,"additional_button_text":"View More","additional_button_link":"","additional_button_text_color":"","additional_button_text_hover_color":""}},"ad2816a5-9c40-4038-98c1-a862ab3cda76":{"type":"Slider","settings":{"slider_type":"image","video_url":"https:\/\/storage.googleapis.com\/coverr-main\/mp4\/Palm_Trees.mp4","iframe_url":"","mobile_bg_clr":"#d9ddcf","text_alignment":"text-start","content_position":"center-left","block_image":"shopify:\/\/shop_images\/3_a49e9552-fe3d-44ba-b26d-1fc694fc49e3.jpg","show_image":true,"show_content":true,"title_2":"Crazy Look","subheading_color":"#565e41","subheading_size":"18","title":"Unisex Collection","heading_color":"#565e41","heading_size":"50","desc":"Dignissim suspendisse in est ante in lectus arcu bibendum at sollicitudin ac orci phasellus egestas tellus rutrum tellus pellentesque urna et pharetra pharetra massa.","desc_color":"#565e41","desc_size":"16","button":"Shop Now","link":"shopify:\/\/collections\/new-arrivals","btn_bg_color":"#d9ddcf","btn_txt_color":"#565e41","btn_hoverbg_color":"#565e41","btn_hovertxt_color":"#ffffff","button_2":"Shop Now","link_2":"shopify:\/\/collections\/popular-products","btn_bg_color_2":"#565e41","btn_txt_color_2":"#ffffff","btn_hoverbg_color_2":"#d9ddcf","btn_hovertxt_color_2":"#565e41","slide_content_bg":"rgba(0,0,0,0)","slide_bg":"#ffffff","enable_additional_button":false,"additional_button_text":"View More","additional_button_link":"","additional_button_text_color":"","additional_button_text_hover_color":""}}},"block_order":["7e33837d-b447-4031-9b6f-97da7a46ad45","1c3ef5d2-7158-4a50-8def-1e1c84b6a9c6","ad2816a5-9c40-4038-98c1-a862ab3cda76"],"settings":{"full":true,"spacing_both_ends":false,"margin":"0,100","slider_height":780,"slider_height_lap":600,"slider_height_tab":600,"slider_height_mobile":600,"video-aspect-ratio":"","content_within_container":false,"enable_box_shadow":false,"border_radius":"0","content_border_radius":"10","autoplay":false,"slideshow_speed":"5000","dots":true,"carousel_pagination_alignment":"center_pagination","carousel_pagination_bottom_alignment":"inside_element","arrows":true,"nav_arrow_position":"center-navigation","center_nav_arrow_alignment":"inside_container","navigation_button_color":"","navigation_button_icon_color":"#000000","navigation_button_hover_color":"","navigation_button_hover_icon_color":"#000000","navigation_dot_color":"#000000","navigation_dot_active_color":"#565e41","custom_class_name":"custom-slider"}},"16552885422a988285":{"type":"home-flip-box","blocks":{"165528854236044e38-0":{"type":"collection","settings":{"collection":"new-arrivals","content_position":"center","block_banner_bg":"linear-gradient(90deg, rgba(86, 94, 65, 1) 45%, rgba(255, 255, 255, 0) 76%)","block_banner_hover_bg":"#565e41","block_heading_color":"#ffffff","block_sub_heading_color":"#ffffff","overlay_style":"use_gradient_overlay","overlay_color":"#565e41","overlay_opacity":"0.8","rotation_degree":"0"}},"165528854236044e38-1":{"type":"collection","settings":{"collection":"best-sellers","content_position":"center","block_banner_bg":"linear-gradient(90deg, rgba(86, 94, 65, 1) 45%, rgba(255, 255, 255, 0) 76%)","block_banner_hover_bg":"#565e41","block_heading_color":"#ffffff","block_sub_heading_color":"#ffffff","overlay_style":"use_gradient_overlay","overlay_color":"#565e41","overlay_opacity":"0.8","rotation_degree":"0"}},"a0c758e2-c1e0-4736-8c95-82463f366d78":{"type":"collection","settings":{"collection":"hot-deals","content_position":"center","block_banner_bg":"linear-gradient(90deg, rgba(86, 94, 65, 1) 45%, rgba(255, 255, 255, 0) 76%)","block_banner_hover_bg":"#565e41","block_heading_color":"#ffffff","block_sub_heading_color":"#ffffff","overlay_style":"use_gradient_overlay","overlay_color":"#565e41","overlay_opacity":"0.8","rotation_degree":"0"}},"46d7dc30-eb94-4843-82e5-729eda3c78fa":{"type":"collection","settings":{"collection":"popular-products","content_position":"center","block_banner_bg":"linear-gradient(90deg, rgba(86, 94, 65, 1) 45%, rgba(253, 253, 253, 0) 76%)","block_banner_hover_bg":"#565e41","block_heading_color":"#ffffff","block_sub_heading_color":"#ffffff","overlay_style":"use_gradient_overlay","overlay_color":"#565e41","overlay_opacity":"0.8","rotation_degree":"0"}}},"block_order":["165528854236044e38-0","165528854236044e38-1","a0c758e2-c1e0-4736-8c95-82463f366d78","46d7dc30-eb94-4843-82e5-729eda3c78fa"],"settings":{"full":true,"spacing_both_ends":true,"padding":"0,100","margin":"0,0","show_background_image":false,"background_style":"none","background_size":"auto","enable_overlay":false,"background_color":"","overlay_transparency":"0.5","section_heading":"","section_sub_heading":"","section_description":"","section_button_text":"","section_button_link":"","section_heading_color":"","section_sub_heading_color":"","section_description_color":"","section_button_bg_color":"","section_button_text_color":"","section_button_hover_bg_color":"","section_button_hover_text_color":"","heading_position":"text-center","grid":"4","block_banner_style":"overlay","column_gap":"50","overlay_style_height":"470","enable_box_shadow":false,"border_radius":"0","content_width":"50\/50","lap_content_width":"35\/65","enable_slider":false,"enable_auto_height":true,"slider_autoplay":0,"items_per_view":2,"dots":true,"carousel_pagination_alignment":"center_pagination","arrows":true,"nav_arrow_position":"center-navigation","center_nav_arrow_alignment":"outside_container","navigation_button_color":"","navigation_button_icon_color":"","navigation_button_hover_color":"","navigation_button_hover_icon_color":"","navigation_dot_color":"","navigation_dot_active_color":"","custom_class_name":"custom-featured-collection"}},"16546867088293995f":{"type":"home-featured-collection","disabled":true,"blocks":{"165468670879980917-0":{"type":"collection","settings":{"collection":"demo1-coats-jackets","block_button_text":"","block_text_align":"text-center","content_position":"center","reverse_column":false,"block_banner_bg":"","block_content_box_bg":"#000000","block_heading_color":"#ffffff","block_sub_heading_color":"#ffffff","block_description_color":"","block_button_bg_color":"","block_button_text_color":"rgba(0,0,0,0)","block_button_hover_bg_color":"","block_button_hover_text_color":"","overlay_style":"use_overlay","overlay_color":"#565e41","overlay_opacity":"0.5","rotation_degree":"180"}},"165468670879980917-1":{"type":"collection","settings":{"collection":"demo1-men-jeans","block_button_text":"","block_text_align":"text-center","content_position":"center","reverse_column":false,"block_banner_bg":"","block_content_box_bg":"","block_heading_color":"#ffffff","block_sub_heading_color":"#ffffff","block_description_color":"","block_button_bg_color":"","block_button_text_color":"","block_button_hover_bg_color":"","block_button_hover_text_color":"","overlay_style":"use_overlay","overlay_color":"#565e41","overlay_opacity":"0.5","rotation_degree":"180"}},"47b8d253-0c7a-443b-9462-5e499d368ff0":{"type":"collection","settings":{"collection":"party-wear","block_button_text":"","block_text_align":"text-center","content_position":"center","reverse_column":false,"block_banner_bg":"","block_content_box_bg":"","block_heading_color":"#ffffff","block_sub_heading_color":"#ffffff","block_description_color":"","block_button_bg_color":"","block_button_text_color":"","block_button_hover_bg_color":"","block_button_hover_text_color":"","overlay_style":"use_overlay","overlay_color":"#565e41","overlay_opacity":"0.5","rotation_degree":"180"}},"488cad1d-11c7-48e2-bcd8-810df1e6a665":{"type":"collection","settings":{"collection":"women-jeans","block_button_text":"","block_text_align":"text-center","content_position":"center","reverse_column":false,"block_banner_bg":"","block_content_box_bg":"","block_heading_color":"#ffffff","block_sub_heading_color":"#ffffff","block_description_color":"","block_button_bg_color":"","block_button_text_color":"","block_button_hover_bg_color":"","block_button_hover_text_color":"","overlay_style":"use_overlay","overlay_color":"#565e41","overlay_opacity":"0.5","rotation_degree":"180"}}},"block_order":["165468670879980917-0","165468670879980917-1","47b8d253-0c7a-443b-9462-5e499d368ff0","488cad1d-11c7-48e2-bcd8-810df1e6a665"],"settings":{"full":true,"spacing_both_ends":true,"padding":"0,0","margin":"0,100","show_background_image":false,"background_style":"none","background_size":"auto","enable_overlay":false,"background_color":"","overlay_transparency":"0.5","section_heading":"","section_sub_heading":"","section_description":"","section_button_text":"","section_button_link":"","section_heading_color":"","section_sub_heading_color":"","section_description_color":"","section_button_bg_color":"","section_button_text_color":"","section_button_hover_bg_color":"","section_button_hover_text_color":"","heading_position":"text-center","grid":"4","block_banner_style":"overlay","column_gap":"50","equal_height":false,"overlay_style_height":"470","enable_box_shadow":false,"border_radius":"0","content_width":"50\/50","lap_content_width":"35\/65","enable_slider":false,"enable_auto_height":true,"slider_autoplay":0,"items_per_view":2,"dots":true,"carousel_pagination_alignment":"center_pagination","arrows":true,"nav_arrow_position":"center-navigation","center_nav_arrow_alignment":"outside_container","navigation_button_color":"","navigation_button_icon_color":"","navigation_button_hover_color":"","navigation_button_hover_icon_color":"","navigation_dot_color":"","navigation_dot_active_color":"","custom_class_name":"custom-featured-collection"}},"16546915620b2f2d6c":{"type":"home-product-carousel","settings":{"full":true,"spacing_both_ends":true,"padding":"0,0","margin":"0,70","show_background_image":false,"background_style":"none","background_size":"auto","enable_overlay":false,"background_color":"","overlay_transparency":"0.5","section_heading":"Best Sellings","section_sub_heading":"DISCOVER NEW STYLE","section_description":"","section_button_text":"","section_button_link":"","section_heading_color":"","section_sub_heading_color":"","section_description_color":"","section_button_bg_color":"","section_button_text_color":"","section_button_hover_bg_color":"","section_button_hover_text_color":"","heading_position":"text-start","grouped_content_bg":"","grouped_column_gap":"30","grouped_content_padding":"0","group_border_radius":"","enable_group_box_shadow":false,"reverse_column":false,"content_width":"30\/70","lap_content_width":"35\/65","additional_block_background_color":"","additional_block_box_shadow":false,"additional_content_padding":"0","additional_block_border_radius":"0","enable_main_content":true,"main_block_background_color":"","enable_main_block_box_shadow":false,"main_block_border_radius":"0","main_content_padding":"0","collection":"new-arrivals","column_gap":"16","border_radius":"0","enable_list_view":false,"grid":"4","post_limit":4,"enable_slider":true,"items_per_view":4,"items_laptop_view":3,"items_tablet_view":2,"items_mobile_view":1,"enable_center_mode":false,"rows":1,"slider_autoplay":0,"enable_auto_height":false,"dots":false,"carousel_pagination_alignment":"center_pagination","carousel_pagination_bottom_alignment":"outside_element","arrows":true,"nav_arrow_position":"navigation-top-center","center_nav_arrow_alignment":"inside_container","navigation_button_color":"","navigation_button_icon_color":"#000000","navigation_button_hover_color":"","navigation_button_hover_icon_color":"#000000","navigation_dot_color":"","navigation_dot_active_color":"","enable_section_collection_button_text":false,"section_collection_button_text":"","section_collection_link":"","custom_class_name":"custom-product-carosual"}},"16547565266695f71b":{"type":"home-grid-banner","blocks":{"16547565251d7ef26a-0":{"type":"content","settings":{"grid_banner_type":"image","show_image_title":true,"block_image_title":"LATEST FASHION","block_image_title_color":"#d9ddcf","block_image":"shopify:\/\/shop_images\/img1.jpg","block_video":"https:\/\/www.w3schools.com\/tags\/mov_bbb.mp4","video_icon_color":"","video_icon_position":"icon-top-right","content_with_icon":false,"video_icon_outer_size":"60px","video_icon_size":"40px","show_image":true,"show_content":true,"block_title":"Modern Dress","block_title_link":"","block_sub_title":"PRETTY LOOK","block_description":"Scelerisque purus semper eget duis at cras tincidunt lobortis feugiat. Mattis enim ut tellus elementum sagittis vitae quis varius quam quisque id  aliquam faucibus purus in massa vulputate eU.","block_button_text":"Shop New Arrivals","block_button_link":"shopify:\/\/collections\/best-sellers","block_text_align":"text-start","content_position":"center","reverse_column":false,"block_banner_bg":"rgba(0,0,0,0)","block_content_box_bg":"rgba(0,0,0,0)","block_heading_color":"","block_sub_heading_color":"","block_description_color":"","block_button_bg_color":"rgba(0,0,0,0)","block_button_text_color":"#000000","block_button_hover_bg_color":"rgba(0,0,0,0)","block_button_hover_text_color":"#565e41","overlay_style":"use_overlay","overlay_color":"rgba(0,0,0,0)","overlay_opacity":"0.5","rotation_degree":"180","block_animation_text":"fadeIn"}}},"block_order":["16547565251d7ef26a-0"],"settings":{"full":true,"spacing_both_ends":false,"padding":"0,0","margin":"0,100","show_background_image":false,"background_style":"none","background_size":"auto","enable_overlay":false,"background_color":"","overlay_transparency":"0.5","section_heading":"","section_sub_heading":"","section_description":"","section_button_text":"","section_button_link":"","section_heading_color":"","section_sub_heading_color":"","section_description_color":"","section_button_bg_color":"","section_button_text_color":"","section_button_hover_bg_color":"","section_button_hover_text_color":"","heading_position":"text-center","block_banner_style":"list","column_gap":"30","grid":"2","border_radius":"0","enable_box_shadow":false,"equal_height":false,"content_width":"60\/40","lap_content_width":"50\/50","overlay_style_height":600,"overlay_style_height_laptop":500,"overlay_style_height_mobile":400,"custom_class_name":"custom-list-banner"}},"1654759336c4c7a41b":{"type":"home-product-carousel","settings":{"full":true,"spacing_both_ends":true,"padding":"0,0","margin":"0,0","show_background_image":false,"background_style":"none","background_size":"auto","enable_overlay":false,"background_color":"","overlay_transparency":"0.5","section_heading":"Fashion Products","section_sub_heading":"Devine Look","section_description":"","section_button_text":"","section_button_link":"","section_heading_color":"","section_sub_heading_color":"","section_description_color":"","section_button_bg_color":"","section_button_text_color":"","section_button_hover_bg_color":"","section_button_hover_text_color":"","heading_position":"text-start","grouped_content_bg":"","grouped_column_gap":"30","grouped_content_padding":"0","group_border_radius":"","enable_group_box_shadow":false,"reverse_column":false,"content_width":"30\/70","lap_content_width":"35\/65","additional_block_background_color":"","additional_block_box_shadow":false,"additional_content_padding":"0","additional_block_border_radius":"0","enable_main_content":true,"main_block_background_color":"","enable_main_block_box_shadow":false,"main_block_border_radius":"0","main_content_padding":"0","collection":"hot-deals","column_gap":"30","border_radius":"0","enable_list_view":false,"grid":"2","post_limit":2,"enable_slider":true,"items_per_view":4,"items_laptop_view":3,"items_tablet_view":2,"items_mobile_view":1,"enable_center_mode":false,"rows":1,"slider_autoplay":0,"enable_auto_height":false,"dots":false,"carousel_pagination_alignment":"center_pagination","carousel_pagination_bottom_alignment":"outside_element","arrows":true,"nav_arrow_position":"navigation-top-center","center_nav_arrow_alignment":"inside_container","navigation_button_color":"","navigation_button_icon_color":"#000000","navigation_button_hover_color":"","navigation_button_hover_icon_color":"#000000","navigation_dot_color":"","navigation_dot_active_color":"","enable_section_collection_button_text":false,"section_collection_button_text":"","section_collection_link":"","custom_class_name":"custom-product-carosual"}},"1654759313da7fd025":{"type":"home-grid-banner","blocks":{"1654759313e2532c96-0":{"type":"content","settings":{"grid_banner_type":"image","show_image_title":true,"block_image_title":"PRETTY FASHION","block_image_title_color":"#d9ddcf","block_image":"shopify:\/\/shop_images\/img2.jpg","block_video":"https:\/\/www.w3schools.com\/tags\/mov_bbb.mp4","video_icon_color":"","video_icon_position":"icon-top-right","content_with_icon":false,"video_icon_outer_size":"60px","video_icon_size":"40px","show_image":true,"show_content":true,"block_title":"Best Collection","block_title_link":"","block_sub_title":"NEW STYLE","block_description":"Tempus urna et pharetra pharetra massa  orci a scelerisque purus semper eget duis feugiat nibh sed pulvinar proin gravida hendrerit lectus  commodo viverra maecenas accumsan lacus.","block_button_text":"Shop New Arrivals","block_button_link":"shopify:\/\/collections\/hot-deals","block_text_align":"text-start","content_position":"center","reverse_column":true,"block_banner_bg":"rgba(0,0,0,0)","block_content_box_bg":"rgba(0,0,0,0)","block_heading_color":"#000000","block_sub_heading_color":"#000000","block_description_color":"","block_button_bg_color":"rgba(0,0,0,0)","block_button_text_color":"#000000","block_button_hover_bg_color":"rgba(0,0,0,0)","block_button_hover_text_color":"#565e41","overlay_style":"use_overlay","overlay_color":"rgba(0,0,0,0)","overlay_opacity":"0.5","rotation_degree":"180","block_animation_text":"fadeIn"}}},"block_order":["1654759313e2532c96-0"],"settings":{"full":true,"spacing_both_ends":false,"padding":"0,0","margin":"70,0","show_background_image":false,"background_style":"none","background_size":"auto","enable_overlay":false,"background_color":"","overlay_transparency":"0.5","section_heading":"","section_sub_heading":"","section_description":"","section_button_text":"","section_button_link":"","section_heading_color":"","section_sub_heading_color":"","section_description_color":"","section_button_bg_color":"","section_button_text_color":"","section_button_hover_bg_color":"","section_button_hover_text_color":"","heading_position":"text-center","block_banner_style":"list","column_gap":"30","grid":"2","border_radius":"0","enable_box_shadow":false,"equal_height":false,"content_width":"60\/40","lap_content_width":"50\/50","overlay_style_height":600,"overlay_style_height_laptop":500,"overlay_style_height_mobile":400,"custom_class_name":"custom-list-banner"}},"16547599028525190f":{"type":"home-product-carousel","settings":{"full":true,"spacing_both_ends":true,"padding":"0,0","margin":"100,0","show_background_image":false,"background_style":"none","background_size":"auto","enable_overlay":false,"background_color":"","overlay_transparency":"0.5","section_heading":"Top Brand Collection","section_sub_heading":"Love Fashion","section_description":"","section_button_text":"","section_button_link":"","section_heading_color":"","section_sub_heading_color":"","section_description_color":"","section_button_bg_color":"","section_button_text_color":"","section_button_hover_bg_color":"","section_button_hover_text_color":"","heading_position":"text-start","grouped_content_bg":"","grouped_column_gap":"30","grouped_content_padding":"0","group_border_radius":"","enable_group_box_shadow":false,"reverse_column":false,"content_width":"30\/70","lap_content_width":"35\/65","additional_block_background_color":"","additional_block_box_shadow":false,"additional_content_padding":"0","additional_block_border_radius":"0","enable_main_content":true,"main_block_background_color":"","enable_main_block_box_shadow":false,"main_block_border_radius":"0","main_content_padding":"0","collection":"best-sellers","column_gap":"30","border_radius":"0","enable_list_view":false,"grid":"2","post_limit":2,"enable_slider":true,"items_per_view":4,"items_laptop_view":3,"items_tablet_view":2,"items_mobile_view":1,"enable_center_mode":false,"rows":1,"slider_autoplay":0,"enable_auto_height":false,"dots":false,"carousel_pagination_alignment":"center_pagination","carousel_pagination_bottom_alignment":"outside_element","arrows":true,"nav_arrow_position":"navigation-top-center","center_nav_arrow_alignment":"inside_container","navigation_button_color":"","navigation_button_icon_color":"#000000","navigation_button_hover_color":"","navigation_button_hover_icon_color":"#000000","navigation_dot_color":"","navigation_dot_active_color":"","enable_section_collection_button_text":false,"section_collection_button_text":"","section_collection_link":"","custom_class_name":"custom-product-carosual"}},"165528562091f317bf":{"type":"home-testimonial","blocks":{"165528562093127902-0":{"type":"content","settings":{"quote":"<p>Feugiat nibh sed pulvinar proin gravida hendrerit lectus vel risus commodo viverra maecenas accumsan lacus vel adipiscing diam donec adipiscing tristique erat pellentesque adipiscing commodo elit at imperdiet dui neque vitae tempus quam pellentesque nec.<\/p>","icon":"shopify:\/\/shop_images\/test02.jpg","author":"Lisha","job":"Friday, Jully 29,2022","star":"5"}},"8bcd1f7a-7d6a-4afa-aad8-8519825b639e":{"type":"content","settings":{"quote":"<p>Auctor neque vitae tempus quam pellentesque nec onvallis aenean et tortor at risus viverra adipiscing at iaculis at erat pellentesque adipiscing in cursus turpis massa tincidunt dui quisque sagittis purus sit ut tellus elementum facilisi cras fermentum odio sagittis vitae et.<\/p>","icon":"shopify:\/\/shop_images\/test03.jpg","author":"Ema Alisa","job":"Wednesday, Feb 20,2021","star":"4"}},"b9b6ee44-310f-4256-850c-97742f44abfd":{"type":"content","settings":{"quote":"<p>Consectetur adipiscing elit ut aliquam purus sit amet luctus lobortis elementum nibh tellus molestie nunc nisl condimentum id venenatis a condimentum vitae sapien pellentesque facilisi morbi tempus iaculis urna id volutpat lacus laoreetdolor morbi non arcu risus quis varius.<\/p>","icon":"shopify:\/\/shop_images\/test01.jpg","author":"Valeria","job":"Saturday, Jully 30,2022","star":"4.5"}}},"block_order":["165528562093127902-0","8bcd1f7a-7d6a-4afa-aad8-8519825b639e","b9b6ee44-310f-4256-850c-97742f44abfd"],"settings":{"full":true,"spacing_both_ends":true,"padding":"0,0","margin":"70,0","show_background_image":false,"background_style":"none","background_size":"auto","enable_overlay":false,"background_color":"","overlay_transparency":"0.5","section_heading":"","section_sub_heading":"","section_description":"","section_button_text":"","section_button_link":"","section_heading_color":"","section_sub_heading_color":"","section_description_color":"","section_button_bg_color":"","section_button_text_color":"","section_button_hover_bg_color":"","section_button_hover_text_color":"","heading_position":"text-center","grid":"1","block_style":"style_3","boxed_styles":"overall_boxed","enable_box_shadow":false,"reverse_column":false,"text_position":"text-center","quote_icon":"shopify:\/\/shop_images\/quote-icon.png","quote_style":"quote-icon-in-content","author_info_style":"style_2","border_radius":"50%","boxed_border_radius":"0","column_gap":"30","content_width":"30\/70","lap_content_width":"20\/80","vertical_position":"vertical-top","testimonial_border_color":"","testimonial_background_color":"#565e41","testimonial_content_color":"#ffffff","testimonial_review_color":"linear-gradient(180deg, rgba(245, 149, 9, 1) 1%, rgba(255, 192, 2, 1) 100%)","testimonial_author_text_color":"#ffffff","testimonial_author_designation_color":"#ffffff","testimonial_author_separator_color":"","testimonial_quote_icon_color":"#ffffff","enable_slider":true,"enable_auto_height":true,"items_per_view":1,"items_laptop_view":1,"items_tablet_view":1,"items_mobile_view":1,"enable_center_mode":false,"slider_autoplay":0,"dots":false,"carousel_pagination_alignment":"center_pagination","carousel_pagination_bottom_alignment":"outside_element","arrows":true,"nav_arrow_position":"navigation-top-right","center_nav_arrow_alignment":"outside_container","navigation_button_color":"","navigation_button_icon_color":"#000000","navigation_button_hover_color":"","navigation_button_hover_icon_color":"#000000","navigation_dot_color":"","navigation_dot_active_color":"","show_right_block_image":true,"right_block_image":"shopify:\/\/shop_images\/test-banner.jpg","custom_class_name":"custom-testimonial"}},"1654676858d946e20b":{"type":"home-image-gallery","blocks":{"165467685865eb3b00-0":{"type":"image_image","settings":{"image":"shopify:\/\/shop_images\/insta01_d6586ac9-f97d-4a70-808b-5f9cb6e8983f.jpg","icon_class":"fa fa-instagram","overlay_title":"","link":"\/"}},"165467685865eb3b00-1":{"type":"image_image","settings":{"image":"shopify:\/\/shop_images\/insta02_1a3973f5-014c-44a9-919b-08816b47a09e.jpg","icon_class":"fa fa-instagram","overlay_title":"","link":"\/"}},"165467685865eb3b00-2":{"type":"image_image","settings":{"image":"shopify:\/\/shop_images\/insta03_7f7c9c27-7d65-4aae-a265-8274e6a80b9d.jpg","icon_class":"fa fa-instagram","overlay_title":"","link":"\/"}},"165467685865eb3b00-3":{"type":"image_image","settings":{"image":"shopify:\/\/shop_images\/insta05_277141ac-1ee3-4c4e-a13a-5db51246eed5.jpg","icon_class":"fa fa-instagram","overlay_title":"","link":"\/"}},"165467685865eb3b00-4":{"type":"image_image","settings":{"image":"shopify:\/\/shop_images\/insta04_474556ff-a134-41ad-91e4-c4ea4cd23dea.jpg","icon_class":"fa fa-instagram","overlay_title":"","link":"\/"}},"898e5675-ad3d-4041-a449-b43062312c5e":{"type":"image_image","settings":{"image":"shopify:\/\/shop_images\/insta06_991910e2-b852-490f-8aab-cffbcd205117.jpg","icon_class":"fa fa-instagram","overlay_title":"","link":"\/"}}},"block_order":["165467685865eb3b00-0","165467685865eb3b00-1","165467685865eb3b00-2","165467685865eb3b00-3","165467685865eb3b00-4","898e5675-ad3d-4041-a449-b43062312c5e"],"settings":{"full":true,"spacing_both_ends":true,"padding":"0,0","margin":"100,60","show_background_image":false,"background_style":"none","background_size":"auto","enable_overlay":false,"background_color":"","overlay_transparency":"0.5","section_heading":"Social Platform","section_sub_heading":"Join Us","section_description":"","section_button_text":"","section_button_link":"","section_heading_color":"","section_sub_heading_color":"","section_description_color":"","section_button_bg_color":"","section_button_text_color":"","section_button_hover_bg_color":"","section_button_hover_text_color":"","heading_position":"text-center","grid":"5","column_gap":"15","image_list_text":"Insta Feed","enable_overlay_content":true,"item_height":310,"item_height_laptop":310,"item_height_tab":310,"item_height_mobile":310,"image_link_text_color":"#e6e6e6","image_link_hover_text_color":"","image_overlay_icon_color":"","image_overlay_color":"","icon_size":"24","enable_slider":true,"remove_button_space":false,"enable_auto_height":true,"items_per_view":5,"items_laptop_view":4,"items_tablet_view":3,"items_mobile_view":1,"enable_center_mode":false,"slider_autoplay":5,"dots":false,"carousel_pagination_alignment":"center_pagination","arrows":false,"nav_arrow_position":"center-navigation","center_nav_arrow_alignment":"along_with_container","navigation_button_color":"#ffffff","navigation_button_icon_color":"#000000","navigation_button_hover_color":"#000000","navigation_button_hover_icon_color":"#ffffff","navigation_dot_color":"","navigation_dot_active_color":"","custom_class_name":"custom-image-list"}},"1654777743997058a9":{"type":"home-flex-banner","blocks":{"8eb7c848-20bd-4154-b71c-5796df888c30":{"type":"image_image","settings":{"image":"shopify:\/\/shop_images\/overlay1.jpg","icon_class":"","overlay_title":"Mollis aliquam ut porttitor leo non quam lacus suspendisse.","link":"shopify:\/\/collections\/new-arrivals"}},"9250db1b-f6fd-4bf3-a635-4a79ebc3fafd":{"type":"image_image","settings":{"image":"shopify:\/\/shop_images\/blog02.jpg","icon_class":"","overlay_title":"Augue ut lectus arcu bibendum at varius vel pharetra vel.","link":"shopify:\/\/collections\/hot-deals"}},"10e2c114-ceda-4c35-a6db-5f35a9e539b0":{"type":"image_image","settings":{"image":"shopify:\/\/shop_images\/overlay2.jpg","icon_class":"","overlay_title":"Vulputate eu scelerisque felis imperdiet proin fermentum leo vel.","link":"shopify:\/\/collections\/popular-products"}},"302a9a39-41ef-4c9a-8c66-bd484affe046":{"type":"image_image","disabled":true,"settings":{"image":"shopify:\/\/shop_images\/overlay2.jpg","icon_class":"","overlay_title":"It is a long established fact that a reader  will be distracted.","link":"\/"}},"0291c32c-1b20-4fcc-b3aa-1362e27e93e8":{"type":"image_image","disabled":true,"settings":{"image":"shopify:\/\/shop_images\/overlay2.jpg","icon_class":"fa fa-instagram","overlay_title":"Shop the Look","link":""}}},"block_order":["8eb7c848-20bd-4154-b71c-5796df888c30","9250db1b-f6fd-4bf3-a635-4a79ebc3fafd","10e2c114-ceda-4c35-a6db-5f35a9e539b0","302a9a39-41ef-4c9a-8c66-bd484affe046","0291c32c-1b20-4fcc-b3aa-1362e27e93e8"],"settings":{"full":true,"spacing_both_ends":true,"padding":"0,0","margin":"100,0","show_background_image":false,"background_style":"none","background_size":"auto","enable_overlay":false,"background_color":"","overlay_transparency":"0.5","section_heading":"","section_sub_heading":"","section_description":"","section_button_text":"","section_button_link":"","section_heading_color":"","section_sub_heading_color":"","section_description_color":"","section_button_bg_color":"","section_button_text_color":"","section_button_hover_bg_color":"","section_button_hover_text_color":"","heading_position":"text-start","content_position":"text-end","enable_overlay_content":true,"item_height":670,"item_height_laptop":550,"item_height_tab":500,"item_height_mobile":450,"image_link_text_color":"#ffffff","image_link_hover_text_color":"#ffffff","image_overlay_icon_color":"","image_overlay_color":"#000000","custom_class_name":"custom-flex-banner"}},"165476026910bbe237":{"type":"home-brand-logos","blocks":{"16547602694e0bd8ec-0":{"type":"Image","settings":{"image":"shopify:\/\/shop_images\/brand-logo4.png","title":"Brand Name","link":""}},"16547602694e0bd8ec-1":{"type":"Image","settings":{"image":"shopify:\/\/shop_images\/brand-logo3.png","title":"Brand Name","link":""}},"16547602694e0bd8ec-2":{"type":"Image","settings":{"image":"shopify:\/\/shop_images\/brand-logo2.png","title":"Brand Name","link":""}},"16547602694e0bd8ec-3":{"type":"Image","settings":{"image":"shopify:\/\/shop_images\/brand-logo1.png","title":"Brand Name","link":""}}},"block_order":["16547602694e0bd8ec-0","16547602694e0bd8ec-1","16547602694e0bd8ec-2","16547602694e0bd8ec-3"],"settings":{"full":false,"spacing_both_ends":false,"padding":"0,0","margin":"100,20","show_background_image":false,"background_style":"none","background_size":"auto","enable_overlay":false,"background_color":"","overlay_transparency":"0.5","section_heading":"","section_sub_heading":"","section_description":"","section_button_text":"","section_button_link":"","section_heading_color":"","section_sub_heading_color":"","section_description_color":"","section_button_bg_color":"","section_button_text_color":"","section_button_hover_bg_color":"","section_button_hover_text_color":"","heading_position":"text-center","grid":"4","block_style":"style-3","enable_box_shadow":false,"column_gap":"50","border_radius":"0","block_border_color":"rgba(0,0,0,0)","block_background_color":"#f4f4f4","block_hover_background_color":"#eeeceb","block_icon_color":"#000000","block_hover_icon_color":"#565e41","enable_slider":true,"enable_auto_height":true,"items_per_view":4,"items_laptop_view":4,"items_tablet_view":3,"items_mobile_view":1,"enable_center_mode":false,"slider_autoplay":1,"dots":false,"carousel_pagination_alignment":"center_pagination","arrows":false,"nav_arrow_position":"navigation-bottom-center","center_nav_arrow_alignment":"outside_container","navigation_button_color":"","navigation_button_icon_color":"","navigation_button_hover_color":"","navigation_button_hover_icon_color":"","navigation_dot_color":"","navigation_dot_active_color":"","custom_class_name":"custom-brand-logo"}}},"order":["16484715585d0b75d2","16552885422a988285","16546867088293995f","16546915620b2f2d6c","16547565266695f71b","1654759336c4c7a41b","1654759313da7fd025","16547599028525190f","165528562091f317bf","1654676858d946e20b","1654777743997058a9","165476026910bbe237"]}