{"sections":{"main":{"type":"services","settings":{}},"16557043640489a28b":{"type":"slideshow","blocks":{"416f5e1e-6cf7-4cf1-8eed-d98172d94c35":{"type":"Slider","settings":{"slider_type":"image","image":"shopify:\/\/shop_images\/slider01.jpg","mobile_image":"shopify:\/\/shop_images\/mblslider01.jpg","video_url":"https:\/\/storage.googleapis.com\/coverr-main\/mp4\/Palm_Trees.mp4","iframe_url":"","mobile_bg_clr":"","text_alignment":"text-center","content_position":"dt-sc-flex-center","show_image":false,"show_content":true,"title_2":"Sub Heading","subheading_color":"","subheading_size":"20","title":"Heading","heading_color":"","heading_size":"54","desc":"Few lines of short description.","desc_color":"","desc_size":"14","button":"Shop Now","link":"","btn_bg_color":"","btn_txt_color":"","btn_hoverbg_color":"","btn_hovertxt_color":"","button_2":"Shop Now","link_2":"","btn_bg_color_2":"","btn_txt_color_2":"","btn_hoverbg_color_2":"","btn_hovertxt_color_2":"","slide_content_bg":"rgba(0,0,0,0)","slide_bg":"","enable_additional_button":false,"additional_button_text":"View More","additional_button_link":"","additional_button_text_color":"","additional_button_text_hover_color":""}},"9d7ca61d-1e02-4cd7-883a-319ee6fb332f":{"type":"Slider","settings":{"slider_type":"image","image":"shopify:\/\/shop_images\/slider01.jpg","mobile_image":"shopify:\/\/shop_images\/mblslider01.jpg","video_url":"https:\/\/storage.googleapis.com\/coverr-main\/mp4\/Palm_Trees.mp4","iframe_url":"","mobile_bg_clr":"","text_alignment":"text-center","content_position":"dt-sc-flex-center","show_image":false,"show_content":true,"title_2":"Sub Heading","subheading_color":"","subheading_size":"20","title":"Heading","heading_color":"","heading_size":"54","desc":"Few lines of short description.","desc_color":"","desc_size":"14","button":"Shop Now","link":"","btn_bg_color":"","btn_txt_color":"","btn_hoverbg_color":"","btn_hovertxt_color":"","button_2":"Shop Now","link_2":"","btn_bg_color_2":"","btn_txt_color_2":"","btn_hoverbg_color_2":"","btn_hovertxt_color_2":"","slide_content_bg":"rgba(0,0,0,0)","slide_bg":"","enable_additional_button":false,"additional_button_text":"View More","additional_button_link":"","additional_button_text_color":"","additional_button_text_hover_color":""}},"7dc3207c-d94e-4f02-a5b9-2eacbdef0747":{"type":"Slider","settings":{"slider_type":"image","image":"shopify:\/\/shop_images\/slider01.jpg","mobile_image":"shopify:\/\/shop_images\/mblslider01.jpg","video_url":"https:\/\/storage.googleapis.com\/coverr-main\/mp4\/Palm_Trees.mp4","iframe_url":"","mobile_bg_clr":"","text_alignment":"text-center","content_position":"dt-sc-flex-center","show_image":false,"show_content":true,"title_2":"Sub Heading","subheading_color":"","subheading_size":"20","title":"Heading","heading_color":"","heading_size":"54","desc":"Few lines of short description.","desc_color":"","desc_size":"14","button":"Shop Now","link":"","btn_bg_color":"","btn_txt_color":"","btn_hoverbg_color":"","btn_hovertxt_color":"","button_2":"Shop Now","link_2":"","btn_bg_color_2":"","btn_txt_color_2":"","btn_hoverbg_color_2":"","btn_hovertxt_color_2":"","slide_content_bg":"rgba(0,0,0,0)","slide_bg":"","enable_additional_button":false,"additional_button_text":"View More","additional_button_link":"","additional_button_text_color":"","additional_button_text_hover_color":""}}},"block_order":["416f5e1e-6cf7-4cf1-8eed-d98172d94c35","9d7ca61d-1e02-4cd7-883a-319ee6fb332f","7dc3207c-d94e-4f02-a5b9-2eacbdef0747"],"settings":{"full":true,"spacing_both_ends":false,"margin":"0,0","slider_height":850,"slider_height_lap":700,"slider_height_tab":600,"slider_height_mobile":350,"video-aspect-ratio":"","content_within_container":false,"enable_box_shadow":false,"border_radius":"0","content_border_radius":"0","autoplay":false,"slideshow_speed":"5000","dots":false,"carousel_pagination_alignment":"center_pagination","carousel_pagination_bottom_alignment":"inside_element","arrows":true,"nav_arrow_position":"center-navigation","center_nav_arrow_alignment":"inside_container","navigation_button_color":"","navigation_button_icon_color":"#000000","navigation_button_hover_color":"","navigation_button_hover_icon_color":"#000000","navigation_dot_color":"","navigation_dot_active_color":"","custom_class_name":""}},"1655705929e3e8943b":{"type":"slideshow","blocks":{"a85c8f16-22db-4757-bb28-b0444a825a11":{"type":"Slider","settings":{"slider_type":"image","video_url":"https:\/\/storage.googleapis.com\/coverr-main\/mp4\/Palm_Trees.mp4","iframe_url":"","mobile_bg_clr":"","text_alignment":"text-center","content_position":"dt-sc-flex-center","block_image":"shopify:\/\/shop_images\/slider-bg-demo7.jpg","show_image":true,"show_content":true,"title_2":"Sub Heading","subheading_color":"","subheading_size":"20","title":"Heading","heading_color":"","heading_size":"54","desc":"Few lines of short description.","desc_color":"","desc_size":"14","button":"Shop Now","link":"","btn_bg_color":"","btn_txt_color":"","btn_hoverbg_color":"","btn_hovertxt_color":"","button_2":"Shop Now","link_2":"","btn_bg_color_2":"","btn_txt_color_2":"","btn_hoverbg_color_2":"","btn_hovertxt_color_2":"","slide_content_bg":"rgba(0,0,0,0)","slide_bg":"#d9ddcf","enable_additional_button":false,"additional_button_text":"View More","additional_button_link":"","additional_button_text_color":"","additional_button_text_hover_color":""}},"d12fdc65-1d39-477b-9dac-c437efe13ca5":{"type":"Slider","settings":{"slider_type":"image","video_url":"https:\/\/storage.googleapis.com\/coverr-main\/mp4\/Palm_Trees.mp4","iframe_url":"","mobile_bg_clr":"","text_alignment":"text-center","content_position":"dt-sc-flex-center","block_image":"shopify:\/\/shop_images\/slider-bg-demo7.jpg","show_image":true,"show_content":true,"title_2":"Sub Heading","subheading_color":"","subheading_size":"20","title":"Heading","heading_color":"","heading_size":"54","desc":"Few lines of short description.","desc_color":"","desc_size":"14","button":"Shop Now","link":"","btn_bg_color":"","btn_txt_color":"","btn_hoverbg_color":"","btn_hovertxt_color":"","button_2":"Shop Now","link_2":"","btn_bg_color_2":"","btn_txt_color_2":"","btn_hoverbg_color_2":"","btn_hovertxt_color_2":"","slide_content_bg":"rgba(0,0,0,0)","slide_bg":"#d9ddcf","enable_additional_button":false,"additional_button_text":"View More","additional_button_link":"","additional_button_text_color":"","additional_button_text_hover_color":""}}},"block_order":["a85c8f16-22db-4757-bb28-b0444a825a11","d12fdc65-1d39-477b-9dac-c437efe13ca5"],"settings":{"full":true,"spacing_both_ends":false,"margin":"100,0","slider_height":850,"slider_height_lap":700,"slider_height_tab":600,"slider_height_mobile":560,"video-aspect-ratio":"","content_within_container":true,"enable_box_shadow":false,"border_radius":"0","content_border_radius":"0","autoplay":false,"slideshow_speed":"5000","dots":true,"carousel_pagination_alignment":"center_pagination","carousel_pagination_bottom_alignment":"inside_element","arrows":true,"nav_arrow_position":"center-navigation","center_nav_arrow_alignment":"inside_container","navigation_button_color":"#c8cdbb","navigation_button_icon_color":"#000000","navigation_button_hover_color":"","navigation_button_hover_icon_color":"#000000","navigation_dot_color":"","navigation_dot_active_color":"","custom_class_name":"custom-type-slider2"}},"165647700897179619":{"type":"home-featured-blog","settings":{"full":false,"spacing_both_ends":false,"padding":"0,0","margin":"0,0","show_background_image":false,"background_style":"none","background_size":"auto","enable_overlay":false,"background_color":"","overlay_transparency":"0.5","section_heading":"Blog Listing","section_sub_heading":"Sub Heading","section_description":"Use this text to share the information which you like!.","section_button_text":"","section_button_link":"","section_heading_color":"","section_sub_heading_color":"","section_description_color":"","section_button_bg_color":"","section_button_text_color":"","section_button_hover_bg_color":"","section_button_hover_text_color":"","heading_position":"text-center","blog":"","blog_show_author":true,"blog_show_date":true,"blog_comments":false,"blog_show_tag":false,"blog_show_button":true,"blog_show_description":true,"enable_blog_icons":false,"block_banner_style":"grid-style","post_limit":2,"grid":"2","text_position":"text-center","enable_box_shadow":false,"vertical_position":"vertical-center","content_width":"50\/50","lap_content_width":"40\/60","overlay_style_height":400,"overlay_style":"use_overlay","overlay_color":"","overlay_opacity":"0.5","rotation_degree":"180","split_blog_layout":false,"split_gap":"30","enable_masonry_grid":false,"main_banner_style":"grid-style","additional_banner_style":"list-style","enable_masonry_reverse":false,"blog_bg_color":"","blog_link_color":"","blog_link_hover_color":"","blog_text_color":"","blog_icon_color":"","blog_button_bg_color":"","blog_button_text_color":"","blog_button_bg_hover_color":"","blog_button_text_hover_color":"","blog_link_color_overlay":"","blog_link_hover_color_overlay":"","blog_text_color_overlay":"","blog_icon_color_overlay":"","blog_button_bg_color_overlay":"","blog_button_text_color_overlay":"","blog_button_bg_hover_color_overlay":"","blog_button_text_hover_color_overlay":"","masonry_content_width":"50\/50","lap_masonry_content_width":"40\/60","enable_slider":false,"enable_auto_height":true,"items_per_view":4,"items_laptop_view":3,"items_tablet_view":2,"items_mobile_view":1,"enable_center_mode":false,"column_gap":"30","slider_autoplay":0,"dots":true,"carousel_pagination_alignment":"center_pagination","arrows":true,"nav_arrow_position":"center-navigation","center_nav_arrow_alignment":"outside_container","navigation_button_color":"","navigation_button_icon_color":"","navigation_button_hover_color":"","navigation_button_hover_icon_color":"","navigation_dot_color":"","navigation_dot_active_color":"","custom_class_name":""}},"1656477039babea96e":{"type":"slideshow","blocks":{"21ce57b2-1689-47b8-a89f-a637cb988a85":{"type":"Slider","settings":{"slider_type":"image","image":"shopify:\/\/shop_images\/sliderimg02_17196b73-be23-403a-b2e6-c4b9fcd1dc35.jpg","video_url":"https:\/\/storage.googleapis.com\/coverr-main\/mp4\/Palm_Trees.mp4","iframe_url":"","mobile_bg_clr":"","text_alignment":"text-center","content_position":"dt-sc-flex-center","show_image":false,"show_content":false,"title_2":"Sub Heading","subheading_color":"","subheading_size":"20","title":"Heading","heading_color":"","heading_size":"54","desc":"Few lines of short description.","desc_color":"","desc_size":"14","button":"Shop Now","link":"","btn_bg_color":"","btn_txt_color":"","btn_hoverbg_color":"","btn_hovertxt_color":"","button_2":"Shop Now","link_2":"","btn_bg_color_2":"","btn_txt_color_2":"","btn_hoverbg_color_2":"","btn_hovertxt_color_2":"","slide_content_bg":"","slide_bg":"","enable_additional_button":false,"additional_button_text":"View More","additional_button_link":"","additional_button_text_color":"","additional_button_text_hover_color":""}},"5deefc8f-e69b-4dcc-b158-7f9c705af8c3":{"type":"Slider","settings":{"slider_type":"image","video_url":"https:\/\/storage.googleapis.com\/coverr-main\/mp4\/Palm_Trees.mp4","iframe_url":"","mobile_bg_clr":"","text_alignment":"text-center","content_position":"dt-sc-flex-center","show_image":false,"show_content":false,"title_2":"Sub Heading","subheading_color":"","subheading_size":"20","title":"Heading","heading_color":"","heading_size":"54","desc":"Few lines of short description.","desc_color":"","desc_size":"14","button":"Shop Now","link":"","btn_bg_color":"","btn_txt_color":"","btn_hoverbg_color":"","btn_hovertxt_color":"","button_2":"Shop Now","link_2":"","btn_bg_color_2":"","btn_txt_color_2":"","btn_hoverbg_color_2":"","btn_hovertxt_color_2":"","slide_content_bg":"","slide_bg":"","enable_additional_button":false,"additional_button_text":"View More","additional_button_link":"","additional_button_text_color":"","additional_button_text_hover_color":""}}},"block_order":["21ce57b2-1689-47b8-a89f-a637cb988a85","5deefc8f-e69b-4dcc-b158-7f9c705af8c3"],"settings":{"full":true,"spacing_both_ends":false,"margin":"0,0","slider_height":850,"slider_height_lap":700,"slider_height_tab":600,"slider_height_mobile":350,"video-aspect-ratio":"","content_within_container":false,"enable_box_shadow":false,"border_radius":"0","content_border_radius":"0","autoplay":false,"slideshow_speed":"5000","dots":true,"carousel_pagination_alignment":"center_pagination","carousel_pagination_bottom_alignment":"inside_element","arrows":true,"nav_arrow_position":"navigation-bottom-center","center_nav_arrow_alignment":"inside_container","navigation_button_color":"","navigation_button_icon_color":"","navigation_button_hover_color":"","navigation_button_hover_icon_color":"","navigation_dot_color":"","navigation_dot_active_color":"","custom_class_name":""}},"16567602538ed9c2ab":{"type":"home-parallex-masonry-banner","blocks":{"6a8399e1-86cf-46d5-ae19-aafe0e520a17":{"type":"content","settings":{"block_image":"shopify:\/\/shop_images\/grid-01_d29f82b4-4fca-4aba-b9ed-bd618f1516d7.jpg","block_title":"Title","block_title_link":"","block_sub_title":"Sub title","block_description":"Short description","block_button_text":"","block_button_link":"","block_banner_bg":"","block_heading_color":"","block_sub_heading_color":"","block_description_color":"","block_button_bg_color":"","block_button_text_color":"","block_button_hover_bg_color":"","block_button_hover_text_color":""}},"db2fc3c0-e4d7-4406-bece-524c2edb2b27":{"type":"content","settings":{"block_image":"shopify:\/\/shop_images\/grid-01_d29f82b4-4fca-4aba-b9ed-bd618f1516d7.jpg","block_title":"Title","block_title_link":"","block_sub_title":"Sub title","block_description":"Short description","block_button_text":"","block_button_link":"","block_banner_bg":"","block_heading_color":"","block_sub_heading_color":"","block_description_color":"","block_button_bg_color":"","block_button_text_color":"","block_button_hover_bg_color":"","block_button_hover_text_color":""}},"b0224d93-d6ef-4eb6-ad9a-ebcf44e072c3":{"type":"content","settings":{"block_image":"shopify:\/\/shop_images\/grid02_7eb23cad-380e-4d45-aa4f-3d1fc4a7c488.jpg","block_title":"Title","block_title_link":"","block_sub_title":"Sub title","block_description":"Short description","block_button_text":"","block_button_link":"","block_banner_bg":"","block_heading_color":"","block_sub_heading_color":"","block_description_color":"","block_button_bg_color":"","block_button_text_color":"","block_button_hover_bg_color":"","block_button_hover_text_color":""}},"d6220f79-56bd-4210-9cf7-8415bd461fc7":{"type":"content","settings":{"block_image":"shopify:\/\/shop_images\/grid-01_d29f82b4-4fca-4aba-b9ed-bd618f1516d7.jpg","block_title":"Title","block_title_link":"","block_sub_title":"Sub title","block_description":"Short description","block_button_text":"","block_button_link":"","block_banner_bg":"","block_heading_color":"","block_sub_heading_color":"","block_description_color":"","block_button_bg_color":"","block_button_text_color":"","block_button_hover_bg_color":"","block_button_hover_text_color":""}},"ca0853fc-6ccc-4e8e-8eea-c2738b976aee":{"type":"content","settings":{"block_image":"shopify:\/\/shop_images\/grid-01_d29f82b4-4fca-4aba-b9ed-bd618f1516d7.jpg","block_title":"Title","block_title_link":"","block_sub_title":"Sub title","block_description":"Short description","block_button_text":"","block_button_link":"","block_banner_bg":"","block_heading_color":"","block_sub_heading_color":"","block_description_color":"","block_button_bg_color":"","block_button_text_color":"","block_button_hover_bg_color":"","block_button_hover_text_color":""}}},"block_order":["6a8399e1-86cf-46d5-ae19-aafe0e520a17","db2fc3c0-e4d7-4406-bece-524c2edb2b27","b0224d93-d6ef-4eb6-ad9a-ebcf44e072c3","d6220f79-56bd-4210-9cf7-8415bd461fc7","ca0853fc-6ccc-4e8e-8eea-c2738b976aee"],"settings":{"full":false,"spacing_both_ends":false,"padding":"0,0","margin":"100,0","show_background_image":false,"background_style":"none","background_size":"auto","enable_overlay":false,"background_color":"","overlay_transparency":"0.5","section_heading":"Html Text","section_sub_heading":"Sub Heading","section_description":"Use this text to share the information which you like!.","section_button_text":"","section_button_link":"","section_heading_color":"","section_sub_heading_color":"","section_description_color":"","section_button_bg_color":"","section_button_text_color":"","section_button_hover_bg_color":"","section_button_hover_text_color":"","heading_position":"text-center","image_height":"500","block_grid_gap":"100","custom_class_name":""}}},"order":["main","16557043640489a28b","1655705929e3e8943b","165647700897179619","1656477039babea96e","16567602538ed9c2ab"]}