{"current":{"favicon":"shopify:\/\/shop_images\/carpenter-favicon.png","preloader_enable":true,"preloader":"shopify:\/\/shop_images\/Carpenco-Preloader.gif","header_font":"karla_n4","h4_size":22,"h5_size":20,"h6_size":18,"base_font":"twentieth_century_n4","type_base_size":20,"type_base_size_tablet":18,"heading_line_height":1.3,"body_line_height":1.4,"type_additional_size":16,"type_additional_size_tablet":16,"type_additional_size_mobile":16,"custom_font_script_3":"@import url('https:\/\/fonts.googleapis.com\/css2?family=Inter&display=swap');","custom_font_family_3":"'Inter', sans-serif;","container_width":1572,"lap_container_width":1180,"tab_container_width":960,"fullwidth_gap":5,"gutter_width":30,"overall_border_radius":0,"primary_color":"#2d2a2a","secondary_color":"#c08c4d","tertiary_color":"rgba(0,0,0,0)","body_bg_color":"#ffffff","body_text_color":"#2d2a2a","overlay_color":"#c2bebe","link_color":"#1a1a1a","link_hover_color":"#c08c4d","heading_color":"#2d2a2a","product_text_color":"#707070","product_title_color":"#2d2a2a","product_title_hover_color":"#c08c4d","button_bg_color":"#c08c4d","button_text_color":"#ffffff","button_bg_hover_color":"rgba(0,0,0,0)","button_text_hover_color":"#c08c4d","button_border_color":"#c08c4d","button_hover_border_color":"#c08c4d","button_border_width":2,"button_border_radius":0,"button_padding":"14px 25px 14px 25px","blog_bg_color":"#ffffff","blog_link_color":"#1b1919","blog_link_hover_color":"#c08c4d","blog_text_color":"#6f6f6f","blog_icon_color":"#6f6f6f","blog_button_bg_color":"rgba(0,0,0,0)","blog_button_text_color":"#1b1919","blog_button_bg_hover_color":"#707070","blog_button_text_hover_color":"#ffffff","blog_link_color_overlay":"#1b1919","blog_link_hover_color_overlay":"#c08c4d","blog_text_color_overlay":"#707070","blog_icon_color_overlay":"#707070","blog_button_bg_color_overlay":"rgba(0,0,0,0)","blog_button_text_color_overlay":"#1b1919","blog_button_bg_hover_color_overlay":"#707070","blog_button_text_hover_color_overlay":"#ffffff","blog_border_radius":0,"blog_gutter_width":30,"input_padding":"5px 20px 5px 20px","shadow_color":"#c1bcbc","shadow_color_light":"#e9e9e9","title_image_enable":false,"title_image":"shopify:\/\/shop_images\/quote-icon-2.png","title_image_position":"place_on_bottom","use_breadcrumb":true,"breadcrumb_image":"shopify:\/\/shop_images\/carpenter-banner-2.png","color_image_overlay":"#2d2a2a","breadcrumb_text_color":"#ffffff","breadcrumb_text_hover_color":"#c08c4d","breadcrumb_style":"center","image_overlay_opacity":50,"breadcrumb_padding_top":80,"breadcrumb_padding_bottom":80,"breadcrumb_margin_bottom":80,"enable_quick_view":true,"show_product_swatches":true,"show_quick_shop_product_link":true,"show_quick_shop_desc":true,"show_wislist":true,"enable_scroll_to_top":true,"collections_show_sale_circle":false,"collections_show_sold_out_circle":false,"secondary_image_use":false,"offer_price_enable":false,"collections_show_new_circle":false,"display_vendor":false,"truncated_description":false,"excerpt_count":"20","enable_add_cart":true,"item_aignment":"content-center","product_button_style":"button","icon_alignment":"icon-center","enable_compare":true,"enable_wishlist":true,"display_color_variant":false,"display_item_size":false,"product_review":false,"sidebar_width":340,"product_page_sidebar":"full-width","collection_sidebar_use":"left-sidebar","blog_page_sidebar":"left-sidebar","collection_sidebar_mobile":false,"product_sidebar_mobile":true,"sidebar_title_bg":"rgba(0,0,0,0)","sidebar_title_color":"#2d2a2a","sidebar_title_border":"#e9e9e9","cart_notes_enable":false,"ajax_cart_method":"drawer","search_grid":"3","search_results_per_page":"8","enable_timer":true,"timer":"903710998572@10\/24\/2021_00:00:00","timer_button_bg":"#206469","social_twitter_link":"","social_facebook_link":"#","social_pinterest_link":"#","social_google_plus_link":"","social_instagram_link":"#","social_tumblr_link":"","social_youtube_link":"","social_vimeo_link":"","social_rss_link":"","social_linkedin_link":"","social_sharing_count":true,"share_facebook":true,"share_twitter":true,"share_pinterest":true,"share_google":true,"password_bg_color":"#e9e9e9","password_bg_img":"shopify:\/\/shop_images\/modern-jewelry-and-accessories-on-display.jpg","password_logo":"shopify:\/\/shop_images\/logo-1.png","logo_txt_color":"#2d2a2a","pwd_header_color":"#2d2a2a","pwd_show_share_buttons":false,"pwd_newsletter_enable":true,"pwd_newsletter_form_heading_clr":"#1a1a1a","pwd_newsletter_inpt_bg":"#ffffff","pwd_newsletter_btn_bg":"#c08c4d","pwd_newsletter_btn_hoverbg":"#2d2a2a","pwd_placeholder_txt":"#c08c4d","social_title_clr":"#2d2a2a","social_icon_clr":"#2d2a2a","social__icon_hoverclr":"#c08c4d","checkout_logo_image":"shopify:\/\/shop_images\/logo-1.png","checkout_logo_size":"small","checkout_body_background_color":"#ffffff","checkout_input_background_color_mode":"transparent","checkout_sidebar_background_color":"#ffffff","checkout_accent_color":"#c08c4d","checkout_button_color":"#c08c4d","sidebar_style":"grid","animae_enable":true,"favicon_enable":true,"enable_collection_sidebar":true,"enable_boxed":true,"breadcrumb_bg_image":true,"boxed_bg_color":"#ce5252","count_down_enable":true,"count_down_collections":true,"home_productdeal_time":"24 May","enable_color_swatch":true,"show_prt_quickview_desc":false,"show_smart_checkout":true,"social_sharing_style":"normal","sections":{"header":{"type":"header","blocks":{"9a293b0b-5169-4de3-b9e6-78bcfd01de73":{"type":"promo_image","settings":{"mega_1":"catalog","mega_columns":"five-column","row_reverse":false,"title_1":"Test","button_1":"click here","link_1":"shopify:\/\/collections","title_2":"","button_2":"","link_2":"","title_3":"","button_3":"","link_3":"","title_4":"","button_4":"","link_4":""}},"57e64a97-4526-462d-a088-892d198fb4ae":{"type":"product","settings":{"mega_1":"shop","mega_columns":"four-column","row_reverse":false,"product1":"dirndl-skew","product2":"fantosy-shoulder-bag","product3":"beevee-messenger-bag-1","product4":"idp-knockout-pink-running-shoes"}}},"block_order":["9a293b0b-5169-4de3-b9e6-78bcfd01de73","57e64a97-4526-462d-a088-892d198fb4ae"],"settings":{"full":false,"spacing_both_ends":false,"use_sticky_header":true,"use_sticky_mobile":true,"show_announcement":false,"hide_announcement_mobile":true,"home_page_only":true,"bg_color":"#d8f3f5","text_color":"#206469","text_hover_color":"#1a1a1a","text":"<p>Announcement <a href=\"\/collections\" target=\"_blank\" title=\"All collections\">Text<\/a><\/p>","announcement_height":100,"topbar_bg":"#281e19","disable_topbar":false,"disable_topbar_mobile":false,"header_phone":"<p>Order online or call us <a href=\"tel:(+000) 123 456789\" target=\"_blank\" title=\"tel:(+000) 123 456789\">(+000) 123 456789<\/a><\/p>","header_mail":"<p>Free 2 days standard shipping on orders $255+<\/p>","header_contact":"#ffffff","header_contact_hover":"#c08c4d","logo":"shopify:\/\/shop_images\/logo-1.png","logo_max_width":230,"menu_align":"logo_center","show_header_social":false,"search_type":"search-icon","enable_predictive_search":true,"social_icon_color":"#161616","social_icon_hover_color":"#ffffff","social_icon_bg":"#ffffff","social_icon_hover_bg":"#70bdc2","show_account":true,"show_header_cart":true,"show_header_wishlist":true,"show_header_compare":false,"icon_color":"#161616","icon_hover_color":"#c08c4d","icon_bg":"rgba(0,0,0,0)","icon_hover_bg":"rgba(0,0,0,0)","enable_menu_indicator":true,"pick_menu":"main-menu","show_secondary_menu":false,"secondary_menu":"","header_bg":"#ffffff","menu_color":"#161616","menu_active_color":"#c08c4d","menu_active_bg":"rgba(0,0,0,0)","mega_menu_bg":"#ffffff","submenu_color":"#707070","submenu_hover_color":"#c08c4d","font_size":16,"font_size_sub":16,"show_header_currency":true}},"modal-newsletter":{"type":"modal-newsletter","settings":{"enable_newsletter_modal":true,"dt_sc_cookie-expires":4,"dt_sc_cookie-modal-delay":"1000","overlay_background_color":"#000000","overlay_background_transparency":"0.95","block_text_align":"text-center","dt_sc_modal_bg_image":"shopify:\/\/shop_images\/mob-2.jpg","enable_overlay":true,"background_color":"#ffffff","overlay_transparency":"0.85","form_style":"style-5","form_gap":"15px","dt_sc_cookie_sub_title":"Huge Discount","dt_sc_cookie-modal-title":"GET <span>10%<\/span> OFF","dt_sc_cookie-modal-content":"Subscribe now and receive a discount on your first order","dt_sc_newsletter_additional_content":"Signup for exclusive updates","enable_social_icon":true,"section_title_color":"#2d2a2a","section_sub_title_color":"#2d2a2a","form_bg":"#ffffff","button_bg_color":"#c08c4d","button_text_color":"#ffffff","button_hover_bg_color":"#ffffff","button_hover_text_color":"#c08c4d","additional_text_color":"#707070","social_icon_color":"#2d2a2a","social_icon_hover_color":"#c08c4d"}},"product-recommendations":{"type":"product-recommendations","settings":{"show_product_recommendations":true,"heading":"Recommended products","heading_position":"text-center"}},"footer":{"type":"footer","blocks":{"afc0bfe5-b612-43e7-aba1-5ae7a3f3ad84":{"type":"logo","settings":{"title":"","text":"Condimentum adipiscing vel neque dis nam parturient orci at scelerisque neque dis\nnam parturient. <br><br>Address: No: 58 A, East Madison Street, Baltimore, MD, USA 4508 <br>Phone: (000) 123-456789<br>Fax: (000) 123-456789<br>","link_text":"Know more","url":"","footer_btn_color":"#206469","footer_btn_bg":"#206469","footer_btn_hover_color":"#206469","footer_btn_hover_bg":"#206469","logo":"shopify:\/\/shop_images\/logo-1.png","footer_logo_height":26,"container_width":25,"column_alignment":"text-start"}},"fc673e94-de81-455f-bc70-636c5e5a8c60":{"type":"menu","settings":{"title":"Help","menu":"footer-1","container_width":15,"column_alignment":"text-start"}},"28a557d9-cccb-40c8-a425-5693a91b930e":{"type":"menu","settings":{"title":"Information","menu":"information","container_width":20,"column_alignment":"text-start"}},"41b5c7df-7e8f-4758-956b-fb797bcf90cf":{"type":"menu","settings":{"title":"Support","menu":"support","container_width":20,"column_alignment":"text-start"}},"1cedd82b-7b0f-406b-b298-14b7b7e3c6e5":{"type":"blog","disabled":true,"settings":{"title":"Recent posts","blog":"news","container_width":20,"column_alignment":"text-start"}}},"block_order":["afc0bfe5-b612-43e7-aba1-5ae7a3f3ad84","fc673e94-de81-455f-bc70-636c5e5a8c60","28a557d9-cccb-40c8-a425-5693a91b930e","41b5c7df-7e8f-4758-956b-fb797bcf90cf","1cedd82b-7b0f-406b-b298-14b7b7e3c6e5"],"settings":{"full":false,"spacing_both_ends":false,"padding":"70,25","top_space":90,"footer_bg_clr":"rgba(0,0,0,0)","color_opacity":0,"footer_bg_img":true,"image_1":"shopify:\/\/shop_images\/footer-bg.png","segmented_bg_clr":"#70bdc2","show_footer_title":true,"footer_heading_clr":"#fafafa","footer_txt_clr":"#fafafa","footer_link_clr":"#fafafa","footer_link_hover_clr":"#c08c4d","footer__bottom_bg":"rgba(0,0,0,0)","footer_color":"#ffffff","footer_link_hover":"#70bdc2","color_borders":"#545454","show_payment_icons":true,"show_copyright":true,"show_social":false,"social_placement":"footer_bottom","social_style":"inline","newsletter_placement":"default","payment_placement":"default","footer_menu_style":"vertical","enable_inline_footer_menu":false,"footer":"footer","copyright_text":"Design Themes","copyright_link":"#","copyright_link_color":"#ffffff","copyright_link_color_hover":"#c08c4d"}},"gdpr-cookies":{"type":"gdpr-cookies","settings":{"show_gdpr":true,"style":"bottom","enable_box_shadow":false,"text":"Please click Accept Cookies to continue to use the site.","accept":"Accept","decline":"Decline","bg_color":"#2d2a2a","text_color":"#ffffff","button_bg_color":"#c08c4d","button_text_color":"#ffffff","button_text_hover_color":"#c08c4d","button_bg_hover_color":"#ffffff","button_padding":"6px 16px 6px 16px"}},"related-products":{"type":"related-products","settings":{"show_related_products":true,"title":"Related products","heading_position":"text-center","grid":"5","rows":"1","enable_slider":true,"enable_auto_height":true,"autoplay":true,"pagination":false,"carousel_pagination_alignment":"center_pagination","carousel_pagination_bottom_alignment":"inside_element","navigation":true,"nav_arrow_position":"navigation-bottom-center","center_nav_arrow_alignment":"inside_container","navigation_button_color":"#206469","navigation_button_icon_color":"#ffffff","navigation_button_hover_color":"#70bdc2","navigation_button_hover_icon_color":"#ffffff","navigation_dot_color":"#206469","navigation_dot_active_color":"#70bdc2","column_gap":"30"}},"recently-viewed-products":{"type":"recently-viewed-products","settings":{"show_product_recently":true,"title":"Recently viewed products","heading_position":"text-center","items_to_show":"4"}},"customer-purchased":{"type":"customer-purchased","blocks":{"a99cf698-9b20-4fae-b092-53ec06ddc104":{"type":"image","settings":{"product":"apron-with-pockets","from":"Texas, US","time":"10 minutes ago"}},"9d66bd40-a2ec-4683-a573-704c38a7a0e9":{"type":"image","settings":{"product":"caliper","from":"Newyork, US","time":"45 minutes ago"}},"230b0ecb-020f-4c39-bf47-52b587056412":{"type":"image","settings":{"product":"hand-saw","from":"Chennai, India","time":"19 minutes ago"}},"8dbb4b4f-d9ca-4553-b804-4271607154ff":{"type":"image","settings":{"product":"steel-nail","from":"Sydney, Australia","time":"27 minutes ago"}}},"block_order":["a99cf698-9b20-4fae-b092-53ec06ddc104","9d66bd40-a2ec-4683-a573-704c38a7a0e9","230b0ecb-020f-4c39-bf47-52b587056412","8dbb4b4f-d9ca-4553-b804-4271607154ff"],"settings":{"display_recent_purchase":false,"placement":"right","text":"Someone recently bought"}},"home-featured-product":{"type":"home-featured-product","settings":{"featured_product":"dirndl-skew","gallery_type":"thumbnails_horizontal","enable_zoom":true,"enable_video_looping":true,"show_variants_swatches":true,"show_product_vendor":true,"show_product_type":true,"show_product_sku":true,"show_product_quantity":true,"display_back_in_stock":true,"show_quantity_selector":true,"show_checkout":true}},"contact":{"type":"contact","settings":{"full":false,"spacing_both_ends":false,"padding":"10,10","margin":"0,0","section_heading":"Contact us","section_sub_heading":"Sub Heading","section_description":"Use this text to share the information which you like!.","section_button_text":"","section_heading_color":"","section_sub_heading_color":"","section_description_color":"","section_button_bg_color":"","section_button_text_color":"","section_button_hover_bg_color":"","section_button_hover_text_color":"","heading_position":"text-center","contact_layout":"left_iconblock_form_inline","enable_gmap":true,"contact_iframe_code":"<iframe width=\"1920\" height=\"578\" style=\"border:0;overflow:hidden;\" src=\"https:\/\/maps.google.co.in\/?ie=UTF8&t=m&ll=-37.823006,144.977388&spn=0.02034,0.042915&z=14&output=embed\"><\/iframe>","enable_contact_info":true,"contactborder_color":"","contact_hvrborder_color":"","icontactheading_color":"","contacticon_bg_color":"","contacticon_color":"","contacticon_hoverbg_color":"","contacticonhover_color":"","contact_phone":true,"contact_module_contact_phonetitle":"Phone","contact_icon_1":"fa fa-phone","contact_phone1":"<b>Toll-Free: <\/b> 0803 - 080 - 3081","contact_phone2":"<b>Fax: <\/b> 0803 - 080 - 3082","contact_module_email":true,"contact_module_contact_title":"Email","contact_icon_2":"fa fa-envelope","contact_module_email1":"mail@example.com","contact_module_email2":"support@somemail.com","contact_module_address":true,"contact_module_address_title":"Address","contact_icon_3":"fa fa-location-arrow","contact_module_address1":"No: 58 A, East Madison Street,","contact_module_address2":"Baltimore, MD, USA\n4508","enable_contact_form":true,"contact_form_title":"Contact Form"}},"password-header":{"type":"password-header","settings":{}},"password-content":{"type":"password-content","settings":{}},"password-footer":{"type":"password-footer","settings":{}},"faq-template":{"type":"faq-template","blocks":{"1b4b54c9-8880-4fe6-9658-1dc17d72ad38":{"type":"icon","settings":{"title":"How will my order be delivered to me?","desc":"Eget dolor morbi non arcu risus quis varius quam quisque. Eleifend donec pretium vulputate sapien nec sagittis aliquam malesuada. Feugiat pretium nibh ipsum consequat nisl vel pretium lectus. Eu volutpat odio facilisis mauris sit amet. Eu non diam phasellus vestibulum. Dictum varius duis at consectetur lorem donec massa sapien. Condimentum mattis pellentesque id nibh tortor id. Fermentum posuere urna nec tincidunt praesent semper."}},"c9ef30d7-2afe-4f1c-bc34-b622971ed9fa":{"type":"class","settings":{"class":"fa fa-home","title":"What do I need to know?","desc":"Marques ispum serum rekoiox querm et dolore magna aliqua consectetur adipiscing elit, sed do eiusmod tempor incididunt ut labore et dolore magna aliqua. Ut enim ad minim veniam, quis nostrud exercitation ullamco laboris nisi ut aliquip ex ea commodo consequat. Duis aute irure dolor in reprehenderit in voluptate velit esse cillum dolore eu fugiat nulla pariatur. Excepteur sint occaecat cupidatat non proident, sunt in culpa qui official."}},"a3c85361-4155-41db-a597-f45ffe6f4f79":{"type":"icon","settings":{"title":"How will I know if order is placed successfully?","desc":"Duis ultricies lacus sed turpis tincidunt id aliquet risus feugiat. Gravida dictum fusce ut placerat orci. Et leo duis ut diam quam nulla porttitor massa. Ipsum nunc aliquet bibendum enim. Arcu bibendum at varius vel pharetra. Risus nullam eget felis eget nunc lobortis. Ut etiam sit amet nisl purus in. Nibh nisl condimentum id venenatis a condimentum. Dignissim enim sit amet venenatis urna. Mauris rhoncus aenean vel elit. Diam sollicitudin tempor."}},"de481203-ef2b-458c-a7dd-23f343b404cf":{"type":"icon","settings":{"title":"How do I check the status of my order?","desc":"Sagittis eumarques oifficiej qierea volutpat odio facilisis mauris. Amet dictum sit amet justo. Ac orci phasellus egestas tellus rutrum tellus pellentesque eu tincidunt. Diam quis enim lobortis scelerisque fermentum dui faucibus in ornare. Sed id semper risus in hendrerit. Facilisis sed odio morbi quis commodo odio. Sed pulvinar proin gravida hendrerit lectus a. Integer enim neque volutpat ac tincidunt. Quis auctor elit sed vulputate mi."}},"27c2ea4f-86a3-4d28-9a60-42d7df2b03c8":{"type":"icon","settings":{"title":"Can I cancel my order?","desc":"Imperdiet dui accumsan sit amet nulla. Eget sit amet tellus cras adipiscing enim eu turpis egestas. Faucibus purus in massa tempor. Mi tempus imperdiet nulla malesuada. Lacus sed viverra tellus in hac habitasse. Mauris nunc congue nisi vitae suscipit tellus mauris. Dignissim sodales ut eu sem integer vitae. Aenean euismod elementum nisi quis. A condimentum vitae sapien pellentesque habitant morbi. Tempor id eu nisl nunc mi marques."}}},"block_order":["1b4b54c9-8880-4fe6-9658-1dc17d72ad38","c9ef30d7-2afe-4f1c-bc34-b622971ed9fa","a3c85361-4155-41db-a597-f45ffe6f4f79","de481203-ef2b-458c-a7dd-23f343b404cf","27c2ea4f-86a3-4d28-9a60-42d7df2b03c8"],"settings":{"full":false,"spacing_both_ends":false,"section_heading":"FREQUENTLY ASKED QUESTIONS","section_sub_heading":"","section_description":"","section_button_text":"","section_button_link":"","section_heading_color":"#000000","section_sub_heading_color":"#000000","section_description_color":"#000000","section_button_bg_color":"#206469","section_button_text_color":"#ffffff","section_button_hover_bg_color":"#70bdc2","section_button_hover_text_color":"#ffffff","heading_position":"text-center","block_style":"default-style","text_position":"text-start","border_radius":"0","enable_box_shadow":false,"enable_heading_icons":false,"faq_icon_size":"30","enable_segmented_layout":true,"segmented_layout_gap":"15","faq_heading_color":"#ffffff","faq_heading_bg_color":"#c08c4d","faq_content_color":"#1a1a1a","faq_content_bg_color":"#f7f7f7","custom_class_name":"faq-section"}},"inner-page-team-section":{"type":"inner-page-team-section","blocks":{"87423189-7920-4045-99e2-148c25a11979":{"type":"content","settings":{"image":"shopify:\/\/shop_images\/support-block-image.jpg","name":"Name","designation":"Customer support","facebook":"#","twitter":"#","pinterest":"#","youtube":"#"}},"8e98ff50-12a4-4169-8919-91f92bd960a3":{"type":"content","settings":{"image":"shopify:\/\/shop_images\/support-block-image.jpg","name":"Name","designation":"Customer support","facebook":"#","twitter":"#","pinterest":"#","youtube":"#"}},"af12c133-f72e-4a02-a6a1-e161127752eb":{"type":"content","settings":{"image":"shopify:\/\/shop_images\/support-block-image.jpg","name":"Name","designation":"Customer support","facebook":"#","twitter":"#","pinterest":"#","youtube":"#"}},"1568878c-641d-4f2b-8110-53208a8b8555":{"type":"content","settings":{"image":"shopify:\/\/shop_images\/support-block-image.jpg","name":"Name","designation":"Customer support","facebook":"#","twitter":"#","pinterest":"#","youtube":"#"}}},"block_order":["87423189-7920-4045-99e2-148c25a11979","8e98ff50-12a4-4169-8919-91f92bd960a3","af12c133-f72e-4a02-a6a1-e161127752eb","1568878c-641d-4f2b-8110-53208a8b8555"],"settings":{"enable":true,"full":false,"spacing_both_ends":false,"padding":"10,10","margin":"0,0","show_background_image":false,"background_style":"default","enable_overlay":false,"background_color":"","overlay_transparency":"0.5","section_heading":"inner-page our team","section_sub_heading":"Sub Heading","section_description":"Use this text to share the information which you like!.","section_button_text":"","section_button_link":"","section_heading_color":"","section_sub_heading_color":"","section_description_color":"","section_button_bg_color":"","section_button_text_color":"","section_button_hover_bg_color":"","section_button_hover_text_color":"","heading_position":"text-center","column":"four-column","block_heading_color":"","block_designation_color":"","block_bg":"","block_social_icon_bg_color":"","block_social_icon_color":"","block_social_icon_hover_bg_color":"","block_social_icon_hover_color":""}},"1625463344dad1f849":{"type":"slideshow","blocks":{"4c516436-6dbf-4e7a-9a98-247eb52ed300":{"type":"Slider","settings":{"mobile_bg_clr":"","text_alignment":"text-center","content_position":"dt-sc-flex-center","show_image":false,"title_2":"Sub Heading","subheading_color":"","subheading_size":"20","title":"Heading","heading_color":"","heading_size":"54","desc":"Few lines of short description.","desc_color":"","desc_size":"14","button":"Shop Now","link":"","btn_bg_color":"","btn_txt_color":"","btn_hoverbg_color":"","btn_hovertxt_color":"","button_2":"","link_2":"","btn_bg_color_2":"","btn_txt_color_2":"","btn_hoverbg_color_2":"","btn_hovertxt_color_2":"","slide_content_bg":""}},"7a7d1364-f948-4c91-984f-e95ae233b188":{"type":"Slider","settings":{"mobile_bg_clr":"","text_alignment":"text-center","content_position":"dt-sc-flex-center","show_image":false,"title_2":"Sub Heading","subheading_color":"","subheading_size":"20","title":"Heading","heading_color":"","heading_size":"54","desc":"Few lines of short description.","desc_color":"","desc_size":"14","button":"Shop Now","link":"","btn_bg_color":"","btn_txt_color":"","btn_hoverbg_color":"","btn_hovertxt_color":"","button_2":"","link_2":"","btn_bg_color_2":"","btn_txt_color_2":"","btn_hoverbg_color_2":"","btn_hovertxt_color_2":"","slide_content_bg":""}}},"block_order":["4c516436-6dbf-4e7a-9a98-247eb52ed300","7a7d1364-f948-4c91-984f-e95ae233b188"],"settings":{"full":true,"spacing_both_ends":false,"margin":"0,0","slider_height":850,"slider_height_lap":700,"slider_height_tab":600,"slider_height_mobile":350,"content_within_container":false,"enable_box_shadow":false,"border_radius":"0","content_border_radius":"0","autoplay":false,"slideshow_speed":"5000","dots":true,"carousel_pagination_alignment":"center_pagination","carousel_pagination_bottom_alignment":"inside_element","arrows":false,"nav_arrow_position":"navigation-bottom-center","center_nav_arrow_alignment":"outside_container","navigation_button_color":"","navigation_button_icon_color":"","navigation_button_hover_color":"","navigation_button_hover_icon_color":"","navigation_dot_color":"","navigation_dot_active_color":"","custom_class_name":""}},"16254637395b779024":{"type":"home-product-carousel","settings":{"full":false,"spacing_both_ends":false,"padding":"0,0","margin":"100,100","show_background_image":false,"background_style":"default","enable_overlay":false,"background_color":"","overlay_transparency":"0.5","section_heading":"Product Carousel","section_sub_heading":"","section_description":"","section_button_text":"","section_button_link":"","section_heading_color":"","section_sub_heading_color":"","section_description_color":"","section_button_bg_color":"","section_button_text_color":"","section_button_hover_bg_color":"","section_button_hover_text_color":"","heading_position":"text-start","grouped_content_bg":"","grouped_column_gap":"30","grouped_content_padding":"0","group_border_radius":"0","enable_group_box_shadow":false,"reverse_column":false,"content_width":"30\/70","lap_content_width":"35\/65","additional_block_background_color":"","additional_block_box_shadow":false,"additional_content_padding":"0","additional_block_border_radius":"0","enable_main_content":true,"main_block_background_color":"","enable_main_block_box_shadow":false,"main_block_border_radius":"0","main_content_padding":"0","collection":"","column_gap":"30","border_radius":"0","enable_list_view":false,"grid":"4","post_limit":2,"enable_slider":false,"items_per_view":4,"rows":3,"slider_autoplay":0,"enable_auto_height":false,"dots":false,"carousel_pagination_alignment":"center_pagination","carousel_pagination_bottom_alignment":"outside_element","arrows":false,"nav_arrow_position":"navigation-top-right","center_nav_arrow_alignment":"inside_container","navigation_button_color":"","navigation_button_icon_color":"","navigation_button_hover_color":"","navigation_button_hover_icon_color":"","navigation_dot_color":"","navigation_dot_active_color":"","custom_class_name":""}},"16254638834e702403":{"type":"home-grid-banner","blocks":{"16254638834e702403-0":{"type":"content","settings":{"show_image":true,"block_title":"Title","block_sub_title":"","block_description":"Pair text with an image to focus on your chosen product, collection, or blog post. Add details on availability, style, or even provide a review.","block_button_text":"Button","block_button_link":"shopify:\/\/collections\/best-collections","block_text_align":"text-start","content_position":"center-left","reverse_column":false,"block_banner_bg":"","block_content_box_bg":"","block_heading_color":"","block_sub_heading_color":"","block_description_color":"","block_button_bg_color":"","block_button_text_color":"","block_button_hover_bg_color":"","block_button_hover_text_color":"","overlay_style":"use_overlay","overlay_color":"","overlay_opacity":"0.5","rotation_degree":"180"}}},"block_order":["16254638834e702403-0"],"settings":{"full":false,"spacing_both_ends":false,"padding":"0,0","margin":"0,0","show_background_image":false,"background_style":"default","enable_overlay":false,"background_color":"","overlay_transparency":"0.5","section_heading":"","section_sub_heading":"","section_description":"","section_button_text":"","section_button_link":"","section_heading_color":"","section_sub_heading_color":"","section_description_color":"","section_button_bg_color":"","section_button_text_color":"","section_button_hover_bg_color":"","section_button_hover_text_color":"","heading_position":"text-center","block_banner_style":"list","column_gap":"30","grid":"2","border_radius":"0","enable_box_shadow":false,"equal_height":false,"content_width":"50\/50","lap_content_width":"40\/60","overlay_style_height":600,"overlay_style_height_laptop":500,"overlay_style_height_mobile":400,"custom_class_name":""}},"162546445354753e59":{"type":"home-featured-blog","settings":{"full":false,"spacing_both_ends":false,"padding":"100,100","margin":"100,100","show_background_image":false,"background_style":"default","enable_overlay":true,"background_color":"","overlay_transparency":"0.5","section_heading":"Blog Listing","section_sub_heading":"","section_description":"","section_button_text":"","section_button_link":"","section_heading_color":"","section_sub_heading_color":"","section_description_color":"","section_button_bg_color":"","section_button_text_color":"","section_button_hover_bg_color":"","section_button_hover_text_color":"","heading_position":"text-center","blog":"news","blog_show_author":true,"blog_show_date":true,"blog_comments":false,"blog_show_tag":false,"blog_show_button":true,"blog_show_description":true,"enable_blog_icons":false,"block_banner_style":"grid-style","post_limit":1,"grid":"1","text_position":"text-center","enable_box_shadow":false,"vertical_position":"vertical-center","content_width":"50\/50","lap_content_width":"40\/60","overlay_style_height":400,"overlay_style":"use_overlay","overlay_color":"","overlay_opacity":"0.5","rotation_degree":"180","split_blog_layout":false,"split_gap":"30","enable_masonry_grid":false,"main_banner_style":"grid-style","additional_banner_style":"list-style","enable_masonry_reverse":false,"blog_bg_color":"","blog_link_color":"","blog_link_hover_color":"","blog_text_color":"","blog_icon_color":"","blog_button_bg_color":"","blog_button_text_color":"","blog_button_bg_hover_color":"","blog_button_text_hover_color":"","blog_link_color_overlay":"","blog_link_hover_color_overlay":"","blog_text_color_overlay":"","blog_icon_color_overlay":"","blog_button_bg_color_overlay":"","blog_button_text_color_overlay":"","blog_button_bg_hover_color_overlay":"","blog_button_text_hover_color_overlay":"","masonry_content_width":"50\/50","lap_masonry_content_width":"40\/60","enable_slider":false,"enable_auto_height":true,"items_per_view":2,"column_gap":"30","slider_autoplay":0,"dots":true,"carousel_pagination_alignment":"center_pagination","arrows":true,"nav_arrow_position":"center-navigation","center_nav_arrow_alignment":"outside_container","navigation_button_color":"","navigation_button_icon_color":"","navigation_button_hover_color":"","navigation_button_hover_icon_color":"","navigation_dot_color":"","navigation_dot_active_color":"","custom_class_name":""}},"1625464732dee99c61":{"type":"home-masonry-banner","blocks":{"1625464732dee99c61-0":{"type":"content","settings":{"show_image":true,"block_title":"Title","block_sub_title":"Sub title","block_description":"Short description","block_button_text":"","block_button_link":"","block_text_align":"text-center","content_position":"center","image_position":"center","reverse_column":false,"block_banner_bg":"","block_heading_color":"","block_sub_heading_color":"","block_description_color":"","block_button_bg_color":"","block_button_text_color":"","block_button_hover_bg_color":"","block_button_hover_text_color":"","overlay_style":"use_overlay","overlay_color":"","overlay_opacity":"0.5","rotation_degree":"180"}},"1625464732dee99c61-1":{"type":"content","settings":{"show_image":true,"block_title":"Title","block_sub_title":"Sub title","block_description":"Short description","block_button_text":"","block_button_link":"","block_text_align":"text-center","content_position":"center","image_position":"center","reverse_column":false,"block_banner_bg":"","block_heading_color":"","block_sub_heading_color":"","block_description_color":"","block_button_bg_color":"","block_button_text_color":"","block_button_hover_bg_color":"","block_button_hover_text_color":"","overlay_style":"use_overlay","overlay_color":"","overlay_opacity":"0.5","rotation_degree":"180"}}},"block_order":["1625464732dee99c61-0","1625464732dee99c61-1"],"settings":{"full":false,"spacing_both_ends":false,"padding":"0,0","margin":"0,0","show_background_image":false,"background_style":"default","enable_overlay":false,"background_color":"","overlay_transparency":"0.5","section_heading":"Masonry grid banner","section_sub_heading":"Sub Heading","section_description":"Use this text to share the information which you like!.","section_button_text":"","section_button_link":"","heading_position":"text-center","section_heading_color":"","section_sub_heading_color":"","section_description_color":"","section_button_bg_color":"","section_button_text_color":"","section_button_hover_bg_color":"","section_button_hover_text_color":"","main_banner_style":"overlay","block_banner_style":"overlay","reverse_column":false,"column_gap":"30px","enable_box_shadow":false,"border_radius":"0","content_width":"65\/35","lap_content_width":"40\/60","primary_text_align":"text-center","primary_position":"center","primary_title":"Title","primary_sub_title":"Sub title","primary_description":"Short description","primary_button_text":"","primary_button_link":"","primary_banner_bg":"","primary_heading_color":"","primary_sub_heading_color":"","primary_description_color":"","primary_button_bg_color":"","primary_button_text_color":"","primary_button_hover_bg_color":"","primary_button_hover_text_color":"","overlay_style":"use_overlay","overlay_color":"","overlay_opacity":"0.5","rotation_degree":"180","block_style":"style-2","overlay_style_height":300,"overlay_style_height_laptop":550,"overlay_style_height_tab":500,"overlay_style_height_mobile":450,"custom_class_name":""}},"gift_card-logo":{"type":"gift_card-logo","settings":{"logo":"shopify:\/\/shop_images\/thumb-image-new.png","logo_max_width":100}},"inner-page-icon-box-section":{"type":"inner-page-icon-box-section","blocks":{"3c98ef58-587f-42ef-bc8f-fc2e60a3d296":{"type":"content","settings":{"font_icon":"fa fa-lightbulb-o","title":"Heading","text":"Sed vestibulum nulla elementum auctor tincidunt. Aliquam sit amet cursus mauris. Sed vitae mattis ipsum. Vestibulum enim nulla, sollicitudin ac hendrerit nec, tempor quis nisl","reverse_column":false}},"c10679fa-6991-4f87-8766-ec6ef0bf5043":{"type":"content","settings":{"font_icon":"fa fa-lightbulb-o","title":"Heading","text":"Sed vestibulum nulla elementum auctor tincidunt. Aliquam sit amet cursus mauris. Sed vitae mattis ipsum. Vestibulum enim nulla, sollicitudin ac hendrerit nec, tempor quis nisl","reverse_column":false}},"70b8f2f4-60d8-42b8-adb8-351c70f3ff8a":{"type":"content","settings":{"font_icon":"fa fa-lightbulb-o","title":"Heading","text":"Sed vestibulum nulla elementum auctor tincidunt. Aliquam sit amet cursus mauris. Sed vitae mattis ipsum. Vestibulum enim nulla, sollicitudin ac hendrerit nec, tempor quis nisl","reverse_column":false}},"8f28431a-bd31-4d2e-b83a-72918193f020":{"type":"content","settings":{"font_icon":"fa fa-lightbulb-o","title":"Heading","text":"Sed vestibulum nulla elementum auctor tincidunt. Aliquam sit amet cursus mauris. Sed vitae mattis ipsum. Vestibulum enim nulla, sollicitudin ac hendrerit nec, tempor quis nisl","reverse_column":false}},"a8dfa4dd-777e-479f-a22d-1ad3c84a8955":{"type":"content","settings":{"font_icon":"fa fa-lightbulb-o","title":"Heading","text":"Sed vestibulum nulla elementum auctor tincidunt. Aliquam sit amet cursus mauris. Sed vitae mattis ipsum. Vestibulum enim nulla, sollicitudin ac hendrerit nec, tempor quis nisl","reverse_column":false}},"0b829aec-c868-494e-9102-8edfe7a8cfa1":{"type":"content","settings":{"font_icon":"fa fa-lightbulb-o","title":"Heading","text":"Sed vestibulum nulla elementum auctor tincidunt. Aliquam sit amet cursus mauris. Sed vitae mattis ipsum. Vestibulum enim nulla, sollicitudin ac hendrerit nec, tempor quis nisl","reverse_column":false}}},"block_order":["3c98ef58-587f-42ef-bc8f-fc2e60a3d296","c10679fa-6991-4f87-8766-ec6ef0bf5043","70b8f2f4-60d8-42b8-adb8-351c70f3ff8a","8f28431a-bd31-4d2e-b83a-72918193f020","a8dfa4dd-777e-479f-a22d-1ad3c84a8955","0b829aec-c868-494e-9102-8edfe7a8cfa1"],"settings":{"enable":true,"full":false,"spacing_both_ends":false,"padding":"0,0","margin":"0,0","show_background_image":false,"background_style":"default","enable_overlay":false,"background_color":"#f5f5f5","overlay_transparency":"0.5","section_heading":"Icon box section","section_sub_heading":"Sub Heading","section_description":"","section_button_text":"","section_button_link":"","section_heading_color":"#2d2a2a","section_sub_heading_color":"#989898","section_description_color":"","section_button_bg_color":"","section_button_text_color":"","section_button_hover_bg_color":"","section_button_hover_text_color":"","heading_position":"text-center","grid":"3","block_heading_color":"#2d2a2a","block_description_color":"#707070","block_icon_bg_color":"","block_icon_color":"#2d2a2a","block_icon_bg_hover_color":"","block_icon_hover_color":"#c08c4d"}},"inner-page-icon-text-section":{"type":"inner-page-icon-text-section","blocks":{"d3c77c16-5791-4eef-9ff0-e9a0f58ee219":{"type":"content","settings":{"image":"shopify:\/\/shop_images\/services_icon05.png","title":"Repairing","block_button_link":"shopify:\/\/collections","text":"Mi in nulla posuere sollicitudin aliquam ultrices. Etiam tempor orci eu lobortis."}},"fac9975c-251f-4c81-a782-01266db6044d":{"type":"content","settings":{"image":"shopify:\/\/shop_images\/services_icon06.png","title":"Customise","block_button_link":"shopify:\/\/collections","text":"Elementum nibh tellus molestie. Ipsum suspendisse ultrices gravida dictum."}},"ff646fa8-2824-40af-9ea7-65c6763b866b":{"type":"content","settings":{"image":"shopify:\/\/shop_images\/services_icon02.png","title":"Repainting","block_button_link":"shopify:\/\/collections","text":"Risus quis varius quam quisque id diam vel quam. Aliquet bibendum enim."}},"6bbf5679-a9d3-419b-af84-46044790dfbb":{"type":"content","settings":{"image":"shopify:\/\/shop_images\/services_icon_04.png","title":"Trendy Look","block_button_link":"shopify:\/\/collections","text":"Varius duis at consectetur lorem donec massa sapien faucibus et. Tellus rutrum."}},"d2de37c3-a920-49e0-b237-904b6751e892":{"type":"content","settings":{"image":"shopify:\/\/shop_images\/services_icon_01.png","title":"Manual Works","block_button_link":"shopify:\/\/collections","text":"tellus pellentesque eu tincidunt tortor aliquam  sit amet commodo nulla."}},"fded508d-e295-46a3-a757-42832f5c8b0b":{"type":"content","settings":{"image":"shopify:\/\/shop_images\/services_icon03.png","title":"Maintaining","block_button_link":"shopify:\/\/collections","text":"Turpis massa sed elementum tempus egestas sed sed risus pretium."}}},"block_order":["d3c77c16-5791-4eef-9ff0-e9a0f58ee219","fac9975c-251f-4c81-a782-01266db6044d","ff646fa8-2824-40af-9ea7-65c6763b866b","6bbf5679-a9d3-419b-af84-46044790dfbb","d2de37c3-a920-49e0-b237-904b6751e892","fded508d-e295-46a3-a757-42832f5c8b0b"],"settings":{"enable":true,"full":false,"spacing_both_ends":false,"padding":"0,0","margin":"0,50","show_background_image":false,"background_style":"default","enable_overlay":false,"background_color":"","overlay_transparency":"0.5","section_heading":"Gratifying Customers","section_sub_heading":"Best Service","section_description":"","section_button_text":"","section_button_link":"","section_heading_color":"#2d2a2a","section_sub_heading_color":"#989898","section_description_color":"","section_button_bg_color":"","section_button_text_color":"","section_button_hover_bg_color":"","section_button_hover_text_color":"","heading_position":"text-center","column":"three-column","block_heading_color":"#2d2a2a","block_description_color":"#707070","block_image_bg_color":"rgba(0,0,0,0)","block_image_bg_hover_color":"rgba(0,0,0,0)"}},"inner-page-image-with-icon-section-type-2":{"type":"inner-page-image-with-icon-section-type-2","blocks":{"f9ee9097-170d-418f-87c6-314b55746332":{"type":"content","settings":{"font_icon":"fa fa-magic","title":"Perfectly Furnished","block_button_link":"shopify:\/\/collections","text":"Maecenas pharetra convallis posuere morbi leo urna molestie. Porta nibh venenatis cras sed felis eget velit. Neque ornare aenean euismod elementum nisi quis eleifend quam."}},"aba30580-d725-4f62-9172-9fde12304a68":{"type":"content","settings":{"font_icon":"fa fa-link","title":"Unique Designs","block_button_link":"shopify:\/\/collections","text":"Sed sed risus pretium quam vulputate dignissim suspendisse. Vel orci porta non pulvinar neque. Gravida dictum fusce ut placerat orci nulla pellentesque Dictum at tempor."}},"28a64c10-cf5b-4366-b743-7ecf8f302ca5":{"type":"content","settings":{"font_icon":"fa fa-recycle","title":"Happy Customers","block_button_link":"shopify:\/\/collections","text":"Commodo ullamcorper a lacus vestibulum sed. Diam maecenas ultricies mi eget mauris pharetra et ultrices. Massa id neque aliquam vestibulum morbi blandit cursus risus at."}}},"block_order":["f9ee9097-170d-418f-87c6-314b55746332","aba30580-d725-4f62-9172-9fde12304a68","28a64c10-cf5b-4366-b743-7ecf8f302ca5"],"settings":{"enable":true,"full":false,"spacing_both_ends":false,"padding":"80,50","margin":"0,0","show_background_image":false,"background_style":"default","enable_overlay":true,"background_color":"#f6f6f6","overlay_transparency":"1","section_heading":"","section_sub_heading":"","section_description":"","section_button_text":"","section_button_link":"","section_heading_color":"","section_sub_heading_color":"","section_description_color":"","section_button_bg_color":"","section_button_text_color":"","section_button_hover_bg_color":"","section_button_hover_text_color":"","heading_position":"text-center","image":"shopify:\/\/shop_images\/services_01.jpg","main_title":"","sub_title":"","block_heading_color":"#2d2a2a","block_description_color":"#707070","block_icon_bg_color":"","block_icon_color":"#2d2a2a","block_icon_bg_hover_color":"rgba(0,0,0,0)","block_icon_hover_color":"#c08c4d"}},"inner-page-number-counter-section":{"type":"inner-page-number-counter-section","blocks":{"b2f675ef-788a-46fd-9d6a-722a3e3c705b":{"type":"icon","settings":{"icon":"shopify:\/\/shop_images\/services_001.png","title":"","text":"Designers","value":"90","value_text":""}},"450bda75-8d20-49b9-9086-683086d7eb79":{"type":"icon","settings":{"icon":"shopify:\/\/shop_images\/services_003.png","title":"","text":"Partners","value":"50","value_text":""}},"d697f6b7-0392-4a71-8f63-c5058edd341c":{"type":"icon","settings":{"icon":"shopify:\/\/shop_images\/services_002.png","title":"","text":"Stores","value":"50","value_text":""}},"66602994-b819-4617-90c3-c525be0fd628":{"type":"icon","settings":{"icon":"shopify:\/\/shop_images\/services_004.jpg","title":"","text":"Customers","value":"50","value_text":""}}},"block_order":["b2f675ef-788a-46fd-9d6a-722a3e3c705b","450bda75-8d20-49b9-9086-683086d7eb79","d697f6b7-0392-4a71-8f63-c5058edd341c","66602994-b819-4617-90c3-c525be0fd628"],"settings":{"enable":true,"full":false,"spacing_both_ends":false,"padding":"0,0","margin":"80,0","show_background_image":false,"background_style":"default","enable_overlay":false,"background_color":"","overlay_transparency":"0.5","section_heading":"","section_sub_heading":"","section_description":"","section_button_text":"","section_button_link":"","section_heading_color":"","section_sub_heading_color":"","section_description_color":"","section_button_bg_color":"","section_button_text_color":"","section_button_hover_bg_color":"","section_button_hover_text_color":"","heading_position":"text-center","grid":"4","column_gap":"30","counter_style":"grid","vertical_position":"vertical-center","block_text_align":"text-center","reverse_column":false,"enable_boxed":false,"enable_overall_border":false,"border_radius":"0","icon_border_radius":"0px","block_icon_outer_size":"130","block_icon_size":"110","enable_box_shadow":false,"block_bg_color":"","block_icon_border_color":"rgba(0,0,0,0)","block_icon_bg_color":"rgba(0,0,0,0)","block_icon_color":"","block_title_color":"","block_text_color":"#707070","block_value_color":"#2d2a2a","block_value_text_color":"","block_border_color":""}},"inner-page-partial-overlay-section":{"type":"inner-page-partial-overlay-section","blocks":{"82942a00-91cc-423e-ab46-a3ffc8546742":{"type":"content","settings":{"image":"shopify:\/\/shop_images\/services03.jpg","font_icon":"fa fa-cut","title":"Refreshing Creations","block_button_link1":"shopify:\/\/products\/apron-with-pockets","text":"Ipsum dolor sit amet consectetur adipiscing. Cras fermentum odio eu feugiat pretium nibh. Lacinia quis vel eros donec ac. Amet volutpat consequat mauris nunc congue nisi vitae suscipit.","price":"","text_align":"content-left"}},"27066cae-beef-4d8d-ab29-d71efda327b1":{"type":"content","settings":{"image":"shopify:\/\/shop_images\/services_02.jpg","font_icon":"fa fa-crop","title":"Amazing Plans","block_button_link1":"shopify:\/\/products\/iron-ruler","text":"Pulvinar mattis nunc sed blandit libero. Nibh ipsum consequat nisl vel pretium lectus quam. Facilisis magna etiam tempor orci eu. Venenatis tellus in metus vulputate eu scelerisque.","price":"","text_align":"content-left"}}},"block_order":["82942a00-91cc-423e-ab46-a3ffc8546742","27066cae-beef-4d8d-ab29-d71efda327b1"],"settings":{"enable":true,"full":false,"spacing_both_ends":false,"padding":"0,0","margin":"50,0","show_background_image":false,"background_style":"default","enable_overlay":false,"background_color":"","overlay_transparency":"0.5","section_heading":"","section_sub_heading":"","section_description":"","section_button_text":"","section_button_link":"","section_heading_color":"","section_sub_heading_color":"","section_description_color":"","section_button_bg_color":"","section_button_text_color":"","section_button_hover_bg_color":"","section_button_hover_text_color":"","heading_position":"text-center","grid":"2","overlay_style_height":420,"overlay_style_height_laptop":420,"overlay_style_height_tab":400,"overlay_style_height_mobile":350,"block_bg":"#ffffff","block_heading_color":"#2d2a2a","block_button_link1":"","block_description_color":"#707070","block_price_bg_color":"","block_price_color":"","block_icon_color":"#ffffff","block_icon_bg_color":"#c08c4d"}},"inner-page-brand-logos":{"type":"inner-page-brand-logos","blocks":{"f7dd441a-bb3c-4514-93ac-bc706a97f8e0":{"type":"Image","settings":{"image":"shopify:\/\/shop_images\/brlog1.png","title":"Brand Name","link":""}},"932aa3f4-79ea-486b-9968-d38606551a64":{"type":"Image","settings":{"image":"shopify:\/\/shop_images\/brlog2.png","title":"Brand Name","link":""}},"e37836b0-9b5b-4976-88a1-e01a3cfc956a":{"type":"Image","settings":{"image":"shopify:\/\/shop_images\/brlog3.png","title":"Brand Name","link":""}},"1cd75b37-d505-439c-9d85-026390d8a8fc":{"type":"Image","settings":{"image":"shopify:\/\/shop_images\/brlog4.png","title":"Brand Name","link":""}},"7e85c73e-e22f-4628-8168-cd63076b2371":{"type":"Image","settings":{"image":"shopify:\/\/shop_images\/brlog5.png","title":"Brand Name","link":""}},"ab14e39f-ea07-46f3-b4e6-3ce1efa004f0":{"type":"Image","settings":{"image":"shopify:\/\/shop_images\/brlog6.png","title":"Brand Name","link":""}},"7a2505bb-4f2b-4b95-ae6e-83d1e7094d93":{"type":"Image","settings":{"image":"shopify:\/\/shop_images\/brlog7.png","title":"Brand Name","link":""}}},"block_order":["f7dd441a-bb3c-4514-93ac-bc706a97f8e0","932aa3f4-79ea-486b-9968-d38606551a64","e37836b0-9b5b-4976-88a1-e01a3cfc956a","1cd75b37-d505-439c-9d85-026390d8a8fc","7e85c73e-e22f-4628-8168-cd63076b2371","ab14e39f-ea07-46f3-b4e6-3ce1efa004f0","7a2505bb-4f2b-4b95-ae6e-83d1e7094d93"],"settings":{"enable":true,"full":false,"spacing_both_ends":false,"padding":"0,0","margin":"80,0","show_background_image":false,"background_style":"default","enable_overlay":true,"background_color":"#f9f9f9","overlay_transparency":"1","section_heading":"","section_sub_heading":"","section_description":"","section_button_text":"","section_button_link":"","section_heading_color":"","section_sub_heading_color":"","section_description_color":"","section_button_bg_color":"","section_button_text_color":"","section_button_hover_bg_color":"","section_button_hover_text_color":"","heading_position":"text-center","grid":"4","block_style":"style-3","enable_box_shadow":false,"column_gap":"30","border_radius":"0","block_border_color":"","block_background_color":"rgba(0,0,0,0)","enable_slider":false,"enable_auto_height":true,"items_per_view":4,"slider_autoplay":0,"dots":true,"carousel_pagination_alignment":"center_pagination","arrows":true,"nav_arrow_position":"navigation-bottom-center","center_nav_arrow_alignment":"outside_container","navigation_button_color":"","navigation_button_icon_color":"","navigation_button_hover_color":"","navigation_button_hover_icon_color":"","navigation_dot_color":"","navigation_dot_active_color":""}},"inner-page-overlay-section":{"type":"inner-page-overlay-section","blocks":{"7b43522d-8146-4cf7-8f7c-8cc03221cf04":{"type":"content","settings":{"image":"shopify:\/\/shop_images\/about_01.jpg","title":"FURNISHING","sub_title":"Home Deserves","text":"Massa massa ultricies mi quis hendrerit dolor magna eget est. At auctor urna nunc id cursus metus aliquam eleifend. Praesent elementum facilisis leo vel fringillest."}},"261e1453-58b8-418d-93ab-52a8ff0b1a60":{"type":"content","settings":{"image":"shopify:\/\/shop_images\/about_02.jpg","title":"FITTINGS","sub_title":"DESIGN YOURS","text":"Malesuada fames ac turpis egestas. Rhoncus est pellentesque elit ullamcorper dignissim cras. Faucibus in ornare quam viverra orci sagittis eu volutpat. Leo."}}},"block_order":["7b43522d-8146-4cf7-8f7c-8cc03221cf04","261e1453-58b8-418d-93ab-52a8ff0b1a60"],"settings":{"enable":true,"full":false,"spacing_both_ends":false,"padding":"0,0","margin":"0,0","show_background_image":false,"background_style":"default","enable_overlay":false,"background_color":"","overlay_transparency":"0.5","section_heading":"Renovate With Carpenter","section_sub_heading":"Breif Us","section_description":"","section_button_text":"","section_button_link":"","section_heading_color":"#2d2a2a","section_sub_heading_color":"#989898","section_description_color":"","section_button_bg_color":"","section_button_text_color":"","section_button_hover_bg_color":"","section_button_hover_text_color":"","heading_position":"text-center","grid":"2","overlay_style_height":600,"overlay_style_height_laptop":500,"overlay_style_height_mobile":400,"block_bg":"#f9f9f9","block_heading_color":"#2d2a2a","block_button_link1":"","block_sub_heading_color":"#2d2a2a","block_description_color":"#707070"}},"inner-page-list-with-image-section":{"type":"inner-page-list-with-image-section","blocks":{"65384546-7bf4-460f-8b5f-b0804757372b":{"type":"content","settings":{"sub_title":"EXTREME PERFORMANCE"}}},"block_order":["65384546-7bf4-460f-8b5f-b0804757372b"],"settings":{"enable":true,"full":false,"spacing_both_ends":false,"padding":"0,0","margin":"0,0","show_background_image":false,"background_style":"default","enable_overlay":false,"background_color":"","overlay_transparency":"0.5","section_heading":"List with image section","section_sub_heading":"Sub Heading","section_description":"Use this text to share the information which you like!.","section_button_text":"","section_button_link":"","section_heading_color":"","section_sub_heading_color":"","section_description_color":"","section_button_bg_color":"","section_button_text_color":"","section_button_hover_bg_color":"","section_button_hover_text_color":"","heading_position":"text-center","title":"Heading","text":"Sed vestibulum nulla elementum auctor tincidunt. Aliquam sit amet cursus mauris. Sed vitae mattis ipsum. Vestibulum enim nulla, sollicitudin ac hendrerit nec, tempor quis nisl","block_heading_color":"","block_description_color":"","block_list_icon_color":"","block_list_color":""}},"inner-page-content-with-image-section":{"type":"inner-page-content-with-image-section","blocks":{"fb4ae5c5-1366-4587-9aec-134fa6f8847b":{"type":"content","settings":{"image":"shopify:\/\/shop_images\/about03.jpg","font_icon":"","title":"Excellently Crafted","button_link1":"","text":"Commodo viverra. Pretium lectus quam id leo in. Nullam ac tortor vitae purus faucibus ornare suspendisse sed nisi. Amet aliquam id diam maecenas ultricies.","button_text":"Read more","button_link":"shopify:\/\/collections\/best-sellers","reverse_column":false}},"20b1f90b-8a86-4e4e-8de0-f3385ad1766d":{"type":"content","settings":{"image":"shopify:\/\/shop_images\/about04.jpg","font_icon":"","title":"Best Products","button_link1":"","text":"Sed vestibulum nulla elementum auctor tincidunt. Aliquam sit amet cursus mauris. Sed vitae mattis ipsum. Vestibulum enim nulla, sollicitudin ac hendrerit nec, tempor quis nisl","button_text":"Read more","button_link":"shopify:\/\/collections\/best-sellers","reverse_column":true}}},"block_order":["fb4ae5c5-1366-4587-9aec-134fa6f8847b","20b1f90b-8a86-4e4e-8de0-f3385ad1766d"],"settings":{"enable":true,"full":false,"spacing_both_ends":false,"padding":"80,0","margin":"0,0","show_background_image":false,"background_style":"default","enable_overlay":false,"background_color":"","overlay_transparency":"0.5","section_heading":"Feel The Style","section_sub_heading":"modern look","section_description":"","section_button_text":"","section_button_link":"","section_heading_color":"#2d2a2a","section_sub_heading_color":"#989898","section_description_color":"","section_button_bg_color":"","section_button_text_color":"","section_button_hover_bg_color":"","section_button_hover_text_color":"","heading_position":"text-center","block_bg_image":"shopify:\/\/shop_images\/carpenter-inner-three.jpg","block_bg":"#c08c4d","block_heading_color":"#2d2a2a","block_description_color":"#707070","block_button_bg_color":"#c08c4d","block_button_text_color":"#ffffff","block_button_hover_bg_color":"rgba(0,0,0,0)","block_button_hover_text_color":"#c08c4d","block_icon_color":""}},"inner-page-video-section":{"type":"inner-page-video-section","settings":{"full":true,"spacing_both_ends":false,"padding":"0,0","margin":"50,0","show_background_image":false,"background_style":"default","enable_overlay":false,"background_color":"","overlay_transparency":"0.5","section_heading":"","section_sub_heading":"","section_description":"","section_button_text":"","section_button_link":"","section_heading_color":"","section_sub_heading_color":"","section_description_color":"","section_button_bg_color":"","section_button_text_color":"","section_button_hover_bg_color":"","section_button_hover_text_color":"","heading_position":"text-center","block_title":"","block_sub_title":"","block_description":"","block_button_text":"","block_button_link":"","content_position":"center","block_text_align":"text-center","block_image":"shopify:\/\/shop_images\/carpenter-banner-2.png","show_image":true,"video_format":"modal","video_url":"https:\/\/storage.googleapis.com\/coverr-main\/mp4\/Palm_Trees.mp4","iframe_url":"https:\/\/www.youtube.com\/embed\/JJMPKgyCoSY","video_height":"500","overlay_style":"with-overlay","enable_box_shadow":false,"border_radius":"0","banner_heading_color":"","banner_sub_heading_color":"","banner_description_color":"","banner_button_bg_color":"","banner_button_text_color":"","banner_button_hover_bg_color":"","banner_button_hover_text_color":"","video_overlay_color":"","video_overlay_transparency":"0.5","icon_bg_color":"rgba(0,0,0,0)","icon_color":"#ffffff","icon_bg_color_hover":"","icon_color_hover":"#c08c4d","custom_class_name":""}}},"content_for_index":["1625463344dad1f849","16254637395b779024","16254638834e702403","162546445354753e59","1625464732dee99c61"]}}