{"sections":{"165572687033a8e993":{"type":"slideshow","blocks":{"891607d4-d9d9-428a-847f-e3d8406613b0":{"type":"Slider","settings":{"image":"shopify:\/\/shop_images\/demo1.jpg","desktop_bg_clr":"","mobile_image":"shopify:\/\/shop_images\/aara-mobileslider1.jpg","mobile_bg_clr":"#ffffff","show_bg_text":false,"bg_text":"fashion Tees","bg_text_clr":"","text_alignment":"text-center","content_position":"center-right","show_image":false,"title_2":"","subheading_color":"","subheading_size":"20","title":"Celebrity Style Fashion","heading_color":"#000000","show_additional_color":false,"additional_color":"","heading_size":"40","show_additional_text":false,"additional_text":"","additional_text_color":"","show_additional_text_shadow":true,"additional_text_shadow_color":"","additional_text_size":"54","show_custom_text":false,"custom_text1":"","custom_text2":"","custom_text_color":"","desc":"Morbi blandit cursus risus at ultrices mi tempus. Lacus sed viverra tellus in hac habitasse. Elit duis tristique sollicitudin nibh sit amet commodo nulla facilisi. Egestas sed tempus urna et .","desc_color":"#000000","desc_size":"16","button":"Explore Now","link":"shopify:\/\/collections\/best-sellers-demo-8","btn_bg_color":"#d6a6ad","btn_txt_color":"#000000","btn_hoverbg_color":"#d6a6ad","btn_hovertxt_color":"#000000","button_2":"","link_2":"","btn_bg_color_2":"","btn_txt_color_2":"","btn_hoverbg_color_2":"","btn_hovertxt_color_2":"","slide_content_bg":"#ffffff"}},"d682ebe5-3dc5-48df-90c5-19af8a0288e8":{"type":"Slider","settings":{"image":"shopify:\/\/shop_images\/demo2.jpg","desktop_bg_clr":"","mobile_image":"shopify:\/\/shop_images\/aara-mobileslider.jpg","mobile_bg_clr":"#ffffff","show_bg_text":false,"bg_text":"fashion Tees","bg_text_clr":"","text_alignment":"text-start","content_position":"center-left","show_image":false,"title_2":"","subheading_color":"","subheading_size":"20","title":"Exclusive Dress","heading_color":"#000000","show_additional_color":false,"additional_color":"","heading_size":"40","show_additional_text":false,"additional_text":"","additional_text_color":"","show_additional_text_shadow":true,"additional_text_shadow_color":"","additional_text_size":"54","show_custom_text":false,"custom_text1":"","custom_text2":"","custom_text_color":"","desc":"Qwefes blandit cursus risus at ultrices mi tempus. Lacus sed viverra tellus in hac habitasse. Elit duis tristique sollicitudin nibh sit amet commodo nulla facilisi. Egestas sed tempus urna et .","desc_color":"#000000","desc_size":"16","button":"Explore Now","link":"shopify:\/\/collections\/hot-deals-demo-8","btn_bg_color":"#d6a6ad","btn_txt_color":"#000000","btn_hoverbg_color":"#d6a6ad","btn_hovertxt_color":"#000000","button_2":"","link_2":"","btn_bg_color_2":"","btn_txt_color_2":"","btn_hoverbg_color_2":"","btn_hovertxt_color_2":"","slide_content_bg":"#ffffff"}},"e4c872d2-4d89-42c6-ba7e-3316c95f4bf1":{"type":"Slider","settings":{"image":"shopify:\/\/shop_images\/demo3.jpg","desktop_bg_clr":"","mobile_image":"shopify:\/\/shop_images\/aara-mobilesliderqw.jpg","mobile_bg_clr":"#ffffff","show_bg_text":false,"bg_text":"fashion Tees","bg_text_clr":"","text_alignment":"text-end","content_position":"center-right","show_image":false,"title_2":"","subheading_color":"","subheading_size":"20","title":"Authentic Style","heading_color":"#000000","show_additional_color":false,"additional_color":"","heading_size":"40","show_additional_text":false,"additional_text":"","additional_text_color":"","show_additional_text_shadow":true,"additional_text_shadow_color":"","additional_text_size":"54","show_custom_text":false,"custom_text1":"","custom_text2":"","custom_text_color":"","desc":"Puyese blandit cursus risus at ultrices mi tempus. Dves sed viverra tellus in hac habitasse. Elit duis tristique sollicitudin nibh sit amet commodo nulla facilisi. Egestas sed tempus urna et .","desc_color":"#000000","desc_size":"16","button":"Explore Now","link":"shopify:\/\/collections\/shop-demo-8","btn_bg_color":"#d6a6ad","btn_txt_color":"#000000","btn_hoverbg_color":"#d6a6ad","btn_hovertxt_color":"#000000","button_2":"","link_2":"","btn_bg_color_2":"","btn_txt_color_2":"","btn_hoverbg_color_2":"","btn_hovertxt_color_2":"","slide_content_bg":"#ffffff"}}},"block_order":["891607d4-d9d9-428a-847f-e3d8406613b0","d682ebe5-3dc5-48df-90c5-19af8a0288e8","e4c872d2-4d89-42c6-ba7e-3316c95f4bf1"],"settings":{"full":true,"spacing_both_ends":false,"margin":"0,0","slider_height":850,"slider_height_lap":840,"slider_height_tab":700,"slider_height_mobile":550,"content_within_container":false,"enable_box_shadow":false,"border_radius":"0","content_border_radius":"0","autoplay":false,"slideshow_speed":"5000","dots":true,"carousel_pagination_alignment":"right_pagination","carousel_pagination_bottom_alignment":"inside_element","arrows":false,"nav_arrow_position":"navigation-bottom-center","center_nav_arrow_alignment":"inside_container","navigation_button_color":"","navigation_button_icon_color":"","navigation_button_hover_color":"","navigation_button_hover_icon_color":"","navigation_dot_color":"","navigation_dot_active_color":"","show_support_block":false,"support_block_alignment":"left_support_block","support_block_txt_1":"","support_block_txt_2":"","support_block_txt_3":"","support_block_icon_clr":"","support_block_hover_icon_clr":"","support_block_text_clr":"","support_block_hover_text_clr":"","custom_class_name":"demo-7-custom-slider"}},"165632469425c47942":{"type":"home-support-block","blocks":{"fed8659a-c8dc-4534-b7df-f28014fc8953":{"type":"icon","settings":{"icon":"shopify:\/\/shop_images\/support-icon-1-a.png","title":"Free Delivery","desc":"","link_text":"View More","link":"","text_underline_color":"","icon_bg_color":"#f9ede1"}},"e009474b-d023-4f5e-ac9b-a3082c73ac7b":{"type":"icon","settings":{"icon":"shopify:\/\/shop_images\/support-icon-2.png","title":"Easy Returns","desc":"","link_text":"View More","link":"","text_underline_color":"","icon_bg_color":"#f3c0d7"}},"2c61de31-2a1e-4bc5-b526-c11ee68f0a15":{"type":"icon","settings":{"icon":"shopify:\/\/shop_images\/support-icon-3.png","title":"High Quality","desc":"","link_text":"View More","link":"","text_underline_color":"","icon_bg_color":"#fcded6"}},"010fa1b0-e08a-4037-afae-cb74ccf6df8a":{"type":"icon","settings":{"icon":"shopify:\/\/shop_images\/support-icon-4.png","title":"Secured Shopping","desc":"","link_text":"View More","link":"","text_underline_color":"","icon_bg_color":"#bee1e6"}}},"block_order":["fed8659a-c8dc-4534-b7df-f28014fc8953","e009474b-d023-4f5e-ac9b-a3082c73ac7b","2c61de31-2a1e-4bc5-b526-c11ee68f0a15","010fa1b0-e08a-4037-afae-cb74ccf6df8a"],"settings":{"full":false,"spacing_both_ends":false,"padding":"100,0","margin":"0,0","show_background_image":false,"background_style":"none","background_size":"auto","enable_overlay":false,"background_color":"","overlay_transparency":"0.5","section_heading":"","section_sub_heading":"","section_description":"","section_button_text":"","section_button_link":"","section_heading_color":"","section_sub_heading_color":"","section_description_color":"","section_button_bg_color":"","section_button_text_color":"","section_button_hover_bg_color":"","section_button_hover_text_color":"","heading_position":"text-center","text_position":"text-start","block_style":"default-style","grid":"4","enable_grid_style":false,"vertical_position":"position-default","reverse_column":false,"border_radius":"20px","icon_border_radius":"20px","enable_box_shadow":false,"block_icon_outer_size":"100px","block_icon_size":"100px","slide_on_mobile":true,"block_border_color":"","block_bg":"","block_icon_bg":"","block_icon_border_color":"","block_heading_color":"","block_description_color":"","block_button_bg_color":"","block_button_text_color":"","block_button_hover_bg_color":"","block_button_hover_text_color":"","custom_class_name":"custom_support_block demo-8-custom_support_block"}},"1655963460f74c6453":{"type":"home-grid-banner","blocks":{"1655963460d40dc405-0":{"type":"content","settings":{"block_image":"shopify:\/\/shop_images\/image-1_30fa69db-76cc-4f83-869d-e95c26e7ab8b.jpg","show_image":true,"block_title":"","underline_color":"","block_sub_title":"","block_description":"Gorem ipsum dolor sit amet, consectetur adipiscing elit, sed do eiusmod tempor  incididunt ut labore et dolore magna aliqua. Quis ipsum suspendisse ultrices gravida. Lorem Ipsum is simply dummy text of the printing and typesetting industry. Lorem  Ipsum has been the industry's standard dummy text ever since the 1500s,","show_scroll_txt":false,"block_scroll_txt":"Scroll Text","block_button_text":"Shop Now","block_button_link":"shopify:\/\/collections\/new-arrivals-demo-8","use_title_link":false,"enable_button_link_2":false,"block_button_text_2":"","block_button_link_2":"","enable_tag":true,"tag_text":"MEN COLLECTIONS","block_text_align":"text-start","content_position":"center","reverse_column":false,"block_banner_bg":"rgba(0,0,0,0)","block_content_box_bg":"","block_heading_color":"","block_sub_heading_color":"","scroll_txt_color":"","block_description_color":"","block_button_bg_color":"#d6a6ad","block_button_text_color":"#000000","block_button_hover_bg_color":"#d6a6ad","block_button_hover_text_color":"#000000","block_button_bg_color_2":"","block_button_text_color_2":"","block_button_hover_bg_color_2":"","block_button_hover_text_color_2":"","overlay_style":"use_overlay","overlay_color":"","overlay_opacity":"0","rotation_degree":"180"}},"1655963460d40dc405-1":{"type":"content","settings":{"block_image":"shopify:\/\/shop_images\/image-2_3de05757-8e8a-4c2b-a782-ed60128e3a0e.jpg","show_image":true,"block_title":"New Brand","underline_color":"","block_sub_title":"Designs for him and her","block_description":"Forem ipsum dolor sit amet, consectetur adipiscing elit, sed do eiusmod tempor  incididunt ut labore et dolore magna aliqua.","show_scroll_txt":false,"block_scroll_txt":"Scroll Text","block_button_text":"Shop Now","block_button_link":"shopify:\/\/collections\/shop-demo-8","use_title_link":false,"enable_button_link_2":false,"block_button_text_2":"","block_button_link_2":"","enable_tag":true,"tag_text":"WOMEN COLLECTIONS","block_text_align":"text-start","content_position":"center","reverse_column":true,"block_banner_bg":"rgba(0,0,0,0)","block_content_box_bg":"","block_heading_color":"","block_sub_heading_color":"","scroll_txt_color":"","block_description_color":"","block_button_bg_color":"#d6a6ad","block_button_text_color":"#000000","block_button_hover_bg_color":"#d6a6ad","block_button_hover_text_color":"#000000","block_button_bg_color_2":"","block_button_text_color_2":"","block_button_hover_bg_color_2":"","block_button_hover_text_color_2":"","overlay_style":"use_overlay","overlay_color":"","overlay_opacity":"0","rotation_degree":"180"}}},"block_order":["1655963460d40dc405-0","1655963460d40dc405-1"],"settings":{"full":false,"spacing_both_ends":false,"padding":"100,0","margin":"0,0","show_background_image":false,"background_style":"none","background_size":"auto","enable_overlay":false,"background_color":"","overlay_transparency":"0.5","section_heading":"","section_sub_heading":"","section_description":"","section_button_text":"","section_button_link":"","section_heading_color":"","section_sub_heading_color":"","section_description_color":"","section_button_bg_color":"","section_button_text_color":"","section_button_hover_bg_color":"","section_button_hover_text_color":"","heading_position":"text-center","block_banner_style":"grid","column_gap":"80","grid":"2","border_radius":"0","enable_box_shadow":false,"equal_height":false,"content_width":"50\/50","lap_content_width":"40\/60","overlay_style_height":600,"overlay_style_height_laptop":500,"overlay_style_height_mobile":400,"custom_class_name":"demo-7-custom-grid-one"}},"1656329016e878e1d5":{"type":"home-product-carousel","settings":{"full":true,"spacing_both_ends":true,"padding":"100,0","margin":"0,0","show_background_image":false,"background_style":"none","background_size":"auto","enable_overlay":false,"background_color":"","overlay_transparency":"0.5","show_style_image":false,"section_heading":"Inspired Collections","section_sub_heading":"Most Loved","section_description":"","section_button_text":"","section_button_link":"","section_heading_color":"","section_sub_heading_color":"#767676","section_description_color":"","section_button_bg_color":"","section_button_text_color":"","section_button_hover_bg_color":"","section_button_hover_text_color":"","heading_position":"text-center","grouped_content_bg":"","grouped_column_gap":"30","grouped_content_padding":"0","group_border_radius":"","enable_group_box_shadow":false,"reverse_column":false,"content_width":"25\/75","lap_content_width":"35\/65","additional_block_background_color":"","additional_block_box_shadow":false,"additional_content_padding":"0","additional_block_border_radius":"0","enable_main_content":true,"main_block_background_color":"","enable_main_block_box_shadow":false,"main_block_border_radius":"0","main_content_padding":"0","collection":"shop-demo-8","column_gap":"30","border_radius":"0","enable_list_view":false,"grid":"4","enable_additional_button":true,"additional_button_text":"Explore Now","additional_button_link":"shopify:\/\/collections\/shop-demo-8","additional_button_background_color":"#d6a6ad","additional_button_color":"#000000","additional_button_hover_background_color":"#d6a6ad","additional_button_hover_color":"#000000","post_limit":8,"enable_slider":false,"items_per_view":4,"items_laptop_view":3,"items_tablet_view":2,"items_mobile_view":1,"rows":3,"slider_autoplay":0,"enable_auto_height":false,"dots":false,"carousel_pagination_alignment":"center_pagination","carousel_pagination_bottom_alignment":"outside_element","arrows":false,"nav_arrow_position":"navigation-top-right","center_nav_arrow_alignment":"inside_container","navigation_button_color":"","navigation_button_icon_color":"","navigation_button_hover_color":"","navigation_button_hover_icon_color":"","navigation_dot_color":"","navigation_dot_active_color":"","custom_class_name":"custom-collection-section"}},"1655968629e49b395d":{"type":"home-deal-banner","settings":{"full":false,"spacing_both_ends":false,"padding":"100,100","margin":"100,0","show_background_image":true,"background_image":"shopify:\/\/shop_images\/grid01_e6f1409d-693e-4a78-b4a9-f5ff0a7440e5.jpg","background_style":"fixed","background_size":"auto","enable_overlay":true,"background_color":"#f6f6f6","overlay_transparency":"1","section_heading":"","section_sub_heading":"","section_description":"","section_button_text":"","section_button_link":"","heading_position":"text-center","section_heading_color":"","section_sub_heading_color":"","section_description_color":"","section_button_bg_color":"","section_button_text_color":"","section_button_hover_bg_color":"","section_button_hover_text_color":"","show_image":false,"block_title":"Pay less, & purchase more!","block_sub_title":"","block_description":"","deal_end_date":"23 JUN 2023","deals_border_radius":"0","block_button_text":"Get everything at $15","block_button_link":"shopify:\/\/collections\/best-sellers-demo-8","block_text_align":"text-center","title_color":"","sub_title_color":"","description_color":"","button_bg_color":"#d6a6ad","button_text_color":"#000000","button_hover_bg_color":"#d6a6ad","button_hover_text_color":"#000000","deals_section_bg_color":"rgba(0,0,0,0)","deals_section_timer_color":"#000000","deals_section_timer_duration_color":"#000000","custom_class_name":"demo-7-custom-deal-banner"}},"1657101908d9821bb5":{"type":"home-featured-blog","settings":{"full":false,"spacing_both_ends":false,"padding":"100,0","margin":"0,0","show_background_image":false,"background_style":"none","background_size":"auto","enable_overlay":false,"background_color":"","overlay_transparency":"0.5","section_heading":"Latest Blogs","section_sub_heading":"News Updates","section_description":"","section_button_text":"","section_button_link":"","section_heading_color":"","text_underline_color":"","section_sub_heading_color":"#767676","section_description_color":"","section_button_bg_color":"","section_button_text_color":"","section_button_hover_bg_color":"","section_button_hover_text_color":"","heading_position":"text-center","blog":"demo-8","blog_show_author":false,"blog_show_date":true,"blog_comments":false,"blog_show_tag":false,"blog_show_button":true,"blog_show_description":true,"enable_blog_icons":false,"block_banner_style":"grid-style","post_limit":3,"grid":"3","text_position":"text-center","enable_box_shadow":false,"vertical_position":"vertical-center","content_width":"50\/50","lap_content_width":"40\/60","overlay_style_height":400,"overlay_style":"use_overlay","overlay_color":"","overlay_opacity":"0.5","rotation_degree":"180","split_blog_layout":false,"split_gap":"30","enable_masonry_grid":false,"main_banner_style":"grid-style","additional_banner_style":"list-style","enable_masonry_reverse":false,"blog_bg_color":"","blog_link_color":"","blog_link_hover_color":"","blog_text_color":"","blog_icon_color":"","blog_button_bg_color":"","blog_button_text_color":"","blog_button_bg_hover_color":"","blog_button_text_hover_color":"","blog_link_color_overlay":"","blog_link_hover_color_overlay":"","blog_text_color_overlay":"","blog_icon_color_overlay":"","blog_button_bg_color_overlay":"","blog_button_text_color_overlay":"","blog_button_bg_hover_color_overlay":"","blog_button_text_hover_color_overlay":"","masonry_content_width":"50\/50","lap_masonry_content_width":"40\/60","enable_slider":false,"enable_auto_height":true,"items_per_view":2,"column_gap":"30","slider_autoplay":0,"dots":true,"carousel_pagination_alignment":"center_pagination","arrows":true,"nav_arrow_position":"center-navigation","center_nav_arrow_alignment":"outside_container","navigation_button_color":"","navigation_button_icon_color":"","navigation_button_hover_color":"","navigation_button_hover_icon_color":"","navigation_dot_color":"","navigation_dot_active_color":"","custom_class_name":""}},"1657102874a469b383":{"type":"home-image-gallery","blocks":{"16571028744f46c75e-0":{"type":"image_image","settings":{"image":"shopify:\/\/shop_images\/insta01_527ff148-9d77-4f31-b6e1-1469fde6d5a8.jpg","show_icon":true,"icon":"fa fa-instagram","link":"https:\/\/www.instagram.com\/p\/CgjPnCvpmNQ\/?utm_source=ig_web_copy_link"}},"16571028744f46c75e-1":{"type":"image_image","settings":{"image":"shopify:\/\/shop_images\/insta02_39fec9e9-82f9-4945-8f42-8d0cf936ea6a.jpg","show_icon":true,"icon":"fa fa-instagram","link":"https:\/\/www.instagram.com\/p\/CgjPY5nJ4EU\/?utm_source=ig_web_copy_link"}},"16571028744f46c75e-2":{"type":"image_image","settings":{"image":"shopify:\/\/shop_images\/insta03_b1978676-5af1-4e01-a3c1-2219266d2440.jpg","show_icon":true,"icon":"fa fa-instagram","link":"https:\/\/www.instagram.com\/p\/CgjPanlJj1L\/?utm_source=ig_web_copy_link"}},"16571028744f46c75e-3":{"type":"image_image","settings":{"image":"shopify:\/\/shop_images\/insta04_01d39d74-6361-489f-b439-c88f12ac44cb.jpg","show_icon":true,"icon":"fa fa-instagram","link":"https:\/\/www.instagram.com\/p\/CgjPdpRJhWQ\/?utm_source=ig_web_copy_link"}},"16571028744f46c75e-4":{"type":"image_image","settings":{"image":"shopify:\/\/shop_images\/insta05_58f74ed7-b126-4627-822d-1deff1cb5d54.jpg","show_icon":true,"icon":"fa fa-instagram","link":"https:\/\/www.instagram.com\/p\/CgjPfZPpvNu\/?utm_source=ig_web_copy_link"}},"9281bdb5-60f4-4bfa-84ee-8e4f7f979f1d":{"type":"image_image","settings":{"image":"shopify:\/\/shop_images\/insta06_0032b3f1-6c76-4def-8280-e995140273cf.jpg","show_icon":true,"icon":"fa fa-instagram","link":"https:\/\/www.instagram.com\/p\/CgjPhGNJX8k\/?utm_source=ig_web_copy_link"}},"fbd9464a-eb89-4df3-8f0b-072d7e5b0cc4":{"type":"image_image","settings":{"image":"shopify:\/\/shop_images\/insta07_0cec432e-1461-4309-a181-959210a011ca.jpg","show_icon":false,"icon":"fa fa-instagram","link":"https:\/\/www.instagram.com\/p\/CgjPjb-JHhB\/?utm_source=ig_web_copy_link"}}},"block_order":["16571028744f46c75e-0","16571028744f46c75e-1","16571028744f46c75e-2","16571028744f46c75e-3","16571028744f46c75e-4","9281bdb5-60f4-4bfa-84ee-8e4f7f979f1d","fbd9464a-eb89-4df3-8f0b-072d7e5b0cc4"],"settings":{"full":true,"spacing_both_ends":true,"padding":"80,30","margin":"0,0","background_image":"shopify:\/\/shop_images\/testimonial-2-bg.png","show_background_image":true,"background_style":"parallax","background_size":"auto","enable_overlay":false,"background_color":"","overlay_transparency":"0.5","section_heading":"Best Instagram Updates","section_sub_heading":"Check out our post","section_description":"","section_button_text":"","section_button_link":"","section_heading_color":"","text_underline_color":"rgba(0,0,0,0)","section_sub_heading_color":"#767676","section_description_color":"","section_button_bg_color":"","section_button_text_color":"","section_button_hover_bg_color":"","section_button_hover_text_color":"","heading_position":"text-center","grid":"6","column_gap":"20","image_list_text":"","image_list_link":"","item_height":360,"item_height_laptop":320,"item_height_tab":310,"item_height_mobile":290,"image_link_bg_color":"","image_overlay_color":"#f3efec","image_link_text_color":"","image_link_hover_bg_color":"","image_link_hover_text_color":"#000000","enable_slider":true,"remove_button_space":false,"enable_auto_height":true,"items_per_view":6,"slider_autoplay":3,"dots":false,"carousel_pagination_alignment":"right_pagination","arrows":false,"nav_arrow_position":"navigation-top-right","center_nav_arrow_alignment":"outside_container","navigation_button_color":"","navigation_button_icon_color":"","navigation_button_hover_color":"","navigation_button_hover_icon_color":"","navigation_dot_color":"","navigation_dot_active_color":"","custom_class_name":"demo-1-image-list"}},"16571036901bc6d055":{"type":"home-brand-logos","blocks":{"16571036904006c1a8-0":{"type":"Image","settings":{"image":"shopify:\/\/shop_images\/brlog01_3ab9a1b0-4e82-4725-9b0a-5e6e7f26c0dc.png","title":"Brand Name","link":""}},"16571036904006c1a8-1":{"type":"Image","settings":{"image":"shopify:\/\/shop_images\/brlog02_4f84f240-ef9d-4ced-bd59-c463893b372a.png","title":"Brand Name","link":""}},"16571036904006c1a8-2":{"type":"Image","settings":{"image":"shopify:\/\/shop_images\/brlog03_d9214d1e-289e-487f-bd7f-f45485c4ea34.png","title":"Brand Name","link":""}},"16571036904006c1a8-3":{"type":"Image","settings":{"image":"shopify:\/\/shop_images\/brlog04_97267fde-bbd2-4ad4-ac54-ffb7b23c8ade.png","title":"Brand Name","link":""}},"16571036904006c1a8-4":{"type":"Image","settings":{"image":"shopify:\/\/shop_images\/brlog05_44a2a88f-d56b-49ac-865b-50ce70873436.png","title":"Brand Name","link":""}},"16571036904006c1a8-5":{"type":"Image","settings":{"image":"shopify:\/\/shop_images\/brlog07_e3e65f07-01e5-44d0-963d-eec7c50fac7e.png","title":"Brand Name","link":""}}},"block_order":["16571036904006c1a8-0","16571036904006c1a8-1","16571036904006c1a8-2","16571036904006c1a8-3","16571036904006c1a8-4","16571036904006c1a8-5"],"settings":{"full":false,"spacing_both_ends":false,"padding":"100,100","margin":"0,-100","show_background_image":false,"background_style":"none","background_size":"cover","enable_overlay":false,"background_color":"","overlay_transparency":"0.5","section_heading":"","section_sub_heading":"","section_description":"","section_button_text":"","section_button_link":"","section_heading_color":"","section_sub_heading_color":"","section_description_color":"","section_button_bg_color":"","section_button_text_color":"","section_button_hover_bg_color":"","section_button_hover_text_color":"","heading_position":"text-center","grid":"5","block_style":"style-1","enable_box_shadow":false,"column_gap":"10","border_radius":"0","swipe_on_mobile":false,"block_border_color":"","block_background_color":"","enable_slider":true,"enable_auto_height":true,"items_per_view":5,"slider_autoplay":0,"dots":false,"carousel_pagination_alignment":"center_pagination","arrows":true,"nav_arrow_position":"center-navigation","center_nav_arrow_alignment":"outside_container","navigation_button_color":"rgba(0,0,0,0)","navigation_button_icon_color":"#000000","navigation_button_hover_color":"rgba(0,0,0,0)","navigation_button_hover_icon_color":"#878787","navigation_dot_color":"","navigation_dot_active_color":"","custom_class_name":"custom-brand-logo"}}},"order":["165572687033a8e993","165632469425c47942","1655963460f74c6453","1656329016e878e1d5","1655968629e49b395d","1657101908d9821bb5","1657102874a469b383","16571036901bc6d055"]}