{"sections":{"16484715585d0b75d2":{"type":"slideshow","blocks":{"bed23b7f-3ae1-4151-b13d-f30b602334db":{"type":"Slider","settings":{"slider_type":"image","image":"shopify:\/\/shop_images\/slider-pulpy.jpg","mobile_image":"shopify:\/\/shop_images\/mblslider.jpg","video_url":"https:\/\/storage.googleapis.com\/coverr-main\/mp4\/Palm_Trees.mp4","mobile_bg_clr":"#ffffff","text_alignment":"text-start","content_position":"center-left","show_image":false,"show_content":true,"title_2":"","subheading_color":"","subheading_size":"","title":"<span>Naturaly<\/span> Nutritious","heading_color":"#232420","heading_size":"70","desc":"Tellus rutrum tellus pellentesque eu tincidunt tortor aliquam nulla. Lorem ipsum dolor sit amet.","desc_color":"","desc_size":"16","button":"Know More","link":"shopify:\/\/collections\/best-sellers","btn_bg_color":"","btn_txt_color":"","btn_hoverbg_color":"","btn_hovertxt_color":"","button_2":"","link_2":"","btn_bg_color_2":"","btn_txt_color_2":"","btn_hoverbg_color_2":"","btn_hovertxt_color_2":"","slide_content_bg":"#ffffff"}},"b3dcf374-5e92-4468-8eb3-3bd762da6ace":{"type":"Slider","disabled":true,"settings":{"slider_type":"image","video_url":"https:\/\/storage.googleapis.com\/coverr-main\/mp4\/Palm_Trees.mp4","mobile_bg_clr":"","text_alignment":"text-center","content_position":"dt-sc-flex-center","show_image":false,"show_content":true,"title_2":"Sub Heading","subheading_color":"","subheading_size":"20","title":"Heading","heading_color":"","heading_size":"54","desc":"Few lines of short description.","desc_color":"","desc_size":"14","button":"Shop Now","link":"","btn_bg_color":"","btn_txt_color":"","btn_hoverbg_color":"","btn_hovertxt_color":"","button_2":"Shop Now","link_2":"","btn_bg_color_2":"","btn_txt_color_2":"","btn_hoverbg_color_2":"","btn_hovertxt_color_2":"","slide_content_bg":""}}},"block_order":["bed23b7f-3ae1-4151-b13d-f30b602334db","b3dcf374-5e92-4468-8eb3-3bd762da6ace"],"settings":{"full":true,"spacing_both_ends":false,"margin":"0,0","slider_height":1070,"slider_height_lap":850,"slider_height_tab":700,"slider_height_mobile":600,"content_within_container":false,"enable_box_shadow":false,"border_radius":"0","content_border_radius":"0","autoplay":false,"slideshow_speed":"5000","dots":false,"carousel_pagination_alignment":"center_pagination","carousel_pagination_bottom_alignment":"inside_element","arrows":false,"nav_arrow_position":"navigation-bottom-center","center_nav_arrow_alignment":"inside_container","navigation_button_color":"","navigation_button_icon_color":"","navigation_button_hover_color":"","navigation_button_hover_icon_color":"","navigation_dot_color":"","navigation_dot_active_color":"","custom_class_name":""}},"164880739686478045":{"type":"home-support-block","blocks":{"16488073961dad7247-0":{"type":"icon","settings":{"icon":"shopify:\/\/shop_images\/icon02.png","title":"Natural Sweetness","heading_link":"","desc":"","link_text":"","link":""}},"16488073961dad7247-1":{"type":"icon","settings":{"icon":"shopify:\/\/shop_images\/icon01.png","title":"Healthy Fruit","heading_link":"","desc":"","link_text":"","link":""}},"16488073961dad7247-2":{"type":"icon","settings":{"icon":"shopify:\/\/shop_images\/icon03.png","title":"Happy Life","heading_link":"","desc":"","link_text":"","link":""}},"960e2440-ea87-4675-8e11-2f64513daa17":{"type":"icon","settings":{"icon":"shopify:\/\/shop_images\/icon04.png","title":"Fresh Fruits","heading_link":"","desc":"","link_text":"","link":""}}},"block_order":["16488073961dad7247-0","16488073961dad7247-1","16488073961dad7247-2","960e2440-ea87-4675-8e11-2f64513daa17"],"settings":{"full":false,"spacing_both_ends":false,"padding":"0,100","margin":"0,0","show_background_image":false,"background_style":"none","background_size":"auto","enable_overlay":true,"background_color":"#ffeac0","overlay_transparency":"1","section_heading":"Feel Tasty<span>  Juice<\/span>","section_sub_heading":"Refresh your health","section_description":"","section_button_text":"","section_button_link":"","section_heading_color":"","section_sub_heading_color":"","section_description_color":"","section_button_bg_color":"","section_button_text_color":"","section_button_hover_bg_color":"","section_button_hover_text_color":"","heading_position":"text-center","text_position":"text-center","block_style":"default-style","grid":"4","enable_grid_style":true,"vertical_position":"position-default","reverse_column":false,"border_radius":"0px","icon_border_radius":"100%","enable_box_shadow":false,"block_icon_outer_size":"170px","block_icon_size":"89px","block_border_color":"","block_bg":"","block_icon_bg":"#ffffff","block_icon_border_color":"","block_heading_color":"","block_description_color":"","block_button_bg_color":"","block_button_text_color":"","block_button_hover_bg_color":"","block_button_hover_text_color":"","custom_class_name":"home-support-block"}},"16481947033cff8e5d":{"type":"home-product-carousel","settings":{"full":false,"spacing_both_ends":true,"padding":"0,20","margin":"100,30","show_background_image":false,"background_style":"none","background_size":"auto","enable_overlay":false,"background_color":"","overlay_transparency":"0.5","section_heading":"Best Combinations","section_sub_heading":"Preservative Free","section_description":"","section_button_text":"","section_button_link":"","section_heading_color":"","section_sub_heading_color":"","section_description_color":"","section_button_bg_color":"","section_button_text_color":"","section_button_hover_bg_color":"","section_button_hover_text_color":"","heading_position":"text-center","grouped_content_bg":"","grouped_column_gap":"30","grouped_content_padding":"0","group_border_radius":"","enable_group_box_shadow":false,"reverse_column":false,"content_width":"30\/70","lap_content_width":"35\/65","additional_block_background_color":"","additional_block_box_shadow":false,"additional_content_padding":"0","additional_block_border_radius":"0","enable_main_content":true,"main_block_background_color":"","enable_main_block_box_shadow":false,"main_block_border_radius":"0","main_content_padding":"0","collection":"famous-products","column_gap":"30","border_radius":"0","enable_list_view":false,"grid":"3","post_limit":12,"enable_slider":true,"items_per_view":4,"items_laptop_view":3,"items_tablet_view":3,"items_mobile_view":1,"enable_center_mode":false,"rows":1,"slider_autoplay":0,"enable_auto_height":true,"dots":true,"carousel_pagination_alignment":"center_pagination","carousel_pagination_bottom_alignment":"outside_element","arrows":true,"nav_arrow_position":"center-navigation","center_nav_arrow_alignment":"outside_container","navigation_button_color":"rgba(0,0,0,0)","navigation_button_icon_color":"#232420","navigation_button_hover_color":"rgba(0,0,0,0)","navigation_button_hover_icon_color":"#ff8400","navigation_dot_color":"#232420","navigation_dot_active_color":"#ff8400","custom_class_name":"product-style"}},"16478478798dbd62f0":{"type":"home-grid-banner","blocks":{"1647847879ee510ded-0":{"type":"content","settings":{"grid_banner_type":"image","block_image":"shopify:\/\/shop_images\/banner-1.png","block_video":"https:\/\/www.w3schools.com\/tags\/mov_bbb.mp4","show_image":true,"show_content":true,"block_title":"<span>Seasonal <\/span>Fruit Juice<span> 20% Offer<\/span>","block_sub_title":"100% Healthy","block_description":"Fusce id velit ut tortor pretium viverra suspendisse. Nunc sed id semper risus in hendrerit gravida rutrum. In nulla posuere sollicitu sagittis orci.","block_button_text":"Add to cart","block_button_link":"shopify:\/\/collections\/new-arrivals","block_text_align":"text-start","content_position":"center","reverse_column":true,"block_banner_bg":"#ff8400","block_content_box_bg":"rgba(0,0,0,0)","block_heading_color":"#ffffff","block_sub_heading_color":"","block_description_color":"","block_button_bg_color":"","block_button_text_color":"","block_button_hover_bg_color":"#ffffff","block_button_hover_text_color":"#232420","overlay_style":"use_overlay","overlay_color":"","overlay_opacity":"0","rotation_degree":"180"}}},"block_order":["1647847879ee510ded-0"],"settings":{"full":true,"spacing_both_ends":false,"padding":"0,0","margin":"0,0","show_background_image":false,"background_style":"none","background_size":"auto","enable_overlay":false,"background_color":"","overlay_transparency":"0.5","section_heading":"","section_sub_heading":"","section_description":"","section_button_text":"","section_button_link":"","section_heading_color":"","section_sub_heading_color":"","section_description_color":"","section_button_bg_color":"","section_button_text_color":"","section_button_hover_bg_color":"","section_button_hover_text_color":"","heading_position":"text-center","block_banner_style":"list","column_gap":"30","grid":"1","border_radius":"0","enable_box_shadow":false,"equal_height":false,"content_width":"65\/35","lap_content_width":"60\/40","overlay_style_height":730,"overlay_style_height_laptop":550,"overlay_style_height_mobile":450,"custom_class_name":"home-grid-list"}},"164881460921fd290e":{"type":"home-specification-block","blocks":{"1648814608d19209e8-0":{"type":"class","settings":{"class":"","title":"Vitamins A","desc":"","link_text":"View More","link":"","reverse_column":false,"block_heading_color":"","block_bg_color":"#74a93b","block_hover_bg_color":"#96ce5b"}},"1648814608d19209e8-1":{"type":"class","settings":{"class":"","title":"Vitamins  C","desc":"","link_text":"View More","link":"","reverse_column":true,"block_heading_color":"","block_bg_color":"#990943","block_hover_bg_color":"#cf0355"}},"1648814608d19209e8-2":{"type":"class","settings":{"class":"","title":"Sodium 1mg","desc":"","link_text":"","link":"","reverse_column":false,"block_heading_color":"","block_bg_color":"#007f9b","block_hover_bg_color":"#03aacf"}},"1648814608d19209e8-3":{"type":"class","settings":{"class":"","title":"Protein 0.3g","desc":"","link_text":"","link":"","reverse_column":true,"block_heading_color":"","block_bg_color":"#00bc79","block_hover_bg_color":"#3dbc8f"}},"1648814608d19209e8-4":{"type":"class","settings":{"class":"","title":"Iron 3mg","desc":"","link_text":"","link":"","reverse_column":false,"block_heading_color":"","block_bg_color":"#5c90cc","block_hover_bg_color":"#5b6ed6"}},"1648814608d19209e8-5":{"type":"class","settings":{"class":"","title":"Vitamin B6","desc":"","link_text":"","link":"","reverse_column":true,"block_heading_color":"","block_bg_color":"#c2623e","block_hover_bg_color":"#cf5050"}}},"block_order":["1648814608d19209e8-0","1648814608d19209e8-1","1648814608d19209e8-2","1648814608d19209e8-3","1648814608d19209e8-4","1648814608d19209e8-5"],"settings":{"full":true,"spacing_both_ends":true,"padding":"100,100","margin":"0,-10","show_background_image":true,"background_image":"shopify:\/\/shop_images\/spec2.png","background_style":"none","background_size":"auto","enable_overlay":false,"background_color":"","overlay_transparency":"0.5","section_heading":"Check Out <span>Our Juice<\/span>","section_sub_heading":"Fresh Benefits","section_description":"","section_button_text":"","section_button_link":"","section_heading_color":"","section_sub_heading_color":"","section_description_color":"","section_button_bg_color":"","section_button_text_color":"","section_button_hover_bg_color":"","section_button_hover_text_color":"","heading_position":"text-center","column_gap":"30px","vertical_position":"position-vertical-center","content_width":"45\/40","content_width_lap":"45\/30","content_width_tab":"40\/65","enable_image":true,"primary_image":"shopify:\/\/shop_images\/grid07.png","primary_title":"","primary_sub_title":"","primary_description":"","primary_button_text":"","primary_button_link":"","main_banner_style":"overlay","primary_text_align":"text-center","primary_position":"center","overlay_style_height":"700","border_radius":"0","enable_box_shadow":false,"overlay_style":"use_overlay","overlay_color":"","overlay_opacity":"0","rotation_degree":"180","primary_banner_bg":"rgba(0,0,0,0)","primary_heading_color":"rgba(0,0,0,0)","primary_sub_heading_color":"","primary_description_color":"","primary_button_bg_color":"","primary_button_text_color":"","primary_button_hover_bg_color":"","primary_button_hover_text_color":"","specification_block_style":"default","block_icon_size":"24px","icon_border_radius":"0px","specification_style":"style1","block_icon_outer_size":"50px","additional_heading":"Additional Block Headng","additional_sub_heading":"Sub Heading","additional_description":"Use this text to share the information which you like!.","additional_heading_position":"text-start","block_icon_bg":"rgba(0,0,0,0)","block_icon_color":"","block_heading_color":"#ffffff","block_description_color":"","block_button_bg_color":"","block_button_text_color":"","block_button_hover_bg_color":"","block_button_hover_text_color":"","additional_heading_color":"","additional_sub_heading_color":"","additional_description_color":"","custom_class_name":"home-specification-style"}},"1648872856d032fd95":{"type":"inner-page-team-section","blocks":{"872bb82a-7071-42b3-ac6a-2cbacbaf8c9a":{"type":"content","settings":{"image":"shopify:\/\/shop_images\/team01.jpg","name":"Marry","designation":"CEO","facebook":"#","twitter":"#","pinterest":"#","youtube":"#"}},"a05378bd-ec15-4fcb-b3cf-2f4b621183da":{"type":"content","settings":{"image":"shopify:\/\/shop_images\/team02.jpg","name":"Newlin","designation":"Manager","facebook":"#","twitter":"#","pinterest":"#","youtube":"#"}},"8b4d1ec2-9128-47f0-98a3-210e19bf84f6":{"type":"content","settings":{"image":"shopify:\/\/shop_images\/team03.jpg","name":"Roselin","designation":"Customer support","facebook":"#","twitter":"#","pinterest":"#","youtube":"#"}}},"block_order":["872bb82a-7071-42b3-ac6a-2cbacbaf8c9a","a05378bd-ec15-4fcb-b3cf-2f4b621183da","8b4d1ec2-9128-47f0-98a3-210e19bf84f6"],"settings":{"enable":true,"full":false,"spacing_both_ends":false,"padding":"20,0","margin":"0,0","show_background_image":false,"background_style":"default","enable_overlay":false,"background_color":"","overlay_transparency":"0.5","section_heading":"Awesome <span>Team<\/span>","section_sub_heading":"Get in touch","section_description":"","section_button_text":"","section_button_link":"","section_heading_color":"","section_sub_heading_color":"","section_description_color":"","section_button_bg_color":"","section_button_text_color":"","section_button_hover_bg_color":"","section_button_hover_text_color":"","heading_position":"text-center","column":"three-column","block_heading_color":"","block_designation_color":"","block_bg":"","block_social_icon_bg_color":"#232420","block_social_icon_color":"#ffffff","block_social_icon_hover_bg_color":"#ff8400","block_social_icon_hover_color":"#ffffff","before_image":"shopify:\/\/shop_images\/mask.png"}},"164852879568c48d6f":{"type":"home-video-banner","settings":{"full":true,"spacing_both_ends":false,"padding":"0,0","margin":"70,0","show_background_image":false,"background_style":"none","background_size":"auto","enable_overlay":false,"background_color":"","overlay_transparency":"0.5","section_heading":"","section_sub_heading":"","section_description":"","section_button_text":"","section_button_link":"","section_heading_color":"","section_sub_heading_color":"","section_description_color":"","section_button_bg_color":"","section_button_text_color":"","section_button_hover_bg_color":"","section_button_hover_text_color":"","heading_position":"text-center","block_title":"Organic Fresh<br> Fruit Juice","block_sub_title":"","block_description":"","block_button_text":"","block_button_link":"","content_position":"center","block_text_align":"text-center","layout_style":"default","reverse_column":false,"block_image":"shopify:\/\/shop_images\/video-banner.png","show_image":true,"video_format":"modal","video_url":"https:\/\/storage.googleapis.com\/coverr-main\/mp4\/Palm_Trees.mp4","iframe_url":"https:\/\/www.youtube.com\/embed\/DwqfS_6WYMs","video_height":"727","overlay_style":"with-overlay","enable_box_shadow":false,"border_radius":"0","banner_heading_color":"#ffffff","banner_sub_heading_color":"","banner_description_color":"","banner_button_bg_color":"","banner_button_text_color":"","banner_button_hover_bg_color":"","banner_button_hover_text_color":"","video_overlay_color":"#050505","video_overlay_transparency":"0.4","icon_bg_color":"#ffffff","icon_color":"#232420","icon_bg_color_hover":"#ff8400","icon_color_hover":"#ffffff","custom_class_name":"home-video-style"}},"16488850195829abb4":{"type":"home-advanced-testimonial","blocks":{"16488850196998123f-0":{"type":"content","settings":{"quote":"<p>Leo duis ut diam quam nulla porttitor massa id neque. Praesent elementum facilisis leo vel.<\/p>","icon":"shopify:\/\/shop_images\/tes01.jpg","author":"Angelia","job":"CEO","star":"0"}},"16488850196998123f-1":{"type":"content","settings":{"quote":"<p>Ut venenatis tellus in metus vulputate eu scelerisque felis imperdiet. Morbi non arcu risus.<\/p>","icon":"shopify:\/\/shop_images\/tes02.jpg","author":"Nikita","job":"Director","star":"0"}},"16488850196998123f-2":{"type":"content","settings":{"quote":"<p>Ornare suspendisse sed nisi lacus sed viverra. Enim nunc faucibus a pellentesque sit amet porttitor. <\/p>","icon":"shopify:\/\/shop_images\/tes03.jpg","author":"Roselin","job":"Director","star":"0"}}},"block_order":["16488850196998123f-0","16488850196998123f-1","16488850196998123f-2"],"settings":{"full":false,"spacing_both_ends":false,"padding":"100,130","margin":"0,0","show_background_image":false,"background_style":"none","background_size":"auto","enable_overlay":true,"background_color":"#ff8400","overlay_transparency":"1","section_heading":"Our Customer <span>Says<span><\/span><\/span>","section_sub_heading":"Flavour Taste","section_description":"","section_button_text":"","section_button_link":"","section_heading_color":"#ffffff","section_sub_heading_color":"","section_description_color":"","section_button_bg_color":"","section_button_text_color":"","section_button_hover_bg_color":"","section_button_hover_text_color":"","heading_position":"text-start","text_position":"text-start","quote_icon":"shopify:\/\/shop_images\/quote.png","border_radius":"0px","boxed_border_radius":"0","enable_box_shadow":false,"testimonial_content_width":60,"testimonial_content_width_lap":65,"testimonial_content_width_tab":65,"testimonial_content_color":"#ffffff","testimonial_content_bg_color":"rgba(0,0,0,0)","testimonial_ratings_color":"","testimonial_author_color":"#232420","testimonial_author_designation_color":"#ffffff","testimonial_author_separator_color":"#ffffff","testimonial_quote_icon_color":"#ffffff","items_per_view":1,"navigation_dot_color":"#ffffff","navigation_dot_active_color":"#232420","custom_class_name":"home-testimonial-style","before_image":"shopify:\/\/shop_images\/mask-2.png"}},"1648196779d78838a4":{"type":"home-testimonial","disabled":true,"blocks":{"1648196779f30028a2-0":{"type":"content","settings":{"quote":"<p>1 The standard chunk of Lorem Ipsum used since the 1500s is reproduced below for those interested.<\/p>","icon":"shopify:\/\/shop_images\/testimonial.png","author":"Jugeoge","job":"CEO","star":"0"}},"7a18d368-8321-4b72-9d4f-b921e19c669a":{"type":"content","settings":{"quote":"<p>2 The standard chunk of Lorem Ipsum used since the 1500s is reproduced below for those interested.<\/p>","icon":"shopify:\/\/shop_images\/testimonial.png","author":"Jugeoge","job":"CEO","star":"0"}},"2e180669-0755-49f6-9c86-e53ef0432bc3":{"type":"content","settings":{"quote":"<p>The standard chunk of Lorem Ipsum used since the 1500s is reproduced below for those interested.<\/p>","icon":"shopify:\/\/shop_images\/testimonial.png","author":"Jugeoge","job":"CEO","star":"0"}}},"block_order":["1648196779f30028a2-0","7a18d368-8321-4b72-9d4f-b921e19c669a","2e180669-0755-49f6-9c86-e53ef0432bc3"],"settings":{"full":false,"spacing_both_ends":false,"padding":"100,100","margin":"0,0","show_background_image":false,"background_style":"none","background_size":"auto","enable_overlay":true,"background_color":"#ff8400","overlay_transparency":"1","section_heading":"Our Customer <span>Says<span><\/span><\/span>","section_sub_heading":"Flavour Taste","section_description":"","section_button_text":"","section_button_link":"","section_heading_color":"#ffffff","section_sub_heading_color":"","section_description_color":"","section_button_bg_color":"","section_button_text_color":"","section_button_hover_bg_color":"","section_button_hover_text_color":"","heading_position":"text-start","grid":"1","block_style":"style_1","boxed_styles":"default","enable_box_shadow":false,"reverse_column":true,"text_position":"text-start","quote_icon":"shopify:\/\/shop_images\/quote.png","quote_style":"quote-icon-in-image","author_info_style":"style_1","border_radius":"0px","boxed_border_radius":"0","column_gap":"30","content_width":"30\/60","lap_content_width":"30\/60","vertical_position":"vertical-top","testimonial_border_color":"","testimonial_background_color":"","testimonial_content_color":"#ffffff","testimonial_review_color":"","testimonial_author_text_color":"#232420","testimonial_author_designation_color":"#ffffff","testimonial_author_separator_color":"#ffffff","testimonial_quote_icon_color":"#ffffff","enable_slider":true,"enable_auto_height":true,"items_per_view":1,"items_laptop_view":1,"items_tablet_view":1,"items_mobile_view":1,"enable_center_mode":false,"slider_autoplay":0,"dots":false,"carousel_pagination_alignment":"center_pagination","carousel_pagination_bottom_alignment":"outside_element","arrows":false,"nav_arrow_position":"center-navigation","center_nav_arrow_alignment":"outside_container","navigation_button_color":"","navigation_button_icon_color":"","navigation_button_hover_color":"","navigation_button_hover_icon_color":"","navigation_dot_color":"","navigation_dot_active_color":"","custom_class_name":"home-testimonial-style","before_image":"shopify:\/\/shop_images\/mask-2.png"}},"1648895600d0ff10cd":{"type":"home-featured-blog","settings":{"full":true,"spacing_both_ends":true,"padding":"0,200","margin":"-5,0","show_background_image":true,"background_image":"shopify:\/\/shop_images\/blog-bg.jpg","background_style":"none","background_size":"contain","enable_overlay":false,"background_color":"","overlay_transparency":"0.5","section_heading":"Latest News & Blogs","section_sub_heading":"Our Events","section_description":"","section_button_text":"","section_button_link":"","section_heading_color":"#ffffff","section_sub_heading_color":"","section_description_color":"","section_button_bg_color":"","section_button_text_color":"","section_button_hover_bg_color":"","section_button_hover_text_color":"","heading_position":"text-center","blog":"news","before_image":"shopify:\/\/shop_images\/blog-mask.png","blog_show_author":false,"blog_show_date":true,"blog_comments":false,"blog_show_tag":false,"blog_show_button":true,"blog_show_description":true,"enable_blog_icons":false,"block_banner_style":"grid-style","post_limit":3,"grid":"3","text_position":"text-start","enable_box_shadow":false,"vertical_position":"vertical-center","content_width":"50\/50","lap_content_width":"40\/60","overlay_style_height":400,"overlay_style":"use_gradient_overlay","overlay_color":"#ff8400","overlay_opacity":"0.3","rotation_degree":"180","split_blog_layout":false,"split_gap":"30","enable_masonry_grid":false,"main_banner_style":"grid-style","additional_banner_style":"list-style","enable_masonry_reverse":false,"blog_bg_color":"","blog_link_color":"","blog_link_hover_color":"","blog_text_color":"","blog_icon_color":"","blog_button_bg_color":"","blog_button_text_color":"","blog_button_bg_hover_color":"","blog_button_text_hover_color":"","blog_link_color_overlay":"","blog_link_hover_color_overlay":"","blog_text_color_overlay":"","blog_icon_color_overlay":"","blog_button_bg_color_overlay":"","blog_button_text_color_overlay":"","blog_button_bg_hover_color_overlay":"","blog_button_text_hover_color_overlay":"","masonry_content_width":"50\/50","lap_masonry_content_width":"40\/60","enable_slider":false,"enable_auto_height":true,"items_per_view":4,"items_laptop_view":3,"items_tablet_view":2,"items_mobile_view":1,"enable_center_mode":false,"column_gap":"50","slider_autoplay":0,"dots":true,"carousel_pagination_alignment":"center_pagination","arrows":true,"nav_arrow_position":"center-navigation","center_nav_arrow_alignment":"outside_container","navigation_button_color":"","navigation_button_icon_color":"","navigation_button_hover_color":"","navigation_button_hover_icon_color":"","navigation_dot_color":"","navigation_dot_active_color":"","custom_class_name":"custom-blog"}},"1648900396e3cebab2":{"type":"divider","settings":{"full":true,"spacing_both_ends":true,"padding":"0,30","margin":"0,0","divider_style":"solid","divider_alignment":"text-center","section_heading":"","heading_typography":"h2","divider_bottom_width":100,"divider_height":4,"divider_arrow_alignment":-17,"divider_bottom_alignment":-10,"section_heading_color":"","divider_color":"#232420","custom_class_name":""}}},"order":["16484715585d0b75d2","164880739686478045","16481947033cff8e5d","16478478798dbd62f0","164881460921fd290e","1648872856d032fd95","164852879568c48d6f","16488850195829abb4","1648196779d78838a4","1648895600d0ff10cd","1648900396e3cebab2"]}