{"sections":{"1647497388248fa337":{"type":"home-hotspot","settings":{"full":false,"spacing_both_ends":false,"padding":"0,0","margin":"0,0","show_background_image":false,"background_style":"none","background_size":"auto","enable_overlay":false,"background_color":"","overlay_transparency":"0.5","section_heading":"Hotspot - Style1 (Tooltip On Click)","section_sub_heading":"Sub Heading","section_description":"Use this text to share the information which you like!.","section_button_text":"","section_button_link":"","section_heading_color":"","section_sub_heading_color":"","section_description_color":"","section_button_bg_color":"","section_button_text_color":"","section_button_hover_bg_color":"","section_button_hover_text_color":"","heading_position":"text-center","hotspot_overlay":false,"hotspot_overlay_color":"","hotspot_overlay_transparency":"0.5","hotspot_tooltip_style":"style-1","hotspot_style":"style-1","dots_color_1":"","dots_bg_color_1":"","dots_hovercolor_1":"","dots_hoverbg_color_1":"","hotspot_outer_color":"","icon_format":"numbered","icon":"fa fa-plus","enable_box_shadow":false,"border_radius":"0","hotspot_icon_text_size":16,"hotspot_size":36,"hotspot_outer_size":2,"hotspot_content_size":300,"hotspot_content_size_laptop":300,"hotspot_content_size_tablet":275,"hotspot_content_size_mobile":250,"hotspot_content_bg_color":"","hotspot_content_title_color":"","hotspot_content_title_hover_color":"","hotspot_content_description_color":"","hotspot_content_button_bg_color":"","hotspot_content_button_text_color":"","hotspot_content_button_bg_hover_color":"","hotspot_content_button_text_hover_color":"","custom_class_name":""}},"1647499056155638c3":{"type":"faq-template-3","blocks":{"ea5ef6b9-5243-45de-b678-d9f3fcc82e99":{"type":"heading","settings":{"heading":"Tab 1","icon_image_check":true,"accordian_title_icon":"fa fa-home","accordian_title_icon_font_size":"16","accordian_title_icon_color":"#ba8d69","accordian_title_icon_hover_color":"#1a1a1a","sub_heading":"Tab 1 sub heading","sub_heading_color":"#000000"}},"0fab1256-27b6-4e90-9d10-bb732b5640c9":{"type":"text","settings":{"title":"Heading","description":"Answer goes here..."}},"78128662-cf01-4ced-ac07-3ac244668d90":{"type":"text","settings":{"title":"Heading","description":"Answer goes here..."}},"647b7e2f-ede6-439f-aa06-5b25822c2c5b":{"type":"text","settings":{"title":"Heading","description":"Answer goes here..."}},"4aefc99a-4e8e-48cc-b28f-902aa20feb63":{"type":"text","settings":{"title":"Heading","description":"Answer goes here..."}},"e7a9f4d2-559e-4d9b-ba9d-1830d7f57979":{"type":"divider","settings":{}},"d9157bbb-6a45-47e7-b8dc-8e1cc14724c7":{"type":"heading","settings":{"heading":"Tab 2","icon_image_check":true,"accordian_title_icon":"fa fa-home","accordian_title_icon_font_size":"16","accordian_title_icon_color":"#ba8d69","accordian_title_icon_hover_color":"#1a1a1a","sub_heading":"Tab 2 sub heading","sub_heading_color":"#000000"}},"ac1e4911-c3ce-479d-bcc2-f304bdfb54e6":{"type":"text","settings":{"title":"Question","description":"Answer goes here..."}},"70a86430-ba92-4903-a709-ab23138485e2":{"type":"text","settings":{"title":"Question","description":"Answer goes here..."}},"254de019-1d22-42aa-b50c-b4594db784f3":{"type":"text","settings":{"title":"Question","description":"Answer goes here..."}},"0fc62989-6f67-4826-8226-9b830f03213c":{"type":"text","settings":{"title":"Question","description":"Answer goes here..."}},"9eb88966-a797-47db-b930-938e80d082a5":{"type":"divider","settings":{}},"55d4c138-58c8-4325-bedd-4b169a7b4387":{"type":"heading","settings":{"heading":"Heading","icon_image_check":false,"accordian_title_icon":"fa fa-chevron-down","accordian_title_icon_font_size":"16","accordian_title_icon_color":"#ffffff","accordian_title_icon_hover_color":"#ffffff","sub_heading":"Sub Heading","sub_heading_color":"#000000"}},"1d1df573-8352-46a7-95b3-682b96d4ba81":{"type":"text","settings":{"title":"Question","description":"Answer goes here..."}},"0eac93bb-0b5a-4126-8cea-296bba39426a":{"type":"text","settings":{"title":"Question","description":"Answer goes here..."}}},"block_order":["ea5ef6b9-5243-45de-b678-d9f3fcc82e99","0fab1256-27b6-4e90-9d10-bb732b5640c9","78128662-cf01-4ced-ac07-3ac244668d90","647b7e2f-ede6-439f-aa06-5b25822c2c5b","4aefc99a-4e8e-48cc-b28f-902aa20feb63","e7a9f4d2-559e-4d9b-ba9d-1830d7f57979","d9157bbb-6a45-47e7-b8dc-8e1cc14724c7","ac1e4911-c3ce-479d-bcc2-f304bdfb54e6","70a86430-ba92-4903-a709-ab23138485e2","254de019-1d22-42aa-b50c-b4594db784f3","0fc62989-6f67-4826-8226-9b830f03213c","9eb88966-a797-47db-b930-938e80d082a5","55d4c138-58c8-4325-bedd-4b169a7b4387","1d1df573-8352-46a7-95b3-682b96d4ba81","0eac93bb-0b5a-4126-8cea-296bba39426a"],"settings":{"full":false,"spacing_both_ends":false,"padding":"100,100","margin":"-80,-50","show_background_image":true,"background_image":"shopify:\/\/shop_images\/close-up-of-sports-field-and-nets.jpg","background_style":"fixed","background_size":"cover","enable_overlay":true,"background_color":"#ffffff","overlay_transparency":"0.9","section_heading":"FAQ Block","section_sub_heading":"","section_description":"Use this text to share the information which you like!.","section_button_text":"","section_button_link":"","section_heading_color":"","section_sub_heading_color":"","section_description_color":"","section_button_bg_color":"","section_button_text_color":"","section_button_hover_bg_color":"","section_button_hover_text_color":"","heading_position":"text-center","top_heading_position":"text-left","box_shadow_check":true,"box_shadow":"#000000","box_shadow_levels":"small-shadow","tab_nav_bg":"#ba8d69","tab_nav_color":"#ffffff","tab_content_border":"#e9e9e9","tab_panel_background":"#ffffff","active_header_background":"#7d583b","header_background":"#ba8d69","secondary":"#ffffff","primary":"#ffffff","content_background":"#f3eeeb","text_color":"#000000","padding_title":"15px 30px","tab_nav_border_radius":"0","tab_nav_border_width":"2","tab_nav_border_color":"#fbfbfb","tab_nav_width":"15","tab_nav_font_size":"20","header_font_size":"20","border_width":"2","border_width_toggle_heading":"1","border_color_toggle_heading":"#7d583b","body_font_size":"20","tab_nav_shadow_check":true,"tab_nav_box_shadow":"#222222","tab_nav_box_shadow_levels":"regular-shadow","icon_font_size":"16","icon_color":"#ffffff","icon_bgcolor":"rgba(0,0,0,0)","icon_hover_color":"#ffffff","icon_hover_bgcolor":"rgba(0,0,0,0)","icon_border_radius":"0","icon_bg_width":"20","icon_bg_height":"20","icon_line_height":"20","position":"icon-right","section_icon_open":"fa fa-chevron-down","section_icon_close":"fa fa-chevron-up"}}},"order":["1647497388248fa337","1647499056155638c3"]}