{"sections":{"main":{"type":"about-us","settings":{}},"1652428627f74a924c":{"type":"home-specification-block","blocks":{"9e069602-b435-4316-94fd-c5ca9fc3bd58":{"type":"icon","settings":{"icon":"shopify:\/\/shop_images\/icon02_da98f890-09aa-4b00-85cf-8c9c247c50a0.png","title":"Natural Sweetness","heading_link":"","desc":"Sapien faucibus amet cursus mauris. Sed vitae mattis ipsum. Vestibulum enim nulla, sollicitudin ac hendrerit nec, tempor quis nisl. Sed vestibulum nulla elementum auctor tincidunt.","link_text":"View More","link":"","reverse_column":false}},"63deae6d-bc62-432c-8570-15564bc73c05":{"type":"icon","settings":{"icon":"shopify:\/\/shop_images\/icon01_db928d00-30a5-4983-81f8-84a094ceb758.png","title":"Healthy Fruit","heading_link":"","desc":"Fermentum posuere cursus mauris. Sed vitae mattis ipsum. Vestibulum enim nulla, sollicitudin ac hendrerit nec, tempor quis nisl. Sed vestibulum nulla elementum auctor marquese.","link_text":"View More","link":"","reverse_column":false}},"a5902ecd-78b8-4f73-bd77-172bb86fc77c":{"type":"icon","settings":{"icon":"shopify:\/\/shop_images\/icon03_3b10c200-9bfd-4a51-a3f6-83cc83bce0a2.png","title":"Happy Life","heading_link":"","desc":"Aliquam sit amet cursus mauris. Sed vitae mattis ipsum. Vestibulum enim nulla, sollicitudin ac hendrerit nec, tempor quis nisl. Sed vestibulum nulla elementum auctor gereseres.","link_text":"View More","link":"","reverse_column":false}},"9d72d45d-a6af-4605-913c-b8922e1d33be":{"type":"icon","disabled":true,"settings":{"icon":"shopify:\/\/shop_images\/icon_4.png","title":"Finest Fruits","heading_link":"","desc":"Aliquam sit amet cursus mauris. Sed vitae mattis ipsum. Vestibulum enim nulla, sollicitudin ac hendrerit nec, tempor quis nisl. Sed vestibulum nulla elementum auctor tincidunt.","link_text":"View More","link":"","reverse_column":false}}},"block_order":["9e069602-b435-4316-94fd-c5ca9fc3bd58","63deae6d-bc62-432c-8570-15564bc73c05","a5902ecd-78b8-4f73-bd77-172bb86fc77c","9d72d45d-a6af-4605-913c-b8922e1d33be"],"settings":{"full":true,"spacing_both_ends":true,"padding":"0,0","margin":"0,100","show_background_image":false,"background_style":"none","background_size":"auto","enable_overlay":false,"background_color":"","overlay_transparency":"0.5","section_heading":"Special Packed <span>Juice<\/span>","section_sub_heading":"WHY CHOOSE US","section_description":"","section_button_text":"","section_button_link":"","section_heading_color":"#232420","section_sub_heading_color":"#232420","section_description_color":"","section_button_bg_color":"","section_button_text_color":"","section_button_hover_bg_color":"","section_button_hover_text_color":"","heading_position":"text-center","column_gap":"30px","vertical_position":"position-vertical-center","content_width":"48\/50","content_width_lap":"40\/60","content_width_tab":"35\/65","enable_image":true,"primary_image":"shopify:\/\/shop_images\/grid01.jpg","primary_title":"","primary_sub_title":"","primary_description":"","primary_button_text":"","primary_button_link":"","main_banner_style":"overlay","primary_text_align":"text-center","primary_position":"center","overlay_style_height":"600","border_radius":"0","enable_box_shadow":false,"overlay_style":"use_gradient_overlay","overlay_color":"rgba(0,0,0,0)","overlay_opacity":"0","rotation_degree":"180","primary_banner_bg":"rgba(0,0,0,0)","primary_heading_color":"","primary_sub_heading_color":"","primary_description_color":"","primary_button_bg_color":"","primary_button_text_color":"","primary_button_hover_bg_color":"","primary_button_hover_text_color":"","specification_block_style":"default","block_icon_size":"86px","icon_border_radius":"0px","specification_style":"style3","block_icon_outer_size":"86px","additional_heading":"","additional_sub_heading":"","additional_description":"","additional_heading_position":"text-start","block_icon_bg":"rgba(0,0,0,0)","block_icon_color":"","block_heading_color":"#232420","block_description_color":"#232420","block_button_bg_color":"","block_button_text_color":"","block_button_hover_bg_color":"","block_button_hover_text_color":"","additional_heading_color":"","additional_sub_heading_color":"","additional_description_color":"","custom_class_name":"about-specification-block"}},"1652434082dbfe10b3":{"type":"home-number-counter","blocks":{"235970a1-0794-4d10-845a-24ce6fccae35":{"type":"class","settings":{"class":"fa fa-cogs","title":"Antioxidents","text":"","value":"25","value_text":"K"}},"dd7df188-c832-478c-a402-47b340821a7c":{"type":"class","settings":{"class":"fa fa-tint","title":"Weight Loss","text":"","value":"40","value_text":"K"}},"652adb5d-85ea-4d9e-99d8-8bfdd41cd63f":{"type":"class","settings":{"class":"fa fa-asterisk","title":"Fats","text":"","value":"63","value_text":"K"}},"3b3d2d15-2e9e-44d5-b1f0-6232da4eb1a2":{"type":"class","settings":{"class":"fa fa-child","title":"Energy","text":"","value":"68","value_text":"K"}},"1b5fa8ae-3e5e-4faf-b704-a0a6851c310f":{"type":"class","settings":{"class":"fa fa-coffee","title":"Calories","text":"","value":"29","value_text":"K"}}},"block_order":["235970a1-0794-4d10-845a-24ce6fccae35","dd7df188-c832-478c-a402-47b340821a7c","652adb5d-85ea-4d9e-99d8-8bfdd41cd63f","3b3d2d15-2e9e-44d5-b1f0-6232da4eb1a2","1b5fa8ae-3e5e-4faf-b704-a0a6851c310f"],"settings":{"full":false,"spacing_both_ends":false,"padding":"100,70","margin":"0,0","show_background_image":false,"background_style":"none","background_size":"auto","enable_overlay":true,"background_color":"#ff8400","overlay_transparency":"1","section_heading":"What Inside Our Juice","section_sub_heading":"","section_description":"","section_button_text":"","section_button_link":"","section_heading_color":"#ffffff","section_sub_heading_color":"#ffffff","section_description_color":"#ffffff","section_button_bg_color":"","section_button_text_color":"","section_button_hover_bg_color":"","section_button_hover_text_color":"","heading_position":"text-center","grid":"5","column_gap":"30","counter_style":"grid","vertical_position":"vertical-center","block_text_align":"text-center","reverse_column":false,"enable_boxed":false,"enable_overall_border":false,"border_radius":"0","icon_border_radius":"50%","block_icon_outer_size":"100","block_icon_size":"50","enable_box_shadow":false,"block_bg_color":"rgba(0,0,0,0)","block_icon_border_color":"#ffffff","block_icon_bg_color":"rgba(0,0,0,0)","block_icon_color":"","block_title_color":"#ffffff","block_text_color":"#ffffff","block_value_color":"#ffffff","block_value_text_color":"#ffffff","block_border_color":"","custom_class_name":"about-number-counter"}},"1652436256a78fa014":{"type":"home-masonry-banner","blocks":{"1652436256ca82e4cb-0":{"type":"content","settings":{"grid_banner_type":"image","block_image":"shopify:\/\/shop_images\/grid03.jpg","block_video":"https:\/\/www.w3schools.com\/tags\/mov_bbb.mp4","show_image":true,"show_content":true,"block_title":"Amazing Flavour","block_title_link":"","block_sub_title":"","block_description":"","block_button_text":"","block_button_link":"","block_text_align":"text-center","content_position":"center","image_position":"center","reverse_column":false,"block_banner_bg":"rgba(0,0,0,0)","block_heading_color":"#ffffff","block_sub_heading_color":"#ffffff","block_description_color":"","block_button_bg_color":"","block_button_text_color":"","block_button_hover_bg_color":"","block_button_hover_text_color":"","overlay_style":"use_overlay","overlay_color":"#232420","overlay_opacity":"0.75","rotation_degree":"180"}},"1652436256ca82e4cb-1":{"type":"content","settings":{"grid_banner_type":"image","block_image":"shopify:\/\/shop_images\/grid04.jpg","block_video":"https:\/\/www.w3schools.com\/tags\/mov_bbb.mp4","show_image":true,"show_content":true,"block_title":"Precious Juice","block_title_link":"","block_sub_title":"","block_description":"","block_button_text":"","block_button_link":"","block_text_align":"text-center","content_position":"center","image_position":"center","reverse_column":false,"block_banner_bg":"rgba(0,0,0,0)","block_heading_color":"#ffffff","block_sub_heading_color":"#ffffff","block_description_color":"","block_button_bg_color":"","block_button_text_color":"","block_button_hover_bg_color":"","block_button_hover_text_color":"","overlay_style":"use_overlay","overlay_color":"#232420","overlay_opacity":"0.75","rotation_degree":"180"}}},"block_order":["1652436256ca82e4cb-0","1652436256ca82e4cb-1"],"settings":{"full":false,"spacing_both_ends":false,"padding":"0,0","margin":"100,50","show_background_image":false,"background_style":"none","background_size":"auto","enable_overlay":false,"background_color":"","overlay_transparency":"0.5","section_heading":"","section_sub_heading":"","section_description":"","section_button_text":"","section_button_link":"","heading_position":"text-center","section_heading_color":"","section_sub_heading_color":"","section_description_color":"","section_button_bg_color":"","section_button_text_color":"","section_button_hover_bg_color":"","section_button_hover_text_color":"","main_banner_style":"overlay","block_banner_style":"overlay","reverse_column":false,"column_gap":"30px","enable_box_shadow":false,"border_radius":"0","content_width":"65\/35","lap_content_width":"40\/60","primary_text_align":"text-center","primary_position":"center","primary_image":"shopify:\/\/shop_images\/grid02_0539fc77-a342-4fae-b6ee-b30ba301dd4f.jpg","primary_title":"Taste of Nature","primary_title_link":"","primary_sub_title":"Healthy Fit","primary_description":"","primary_button_text":"","primary_button_link":"","primary_banner_bg":"rgba(0,0,0,0)","primary_heading_color":"#ffffff","primary_sub_heading_color":"#ffffff","primary_description_color":"","primary_button_bg_color":"","primary_button_text_color":"","primary_button_hover_bg_color":"","primary_button_hover_text_color":"","overlay_style":"use_overlay","overlay_color":"#232420","overlay_opacity":"0.75","rotation_degree":"180","block_style":"style-2","overlay_style_height":260,"overlay_style_height_laptop":250,"overlay_style_height_tab":320,"overlay_style_height_mobile":200,"custom_class_name":"about-masonry-banner"}},"16524382036f66a4d2":{"type":"inner-page-team-section","blocks":{"beef994b-3a1b-49ef-a30a-858905d0f6ff":{"type":"content","settings":{"image":"shopify:\/\/shop_images\/team01.jpg","name":"Marry","designation":"","facebook":"#","twitter":"#","pinterest":"#","youtube":"#"}},"7cb14513-a15e-4c96-9d9c-20a57df40094":{"type":"content","settings":{"image":"shopify:\/\/shop_images\/team02.jpg","name":"Newlin","designation":"","facebook":"#","twitter":"#","pinterest":"#","youtube":"#"}},"86d054c0-7a9a-497a-8a66-5ca1ca81ef58":{"type":"content","settings":{"image":"shopify:\/\/shop_images\/team03.jpg","name":"Roselin","designation":"","facebook":"#","twitter":"#","pinterest":"#","youtube":"#"}}},"block_order":["beef994b-3a1b-49ef-a30a-858905d0f6ff","7cb14513-a15e-4c96-9d9c-20a57df40094","86d054c0-7a9a-497a-8a66-5ca1ca81ef58"],"settings":{"enable":true,"full":false,"spacing_both_ends":false,"padding":"0,0","margin":"50,0","show_background_image":false,"background_style":"default","enable_overlay":false,"background_color":"","overlay_transparency":"0.5","section_heading":"Awesome <span> Team<\/span>","section_sub_heading":"GET IN TOUCH","section_description":"","section_button_text":"","section_button_link":"","section_heading_color":"","section_sub_heading_color":"","section_description_color":"","section_button_bg_color":"","section_button_text_color":"","section_button_hover_bg_color":"","section_button_hover_text_color":"","heading_position":"text-center","column":"three-column","block_heading_color":"","block_designation_color":"","block_bg":"","block_social_icon_bg_color":"#232420","block_social_icon_color":"#ffffff","block_social_icon_hover_bg_color":"#ff8400","block_social_icon_hover_color":"#232420","before_image":"shopify:\/\/shop_images\/mask-2.png"}}},"order":["main","1652428627f74a924c","1652434082dbfe10b3","1652436256a78fa014","16524382036f66a4d2"]}