{"sections":{"main":{"type":"faq-template-1","blocks":{"4397e945-ff9f-4c2f-a85e-2c321758bcf2":{"type":"class","settings":{"class":"fa fa-hand-o-right","title":"How will my order be delivered to me?","desc":"Curabitur nec risus vitae nibh bibendum gravida ut sit amet augue. Aliquam non mauris magna. Vestibulum malesuada enim pretium nulla sollicitudin, sit amet euismod ante egestas. Quisque urna eros, suscipit vel ullamcorper eu, scelerisque in eros. In id nulla laoreet mauris pharetra euismod."}},"5fae5d52-acee-4841-abc5-15f181845462":{"type":"class","settings":{"class":"fa fa-hand-o-right","title":"What do I need to know?","desc":"Fusce a fermentum leo. Morbi quis eleifend nulla. Curabitur sit amet nunc sagittis, congue massa sed, condimentum enim. Aenean lacinia risus elementum, viverra justo rhoncus, mattis massa. Praesent ornare nunc rutrum, feugiat ante eu, tempor lacus. Etiam dui leo, scelerisque in congue id, feugiat et eros."}},"d338b734-db78-4f0a-92cd-fbbe507c75ea":{"type":"class","settings":{"class":"fa fa-hand-o-right","title":"How will I know if order is placed successfully?","desc":"Integer a erat convallis eleifend eu quis arcu. Vivamus et turpis nibh. Suspendisse vel eros at ex elementum pulvinar in vel ipsum. Donec iaculis ullamcorper ante et faucibus. Pellentesque et augue euismod nunc pharetra consectetur id iaculis ante. Sed eget metus sodales, ullamcorper nulla nec, mollis purus."}},"b927fcb4-63de-4eb8-ac5e-1a563393c553":{"type":"class","settings":{"class":"fa fa-hand-o-right","title":"How do I check the status of my order?","desc":"Nullam egesta non pretium. Nam et lorem id risus scelerisque hendrerit. Suspendisse ornare, magna non volutpat interdum, tellus felis condimentum magna, non laoreet mauris eros vel nisi. In luctus lectus convallis, tempor quam at, eleifend eros. Nunc velit turpis, interdum a mi sit amet, facilisis elementum ex."}}},"block_order":["4397e945-ff9f-4c2f-a85e-2c321758bcf2","5fae5d52-acee-4841-abc5-15f181845462","d338b734-db78-4f0a-92cd-fbbe507c75ea","b927fcb4-63de-4eb8-ac5e-1a563393c553"],"settings":{"full":false,"spacing_both_ends":false,"padding":"0,0","margin":"0,0","show_background_image":false,"background_style":"none","background_size":"auto","enable_overlay":false,"background_color":"","overlay_transparency":"0.5","section_heading":"Check Out Queries","section_sub_heading":"","section_description":"","section_button_text":"","section_button_link":"","section_heading_color":"","section_sub_heading_color":"","section_description_color":"","section_button_bg_color":"","section_button_text_color":"","section_button_hover_bg_color":"","section_button_hover_text_color":"","heading_position":"text-center","block_style":"default-style","text_position":"text-start","border_radius":"0","grid_gap":"30","enable_box_shadow":true,"enable_heading_icons":true,"faq_icon_size":"30","enable_segmented_layout":true,"segmented_layout_gap":"15","faq_border_color":"#ffeac0","faq_heading_color":"#232420","faq_heading_bg_color":"#ffeac0","faq_content_color":"#232420","faq_content_bg_color":"#ffffff","custom_class_name":""}}},"order":["main"]}