{"sections":{"main":{"type":"main-product-template","blocks":{"bd5fe641-75f6-4c13-999c-d0be32e3bc87":{"type":"title","settings":{}},"f14720d8-dc3c-44a3-8bfa-cea5cf644d9d":{"type":"text","settings":{"text":"{{ product.metafields.descriptors.subtitle.value }}"}},"db797c60-1d3c-4034-b55d-151ec5cae2d7":{"type":"deal","settings":{}},"7c9c1efb-83bb-46b0-abe9-7c4951265cf4":{"type":"price","settings":{}},"cb874c94-c1ed-44c9-a5d6-a12bc6093239":{"type":"vendor","settings":{}},"22c4f5eb-0a61-4ed2-865c-ec6f809e783c":{"type":"notify-form","settings":{}},"c0548d06-402e-4234-9a58-03c52a7d6c74":{"type":"type","settings":{}},"959fd2b2-81db-41a1-b8a0-21c2e6d9819f":{"type":"share","settings":{}},"f26a6ae3-78b7-4d9f-885e-fcbc49deba02":{"type":"menu","settings":{"title":"Category","linklist":"category"}},"2ff9f47d-7f11-4be0-b8ec-143624b3ca83":{"type":"collection","settings":{"title":"New Arrivals","collection":"new-arrivals","limit":3}},"14952b1f-8a11-46fc-93bc-26529aab775e":{"type":"carousel","settings":{"title":"Hot Deals","collection":"trending-products","limit":4}},"e5510669-3a5a-4123-9fe4-799fc87fd72b":{"type":"size_chart","settings":{}}},"block_order":["bd5fe641-75f6-4c13-999c-d0be32e3bc87","f14720d8-dc3c-44a3-8bfa-cea5cf644d9d","db797c60-1d3c-4034-b55d-151ec5cae2d7","7c9c1efb-83bb-46b0-abe9-7c4951265cf4","cb874c94-c1ed-44c9-a5d6-a12bc6093239","22c4f5eb-0a61-4ed2-865c-ec6f809e783c","c0548d06-402e-4234-9a58-03c52a7d6c74","959fd2b2-81db-41a1-b8a0-21c2e6d9819f","f26a6ae3-78b7-4d9f-885e-fcbc49deba02","2ff9f47d-7f11-4be0-b8ec-143624b3ca83","14952b1f-8a11-46fc-93bc-26529aab775e","e5510669-3a5a-4123-9fe4-799fc87fd72b"],"settings":{"full":false,"spacing_both_ends":false,"padding":"0,0","margin":"0,0","gallery_type":"thumbnails_hide","vertical_style":"dt-sc-product-vertical-thumb-right","enable_zoom":false,"enable_video_looping":true,"product_gap":50,"meta-lable-style":"one-half","reviews":true,"show_variants_swatches":true,"show_product_quantity":true,"display_back_in_stock":true,"show_quantity_selector":true,"show_checkout":true,"hide_addtocart":false,"show_wishlist":true,"show_share_buttons":true,"tab_position":"bottom","tab_style":"tab","product_tab1":true,"product_tab1_heading":"Description","product_tab2":true,"product_tab2_heading":"Shipping Infomation","page_content":"shipping-information","product_tab3":true,"product_tab3_heading":"Reviews","enable_enquiry":true,"enable_sticky_cart":false}},"product-recommendations":{"type":"product-recommendations","settings":{"full":true,"spacing_both_ends":true,"padding":"0,0","margin":"0,0","show_product_recommendations":true,"heading":"Recommended Products","heading_position":"text-center"}}},"order":["main","product-recommendations"]}