{"sections":{"16484715585d0b75d2":{"type":"slideshow","blocks":{"7e33837d-b447-4031-9b6f-97da7a46ad45":{"type":"Slider","settings":{"slider_type":"image","image":"shopify:\/\/shop_images\/31_6a89a56a-f78d-4336-970f-bf9fccd23ca0.jpg","mobile_image":"shopify:\/\/shop_images\/tm-i.jpg","video_url":"https:\/\/storage.googleapis.com\/coverr-main\/mp4\/Palm_Trees.mp4","iframe_url":"","mobile_bg_clr":"#ffffff","text_alignment":"text-center","content_position":"dt-sc-flex-center","block_image":"shopify:\/\/shop_images\/slider-img1.jpg","show_image":false,"show_content":true,"title_2":"Large Brand Collection","subheading_color":"#000000","subheading_size":"24","title":"Trendy Designs","heading_color":"#000000","heading_size":"80","additional_title":"Heading","additional_heading_color":"","additional_heading_size":"30","desc":"Egestas integer eget aliquet nibh praesent tristique magna sit odio facilisis","desc_color":"#000000","desc_size":"16","button":"Shop Now","link":"shopify:\/\/collections\/best-sellers-demo-7","btn_bg_color":"#000000","btn_txt_color":"#ffffff","btn_hoverbg_color":"#565e41","btn_hovertxt_color":"#ffffff","button_2":"","link_2":"","btn_bg_color_2":"#565e41","btn_txt_color_2":"#ffffff","btn_hoverbg_color_2":"#d9ddcf","btn_hovertxt_color_2":"#565e41","slide_content_bg":"rgba(0,0,0,0)","slide_bg":"#ffffff","enable_additional_button":false,"additional_button_text":"View More","additional_button_link":"","additional_button_text_color":"","additional_button_text_hover_color":""}},"1c3ef5d2-7158-4a50-8def-1e1c84b6a9c6":{"type":"Slider","settings":{"slider_type":"image","image":"shopify:\/\/shop_images\/32_2a9bf3ab-2290-42d7-ab12-e245f07e807b.jpg","mobile_image":"shopify:\/\/shop_images\/tm-j.jpg","video_url":"https:\/\/cdn.shopify.com\/s\/files\/1\/3099\/9934\/files\/845f1827c32642fda4eb0765b6dc7f00.HD-1080p-7.2Mbps.mp4?v=1651209135","iframe_url":"","mobile_bg_clr":"#ffffff","text_alignment":"text-center","content_position":"dt-sc-flex-center","block_image":"shopify:\/\/shop_images\/slider-img1.jpg","show_image":false,"show_content":true,"title_2":"Get 50% flat off","subheading_color":"#000000","subheading_size":"24","title":"Best Designs","heading_color":"#000000","heading_size":"80","additional_title":"","additional_heading_color":"","additional_heading_size":"30","desc":"Integer eget aliquet nibh praesent tristique magna sit sed velit dignissim","desc_color":"#000000","desc_size":"16","button":"Shop Now","link":"shopify:\/\/collections\/hot-deals-demo-7","btn_bg_color":"#000000","btn_txt_color":"#ffffff","btn_hoverbg_color":"#565e41","btn_hovertxt_color":"#ffffff","button_2":"","link_2":"","btn_bg_color_2":"","btn_txt_color_2":"","btn_hoverbg_color_2":"","btn_hovertxt_color_2":"","slide_content_bg":"rgba(0,0,0,0)","slide_bg":"#ffffff","enable_additional_button":false,"additional_button_text":"View More","additional_button_link":"","additional_button_text_color":"","additional_button_text_hover_color":""}},"ad2816a5-9c40-4038-98c1-a862ab3cda76":{"type":"Slider","settings":{"slider_type":"image","image":"shopify:\/\/shop_images\/33_ea66bc7f-9768-4de0-9198-2b23f56a435e.jpg","mobile_image":"shopify:\/\/shop_images\/tm-k.jpg","video_url":"https:\/\/storage.googleapis.com\/coverr-main\/mp4\/Palm_Trees.mp4","iframe_url":"","mobile_bg_clr":"#ffffff","text_alignment":"text-center","content_position":"dt-sc-flex-center","block_image":"shopify:\/\/shop_images\/slider-img1.jpg","show_image":false,"show_content":true,"title_2":"Best Offers For All Designs","subheading_color":"#000000","subheading_size":"24","title":"Modern Outfits","heading_color":"#000000","heading_size":"80","additional_title":"Heading","additional_heading_color":"","additional_heading_size":"30","desc":"Volutpat maecenas volutpat blandit aliquam etiamipsum suspendisse","desc_color":"#000000","desc_size":"16","button":"Shop Now","link":"shopify:\/\/collections\/popular-products-demo-7","btn_bg_color":"#000000","btn_txt_color":"#ffffff","btn_hoverbg_color":"#565e41","btn_hovertxt_color":"#ffffff","button_2":"","link_2":"","btn_bg_color_2":"","btn_txt_color_2":"","btn_hoverbg_color_2":"","btn_hovertxt_color_2":"","slide_content_bg":"rgba(0,0,0,0)","slide_bg":"#ffffff","enable_additional_button":false,"additional_button_text":"View More","additional_button_link":"","additional_button_text_color":"","additional_button_text_hover_color":""}}},"block_order":["7e33837d-b447-4031-9b6f-97da7a46ad45","1c3ef5d2-7158-4a50-8def-1e1c84b6a9c6","ad2816a5-9c40-4038-98c1-a862ab3cda76"],"settings":{"full":true,"spacing_both_ends":false,"margin":"0,0","slider_height":900,"slider_height_lap":750,"slider_height_tab":650,"slider_height_mobile":600,"video-aspect-ratio":"","content_within_container":false,"enable_box_shadow":false,"border_radius":"0","content_border_radius":"10","autoplay":false,"slideshow_speed":"5000","dots":true,"carousel_pagination_alignment":"center_pagination","carousel_pagination_bottom_alignment":"inside_element","arrows":true,"nav_arrow_position":"center-navigation","center_nav_arrow_alignment":"inside_container","navigation_button_color":"","navigation_button_icon_color":"#000000","navigation_button_hover_color":"","navigation_button_hover_icon_color":"#000000","navigation_dot_color":"#000000","navigation_dot_active_color":"#565e41","custom_class_name":"custom-slideshow-demo6"}},"1657022689007f3d32":{"type":"home-html-text","settings":{"full":false,"spacing_both_ends":false,"padding":"0,0","margin":"100,0","show_background_image":false,"background_style":"none","background_size":"auto","enable_overlay":false,"background_color":"","overlay_transparency":"0.5","section_heading":"Know Us","section_sub_heading":"Our Store","section_description":"Purus viverra accumsan in nisl nisi scelerisque eu ullamcorper dignissim cras tincidunt lobortis feugiat morbi tristique senectus et netus et malesuada fames ac purus semper eget duis at tellus pulvinar proin gravida hendrerit lectus a  non curabitur gravida arcu ac tortor.","section_button_text":"Shop now","section_button_link":"shopify:\/\/collections\/best-sellers-demo-7","section_heading_color":"","section_sub_heading_color":"","section_description_color":"","section_button_bg_color":"","section_button_text_color":"","section_button_hover_bg_color":"","section_button_hover_text_color":"","heading_position":"text-center","html":"<!--<div id='insta-feed'><\/div>-->","custom_class_name":"custom-html-text"}},"1655456135e46c28cb":{"type":"home-product-tab","blocks":{"d8515d7c-4806-4557-a3e6-634aca253de5":{"type":"tab","settings":{"tab":"shop-demo-7","block_title":"Summer Collection"}},"5cfdecf1-1547-4ad9-96df-a7a06cc0a85a":{"type":"tab","settings":{"tab":"best-sellers-demo-7","block_title":"Winter Collection"}}},"block_order":["d8515d7c-4806-4557-a3e6-634aca253de5","5cfdecf1-1547-4ad9-96df-a7a06cc0a85a"],"settings":{"full":true,"spacing_both_ends":true,"padding":"100,100","margin":"50,0","show_background_image":false,"background_style":"none","background_size":"auto","enable_overlay":true,"background_color":"#f5f5f5","overlay_transparency":"1","section_heading":"New Collections","section_sub_heading":"SPECIAL PRODUCTS","section_description":"","section_button_text":"","section_button_link":"","section_heading_color":"","section_sub_heading_color":"","section_description_color":"","section_button_bg_color":"","section_button_text_color":"","section_button_hover_bg_color":"","section_button_hover_text_color":"","heading_position":"text-center","content_width":"30\/70","lap_content_width":"35\/65","grouped_content_bg":"","grouped_column_gap":"30","grouped_content_padding":"0","group_border_radius":"0","enable_group_box_shadow":false,"reverse_column":false,"enable_additional_content":false,"additional_block_background_color":"","additional_block_box_shadow":false,"additional_content_padding":"0","additional_block_border_radius":"0","enable_main_content":true,"main_block_background_color":"rgba(0,0,0,0)","enable_main_block_box_shadow":false,"main_block_border_radius":"0","main_content_padding":"0","enable_list_view":false,"grid":"4","post_limit":4,"column_gap":"20","border_radius":"","tab_style":"style-2","tab_alignment":"text-center","tab_link_bg_color":"rgba(0,0,0,0)","tab_link_color":"#000000","tab_link_bg_hover_color":"rgba(0,0,0,0)","tab_link_hover_text_color":"#565e41","tab_content_bg_color":"rgba(0,0,0,0)","tab_content_border_color":"","enable_slider":true,"items_per_view":4,"items_laptop_view":3,"items_tablet_view":2,"items_mobile_view":1,"enable_center_mode":false,"rows":1,"enable_autoplay":true,"slider_autoplay":3,"dots":false,"carousel_pagination_alignment":"center_pagination","carousel_pagination_bottom_alignment":"outside_element","arrows":true,"nav_arrow_position":"navigation-bottom-right","center_nav_arrow_alignment":"inside_container","navigation_button_color":"","navigation_button_icon_color":"#000000","navigation_button_hover_color":"","navigation_button_hover_icon_color":"#565e41","navigation_dot_color":"","navigation_dot_active_color":"","custom_class_name":"custom-product-tab"}},"165708034429e302d4":{"type":"home-grid-banner","blocks":{"1657080344967d0a84-1":{"type":"content","settings":{"grid_banner_type":"image","show_image_title":false,"block_image_title":"Image title","block_image_title_color":"","block_image":"shopify:\/\/shop_images\/grid01_207f76bf-46ab-4eeb-900d-ea0f0c3181f5.jpg","block_video":"https:\/\/www.w3schools.com\/tags\/mov_bbb.mp4","video_icon_color":"","video_icon_position":"icon-top-right","content_with_icon":false,"video_icon_outer_size":"60px","video_icon_size":"40px","show_image":true,"show_content":true,"block_title":"Western Collection","block_title_link":"shopify:\/\/collections\/best-sellers-demo-7","block_sub_title":"","block_description":"Ante in nibh mauris cursus mattis molestie a","block_button_text":"Shop Now","block_button_link":"shopify:\/\/collections\/hot-deals-demo-7","block_text_align":"text-center","content_position":"bottom-center","reverse_column":false,"block_banner_bg":"rgba(0,0,0,0)","block_content_box_bg":"","block_heading_color":"#ffffff","block_sub_heading_color":"","block_description_color":"#ffffff","block_button_bg_color":"","block_button_text_color":"#ffffff","block_button_hover_bg_color":"","block_button_hover_text_color":"#ffffff","overlay_style":"use_overlay","overlay_color":"rgba(0,0,0,0)","overlay_opacity":"0.5","rotation_degree":"180","block_animation_text":"fadeIn"}},"1657080344967d0a84-0":{"type":"content","settings":{"grid_banner_type":"image","show_image_title":false,"block_image_title":"Image title","block_image_title_color":"","block_image":"shopify:\/\/shop_images\/grid02_10c0b21e-9406-455c-beaa-b70f0902e568.jpg","block_video":"https:\/\/www.w3schools.com\/tags\/mov_bbb.mp4","video_icon_color":"","video_icon_position":"icon-top-right","content_with_icon":false,"video_icon_outer_size":"60px","video_icon_size":"40px","show_image":true,"show_content":true,"block_title":"Classic Collection","block_title_link":"shopify:\/\/collections\/hot-deals-demo-7","block_sub_title":"","block_description":"Mattis molestie a iaculis at erat pellentesque","block_button_text":"Shop Now","block_button_link":"shopify:\/\/collections\/hot-deals-demo-7","block_text_align":"text-center","content_position":"bottom-center","reverse_column":false,"block_banner_bg":"rgba(0,0,0,0)","block_content_box_bg":"","block_heading_color":"#ffffff","block_sub_heading_color":"","block_description_color":"#ffffff","block_button_bg_color":"","block_button_text_color":"#ffffff","block_button_hover_bg_color":"","block_button_hover_text_color":"#ffffff","overlay_style":"use_overlay","overlay_color":"rgba(0,0,0,0)","overlay_opacity":"0.5","rotation_degree":"180","block_animation_text":"fadeIn"}},"a2d58760-8e37-4fca-88a6-9ec5bc47de76":{"type":"content","settings":{"grid_banner_type":"image","show_image_title":false,"block_image_title":"Image title","block_image_title_color":"","block_image":"shopify:\/\/shop_images\/grid03_a8be2ec1-d176-42be-9c2b-49a2ac9973b5.jpg","block_video":"https:\/\/www.w3schools.com\/tags\/mov_bbb.mp4","video_icon_color":"","video_icon_position":"icon-top-right","content_with_icon":false,"video_icon_outer_size":"60px","video_icon_size":"40px","show_image":true,"show_content":true,"block_title":"Elegant Collection","block_title_link":"shopify:\/\/collections\/hot-deals-demo-7","block_sub_title":"","block_description":"Enim sit amet venenatis urna mauris in aliquam sem","block_button_text":"Shop Now","block_button_link":"shopify:\/\/collections\/shop-demo-7","block_text_align":"text-center","content_position":"bottom-center","reverse_column":false,"block_banner_bg":"rgba(0,0,0,0)","block_content_box_bg":"","block_heading_color":"#ffffff","block_sub_heading_color":"","block_description_color":"#ffffff","block_button_bg_color":"","block_button_text_color":"#ffffff","block_button_hover_bg_color":"","block_button_hover_text_color":"#ffffff","overlay_style":"use_overlay","overlay_color":"rgba(0,0,0,0)","overlay_opacity":"0.5","rotation_degree":"180","block_animation_text":"fadeIn"}}},"block_order":["1657080344967d0a84-1","1657080344967d0a84-0","a2d58760-8e37-4fca-88a6-9ec5bc47de76"],"settings":{"full":true,"spacing_both_ends":true,"padding":"0,0","margin":"100,0","show_background_image":false,"background_style":"none","background_size":"auto","enable_overlay":false,"background_color":"","overlay_transparency":"0.5","section_heading":"Trending Products","section_sub_heading":"Unique Design","section_description":"","section_button_text":"","section_button_link":"","section_heading_color":"","section_sub_heading_color":"","section_description_color":"","section_button_bg_color":"","section_button_text_color":"","section_button_hover_bg_color":"","section_button_hover_text_color":"","heading_position":"text-center","block_banner_style":"overlay","column_gap":"45","grid":"3","border_radius":"0","enable_box_shadow":false,"equal_height":false,"content_width":"50\/50","lap_content_width":"40\/60","overlay_style_height":640,"overlay_style_height_laptop":550,"overlay_style_height_mobile":500,"custom_class_name":"custom-demo6-overlay-banner"}},"1657082151fe99e9c2":{"type":"home-product-tab","blocks":{"421b835d-5b80-4b36-8bb5-95ca3c99ec47":{"type":"tab","settings":{"tab":"best-sellers-demo-7","block_title":"Anon"}},"bb4660ab-512f-4c38-8c6c-ab49ad9bcae9":{"type":"tab","settings":{"tab":"hot-deals-demo-7","block_title":"Ample"}},"2eab3557-0fe8-46f1-a56c-cdf2a564fbbb":{"type":"tab","settings":{"tab":"new-arrivals-demo-7","block_title":"Hackel"}},"a1df97bf-1a06-4b3f-93b2-545c1cebf0ae":{"type":"tab","settings":{"tab":"popular-products-demo-7","block_title":"Divine"}},"b8991cdf-ad75-4089-b961-e2b79a7c405e":{"type":"tab","settings":{"tab":"shop-demo-7","block_title":"Flaunt"}},"14c48be3-a8c2-4384-84a9-352141d167c2":{"type":"tab","settings":{"tab":"best-sellers-demo-7","block_title":"Blend"}},"8d09204b-cceb-4afb-b393-c7e58ddb5b2e":{"type":"tab","settings":{"tab":"hot-deals-demo-7","block_title":"Siren"}}},"block_order":["421b835d-5b80-4b36-8bb5-95ca3c99ec47","bb4660ab-512f-4c38-8c6c-ab49ad9bcae9","2eab3557-0fe8-46f1-a56c-cdf2a564fbbb","a1df97bf-1a06-4b3f-93b2-545c1cebf0ae","b8991cdf-ad75-4089-b961-e2b79a7c405e","14c48be3-a8c2-4384-84a9-352141d167c2","8d09204b-cceb-4afb-b393-c7e58ddb5b2e"],"settings":{"full":true,"spacing_both_ends":true,"padding":"100,100","margin":"100,0","show_background_image":false,"background_style":"none","background_size":"auto","enable_overlay":true,"background_color":"#f5f5f5","overlay_transparency":"1","section_heading":"Our Latest Brands","section_sub_heading":"Discover New Style","section_description":"","section_button_text":"","section_button_link":"","section_heading_color":"","section_sub_heading_color":"","section_description_color":"","section_button_bg_color":"","section_button_text_color":"","section_button_hover_bg_color":"","section_button_hover_text_color":"","heading_position":"text-center","content_width":"30\/70","lap_content_width":"35\/65","grouped_content_bg":"","grouped_column_gap":"30","grouped_content_padding":"0","group_border_radius":"0","enable_group_box_shadow":false,"reverse_column":false,"enable_additional_content":false,"additional_block_background_color":"","additional_block_box_shadow":false,"additional_content_padding":"0","additional_block_border_radius":"0","enable_main_content":true,"main_block_background_color":"rgba(0,0,0,0)","enable_main_block_box_shadow":false,"main_block_border_radius":"0","main_content_padding":"0","enable_list_view":false,"grid":"2","post_limit":2,"column_gap":"20","border_radius":"","tab_style":"style-2","tab_alignment":"text-center","tab_link_bg_color":"rgba(0,0,0,0)","tab_link_color":"#000000","tab_link_bg_hover_color":"rgba(0,0,0,0)","tab_link_hover_text_color":"#565e41","tab_content_bg_color":"","tab_content_border_color":"","enable_slider":true,"items_per_view":4,"items_laptop_view":3,"items_tablet_view":2,"items_mobile_view":1,"enable_center_mode":false,"rows":1,"enable_autoplay":true,"slider_autoplay":1,"dots":false,"carousel_pagination_alignment":"center_pagination","carousel_pagination_bottom_alignment":"outside_element","arrows":true,"nav_arrow_position":"navigation-bottom-right","center_nav_arrow_alignment":"inside_container","navigation_button_color":"","navigation_button_icon_color":"#000000","navigation_button_hover_color":"","navigation_button_hover_icon_color":"#000000","navigation_dot_color":"","navigation_dot_active_color":"","custom_class_name":"custom-product-tab"}},"165476026910bbe237":{"type":"home-brand-logos","blocks":{"16547602694e0bd8ec-0":{"type":"Image","settings":{"image":"shopify:\/\/shop_images\/brand-logo4.png","title":"Brand Name","link":""}},"16547602694e0bd8ec-1":{"type":"Image","settings":{"image":"shopify:\/\/shop_images\/brand-logo3.png","title":"Brand Name","link":""}},"16547602694e0bd8ec-2":{"type":"Image","settings":{"image":"shopify:\/\/shop_images\/brand-logo2.png","title":"Brand Name","link":""}},"16547602694e0bd8ec-3":{"type":"Image","settings":{"image":"shopify:\/\/shop_images\/brand-logo1.png","title":"Brand Name","link":""}}},"block_order":["16547602694e0bd8ec-0","16547602694e0bd8ec-1","16547602694e0bd8ec-2","16547602694e0bd8ec-3"],"settings":{"full":false,"spacing_both_ends":false,"padding":"0,0","margin":"100,100","show_background_image":false,"background_style":"none","background_size":"auto","enable_overlay":false,"background_color":"","overlay_transparency":"0.5","section_heading":"","section_sub_heading":"","section_description":"","section_button_text":"","section_button_link":"","section_heading_color":"","section_sub_heading_color":"","section_description_color":"","section_button_bg_color":"","section_button_text_color":"","section_button_hover_bg_color":"","section_button_hover_text_color":"","heading_position":"text-center","grid":"4","block_style":"style-3","enable_box_shadow":false,"column_gap":"50","border_radius":"0","block_border_color":"rgba(0,0,0,0)","block_background_color":"#f4f4f4","block_hover_background_color":"#eeeceb","block_icon_color":"#000000","block_hover_icon_color":"#565e41","enable_slider":true,"enable_auto_height":true,"items_per_view":4,"items_laptop_view":4,"items_tablet_view":3,"items_mobile_view":1,"enable_center_mode":false,"slider_autoplay":5,"dots":false,"carousel_pagination_alignment":"center_pagination","arrows":false,"nav_arrow_position":"navigation-bottom-center","center_nav_arrow_alignment":"outside_container","navigation_button_color":"","navigation_button_icon_color":"","navigation_button_hover_color":"","navigation_button_hover_icon_color":"","navigation_dot_color":"","navigation_dot_active_color":"","custom_class_name":"custom-brand-logo"}},"1657083190d8919191":{"type":"home-html-text","settings":{"full":true,"spacing_both_ends":false,"padding":"250,210","margin":"0,0","show_background_image":true,"background_image":"shopify:\/\/shop_images\/grid04_cec40fa8-745a-4742-88ee-a1622d97f185.jpg","background_style":"fixed","background_size":"cover","enable_overlay":false,"background_color":"","overlay_transparency":"0.5","section_heading":"Spring Fashion Outfit","section_sub_heading":"","section_description":"Ut tellus elementum sagittis vitae et leo celerisque viverra","section_button_text":"Shop Now","section_button_link":"shopify:\/\/collections\/best-sellers-demo-7","section_heading_color":"#ffffff","section_sub_heading_color":"","section_description_color":"#ffffff","section_button_bg_color":"","section_button_text_color":"","section_button_hover_bg_color":"","section_button_hover_text_color":"","heading_position":"text-center","html":"<!--<div id=\"heading-banner\">\n<\/div>-->","custom_class_name":"custom-demo6-html-text"}},"1654676858d946e20b":{"type":"home-image-gallery","blocks":{"165467685865eb3b00-0":{"type":"image_image","settings":{"image":"shopify:\/\/shop_images\/insta01_d6586ac9-f97d-4a70-808b-5f9cb6e8983f.jpg","icon_class":"fa fa-instagram","overlay_title":"","link":"\/"}},"165467685865eb3b00-1":{"type":"image_image","settings":{"image":"shopify:\/\/shop_images\/insta02_1a3973f5-014c-44a9-919b-08816b47a09e.jpg","icon_class":"fa fa-instagram","overlay_title":"","link":"\/"}},"165467685865eb3b00-2":{"type":"image_image","settings":{"image":"shopify:\/\/shop_images\/insta03_7f7c9c27-7d65-4aae-a265-8274e6a80b9d.jpg","icon_class":"fa fa-instagram","overlay_title":"","link":"\/"}},"165467685865eb3b00-3":{"type":"image_image","settings":{"image":"shopify:\/\/shop_images\/insta05_277141ac-1ee3-4c4e-a13a-5db51246eed5.jpg","icon_class":"fa fa-instagram","overlay_title":"","link":"\/"}},"165467685865eb3b00-4":{"type":"image_image","settings":{"image":"shopify:\/\/shop_images\/insta04_474556ff-a134-41ad-91e4-c4ea4cd23dea.jpg","icon_class":"fa fa-instagram","overlay_title":"","link":"\/"}},"898e5675-ad3d-4041-a449-b43062312c5e":{"type":"image_image","settings":{"image":"shopify:\/\/shop_images\/insta06_991910e2-b852-490f-8aab-cffbcd205117.jpg","icon_class":"fa fa-instagram","overlay_title":"","link":"\/"}}},"block_order":["165467685865eb3b00-0","165467685865eb3b00-1","165467685865eb3b00-2","165467685865eb3b00-3","165467685865eb3b00-4","898e5675-ad3d-4041-a449-b43062312c5e"],"settings":{"full":true,"spacing_both_ends":true,"padding":"0,0","margin":"100,60","show_background_image":false,"background_style":"none","background_size":"auto","enable_overlay":false,"background_color":"","overlay_transparency":"0.5","section_heading":"@Yourinstagram","section_sub_heading":"Follow Us","section_description":"","section_button_text":"","section_button_link":"","section_heading_color":"","section_sub_heading_color":"","section_description_color":"","section_button_bg_color":"","section_button_text_color":"","section_button_hover_bg_color":"","section_button_hover_text_color":"","heading_position":"text-center","grid":"5","column_gap":"15","image_list_text":"Follow us","enable_overlay_content":true,"item_height":310,"item_height_laptop":310,"item_height_tab":310,"item_height_mobile":310,"image_link_text_color":"#e6e6e6","image_link_hover_text_color":"","image_overlay_icon_color":"","image_overlay_color":"","icon_size":"24","enable_slider":true,"remove_button_space":false,"enable_auto_height":true,"items_per_view":5,"items_laptop_view":4,"items_tablet_view":3,"items_mobile_view":1,"enable_center_mode":false,"slider_autoplay":5,"dots":false,"carousel_pagination_alignment":"center_pagination","arrows":false,"nav_arrow_position":"center-navigation","center_nav_arrow_alignment":"along_with_container","navigation_button_color":"#ffffff","navigation_button_icon_color":"#000000","navigation_button_hover_color":"#000000","navigation_button_hover_icon_color":"#ffffff","navigation_dot_color":"","navigation_dot_active_color":"","custom_class_name":"custom-image-list"}}},"order":["16484715585d0b75d2","1657022689007f3d32","1655456135e46c28cb","165708034429e302d4","1657082151fe99e9c2","165476026910bbe237","1657083190d8919191","1654676858d946e20b"]}