{"sections":{"main":{"type":"main-page","settings":{"full":false,"spacing_both_ends":false,"padding":"0,0","margin":"0,0"}},"1649317139d3b874dd":{"type":"home-linkedlist-menu","blocks":{"1649317139d22dde4f-0":{"type":"categorylisting","settings":{"image":"shopify:\/\/shop_images\/model-laughs-barefoot.jpg","sub_title":"Heading","linked_list_description":"Lorem ipsum dolor sit amet, consectetur adipiscing elit, sed do eiusmod tempor incididunt ut labore et dolore magna aliqua.","linkedlist":"main-menu","block_button_text":"","block_button_link":"","reverse_column":false}},"1649317139d22dde4f-1":{"type":"categorylisting","settings":{"image":"shopify:\/\/shop_images\/aged-map-with-worn-paper-corners.jpg","sub_title":"Heading","linked_list_description":"Lorem ipsum dolor sit amet, consectetur adipiscing elit, sed do eiusmod tempor incididunt ut labore et dolore magna aliqua.","linkedlist":"main-menu","block_button_text":"","block_button_link":"","reverse_column":false}}},"block_order":["1649317139d22dde4f-0","1649317139d22dde4f-1"],"settings":{"full":false,"spacing_both_ends":false,"padding":"0,100","margin":"0,0","show_background_image":false,"background_style":"none","background_size":"auto","enable_overlay":false,"background_color":"","overlay_transparency":"0.5","section_heading":"Linked List( List Style1)","section_sub_heading":"","section_description":"","section_button_text":"","section_button_link":"","section_heading_color":"","section_sub_heading_color":"","section_description_color":"","section_button_bg_color":"","section_button_text_color":"","section_button_hover_bg_color":"","section_button_hover_text_color":"","heading_position":"text-center","grid":"2","enable_boxed":false,"enable_box_shadow":false,"linked_style":"overall-stye-1","linked_list_style":"list-stye-1","enable_list_separator":false,"column_gap":"30px","overall_border_radius":"0","border_radius":"0","text_align":"text-center","overlay_padding":20,"overlay_padding_mobile":15,"image_height":400,"image_height_lap":400,"image_height_tab":400,"image_height_mobile":400,"item_background_color":"","item_heading_color":"","item_heading_hover_color":"","item_description_color":"","item_link_color":"","item_link_hover_color":"","separator_color":"","item_button_bg_color":"","item_button_text_color":"","item_button_hover_bg_color":"","item_button_hover_text_color":"","item_overlay_color":"","item_overlay_transparency":"0.9","custom_class_name":""}},"164931729689756cf2":{"type":"home-linkedlist-menu","blocks":{"1649317296399d951e-0":{"type":"categorylisting","settings":{"image":"shopify:\/\/shop_images\/model-laughs-barefoot.jpg","sub_title":"Heading","linked_list_description":"Lorem ipsum dolor sit amet, consectetur adipiscing elit, sed do eiusmod tempor incididunt ut labore et dolore magna aliqua.","linkedlist":"main-menu","block_button_text":"","block_button_link":"","reverse_column":false}},"1649317296399d951e-1":{"type":"categorylisting","settings":{"image":"shopify:\/\/shop_images\/aged-map-with-worn-paper-corners.jpg","sub_title":"Heading","linked_list_description":"Lorem ipsum dolor sit amet, consectetur adipiscing elit, sed do eiusmod tempor incididunt ut labore et dolore magna aliqua.","linkedlist":"main-menu","block_button_text":"","block_button_link":"","reverse_column":false}}},"block_order":["1649317296399d951e-0","1649317296399d951e-1"],"settings":{"full":false,"spacing_both_ends":false,"padding":"0,100","margin":"0,0","show_background_image":false,"background_style":"none","background_size":"auto","enable_overlay":false,"background_color":"","overlay_transparency":"0.5","section_heading":"Linked List( List Style2)","section_sub_heading":"","section_description":"","section_button_text":"","section_button_link":"","section_heading_color":"","section_sub_heading_color":"","section_description_color":"","section_button_bg_color":"","section_button_text_color":"","section_button_hover_bg_color":"","section_button_hover_text_color":"","heading_position":"text-center","grid":"2","enable_boxed":false,"enable_box_shadow":false,"linked_style":"overall-stye-1","linked_list_style":"list-stye-2","enable_list_separator":false,"column_gap":"30px","overall_border_radius":"0","border_radius":"0","text_align":"text-start","overlay_padding":20,"overlay_padding_mobile":15,"image_height":400,"image_height_lap":400,"image_height_tab":400,"image_height_mobile":400,"item_background_color":"","item_heading_color":"","item_heading_hover_color":"","item_description_color":"","item_link_color":"","item_link_hover_color":"","separator_color":"","item_button_bg_color":"","item_button_text_color":"","item_button_hover_bg_color":"","item_button_hover_text_color":"","item_overlay_color":"","item_overlay_transparency":"0.9","custom_class_name":""}},"16493175490ad22092":{"type":"home-linkedlist-menu","blocks":{"1649317549a617fd63-1":{"type":"categorylisting","settings":{"image":"shopify:\/\/shop_images\/model-laughs-barefoot.jpg","sub_title":"Heading","linked_list_description":"Lorem ipsum dolor sit amet, consectetur adipiscing elit, sed do eiusmod tempor incididunt ut labore et dolore magna aliqua.","linkedlist":"main-menu","block_button_text":"","block_button_link":"","reverse_column":false}},"1649317549a617fd63-2":{"type":"categorylisting","settings":{"image":"shopify:\/\/shop_images\/aged-map-with-worn-paper-corners.jpg","sub_title":"Heading","linked_list_description":"Lorem ipsum dolor sit amet, consectetur adipiscing elit, sed do eiusmod tempor incididunt ut labore et dolore magna aliqua.","linkedlist":"main-menu","block_button_text":"","block_button_link":"","reverse_column":false}}},"block_order":["1649317549a617fd63-1","1649317549a617fd63-2"],"settings":{"full":false,"spacing_both_ends":false,"padding":"0,100","margin":"0,0","show_background_image":false,"background_style":"none","background_size":"auto","enable_overlay":false,"background_color":"","overlay_transparency":"0.5","section_heading":"Linked List( List Style3)","section_sub_heading":"","section_description":"","section_button_text":"","section_button_link":"","section_heading_color":"","section_sub_heading_color":"","section_description_color":"","section_button_bg_color":"","section_button_text_color":"","section_button_hover_bg_color":"","section_button_hover_text_color":"","heading_position":"text-center","grid":"2","enable_boxed":false,"enable_box_shadow":false,"linked_style":"overall-stye-1","linked_list_style":"list-stye-3","enable_list_separator":false,"column_gap":"30px","overall_border_radius":"0","border_radius":"0","text_align":"text-center","overlay_padding":20,"overlay_padding_mobile":15,"image_height":400,"image_height_lap":400,"image_height_tab":400,"image_height_mobile":400,"item_background_color":"","item_heading_color":"","item_heading_hover_color":"","item_description_color":"","item_link_color":"","item_link_hover_color":"","separator_color":"","item_button_bg_color":"","item_button_text_color":"","item_button_hover_bg_color":"","item_button_hover_text_color":"","item_overlay_color":"","item_overlay_transparency":"0.9","custom_class_name":""}},"1649318322aeaa3df4":{"type":"home-linkedlist-menu","blocks":{"1649318322bd36b840-0":{"type":"categorylisting","settings":{"image":"shopify:\/\/shop_images\/model-laughs-barefoot.jpg","sub_title":"Heading","linked_list_description":"Lorem ipsum dolor sit amet, consectetur adipiscing elit, sed do eiusmod tempor incididunt ut labore et dolore magna aliqua.","linkedlist":"main-menu","block_button_text":"","block_button_link":"","reverse_column":false}},"1649318322bd36b840-1":{"type":"categorylisting","settings":{"image":"shopify:\/\/shop_images\/aged-map-with-worn-paper-corners.jpg","sub_title":"Heading","linked_list_description":"Lorem ipsum dolor sit amet, consectetur adipiscing elit, sed do eiusmod tempor incididunt ut labore et dolore magna aliqua.","linkedlist":"main-menu","block_button_text":"","block_button_link":"","reverse_column":false}}},"block_order":["1649318322bd36b840-0","1649318322bd36b840-1"],"settings":{"full":false,"spacing_both_ends":false,"padding":"0,100","margin":"0,0","show_background_image":false,"background_style":"none","background_size":"auto","enable_overlay":false,"background_color":"","overlay_transparency":"0.5","section_heading":"Linked List( List Style4)","section_sub_heading":"","section_description":"","section_button_text":"","section_button_link":"","section_heading_color":"","section_sub_heading_color":"","section_description_color":"","section_button_bg_color":"","section_button_text_color":"","section_button_hover_bg_color":"","section_button_hover_text_color":"","heading_position":"text-center","grid":"2","enable_boxed":false,"enable_box_shadow":false,"linked_style":"overall-stye-1","linked_list_style":"list-stye-4","enable_list_separator":false,"column_gap":"30px","overall_border_radius":"0","border_radius":"0","text_align":"text-center","overlay_padding":20,"overlay_padding_mobile":15,"image_height":400,"image_height_lap":400,"image_height_tab":400,"image_height_mobile":400,"item_background_color":"","item_heading_color":"","item_heading_hover_color":"","item_description_color":"","item_link_color":"","item_link_hover_color":"","separator_color":"","item_button_bg_color":"","item_button_text_color":"","item_button_hover_bg_color":"","item_button_hover_text_color":"","item_overlay_color":"","item_overlay_transparency":"0.9","custom_class_name":""}},"1649318611e94e41fa":{"type":"home-linkedlist-menu","blocks":{"1649318611e80b52f4-0":{"type":"categorylisting","settings":{"image":"shopify:\/\/shop_images\/model-laughs-barefoot.jpg","sub_title":"Heading","linked_list_description":"Lorem ipsum dolor sit amet, consectetur adipiscing elit, sed do eiusmod tempor incididunt ut labore et dolore magna aliqua.","linkedlist":"main-menu","block_button_text":"","block_button_link":"","reverse_column":false}},"1649318611e80b52f4-1":{"type":"categorylisting","settings":{"image":"shopify:\/\/shop_images\/aged-map-with-worn-paper-corners.jpg","sub_title":"Heading","linked_list_description":"Lorem ipsum dolor sit amet, consectetur adipiscing elit, sed do eiusmod tempor incididunt ut labore et dolore magna aliqua.","linkedlist":"main-menu","block_button_text":"","block_button_link":"","reverse_column":false}}},"block_order":["1649318611e80b52f4-0","1649318611e80b52f4-1"],"settings":{"full":false,"spacing_both_ends":false,"padding":"0,0","margin":"0,0","show_background_image":false,"background_style":"none","background_size":"auto","enable_overlay":false,"background_color":"","overlay_transparency":"0.5","section_heading":"Linked List( Overall Style 2)","section_sub_heading":"","section_description":"","section_button_text":"","section_button_link":"","section_heading_color":"","section_sub_heading_color":"","section_description_color":"","section_button_bg_color":"","section_button_text_color":"","section_button_hover_bg_color":"","section_button_hover_text_color":"","heading_position":"text-center","grid":"2","enable_boxed":false,"enable_box_shadow":false,"linked_style":"overall-stye-2","linked_list_style":"list-stye-1","enable_list_separator":false,"column_gap":"30px","overall_border_radius":"0","border_radius":"0","text_align":"text-center","overlay_padding":20,"overlay_padding_mobile":15,"image_height":400,"image_height_lap":400,"image_height_tab":400,"image_height_mobile":400,"item_background_color":"","item_heading_color":"","item_heading_hover_color":"","item_description_color":"","item_link_color":"","item_link_hover_color":"","separator_color":"","item_button_bg_color":"","item_button_text_color":"","item_button_hover_bg_color":"","item_button_hover_text_color":"","item_overlay_color":"","item_overlay_transparency":"0.9","custom_class_name":""}},"1649322612e601bfd9":{"type":"home-linkedlist-menu","blocks":{"1649322611cfed00da-0":{"type":"categorylisting","settings":{"image":"shopify:\/\/shop_images\/model-laughs-barefoot.jpg","sub_title":"Heading","linked_list_description":"Lorem ipsum dolor sit amet, consectetur adipiscing elit, sed do eiusmod tempor incididunt ut labore et dolore magna aliqua.","linkedlist":"main-menu","block_button_text":"","block_button_link":"","reverse_column":false}},"1649322611cfed00da-1":{"type":"categorylisting","settings":{"image":"shopify:\/\/shop_images\/aged-map-with-worn-paper-corners.jpg","sub_title":"Heading","linked_list_description":"Lorem ipsum dolor sit amet, consectetur adipiscing elit, sed do eiusmod tempor incididunt ut labore et dolore magna aliqua.","linkedlist":"main-menu","block_button_text":"","block_button_link":"","reverse_column":false}}},"block_order":["1649322611cfed00da-0","1649322611cfed00da-1"],"settings":{"full":false,"spacing_both_ends":false,"padding":"0,0","margin":"0,0","show_background_image":false,"background_style":"none","background_size":"auto","enable_overlay":false,"background_color":"","overlay_transparency":"0.5","section_heading":"","section_sub_heading":"","section_description":"","section_button_text":"","section_button_link":"","section_heading_color":"","section_sub_heading_color":"","section_description_color":"","section_button_bg_color":"","section_button_text_color":"","section_button_hover_bg_color":"","section_button_hover_text_color":"","heading_position":"text-center","grid":"2","enable_boxed":true,"enable_box_shadow":true,"linked_style":"overall-stye-2","linked_list_style":"list-stye-2","enable_list_separator":false,"column_gap":"30px","overall_border_radius":"0","border_radius":"0","text_align":"text-start","overlay_padding":20,"overlay_padding_mobile":15,"image_height":400,"image_height_lap":400,"image_height_tab":400,"image_height_mobile":400,"item_background_color":"#f3eeeb","item_heading_color":"","item_heading_hover_color":"","item_description_color":"","item_link_color":"","item_link_hover_color":"","separator_color":"","item_button_bg_color":"","item_button_text_color":"","item_button_hover_bg_color":"","item_button_hover_text_color":"","item_overlay_color":"","item_overlay_transparency":"0.9","custom_class_name":""}},"164939183175b8f356":{"type":"home-linkedlist-menu","blocks":{"1649391830942b0773-0":{"type":"categorylisting","settings":{"image":"shopify:\/\/shop_images\/model-laughs-barefoot.jpg","sub_title":"Heading","linked_list_description":"Lorem ipsum dolor sit amet, consectetur adipiscing elit, sed do eiusmod tempor incididunt ut labore et dolore magna aliqua.","linkedlist":"main-menu","block_button_text":"","block_button_link":"","reverse_column":false}},"1649391830942b0773-1":{"type":"categorylisting","settings":{"image":"shopify:\/\/shop_images\/aged-map-with-worn-paper-corners.jpg","sub_title":"Heading","linked_list_description":"Lorem ipsum dolor sit amet, consectetur adipiscing elit, sed do eiusmod tempor incididunt ut labore et dolore magna aliqua.","linkedlist":"main-menu","block_button_text":"","block_button_link":"","reverse_column":false}}},"block_order":["1649391830942b0773-0","1649391830942b0773-1"],"settings":{"full":false,"spacing_both_ends":false,"padding":"0,0","margin":"0,0","show_background_image":false,"background_style":"none","background_size":"auto","enable_overlay":false,"background_color":"","overlay_transparency":"0.5","section_heading":"","section_sub_heading":"","section_description":"","section_button_text":"","section_button_link":"","section_heading_color":"","section_sub_heading_color":"","section_description_color":"","section_button_bg_color":"","section_button_text_color":"","section_button_hover_bg_color":"","section_button_hover_text_color":"","heading_position":"text-center","grid":"2","enable_boxed":false,"enable_box_shadow":false,"linked_style":"overall-stye-2","linked_list_style":"list-stye-3","enable_list_separator":false,"column_gap":"30px","overall_border_radius":"0","border_radius":"0","text_align":"text-center","overlay_padding":20,"overlay_padding_mobile":15,"image_height":400,"image_height_lap":400,"image_height_tab":400,"image_height_mobile":400,"item_background_color":"","item_heading_color":"","item_heading_hover_color":"","item_description_color":"","item_link_color":"","item_link_hover_color":"","separator_color":"","item_button_bg_color":"","item_button_text_color":"","item_button_hover_bg_color":"","item_button_hover_text_color":"","item_overlay_color":"","item_overlay_transparency":"0.9","custom_class_name":""}},"1649391939229b74d0":{"type":"home-linkedlist-menu","blocks":{"1649391939563b4e36-0":{"type":"categorylisting","settings":{"image":"shopify:\/\/shop_images\/model-laughs-barefoot.jpg","sub_title":"Heading","linked_list_description":"Lorem ipsum dolor sit amet, consectetur adipiscing elit, sed do eiusmod tempor incididunt ut labore et dolore magna aliqua.","linkedlist":"main-menu","block_button_text":"","block_button_link":"","reverse_column":false}},"1649391939563b4e36-1":{"type":"categorylisting","settings":{"image":"shopify:\/\/shop_images\/aged-map-with-worn-paper-corners.jpg","sub_title":"Heading","linked_list_description":"Lorem ipsum dolor sit amet, consectetur adipiscing elit, sed do eiusmod tempor incididunt ut labore et dolore magna aliqua.","linkedlist":"main-menu","block_button_text":"","block_button_link":"","reverse_column":true}}},"block_order":["1649391939563b4e36-0","1649391939563b4e36-1"],"settings":{"full":false,"spacing_both_ends":false,"padding":"0,100","margin":"0,0","show_background_image":false,"background_style":"none","background_size":"auto","enable_overlay":false,"background_color":"","overlay_transparency":"0.5","section_heading":"","section_sub_heading":"","section_description":"","section_button_text":"","section_button_link":"","section_heading_color":"","section_sub_heading_color":"","section_description_color":"","section_button_bg_color":"","section_button_text_color":"","section_button_hover_bg_color":"","section_button_hover_text_color":"","heading_position":"text-center","grid":"2","enable_boxed":true,"enable_box_shadow":true,"linked_style":"overall-stye-2","linked_list_style":"list-stye-4","enable_list_separator":false,"column_gap":"30px","overall_border_radius":"0","border_radius":"0","text_align":"text-center","overlay_padding":20,"overlay_padding_mobile":15,"image_height":400,"image_height_lap":400,"image_height_tab":400,"image_height_mobile":400,"item_background_color":"","item_heading_color":"","item_heading_hover_color":"","item_description_color":"","item_link_color":"","item_link_hover_color":"","separator_color":"","item_button_bg_color":"","item_button_text_color":"","item_button_hover_bg_color":"","item_button_hover_text_color":"","item_overlay_color":"","item_overlay_transparency":"0.9","custom_class_name":""}},"1649392458fdd9a4cc":{"type":"home-linkedlist-menu","blocks":{"16493924583841db90-1":{"type":"categorylisting","settings":{"image":"shopify:\/\/shop_images\/model-laughs-barefoot.jpg","sub_title":"Heading","linked_list_description":"Lorem ipsum dolor sit amet, consectetur adipiscing elit, sed do eiusmod tempor incididunt ut labore et dolore magna aliqua.","linkedlist":"main-menu","block_button_text":"","block_button_link":"","reverse_column":false}},"16493924583841db90-2":{"type":"categorylisting","settings":{"image":"shopify:\/\/shop_images\/aged-map-with-worn-paper-corners.jpg","sub_title":"Heading","linked_list_description":"Lorem ipsum dolor sit amet, consectetur adipiscing elit, sed do eiusmod tempor incididunt ut labore et dolore magna aliqua.","linkedlist":"main-menu","block_button_text":"","block_button_link":"","reverse_column":false}}},"block_order":["16493924583841db90-1","16493924583841db90-2"],"settings":{"full":false,"spacing_both_ends":false,"padding":"0,0","margin":"0,0","show_background_image":false,"background_style":"none","background_size":"auto","enable_overlay":false,"background_color":"","overlay_transparency":"0.5","section_heading":"Linked List( Overall Style 3)","section_sub_heading":"","section_description":"","section_button_text":"","section_button_link":"","section_heading_color":"","section_sub_heading_color":"","section_description_color":"","section_button_bg_color":"","section_button_text_color":"","section_button_hover_bg_color":"","section_button_hover_text_color":"","heading_position":"text-center","grid":"2","enable_boxed":true,"enable_box_shadow":true,"linked_style":"overall-stye-3","linked_list_style":"list-stye-1","enable_list_separator":false,"column_gap":"30px","overall_border_radius":"0","border_radius":"0","text_align":"text-center","overlay_padding":20,"overlay_padding_mobile":15,"image_height":400,"image_height_lap":400,"image_height_tab":400,"image_height_mobile":400,"item_background_color":"","item_heading_color":"","item_heading_hover_color":"","item_description_color":"","item_link_color":"","item_link_hover_color":"","separator_color":"","item_button_bg_color":"","item_button_text_color":"","item_button_hover_bg_color":"","item_button_hover_text_color":"","item_overlay_color":"","item_overlay_transparency":"0.9","custom_class_name":""}},"1649392631521c26a4":{"type":"home-linkedlist-menu","blocks":{"16493926312f6aab07-0":{"type":"categorylisting","settings":{"image":"shopify:\/\/shop_images\/model-laughs-barefoot.jpg","sub_title":"Heading","linked_list_description":"Lorem ipsum dolor sit amet, consectetur adipiscing elit, sed do eiusmod tempor incididunt ut labore et dolore magna aliqua.","linkedlist":"main-menu","block_button_text":"","block_button_link":"","reverse_column":false}},"16493926312f6aab07-1":{"type":"categorylisting","settings":{"image":"shopify:\/\/shop_images\/aged-map-with-worn-paper-corners.jpg","sub_title":"Heading","linked_list_description":"Lorem ipsum dolor sit amet, consectetur adipiscing elit, sed do eiusmod tempor incididunt ut labore et dolore magna aliqua.","linkedlist":"main-menu","block_button_text":"","block_button_link":"","reverse_column":false}}},"block_order":["16493926312f6aab07-0","16493926312f6aab07-1"],"settings":{"full":false,"spacing_both_ends":false,"padding":"0,0","margin":"0,0","show_background_image":false,"background_style":"none","background_size":"auto","enable_overlay":false,"background_color":"","overlay_transparency":"0.5","section_heading":"","section_sub_heading":"","section_description":"","section_button_text":"","section_button_link":"","section_heading_color":"","section_sub_heading_color":"","section_description_color":"","section_button_bg_color":"","section_button_text_color":"","section_button_hover_bg_color":"","section_button_hover_text_color":"","heading_position":"text-center","grid":"2","enable_boxed":true,"enable_box_shadow":true,"linked_style":"overall-stye-3","linked_list_style":"list-stye-2","enable_list_separator":false,"column_gap":"30px","overall_border_radius":"0","border_radius":"0","text_align":"text-start","overlay_padding":20,"overlay_padding_mobile":15,"image_height":400,"image_height_lap":400,"image_height_tab":400,"image_height_mobile":400,"item_background_color":"","item_heading_color":"","item_heading_hover_color":"","item_description_color":"","item_link_color":"","item_link_hover_color":"","separator_color":"","item_button_bg_color":"","item_button_text_color":"","item_button_hover_bg_color":"","item_button_hover_text_color":"","item_overlay_color":"","item_overlay_transparency":"0.9","custom_class_name":""}},"1649392747e2aecf82":{"type":"home-linkedlist-menu","blocks":{"1649392747240ef61f-0":{"type":"categorylisting","settings":{"image":"shopify:\/\/shop_images\/model-laughs-barefoot.jpg","sub_title":"Heading","linked_list_description":"Lorem ipsum dolor sit amet, consectetur adipiscing elit, sed do eiusmod tempor incididunt ut labore et dolore magna aliqua.","linkedlist":"main-menu","block_button_text":"","block_button_link":"","reverse_column":false}},"1649392747240ef61f-2":{"type":"categorylisting","settings":{"image":"shopify:\/\/shop_images\/aged-map-with-worn-paper-corners.jpg","sub_title":"Heading","linked_list_description":"Lorem ipsum dolor sit amet, consectetur adipiscing elit, sed do eiusmod tempor incididunt ut labore et dolore magna aliqua.","linkedlist":"main-menu","block_button_text":"","block_button_link":"","reverse_column":false}}},"block_order":["1649392747240ef61f-0","1649392747240ef61f-2"],"settings":{"full":false,"spacing_both_ends":false,"padding":"0,0","margin":"0,0","show_background_image":false,"background_style":"none","background_size":"auto","enable_overlay":false,"background_color":"","overlay_transparency":"0.5","section_heading":"","section_sub_heading":"","section_description":"","section_button_text":"","section_button_link":"","section_heading_color":"","section_sub_heading_color":"","section_description_color":"","section_button_bg_color":"","section_button_text_color":"","section_button_hover_bg_color":"","section_button_hover_text_color":"","heading_position":"text-center","grid":"2","enable_boxed":false,"enable_box_shadow":false,"linked_style":"overall-stye-3","linked_list_style":"list-stye-3","enable_list_separator":false,"column_gap":"30px","overall_border_radius":"0","border_radius":"0","text_align":"text-center","overlay_padding":20,"overlay_padding_mobile":15,"image_height":400,"image_height_lap":400,"image_height_tab":400,"image_height_mobile":400,"item_background_color":"","item_heading_color":"","item_heading_hover_color":"","item_description_color":"","item_link_color":"","item_link_hover_color":"","separator_color":"","item_button_bg_color":"","item_button_text_color":"","item_button_hover_bg_color":"","item_button_hover_text_color":"","item_overlay_color":"","item_overlay_transparency":"0.9","custom_class_name":""}},"1649392842914d8808":{"type":"home-linkedlist-menu","blocks":{"16493928428c964123-1":{"type":"categorylisting","settings":{"image":"shopify:\/\/shop_images\/model-laughs-barefoot.jpg","sub_title":"Heading","linked_list_description":"Lorem ipsum dolor sit amet, consectetur adipiscing elit, sed do eiusmod tempor incididunt ut labore et dolore magna aliqua.","linkedlist":"main-menu","block_button_text":"","block_button_link":"","reverse_column":false}},"16493928428c964123-2":{"type":"categorylisting","settings":{"image":"shopify:\/\/shop_images\/aged-map-with-worn-paper-corners.jpg","sub_title":"Heading","linked_list_description":"Lorem ipsum dolor sit amet, consectetur adipiscing elit, sed do eiusmod tempor incididunt ut labore et dolore magna aliqua.","linkedlist":"main-menu","block_button_text":"","block_button_link":"","reverse_column":false}}},"block_order":["16493928428c964123-1","16493928428c964123-2"],"settings":{"full":false,"spacing_both_ends":false,"padding":"0,100","margin":"0,0","show_background_image":false,"background_style":"none","background_size":"auto","enable_overlay":false,"background_color":"","overlay_transparency":"0.5","section_heading":"","section_sub_heading":"","section_description":"","section_button_text":"","section_button_link":"","section_heading_color":"","section_sub_heading_color":"","section_description_color":"","section_button_bg_color":"","section_button_text_color":"","section_button_hover_bg_color":"","section_button_hover_text_color":"","heading_position":"text-center","grid":"2","enable_boxed":true,"enable_box_shadow":true,"linked_style":"overall-stye-3","linked_list_style":"list-stye-4","enable_list_separator":false,"column_gap":"30px","overall_border_radius":"0","border_radius":"0","text_align":"text-center","overlay_padding":20,"overlay_padding_mobile":15,"image_height":400,"image_height_lap":400,"image_height_tab":400,"image_height_mobile":400,"item_background_color":"","item_heading_color":"","item_heading_hover_color":"","item_description_color":"","item_link_color":"","item_link_hover_color":"","separator_color":"","item_button_bg_color":"","item_button_text_color":"","item_button_hover_bg_color":"","item_button_hover_text_color":"","item_overlay_color":"","item_overlay_transparency":"0.9","custom_class_name":""}},"1649392990d9b0562e":{"type":"home-linkedlist-menu","blocks":{"16493929903cb74dc4-1":{"type":"categorylisting","settings":{"image":"shopify:\/\/shop_images\/model-laughs-barefoot.jpg","sub_title":"Heading","linked_list_description":"Lorem ipsum dolor sit amet, consectetur adipiscing elit, sed do eiusmod tempor incididunt ut labore et dolore magna aliqua.","linkedlist":"main-menu","block_button_text":"","block_button_link":"","reverse_column":false}},"16493929903cb74dc4-2":{"type":"categorylisting","settings":{"image":"shopify:\/\/shop_images\/aged-map-with-worn-paper-corners.jpg","sub_title":"Heading","linked_list_description":"Lorem ipsum dolor sit amet, consectetur adipiscing elit, sed do eiusmod tempor incididunt ut labore et dolore magna aliqua.","linkedlist":"main-menu","block_button_text":"","block_button_link":"","reverse_column":false}}},"block_order":["16493929903cb74dc4-1","16493929903cb74dc4-2"],"settings":{"full":false,"spacing_both_ends":false,"padding":"0,0","margin":"0,0","show_background_image":false,"background_style":"none","background_size":"auto","enable_overlay":false,"background_color":"","overlay_transparency":"0.5","section_heading":"Linked List( Overall Style 4)","section_sub_heading":"","section_description":"","section_button_text":"","section_button_link":"","section_heading_color":"","section_sub_heading_color":"","section_description_color":"","section_button_bg_color":"","section_button_text_color":"","section_button_hover_bg_color":"","section_button_hover_text_color":"","heading_position":"text-center","grid":"2","enable_boxed":false,"enable_box_shadow":false,"linked_style":"overall-stye-4","linked_list_style":"list-stye-1","enable_list_separator":false,"column_gap":"30px","overall_border_radius":"0","border_radius":"0","text_align":"text-center","overlay_padding":20,"overlay_padding_mobile":15,"image_height":400,"image_height_lap":400,"image_height_tab":400,"image_height_mobile":400,"item_background_color":"","item_heading_color":"","item_heading_hover_color":"","item_description_color":"","item_link_color":"","item_link_hover_color":"","separator_color":"","item_button_bg_color":"","item_button_text_color":"","item_button_hover_bg_color":"","item_button_hover_text_color":"","item_overlay_color":"","item_overlay_transparency":"0.9","custom_class_name":""}},"1649393068491894c4":{"type":"home-linkedlist-menu","blocks":{"1649393068cdae513d-1":{"type":"categorylisting","settings":{"image":"shopify:\/\/shop_images\/model-laughs-barefoot.jpg","sub_title":"Heading","linked_list_description":"Lorem ipsum dolor sit amet, consectetur adipiscing elit, sed do eiusmod tempor incididunt ut labore et dolore magna aliqua.","linkedlist":"main-menu","block_button_text":"","block_button_link":"","reverse_column":false}},"1649393068cdae513d-2":{"type":"categorylisting","settings":{"image":"shopify:\/\/shop_images\/aged-map-with-worn-paper-corners.jpg","sub_title":"Heading","linked_list_description":"Lorem ipsum dolor sit amet, consectetur adipiscing elit, sed do eiusmod tempor incididunt ut labore et dolore magna aliqua.","linkedlist":"main-menu","block_button_text":"","block_button_link":"","reverse_column":false}}},"block_order":["1649393068cdae513d-1","1649393068cdae513d-2"],"settings":{"full":false,"spacing_both_ends":false,"padding":"0,0","margin":"0,0","show_background_image":false,"background_style":"none","background_size":"auto","enable_overlay":false,"background_color":"","overlay_transparency":"0.5","section_heading":"","section_sub_heading":"","section_description":"","section_button_text":"","section_button_link":"","section_heading_color":"","section_sub_heading_color":"","section_description_color":"","section_button_bg_color":"","section_button_text_color":"","section_button_hover_bg_color":"","section_button_hover_text_color":"","heading_position":"text-center","grid":"2","enable_boxed":false,"enable_box_shadow":false,"linked_style":"overall-stye-4","linked_list_style":"list-stye-2","enable_list_separator":false,"column_gap":"30px","overall_border_radius":"0","border_radius":"0","text_align":"text-start","overlay_padding":20,"overlay_padding_mobile":15,"image_height":400,"image_height_lap":400,"image_height_tab":400,"image_height_mobile":400,"item_background_color":"","item_heading_color":"","item_heading_hover_color":"","item_description_color":"","item_link_color":"","item_link_hover_color":"","separator_color":"","item_button_bg_color":"","item_button_text_color":"","item_button_hover_bg_color":"","item_button_hover_text_color":"","item_overlay_color":"","item_overlay_transparency":"0.9","custom_class_name":""}},"16493931808cb973ff":{"type":"home-linkedlist-menu","blocks":{"164939318041155b24-1":{"type":"categorylisting","settings":{"image":"shopify:\/\/shop_images\/model-laughs-barefoot.jpg","sub_title":"Heading","linked_list_description":"Lorem ipsum dolor sit amet, consectetur adipiscing elit, sed do eiusmod tempor incididunt ut labore et dolore magna aliqua.","linkedlist":"main-menu","block_button_text":"","block_button_link":"","reverse_column":false}},"164939318041155b24-2":{"type":"categorylisting","settings":{"image":"shopify:\/\/shop_images\/aged-map-with-worn-paper-corners.jpg","sub_title":"Heading","linked_list_description":"Lorem ipsum dolor sit amet, consectetur adipiscing elit, sed do eiusmod tempor incididunt ut labore et dolore magna aliqua.","linkedlist":"main-menu","block_button_text":"","block_button_link":"","reverse_column":false}}},"block_order":["164939318041155b24-1","164939318041155b24-2"],"settings":{"full":false,"spacing_both_ends":false,"padding":"0,0","margin":"0,0","show_background_image":false,"background_style":"none","background_size":"auto","enable_overlay":false,"background_color":"","overlay_transparency":"0.5","section_heading":"","section_sub_heading":"","section_description":"","section_button_text":"","section_button_link":"","section_heading_color":"","section_sub_heading_color":"","section_description_color":"","section_button_bg_color":"","section_button_text_color":"","section_button_hover_bg_color":"","section_button_hover_text_color":"","heading_position":"text-center","grid":"2","enable_boxed":false,"enable_box_shadow":false,"linked_style":"overall-stye-4","linked_list_style":"list-stye-3","enable_list_separator":false,"column_gap":"30px","overall_border_radius":"0","border_radius":"0","text_align":"text-center","overlay_padding":20,"overlay_padding_mobile":15,"image_height":400,"image_height_lap":400,"image_height_tab":400,"image_height_mobile":400,"item_background_color":"","item_heading_color":"","item_heading_hover_color":"","item_description_color":"","item_link_color":"","item_link_hover_color":"","separator_color":"","item_button_bg_color":"","item_button_text_color":"","item_button_hover_bg_color":"","item_button_hover_text_color":"","item_overlay_color":"","item_overlay_transparency":"0.9","custom_class_name":""}},"1649393249dade98c4":{"type":"home-linkedlist-menu","blocks":{"1649393249c7e1c1ca-1":{"type":"categorylisting","settings":{"image":"shopify:\/\/shop_images\/model-laughs-barefoot.jpg","sub_title":"Heading","linked_list_description":"Lorem ipsum dolor sit amet, consectetur adipiscing elit, sed do eiusmod tempor incididunt ut labore et dolore magna aliqua.","linkedlist":"main-menu","block_button_text":"","block_button_link":"","reverse_column":false}},"1649393249c7e1c1ca-2":{"type":"categorylisting","settings":{"image":"shopify:\/\/shop_images\/aged-map-with-worn-paper-corners.jpg","sub_title":"Heading","linked_list_description":"Lorem ipsum dolor sit amet, consectetur adipiscing elit, sed do eiusmod tempor incididunt ut labore et dolore magna aliqua.","linkedlist":"main-menu","block_button_text":"","block_button_link":"","reverse_column":false}}},"block_order":["1649393249c7e1c1ca-1","1649393249c7e1c1ca-2"],"settings":{"full":false,"spacing_both_ends":false,"padding":"0,100","margin":"0,0","show_background_image":false,"background_style":"none","background_size":"auto","enable_overlay":false,"background_color":"","overlay_transparency":"0.5","section_heading":"","section_sub_heading":"","section_description":"","section_button_text":"","section_button_link":"","section_heading_color":"","section_sub_heading_color":"","section_description_color":"","section_button_bg_color":"","section_button_text_color":"","section_button_hover_bg_color":"","section_button_hover_text_color":"","heading_position":"text-center","grid":"2","enable_boxed":false,"enable_box_shadow":false,"linked_style":"overall-stye-4","linked_list_style":"list-stye-4","enable_list_separator":false,"column_gap":"30px","overall_border_radius":"0","border_radius":"0","text_align":"text-center","overlay_padding":20,"overlay_padding_mobile":15,"image_height":400,"image_height_lap":400,"image_height_tab":400,"image_height_mobile":400,"item_background_color":"","item_heading_color":"","item_heading_hover_color":"","item_description_color":"","item_link_color":"","item_link_hover_color":"","separator_color":"","item_button_bg_color":"","item_button_text_color":"","item_button_hover_bg_color":"","item_button_hover_text_color":"","item_overlay_color":"","item_overlay_transparency":"0.9","custom_class_name":""}},"1649393365ca80739c":{"type":"home-linkedlist-menu","blocks":{"16493933653fd2b398-1":{"type":"categorylisting","settings":{"image":"shopify:\/\/shop_images\/model-laughs-barefoot.jpg","sub_title":"Heading","linked_list_description":"Lorem ipsum dolor sit amet, consectetur adipiscing elit, sed do eiusmod tempor incididunt ut labore et dolore magna aliqua.","linkedlist":"main-menu","block_button_text":"","block_button_link":"","reverse_column":false}},"16493933653fd2b398-2":{"type":"categorylisting","settings":{"image":"shopify:\/\/shop_images\/aged-map-with-worn-paper-corners.jpg","sub_title":"Heading","linked_list_description":"Lorem ipsum dolor sit amet, consectetur adipiscing elit, sed do eiusmod tempor incididunt ut labore et dolore magna aliqua.","linkedlist":"main-menu","block_button_text":"","block_button_link":"","reverse_column":false}}},"block_order":["16493933653fd2b398-1","16493933653fd2b398-2"],"settings":{"full":false,"spacing_both_ends":false,"padding":"0,0","margin":"0,0","show_background_image":false,"background_style":"none","background_size":"auto","enable_overlay":false,"background_color":"","overlay_transparency":"0.5","section_heading":"Linked List( Overall Style 5)","section_sub_heading":"","section_description":"","section_button_text":"","section_button_link":"","section_heading_color":"","section_sub_heading_color":"","section_description_color":"","section_button_bg_color":"","section_button_text_color":"","section_button_hover_bg_color":"","section_button_hover_text_color":"","heading_position":"text-center","grid":"2","enable_boxed":false,"enable_box_shadow":false,"linked_style":"overall-stye-5","linked_list_style":"list-stye-1","enable_list_separator":false,"column_gap":"30px","overall_border_radius":"0","border_radius":"0","text_align":"text-center","overlay_padding":20,"overlay_padding_mobile":15,"image_height":400,"image_height_lap":400,"image_height_tab":400,"image_height_mobile":400,"item_background_color":"","item_heading_color":"","item_heading_hover_color":"","item_description_color":"","item_link_color":"","item_link_hover_color":"","separator_color":"","item_button_bg_color":"","item_button_text_color":"","item_button_hover_bg_color":"","item_button_hover_text_color":"","item_overlay_color":"","item_overlay_transparency":"0.9","custom_class_name":""}},"1649393439c8418990":{"type":"home-linkedlist-menu","blocks":{"164939343994719327-1":{"type":"categorylisting","settings":{"image":"shopify:\/\/shop_images\/model-laughs-barefoot.jpg","sub_title":"Heading","linked_list_description":"Lorem ipsum dolor sit amet, consectetur adipiscing elit, sed do eiusmod tempor incididunt ut labore et dolore magna aliqua.","linkedlist":"main-menu","block_button_text":"","block_button_link":"","reverse_column":false}},"164939343994719327-2":{"type":"categorylisting","settings":{"image":"shopify:\/\/shop_images\/aged-map-with-worn-paper-corners.jpg","sub_title":"Heading","linked_list_description":"Lorem ipsum dolor sit amet, consectetur adipiscing elit, sed do eiusmod tempor incididunt ut labore et dolore magna aliqua.","linkedlist":"main-menu","block_button_text":"","block_button_link":"","reverse_column":false}}},"block_order":["164939343994719327-1","164939343994719327-2"],"settings":{"full":false,"spacing_both_ends":false,"padding":"0,0","margin":"0,0","show_background_image":false,"background_style":"none","background_size":"auto","enable_overlay":false,"background_color":"","overlay_transparency":"0.5","section_heading":"","section_sub_heading":"","section_description":"","section_button_text":"","section_button_link":"","section_heading_color":"","section_sub_heading_color":"","section_description_color":"","section_button_bg_color":"","section_button_text_color":"","section_button_hover_bg_color":"","section_button_hover_text_color":"","heading_position":"text-center","grid":"2","enable_boxed":true,"enable_box_shadow":true,"linked_style":"overall-stye-5","linked_list_style":"list-stye-2","enable_list_separator":true,"column_gap":"30px","overall_border_radius":"0","border_radius":"0","text_align":"text-start","overlay_padding":20,"overlay_padding_mobile":15,"image_height":400,"image_height_lap":400,"image_height_tab":400,"image_height_mobile":400,"item_background_color":"","item_heading_color":"","item_heading_hover_color":"","item_description_color":"","item_link_color":"","item_link_hover_color":"","separator_color":"#ba8d69","item_button_bg_color":"","item_button_text_color":"","item_button_hover_bg_color":"","item_button_hover_text_color":"","item_overlay_color":"","item_overlay_transparency":"0.9","custom_class_name":""}},"16493936296a663c55":{"type":"home-linkedlist-menu","blocks":{"16493936297b931a3b-1":{"type":"categorylisting","settings":{"image":"shopify:\/\/shop_images\/model-laughs-barefoot.jpg","sub_title":"Heading","linked_list_description":"Lorem ipsum dolor sit amet, consectetur adipiscing elit, sed do eiusmod tempor incididunt ut labore et dolore magna aliqua.","linkedlist":"main-menu","block_button_text":"","block_button_link":"","reverse_column":false}},"16493936297b931a3b-2":{"type":"categorylisting","settings":{"image":"shopify:\/\/shop_images\/aged-map-with-worn-paper-corners.jpg","sub_title":"Heading","linked_list_description":"Lorem ipsum dolor sit amet, consectetur adipiscing elit, sed do eiusmod tempor incididunt ut labore et dolore magna aliqua.","linkedlist":"main-menu","block_button_text":"","block_button_link":"","reverse_column":false}}},"block_order":["16493936297b931a3b-1","16493936297b931a3b-2"],"settings":{"full":false,"spacing_both_ends":false,"padding":"0,0","margin":"0,0","show_background_image":false,"background_style":"none","background_size":"auto","enable_overlay":false,"background_color":"","overlay_transparency":"0.5","section_heading":"","section_sub_heading":"","section_description":"","section_button_text":"","section_button_link":"","section_heading_color":"","section_sub_heading_color":"","section_description_color":"","section_button_bg_color":"","section_button_text_color":"","section_button_hover_bg_color":"","section_button_hover_text_color":"","heading_position":"text-center","grid":"2","enable_boxed":false,"enable_box_shadow":false,"linked_style":"overall-stye-5","linked_list_style":"list-stye-3","enable_list_separator":false,"column_gap":"30px","overall_border_radius":"0","border_radius":"0","text_align":"text-center","overlay_padding":20,"overlay_padding_mobile":15,"image_height":400,"image_height_lap":400,"image_height_tab":400,"image_height_mobile":400,"item_background_color":"","item_heading_color":"","item_heading_hover_color":"","item_description_color":"","item_link_color":"","item_link_hover_color":"","separator_color":"","item_button_bg_color":"","item_button_text_color":"","item_button_hover_bg_color":"","item_button_hover_text_color":"","item_overlay_color":"","item_overlay_transparency":"0.9","custom_class_name":""}},"1649393717ce0d2da1":{"type":"home-linkedlist-menu","blocks":{"1649393717a75cc07a-1":{"type":"categorylisting","settings":{"image":"shopify:\/\/shop_images\/model-laughs-barefoot.jpg","sub_title":"Heading","linked_list_description":"Lorem ipsum dolor sit amet, consectetur adipiscing elit, sed do eiusmod tempor incididunt ut labore et dolore magna aliqua.","linkedlist":"main-menu","block_button_text":"","block_button_link":"","reverse_column":false}},"1649393717a75cc07a-2":{"type":"categorylisting","settings":{"image":"shopify:\/\/shop_images\/aged-map-with-worn-paper-corners.jpg","sub_title":"Heading","linked_list_description":"Lorem ipsum dolor sit amet, consectetur adipiscing elit, sed do eiusmod tempor incididunt ut labore et dolore magna aliqua.","linkedlist":"main-menu","block_button_text":"","block_button_link":"","reverse_column":false}}},"block_order":["1649393717a75cc07a-1","1649393717a75cc07a-2"],"settings":{"full":false,"spacing_both_ends":false,"padding":"0,0","margin":"0,0","show_background_image":false,"background_style":"none","background_size":"auto","enable_overlay":false,"background_color":"","overlay_transparency":"0.5","section_heading":"","section_sub_heading":"","section_description":"","section_button_text":"","section_button_link":"","section_heading_color":"","section_sub_heading_color":"","section_description_color":"","section_button_bg_color":"","section_button_text_color":"","section_button_hover_bg_color":"","section_button_hover_text_color":"","heading_position":"text-center","grid":"2","enable_boxed":false,"enable_box_shadow":false,"linked_style":"overall-stye-5","linked_list_style":"list-stye-4","enable_list_separator":false,"column_gap":"30px","overall_border_radius":"0","border_radius":"0","text_align":"text-center","overlay_padding":20,"overlay_padding_mobile":15,"image_height":400,"image_height_lap":400,"image_height_tab":400,"image_height_mobile":400,"item_background_color":"","item_heading_color":"","item_heading_hover_color":"","item_description_color":"","item_link_color":"","item_link_hover_color":"","separator_color":"","item_button_bg_color":"","item_button_text_color":"","item_button_hover_bg_color":"","item_button_hover_text_color":"","item_overlay_color":"","item_overlay_transparency":"0.9","custom_class_name":""}}},"order":["main","1649317139d3b874dd","164931729689756cf2","16493175490ad22092","1649318322aeaa3df4","1649318611e94e41fa","1649322612e601bfd9","164939183175b8f356","1649391939229b74d0","1649392458fdd9a4cc","1649392631521c26a4","1649392747e2aecf82","1649392842914d8808","1649392990d9b0562e","1649393068491894c4","16493931808cb973ff","1649393249dade98c4","1649393365ca80739c","1649393439c8418990","16493936296a663c55","1649393717ce0d2da1"]}