{"sections":{"main":{"type":"main-page","settings":{"full":false,"spacing_both_ends":false,"padding":"0,0","margin":"0,0"}},"1649309225bf687897":{"type":"home-featured-collection","blocks":{"164930922417adc1e5-0":{"type":"collection","settings":{"collection":"best-collections","block_button_text":"","block_text_align":"text-center","content_position":"center","reverse_column":false,"block_banner_bg":"","block_content_box_bg":"","block_heading_color":"","block_sub_heading_color":"","block_description_color":"","block_button_bg_color":"","block_button_text_color":"","block_button_hover_bg_color":"","block_button_hover_text_color":"","overlay_style":"use_gradient_overlay","overlay_color":"#f3eeeb","overlay_opacity":"1","rotation_degree":"180"}},"164930922417adc1e5-1":{"type":"collection","settings":{"collection":"best-sellers","block_button_text":"","block_text_align":"text-center","content_position":"center","reverse_column":true,"block_banner_bg":"","block_content_box_bg":"","block_heading_color":"","block_sub_heading_color":"","block_description_color":"","block_button_bg_color":"","block_button_text_color":"","block_button_hover_bg_color":"","block_button_hover_text_color":"","overlay_style":"use_gradient_overlay","overlay_color":"#f3eeeb","overlay_opacity":"1","rotation_degree":"0"}},"e682e3dd-3c6a-4cf1-99cf-f3bd7c1c3d6a":{"type":"collection","settings":{"collection":"best-collections","block_button_text":"","block_text_align":"text-center","content_position":"center","reverse_column":false,"block_banner_bg":"","block_content_box_bg":"","block_heading_color":"","block_sub_heading_color":"","block_description_color":"","block_button_bg_color":"","block_button_text_color":"","block_button_hover_bg_color":"","block_button_hover_text_color":"","overlay_style":"use_gradient_overlay","overlay_color":"#f3eeeb","overlay_opacity":"1","rotation_degree":"180"}}},"block_order":["164930922417adc1e5-0","164930922417adc1e5-1","e682e3dd-3c6a-4cf1-99cf-f3bd7c1c3d6a"],"settings":{"full":false,"spacing_both_ends":false,"padding":"0,100","margin":"0,0","show_background_image":false,"background_style":"none","background_size":"auto","enable_overlay":false,"background_color":"","overlay_transparency":"0.5","section_heading":"Grid Featured Collection","section_sub_heading":"","section_description":"","section_button_text":"","section_button_link":"","section_heading_color":"","section_sub_heading_color":"","section_description_color":"","section_button_bg_color":"","section_button_text_color":"","section_button_hover_bg_color":"","section_button_hover_text_color":"","heading_position":"text-center","grid":"3","block_banner_style":"grid","column_gap":"30","equal_height":false,"overlay_style_height":"400","enable_box_shadow":true,"border_radius":"0","content_width":"50\/50","lap_content_width":"35\/65","enable_slider":false,"enable_auto_height":true,"slider_autoplay":0,"items_per_view":2,"dots":true,"carousel_pagination_alignment":"center_pagination","arrows":true,"nav_arrow_position":"center-navigation","center_nav_arrow_alignment":"outside_container","navigation_button_color":"","navigation_button_icon_color":"","navigation_button_hover_color":"","navigation_button_hover_icon_color":"","navigation_dot_color":"","navigation_dot_active_color":"","custom_class_name":""}},"1649311674f6fd0877":{"type":"home-featured-collection","blocks":{"164931167310e6e85c-0":{"type":"collection","settings":{"collection":"best-collections","block_button_text":"","block_text_align":"text-center","content_position":"center","reverse_column":false,"block_banner_bg":"","block_content_box_bg":"","block_heading_color":"","block_sub_heading_color":"","block_description_color":"","block_button_bg_color":"","block_button_text_color":"","block_button_hover_bg_color":"","block_button_hover_text_color":"","overlay_style":"use_overlay","overlay_color":"","overlay_opacity":"0","rotation_degree":"180"}},"164931167310e6e85c-1":{"type":"collection","settings":{"collection":"best-sellers","block_button_text":"","block_text_align":"text-center","content_position":"center","reverse_column":true,"block_banner_bg":"","block_content_box_bg":"","block_heading_color":"","block_sub_heading_color":"","block_description_color":"","block_button_bg_color":"","block_button_text_color":"","block_button_hover_bg_color":"","block_button_hover_text_color":"","overlay_style":"use_overlay","overlay_color":"","overlay_opacity":"0","rotation_degree":"180"}}},"block_order":["164931167310e6e85c-0","164931167310e6e85c-1"],"settings":{"full":false,"spacing_both_ends":false,"padding":"0,100","margin":"0,0","show_background_image":false,"background_style":"none","background_size":"auto","enable_overlay":false,"background_color":"","overlay_transparency":"0.5","section_heading":"Featured Product List","section_sub_heading":"","section_description":"","section_button_text":"","section_button_link":"","section_heading_color":"","section_sub_heading_color":"","section_description_color":"","section_button_bg_color":"","section_button_text_color":"","section_button_hover_bg_color":"","section_button_hover_text_color":"","heading_position":"text-center","grid":"2","block_banner_style":"list","column_gap":"30","equal_height":false,"overlay_style_height":"400","enable_box_shadow":false,"border_radius":"0","content_width":"50\/50","lap_content_width":"50\/50","enable_slider":false,"enable_auto_height":true,"slider_autoplay":0,"items_per_view":2,"dots":true,"carousel_pagination_alignment":"center_pagination","arrows":true,"nav_arrow_position":"center-navigation","center_nav_arrow_alignment":"outside_container","navigation_button_color":"","navigation_button_icon_color":"","navigation_button_hover_color":"","navigation_button_hover_icon_color":"","navigation_dot_color":"","navigation_dot_active_color":"","custom_class_name":""}},"16493116781e1709d0":{"type":"home-featured-collection","blocks":{"1649311678b3f62eae-0":{"type":"collection","settings":{"collection":"best-collections","block_button_text":"","block_text_align":"text-start","content_position":"bottom-left","reverse_column":false,"block_banner_bg":"#f3eeeb","block_content_box_bg":"","block_heading_color":"","block_sub_heading_color":"","block_description_color":"","block_button_bg_color":"","block_button_text_color":"","block_button_hover_bg_color":"","block_button_hover_text_color":"","overlay_style":"use_overlay","overlay_color":"","overlay_opacity":"","rotation_degree":"180"}},"1649311678b3f62eae-1":{"type":"collection","settings":{"collection":"best-sellers","block_button_text":"","block_text_align":"text-start","content_position":"bottom-left","reverse_column":false,"block_banner_bg":"#f3eeeb","block_content_box_bg":"#f3eeeb","block_heading_color":"","block_sub_heading_color":"","block_description_color":"","block_button_bg_color":"","block_button_text_color":"","block_button_hover_bg_color":"","block_button_hover_text_color":"","overlay_style":"use_overlay","overlay_color":"","overlay_opacity":"0","rotation_degree":"180"}},"fa959741-73f7-4762-8588-f36e49987c0a":{"type":"collection","settings":{"collection":"best-collections","block_button_text":"","block_text_align":"text-start","content_position":"bottom-left","reverse_column":false,"block_banner_bg":"#f3eeeb","block_content_box_bg":"","block_heading_color":"","block_sub_heading_color":"","block_description_color":"","block_button_bg_color":"","block_button_text_color":"","block_button_hover_bg_color":"","block_button_hover_text_color":"","overlay_style":"use_overlay","overlay_color":"","overlay_opacity":"0","rotation_degree":"180"}}},"block_order":["1649311678b3f62eae-0","1649311678b3f62eae-1","fa959741-73f7-4762-8588-f36e49987c0a"],"settings":{"full":false,"spacing_both_ends":false,"padding":"0,20","margin":"0,0","show_background_image":false,"background_style":"none","background_size":"auto","enable_overlay":false,"background_color":"","overlay_transparency":"0.5","section_heading":"Featured Product Overlay","section_sub_heading":"","section_description":"","section_button_text":"","section_button_link":"","section_heading_color":"","section_sub_heading_color":"","section_description_color":"","section_button_bg_color":"","section_button_text_color":"","section_button_hover_bg_color":"","section_button_hover_text_color":"","heading_position":"text-center","grid":"3","block_banner_style":"overlay","column_gap":"30","equal_height":false,"overlay_style_height":"400","enable_box_shadow":false,"border_radius":"0","content_width":"50\/50","lap_content_width":"35\/65","enable_slider":false,"enable_auto_height":true,"slider_autoplay":0,"items_per_view":2,"dots":true,"carousel_pagination_alignment":"center_pagination","arrows":true,"nav_arrow_position":"center-navigation","center_nav_arrow_alignment":"outside_container","navigation_button_color":"","navigation_button_icon_color":"","navigation_button_hover_color":"","navigation_button_hover_icon_color":"","navigation_dot_color":"","navigation_dot_active_color":"","custom_class_name":""}}},"order":["main","1649309225bf687897","1649311674f6fd0877","16493116781e1709d0"]}