{"sections":{"main":{"type":"main-page","settings":{"full":false,"spacing_both_ends":false,"padding":"0,0","margin":"0,0"}},"16493154974a077ffd":{"type":"home-custom-section","blocks":{"1649315497952f5218-0":{"type":"content","settings":{"block_heading":"What is Lorem Ipsum?","block_sub_heading":"Sub Heading","block_description":"It is a long established fact that a reader will be distracted by the readable content of a page when looking at its layout. The point of using Lorem Ipsum is that it has a more-or-less normal distribution of letters, as opposed to using 'Content here, content here', making it look like readable English.","html":"","block_button_text":"","block_button_link":"","heading_position":"text-end","block_img_1":"shopify:\/\/shop_images\/aged-map-with-worn-paper-corners.jpg","image_1_border_radius":"","block_img_2":"shopify:\/\/shop_images\/model-laughs-barefoot.jpg","image_2_border_radius":"","reverse_column":true,"fullwidth_images":false,"block_heading_color":"","block_sub_heading_color":"","block_description_color":"","block_html_color":"","block_button_bg_color":"","block_button_text_color":"","block_button_hover_bg_color":"","block_button_hover_text_color":""}},"1649315497952f5218-1":{"type":"content","settings":{"block_heading":"Main Heading","block_sub_heading":"Sub Heading","block_description":"It is a long established fact that a reader will be distracted by the readable content of a page when looking at its layout. The point of using Lorem Ipsum is that it has a more-or-less normal distribution of letters, as opposed to using 'Content here, content here', making it look like readable English.","html":"","block_button_text":"","block_button_link":"","heading_position":"text-start","block_img_1":"shopify:\/\/shop_images\/model-laughs-barefoot.jpg","image_1_border_radius":"","block_img_2":"shopify:\/\/shop_images\/aged-map-with-worn-paper-corners.jpg","image_2_border_radius":"","reverse_column":false,"fullwidth_images":false,"block_heading_color":"","block_sub_heading_color":"","block_description_color":"","block_html_color":"","block_button_bg_color":"","block_button_text_color":"","block_button_hover_bg_color":"","block_button_hover_text_color":""}}},"block_order":["1649315497952f5218-0","1649315497952f5218-1"],"settings":{"full":false,"spacing_both_ends":false,"padding":"0,100","margin":"0,0","show_background_image":false,"background_style":"none","background_size":"auto","enable_overlay":false,"background_color":"","overlay_transparency":"0.5","section_heading":"Custom Section(Style 1)","section_sub_heading":"","section_description":"","section_button_text":"","section_button_link":"","section_heading_color":"","section_sub_heading_color":"","section_description_color":"","section_button_bg_color":"","section_button_text_color":"","section_button_hover_bg_color":"","section_button_hover_text_color":"","heading_position":"text-center","column_gap":"30","border_radius":"","content_width":"50\/50","lap_content_width":"50\/50"}},"1649315992a8152a16":{"type":"home-custom-section","blocks":{"1649315992b3bcaf8f-1":{"type":"content","settings":{"block_heading":"","block_sub_heading":"","block_description":"","html":"","block_button_text":"","block_button_link":"","heading_position":"text-start","block_img_1":"shopify:\/\/shop_images\/aged-map-with-worn-paper-corners.jpg","image_1_border_radius":"","image_2_border_radius":"","reverse_column":false,"fullwidth_images":true,"block_heading_color":"","block_sub_heading_color":"","block_description_color":"","block_html_color":"","block_button_bg_color":"","block_button_text_color":"","block_button_hover_bg_color":"","block_button_hover_text_color":""}},"1649315992b3bcaf8f-0":{"type":"content","settings":{"block_heading":"Main Heading","block_sub_heading":"Sub Heading","block_description":"There are many variations of passages of Lorem Ipsum available, but the majority have suffered alteration in some form, by injected humour, or randomised words which don't look even slightly believable. If you are going to use a passage of Lorem Ipsum, you need to be sure there isn't anything embarrassing hidden in the middle of text. All the Lorem Ipsum generators on the Internet tend to repeat predefined chunks as necessary, making.","html":"<h4>Html Text<\/h4>\n<p>\nIt is a long established fact that a reader will be distracted by the readable content of a page when looking at its layout. The point of using Lorem Ipsum is that it has a more-or-less normal distribution of letters, as opposed to using 'Content here, content here', making it look like readable English. Many desktop publishing packages and web page editors now use Lorem Ipsum as their default model text, and a search for 'lorem ipsum' will uncover many web sites still in their infancy.<\/p>","block_button_text":"","block_button_link":"","heading_position":"text-start","image_1_border_radius":"","image_2_border_radius":"","reverse_column":false,"fullwidth_images":false,"block_heading_color":"","block_sub_heading_color":"","block_description_color":"","block_html_color":"","block_button_bg_color":"","block_button_text_color":"","block_button_hover_bg_color":"","block_button_hover_text_color":""}}},"block_order":["1649315992b3bcaf8f-1","1649315992b3bcaf8f-0"],"settings":{"full":false,"spacing_both_ends":false,"padding":"0,100","margin":"0,0","show_background_image":false,"background_style":"none","background_size":"auto","enable_overlay":false,"background_color":"","overlay_transparency":"0.5","section_heading":"Custom Section(Style 2)","section_sub_heading":"","section_description":"","section_button_text":"","section_button_link":"","section_heading_color":"","section_sub_heading_color":"","section_description_color":"","section_button_bg_color":"","section_button_text_color":"","section_button_hover_bg_color":"","section_button_hover_text_color":"","heading_position":"text-center","column_gap":"30","border_radius":"","content_width":"50\/50","lap_content_width":"50\/50"}},"1649316154b57c1525":{"type":"home-custom-section","blocks":{"1649316154e6cf7b9c-0":{"type":"content","settings":{"block_heading":"Main Heading","block_sub_heading":"Sub Heading","block_description":"There are many variations of passages of Lorem Ipsum available, but the majority have suffered alteration in some form, by injected humour, or randomised words which don't look even slightly believable.","html":"<p>Enter text with html tags<\/p>","block_button_text":"","block_button_link":"","heading_position":"text-center","image_1_border_radius":"","image_2_border_radius":"","reverse_column":false,"fullwidth_images":false,"block_heading_color":"","block_sub_heading_color":"","block_description_color":"","block_html_color":"","block_button_bg_color":"","block_button_text_color":"","block_button_hover_bg_color":"","block_button_hover_text_color":""}},"1649316154e6cf7b9c-1":{"type":"content","settings":{"block_heading":"Main Heading","block_sub_heading":"Sub Heading","block_description":"There are many variations of passages of Lorem Ipsum available, but the majority have suffered alteration in some form, by injected humour, or randomised words which don't look even slightly believable.","html":"<p>Enter text with html tags<\/p>","block_button_text":"","block_button_link":"","heading_position":"text-center","image_1_border_radius":"","image_2_border_radius":"","reverse_column":false,"fullwidth_images":false,"block_heading_color":"","block_sub_heading_color":"","block_description_color":"","block_html_color":"","block_button_bg_color":"","block_button_text_color":"","block_button_hover_bg_color":"","block_button_hover_text_color":""}}},"block_order":["1649316154e6cf7b9c-0","1649316154e6cf7b9c-1"],"settings":{"full":false,"spacing_both_ends":false,"padding":"0,20","margin":"0,0","show_background_image":false,"background_style":"none","background_size":"auto","enable_overlay":false,"background_color":"","overlay_transparency":"0.5","section_heading":"Custom Section(Style 3)","section_sub_heading":"","section_description":"","section_button_text":"","section_button_link":"","section_heading_color":"","section_sub_heading_color":"","section_description_color":"","section_button_bg_color":"","section_button_text_color":"","section_button_hover_bg_color":"","section_button_hover_text_color":"","heading_position":"text-center","column_gap":"30","border_radius":"","content_width":"50\/50","lap_content_width":"50\/50"}}},"order":["main","16493154974a077ffd","1649315992a8152a16","1649316154b57c1525"]}