{"sections":{"article_template":{"type":"article-template","settings":{"blog_layout":"blog_layo_none","show_author":true,"show_comment":true,"show_cate":true,"show_tag":true,"show_related_post":true,"related_post_title":"Related post","related_post_select_blog":"news","related_post_blogs_limit":5,"enable_widget_search":true,"widget_search_title":"Search","shop_by_search_placeholder":"Search...","enable_widget_cate":true,"widget_cate_title":"Categories","widget_cate_menu":"main-menu","enable_widget_related":true,"widget_related_title":"RECENT POSTS","select_blog":"news","blogs_limit":4,"enable_widget_tag":true,"shop_by_tag_title":"Tags","banner_article_url":"https:\/\/www.shopify.com\/free-trial?ref=shopifycenter","banner_article_sidebar":"shopify:\/\/shop_images\/shopify-banner-sidebar.jpg","enable_social_share":true}}},"order":["article_template"]}