{"sections":{"16494091415e44dc4e":{"type":"section-slideshow-v1","blocks":{"16494091418b3cc555-1":{"type":"slideshow","settings":{"select_position_content":"left","select_textalign_content":"left","block_title_top1":"Style Destination","color_block_title_top1":"#000000","effect_title1":"bounce","block_title_top":"makeup brushes","color_block_title_top":"#010101","effect_title":"bounce","block_title_top2":"Aliqua id fugiat nostrud irure ex duis ea quis id quis ad et. <br>Sunt qui esse pariatur duis deserunt","color_block_title_top2":"#464646","effect_title2":"bounce","block_buton":"SHOP NOW","color_block_button":"#000000","color_border_button":"#000000","bg_button":"","color_hover_button":"#000000","color_hover_text":"#ffffff","block_url":"shopify:\/\/collections\/all","effect_title3":"bounce","ena_slide_video":false,"url_ytb_video":"","block_banerimage":"shopify:\/\/shop_images\/s2.jpg"}},"16494091418b3cc555-0":{"type":"slideshow","settings":{"select_position_content":"right","select_textalign_content":"left","block_title_top1":"Style Destination","color_block_title_top1":"#000000","effect_title1":"bounce","block_title_top":"Compact powder","color_block_title_top":"#000000","effect_title":"bounce","block_title_top2":"Aliqua id fugiat nostrud irure ex duis ea quis id quis ad et. <br>Sunt qui esse pariatur duis deserunt","color_block_title_top2":"#464646","effect_title2":"bounce","block_buton":"SHOP NOW","color_block_button":"#000000","color_border_button":"#000000","bg_button":"","color_hover_button":"#000000","color_hover_text":"#ffffff","block_url":"shopify:\/\/collections\/all","effect_title3":"bounce","ena_slide_video":false,"url_ytb_video":"","block_banerimage":"shopify:\/\/shop_images\/s1.jpg"}}},"block_order":["16494091418b3cc555-1","16494091418b3cc555-0"],"settings":{"margin_top":"","margin_bottom":""}},"16494095707effd63e":{"type":"section-banner-v7","settings":{"margin_top":"","margin_bottom":"","ena_container":false,"ena_margin_top":true,"img_banner":"shopify:\/\/shop_images\/ba2.jpg","img_banner2":"shopify:\/\/shop_images\/ba1.png","url_button":"shopify:\/\/collections\/all","title_banner":"Glow Everyday","color_title":"#111111","content_banner":"Nulla Lorem mollit cupidatat irure. Laborum magna nulla duis ullamco cillum dolor. Voluptate exercitation incididunt aliquip","color_content_banner":"#808080","button_banner":"SHOP NOW","color_btn":"#ffffff","bg_btn":"#000000","color_btn_hover":"#ffffff","bg_btn_hover":"#ee7b7b"}},"16499043946bb74bdb":{"type":"section-product-v3","settings":{"title_heading":"Best Seller","color_title":"#222","sub_title":"Best Seller Product This Week!","color_sub_title":"#666666","select_collection":"new-1","products_limit":8,"margin_top":"","margin_bottom":""}},"1649647856079d15fb":{"type":"section-banner-v4","settings":{"margin_top":"","margin_bottom":"","bg_section":"#fff0eb","img_banner1":"shopify:\/\/shop_images\/ba4.jpg","img_banner2":"shopify:\/\/shop_images\/ba5.jpg","title_banner":"Natural Beauty","color_title":"#111111","content_banner":"Nulla Lorem mollit cupidatat irure. Laborum magna nulla duis ullamco cillum dolor. Voluptate exercitation incididunt aliquip","color_content_banner":"#6b6b6b","button_banner":"SHOP NOW","color_btn":"#ffffff","bg_btn":"#111111","color_btn_hover":"#ffffff","bg_btn_hover":"#ee7b7b"}},"1649647901e6c8c728":{"type":"section-brand-v1","blocks":{"1649647901ac585eff-0":{"type":"brand","settings":{"brand_img":"shopify:\/\/shop_images\/partners-4.png","brand_url":"shopify:\/\/collections\/all"}},"1649647901ac585eff-1":{"type":"brand","settings":{"brand_img":"shopify:\/\/shop_images\/partners-2.png","brand_url":"shopify:\/\/collections\/all"}},"1649647901ac585eff-4":{"type":"brand","settings":{"brand_img":"shopify:\/\/shop_images\/partners-1.png","brand_url":"shopify:\/\/collections\/all"}},"1649647901ac585eff-2":{"type":"brand","settings":{"brand_img":"shopify:\/\/shop_images\/partners-5.png","brand_url":"shopify:\/\/collections\/all"}},"1649647901ac585eff-3":{"type":"brand","settings":{"brand_img":"shopify:\/\/shop_images\/partners-3.png","brand_url":"shopify:\/\/collections\/all"}},"1649647901ac585eff-5":{"type":"brand","settings":{"brand_img":"shopify:\/\/shop_images\/partners-6.png","brand_url":"shopify:\/\/collections\/all"}}},"block_order":["1649647901ac585eff-0","1649647901ac585eff-1","1649647901ac585eff-4","1649647901ac585eff-2","1649647901ac585eff-3","1649647901ac585eff-5"],"settings":{"bg_color":"","margin_top":"","margin_bottom":""}},"16499044135ac56633":{"type":"section-product-v1","settings":{"title_heading":"Hot Deal","color_title":"#222","sub-title1":"Don't Miss Today's Featured Deals","select_collection":"new","products_limit":4,"margin_top":"","margin_bottom":""}},"164964794613bd1d06":{"type":"section-instagram-v1","settings":{"bg_section_color":"#f2f2f2","title_content":"Couturio On Instagram","des":"@couturioshop","ins_userid":"","ins_access_token":"3672948962.0f64772.430edb7f711e4665b59777c54d1ed9ce","ins_limit_number":"6","item_icon":"fa fa-instagram","item_title":"SHOP IT","newsletter_bg":"shopify:\/\/shop_images\/ba4.jpg","newsletter_title":"Sign up to our newsletter<br>and receive 10% off your first order!","placeholder_input":"Email Address","btn_name":"Subscribe","margin_top":"","margin_bottom":""}}},"order":["16494091415e44dc4e","16494095707effd63e","16499043946bb74bdb","1649647856079d15fb","1649647901e6c8c728","16499044135ac56633","164964794613bd1d06"]}