{"sections":{"banner_about_v3":{"type":"banner-about-v3","settings":{"bg_breadcrumb":"shopify:\/\/shop_images\/collection.jpg"}},"about_introduce_v3":{"type":"about-introduce-v3","blocks":{"634ee0dd-4f24-4f30-8319-66af45451a47":{"type":"introduce","settings":{"image_intro":"shopify:\/\/shop_images\/about2.jpg","title_intro":"Our Story","des_intro":"Cenean imperdiet. Fusce vel dui Praesent adipiscing.","content_intro":"<p> Ut enim ad minim veniam, quis nostrud exercitation ullamco laboris nisi ut aliquip ex ea commodo consequat. Duis aute irure dolor in reprehenderit in voluptate velit esse cillum dolore eu fugiat nulla pariatur. Excepteur sint occaecat cupidatat non proident, sunt in culpa qui officia deserunt mollit anim id est laborum.Lorem ipsum dolor sit amet, consectetur adipiscing elit, sed do eiusmod tempor incididunt ut labore et dolore magna aliqua. Ut enim ad minim veniam, quis nostrud exercitation ullamco laboris nisi ut aliquip ex ea commodo consequat. Duis aute irure dolor in reprehenderit in voluptate velit esse cillum dolore eu fugiat nulla pariatur. Excepteur sint occaecat cupidatat non proident, sunt in culpa qui officia deserunt mollit anim id est laborum.<\/p>\n<p>Maecenas egestas arcu quis ligula mattis placerat. Quisque id mi. Sed a libero. Vestibulum ullamcorper mauris at ligula. Aenean posuere, tortor sed cursus feugiat, nunc augue blandit nunc, eu sollicitudin urna dolor sagittis lacus. Suspendisse non nisl sit amet velit hendrerit rutrum. Nulla porta dolor. Nunc interdum lacus sit amet orci<\/p>"}}},"block_order":["634ee0dd-4f24-4f30-8319-66af45451a47"],"settings":{"enable_intro":true}},"our_teams_v3":{"type":"our-teams-v3","blocks":{"9cb7950c-c354-42da-8476-b637d78cd2a7":{"type":"teams","settings":{"people_teams_image":"shopify:\/\/shop_images\/people4.jpg","block_people_teams":"Adrian Stone","block_position_teams":"Ceo","link_people_face":"#","link_people_twitter":"#","link_people_instagram":"#","link_people_pinterest":"#"}},"af63ec9e-02b6-4ef2-af0b-a8aaecc723a0":{"type":"teams","settings":{"people_teams_image":"shopify:\/\/shop_images\/people3.jpg","block_people_teams":"Karen Ryan","block_position_teams":"Designer","link_people_face":"#","link_people_twitter":"#","link_people_instagram":"#","link_people_pinterest":"#"}},"3cbd4a5b-d158-4e7d-ad5e-94b087abc9ad":{"type":"teams","settings":{"people_teams_image":"shopify:\/\/shop_images\/people1.jpg","block_people_teams":"Ferguson","block_position_teams":"Developer","link_people_face":"#","link_people_twitter":"#","link_people_instagram":"#","link_people_pinterest":"#"}}},"block_order":["9cb7950c-c354-42da-8476-b637d78cd2a7","af63ec9e-02b6-4ef2-af0b-a8aaecc723a0","3cbd4a5b-d158-4e7d-ad5e-94b087abc9ad"],"settings":{"enable_teams":true,"bg_image":"shopify:\/\/shop_images\/about3.jpg","title_teams":"Behind<br> The Brands","description_teams":"<p>We are a female-founded, 100% woman-led team of collaborative dreamers who value innovation, curiosity and free-thinking fearlessness in everything that we do.<\/p><p>We take immeasurable pride in our work, intentionally stitching love into the very fiber and fabric of our designs. We are small, but we are a mighty group of talented individuals dedicated to bringing you otherworldly designs with imagery to match.<\/p>"}},"rich_text_v3":{"type":"rich-text","settings":{"rich_icon_svg":"<svg xmlns=\"http:\/\/www.w3.org\/2000\/svg\" id=\"Layer_1\" x=\"0px\" y=\"0px\" viewbox=\"0 0 512 512\" style=\"enable-background:new 0 0 512 512;\" xmlns:xlink=\"http:\/\/www.w3.org\/1999\/xlink\" xml:space=\"preserve\"> <g> <g> <path d=\"M506.135,221.963l-87.197-98.667c-1.898-2.148-4.627-3.378-7.493-3.378H100.556c-2.866,0-5.595,1.23-7.493,3.378    L5.865,221.963c-2.604,2.947-3.239,7.146-1.623,10.732c0.609,1.352,1.497,2.52,2.577,3.453c0.021,0.023,0.037,0.049,0.058,0.073    l241.642,272.415c1.898,2.14,4.621,3.364,7.481,3.364c2.86,0,5.583-1.225,7.481-3.364l241.642-272.415    c0.021-0.023,0.038-0.049,0.058-0.073c1.079-0.933,1.967-2.102,2.577-3.453C509.374,229.109,508.739,224.91,506.135,221.963z     M393.713,139.917l-44.441,71.644l-71.22-71.644H393.713z M328.054,218.585H183.946L256,146.102L328.054,218.585z     M233.948,139.918l-71.22,71.644l-44.441-71.644H233.948z M99.004,146.774l44.545,71.811H35.541L99.004,146.774z M35.709,238.585    h118.178l81.636,225.261L35.709,238.585z M276.848,463.428l57.038-154.372c1.914-5.181-0.734-10.932-5.914-12.846    c-5.183-1.916-10.933,0.733-12.846,5.914l-59.035,159.777L175.16,238.585h301.131L276.848,463.428z M368.451,218.585    l44.545-71.811l63.463,71.811H368.451z\"><\/path> <\/g> <\/g> <g> <g> <path d=\"M256,0c-5.522,0-10,4.477-10,10v51.513c0,5.523,4.478,10,10,10c5.522,0,10-4.477,10-10V10C266,4.477,261.522,0,256,0z\"><\/path> <\/g> <\/g> <g> <g> <path d=\"M347.062,39.524c-3.905-3.905-10.235-3.905-14.143,0l-36.426,36.425c-3.905,3.905-3.905,10.237,0,14.142    c1.954,1.953,4.513,2.929,7.072,2.929c2.559,0,5.118-0.977,7.071-2.929l36.426-36.425    C350.967,49.761,350.967,43.429,347.062,39.524z\"><\/path> <\/g> <\/g> <g> <g> <path d=\"M213.558,75.949l-36.425-36.425c-3.904-3.905-10.234-3.905-14.143,0c-3.905,3.905-3.905,10.237,0,14.142l36.426,36.425    c1.953,1.953,4.512,2.929,7.071,2.929s5.118-0.977,7.071-2.929C217.463,86.186,217.463,79.854,213.558,75.949z\"><\/path> <\/g> <\/g> <g> <g> <circle cx=\"337.43\" cy=\"268.36\" r=\"10\"><\/circle> <\/g> <\/g> <g> <\/g> <g> <\/g> <g> <\/g> <g> <\/g> <g> <\/g> <g> <\/g> <g> <\/g> <g> <\/g> <g> <\/g> <g> <\/g> <g> <\/g> <g> <\/g> <g> <\/g> <g> <\/g> <g> <\/g> <\/svg>","section_title":"We’re committing to create the change<br> we want to see in the world"}},"about_servicebox_v3":{"type":"about-servicebox-v3","blocks":{"0d556b0e-c0ca-40b1-9912-b56b2faa21f3":{"type":"service","settings":{"block_icon_svg":"<svg xmlns=\"http:\/\/www.w3.org\/2000\/svg\" id=\"Capa_2\" height=\"512\" viewbox=\"0 0 512 512\" width=\"512\"><g><path d=\"m71.858 418.114 48.142 24.067v59.819c0 5.523 4.478 10 10 10h106c5.522 0 10-4.477 10-10v-136.55c0-30.637-22.983-56.045-53.391-59.093-.118-.033-42.3-6.618-61.87-26.189l-22.458-22.448c-7.556-7.558-17.6-11.72-28.281-11.72v-80c0-22.056-17.944-40-40-40s-40 17.944-40 40v135.84c0 49.212 27.798 94.239 71.858 116.274zm-51.858-252.114c0-11.028 8.972-20 20-20s20 8.972 20 20v85.361c-12.196 7.052-20 20.2-20 34.639 0 10.68 4.162 20.723 11.719 28.28l51.21 51.22c3.903 3.905 10.236 3.907 14.142.001 3.905-3.905 3.906-10.236.001-14.142l-51.21-51.221c-3.78-3.779-5.862-8.8-5.862-14.138 0-8.464 5.357-16.044 13.332-18.861.003-.001.006-.003.009-.004h.001c6.896-2.444 15.077-.994 20.799 4.728l22.458 22.449c23.186 23.185 73.843 31.91 73.944 31.938 20.214 2.026 35.457 18.879 35.457 39.2v126.55h-86v-56c0-3.788-2.141-7.251-5.528-8.944l-53.669-26.83c-37.504-18.757-60.803-56.456-60.803-98.386z\"><\/path><path d=\"m136 246h240c5.522 0 10-4.477 10-10v-226c0-5.523-4.478-10-10-10h-240c-5.522 0-10 4.477-10 10v226c0 5.523 4.478 10 10 10zm90-226h60v53.893l-25.975-12.855c-2.82-1.397-6.136-1.382-8.944.037l-25.081 12.67zm-80 0h60v70c0 3.473 1.802 6.698 4.761 8.518 2.957 1.819 6.649 1.974 9.748.408l35.127-17.745 35.929 17.782c3.046 1.508 6.722 1.389 9.71-.467 2.938-1.825 4.725-5.038 4.725-8.496v-70h60v206h-220z\"><\/path><path d=\"m336 176h-60c-5.522 0-10 4.477-10 10s4.478 10 10 10h60c5.522 0 10-4.477 10-10s-4.478-10-10-10z\"><\/path><circle cx=\"459\" cy=\"394\" r=\"10\"><\/circle><path d=\"m472 126c-22.056 0-40 17.944-40 40v80c-10.681 0-20.725 4.162-28.279 11.717l-22.462 22.452c-12.3 12.301-43.459 24.337-61.128 26.108l-.668.072c-30.48 3.056-53.463 28.464-53.463 59.101v136.55c0 5.523 4.478 10 10 10h106c5.522 0 10-4.477 10-10v-59.819l32.73-16.362c4.939-2.47 6.942-8.476 4.473-13.417-2.469-4.938-8.474-6.942-13.416-4.473l-38.259 19.125c-3.387 1.695-5.528 5.158-5.528 8.946v56h-86v-126.55c0-20.321 15.243-37.174 35.529-39.208l.669-.072c21.691-2.175 57.605-16.262 73.201-31.857l22.462-22.452c5.724-5.724 13.913-7.166 20.797-4.726h.001c.003.001.006.003.009.004 13.771 4.865 17.917 22.551 7.471 33.001l-51.21 51.22c-3.905 3.906-3.904 10.237.001 14.142 3.904 3.904 10.237 3.905 14.142-.001l51.21-51.22c18.487-18.49 14.636-49.669-8.281-62.92v-85.361c0-11.028 8.972-20 20-20s20 8.972 20 20v135.84c0 18.296-4.617 36.46-13.353 52.528-2.639 4.852-.844 10.924 4.009 13.562 4.851 2.636 10.924.843 13.562-4.009 10.324-18.99 15.781-40.458 15.781-62.081v-135.84c0-22.056-17.944-40-40-40z\"><\/path><\/g><\/svg>","block_title":"Free Shipping","block_content":"Capped at $39 per order"}},"4f8f112f-6aa4-42ea-90ec-02dba996d170":{"type":"service","settings":{"block_icon_svg":"<svg xmlns=\"http:\/\/www.w3.org\/2000\/svg\" id=\"Capa_3\" x=\"0px\" y=\"0px\" viewbox=\"0 0 512 512\" style=\"enable-background:new 0 0 512 512;\" xmlns:xlink=\"http:\/\/www.w3.org\/1999\/xlink\" xml:space=\"preserve\"> <g> <g> <path d=\"M462,74H50C22.43,74,0,96.43,0,124v264c0,27.57,22.43,50,50,50h155c5.523,0,10-4.477,10-10s-4.477-10-10-10H50    c-16.542,0-30-13.458-30-30V266h217.339c1.603,8.116,6.434,15.268,13.599,19.811c2.333,1.479,4.815,2.603,7.373,3.395    l-17.606,30.278c-2.037,3.502-1.759,7.887,0.703,11.104c2.462,3.217,6.622,4.63,10.534,3.581l23.946-6.427l6.407,23.951    c1.045,3.908,4.342,6.801,8.353,7.33c0.439,0.058,0.876,0.086,1.311,0.086c3.538,0,6.856-1.88,8.657-5l45.592-78.968    l57.119,101.554c1.786,3.175,5.134,5.098,8.713,5.098c0.416,0,0.834-0.026,1.254-0.079c4.034-0.509,7.358-3.409,8.409-7.337    l6.408-23.952l23.946,6.427c3.894,1.044,8.035-0.35,10.502-3.54c2.467-3.189,2.777-7.547,0.788-11.054l-29.407-51.821    c0.929,0.086,1.86,0.139,2.791,0.139c5.684,0,11.339-1.602,16.331-4.766c7.165-4.542,11.997-11.695,13.599-19.811H492v122    c0,16.542-13.458,30-30,30H362v-54c0-5.523-4.477-10-10-10s-10,4.477-10,10v54h-51.965c-5.523,0-10,4.477-10,10s4.477,10,10,10    H462c27.57,0,50-22.43,50-50V124C512,96.43,489.57,74,462,74z M261.647,268.918c-3.111-1.972-4.895-5.215-4.895-8.899v-70.063    h-0.001c0-3.684,1.784-6.927,4.895-8.899c3.111-1.973,6.806-2.202,10.137-0.63l49.064,23.149    c-1.211,3.285-1.873,6.833-1.873,10.533V235.5c0,3.818,0.71,7.471,1.996,10.842l-49.186,23.206    C268.453,271.118,264.759,270.89,261.647,268.918z M295.374,323.189l-2.751-10.284c-0.686-2.563-2.362-4.75-4.66-6.076    c-2.298-1.328-5.029-1.686-7.592-0.998l-10.18,2.732l12.94-22.254l46.091-21.746L295.374,323.189z M280.318,162.338    c-9.514-4.488-20.496-3.805-29.379,1.826s-14.187,15.273-14.187,25.791V246H20V124c0-16.542,13.458-30,30-30h292v85.667    c0,1.654,0.408,3.209,1.119,4.583c-3.206,0.686-6.224,1.878-8.973,3.485L280.318,162.338z M354.644,246.036h-5.134    c-5.81,0-10.537-4.727-10.537-10.536v-21.392c0-5.81,4.727-10.536,10.537-10.536h5.134c5.81,0,10.537,4.726,10.537,10.536V235.5    C365.181,241.31,360.454,246.036,354.644,246.036z M434.155,331.339l-10.526-2.825c-2.563-0.688-5.294-0.328-7.592,0.998    c-2.298,1.327-3.975,3.513-4.66,6.076l-2.651,9.908l-45.403-80.724c2.202-0.654,4.3-1.55,6.265-2.658l34.528,16.291    L434.155,331.339z M442.354,268.919c-3.112,1.973-6.806,2.202-10.137,0.63l-49.056-23.145c1.3-3.389,2.02-7.063,2.02-10.904    v-21.392c0-3.723-0.672-7.292-1.897-10.594l48.933-23.087c3.332-1.571,7.025-1.342,10.137,0.63    c3.111,1.972,4.895,5.216,4.895,8.899v70.064h0C447.249,263.703,445.465,266.947,442.354,268.919z M492.001,246h-24.752v-56.044    c0-10.518-5.304-20.16-14.187-25.791c-8.884-5.631-19.867-6.313-29.379-1.826l-53.743,25.356c-2.77-1.61-5.811-2.802-9.042-3.477    c0.7-1.366,1.103-2.91,1.103-4.551V94h100c16.542,0,30,13.458,30,30V246z\"><\/path> <\/g> <\/g> <g> <g> <path d=\"M253.82,420.93c-1.86-1.86-4.44-2.93-7.07-2.93s-5.21,1.07-7.07,2.93s-2.93,4.44-2.93,7.07s1.07,5.21,2.93,7.07    c1.86,1.86,4.44,2.93,7.07,2.93s5.21-1.07,7.07-2.93c1.87-1.86,2.93-4.44,2.93-7.07S255.69,422.79,253.82,420.93z\"><\/path> <\/g> <\/g> <g> <g> <path d=\"M211.5,128H64c-5.523,0-10,4.477-10,10s4.477,10,10,10h147.5c5.523,0,10-4.477,10-10S217.023,128,211.5,128z\"><\/path> <\/g> <\/g> <g> <g> <path d=\"M211.5,354H64c-5.523,0-10,4.477-10,10s4.477,10,10,10h147.5c5.523,0,10-4.477,10-10S217.023,354,211.5,354z\"><\/path> <\/g> <\/g> <g> <g> <path d=\"M126,182H64c-5.523,0-10,4.477-10,10s4.477,10,10,10h62c5.523,0,10-4.477,10-10S131.523,182,126,182z\"><\/path> <\/g> <\/g> <g> <g> <path d=\"M171.76,184.93c-1.86-1.86-4.44-2.93-7.07-2.93c-2.64,0-5.21,1.07-7.07,2.93s-2.93,4.44-2.93,7.07s1.07,5.21,2.93,7.07    s4.43,2.93,7.07,2.93c2.63,0,5.21-1.07,7.07-2.93s2.93-4.44,2.93-7.07S173.62,186.79,171.76,184.93z\"><\/path> <\/g> <\/g> <g> <\/g> <g> <\/g> <g> <\/g> <g> <\/g> <g> <\/g> <g> <\/g> <g> <\/g> <g> <\/g> <g> <\/g> <g> <\/g> <g> <\/g> <g> <\/g> <g> <\/g> <g> <\/g> <g> <\/g> <\/svg>","block_title":"Securety Payments","block_content":"Up to 12 months installments"}},"2192b9d2-afe8-4055-8bb0-83b4581d9a96":{"type":"service","settings":{"block_icon_svg":"<svg xmlns=\"http:\/\/www.w3.org\/2000\/svg\" height=\"511pt\" viewbox=\"0 1 511.99981 511\" width=\"511pt\"><path d=\"m506.8125 111.230469-199.40625-109.496094c-2.996094-1.6445312-6.628906-1.6445312-9.625 0l-75.160156 41.269531c-1.585938.417969-3.066406 1.214844-4.292969 2.359375l-119.949219 65.867188c-3.199218 1.753906-5.1875 5.113281-5.1875 8.765625v132.429687c-20.234375 6.328125-38.777344 17.488281-54.195312 32.910157-40.1875 40.183593-50.433594 101.472656-25.496094 152.507812 2.421875 4.960938 8.410156 7.019531 13.371094 4.59375 4.964844-2.425781 7.019531-8.414062 4.597656-13.375-21.1875-43.363281-12.480469-95.4375 21.667969-129.585938 21.355469-21.355468 49.746093-33.117187 79.945312-33.117187s58.589844 11.761719 79.945313 33.117187c21.351562 21.351563 33.113281 49.742188 33.113281 79.941407s-11.761719 58.589843-33.117187 79.945312c-34.148438 34.148438-86.222657 42.855469-129.585938 21.667969-4.960938-2.425781-10.949219-.367188-13.371094 4.59375-2.425781 4.964844-.371094 10.953125 4.59375 13.375 18.589844 9.085938 38.535156 13.5 58.335938 13.5 34.542968-.003906 68.625-13.449219 94.171875-38.996094 11.714843-11.714844 20.972656-25.230468 27.523437-39.921875l43.089844 23.660157c1.5.824218 3.15625 1.234374 4.8125 1.234374s3.316406-.410156 4.8125-1.234374l199.40625-109.492188c3.199219-1.757812 5.1875-5.117188 5.1875-8.765625v-69.496094c0-5.523437-4.476562-10-10-10s-10 4.476563-10 10v63.578125l-179.375 98.496094v-196.171875l59.199219-32.507813v51.53125c0 3.539063 1.867187 6.8125 4.910156 8.609376 1.570313.925781 3.328125 1.390624 5.089844 1.390624 1.65625 0 3.316406-.410156 4.820312-1.238281l42.730469-23.519531c3.195312-1.757812 5.175781-5.113281 5.175781-8.757812v-62.460938l57.449219-31.542969v52.597657c0 5.523437 4.476562 10 10 10s10-4.476563 10-10v-69.496094c0-3.648438-1.988281-7.011719-5.1875-8.765625zm-204.21875-89.324219 178.628906 98.089844-56.347656 30.941406-178.628906-98.089844zm0 196.175781-178.628906-98.085937 58.414062-32.078125 178.632813 98.085937zm79.191406-43.484375-178.628906-98.085937 22.3125-12.253907 178.632812 98.085938zm-154.617187 110.738282c-25.132813-25.132813-58.546875-38.972657-94.085938-38.972657-6.722656 0-13.363281.496094-19.890625 1.46875v-110.9375l179.4375 98.53125v196.171875l-31.144531-17.101562c3.066406-11.289063 4.652344-23.0625 4.652344-35.078125 0-35.539063-13.839844-68.953125-38.96875-94.082031zm187.386719-60.347657-22.730469 12.511719v-45.597656l22.730469-12.480469zm0 0\"><\/path><path d=\"m502 219.441406c-2.628906 0-5.210938 1.070313-7.070312 2.929688-1.859376 1.859375-2.929688 4.4375-2.929688 7.070312 0 2.628906 1.070312 5.207032 2.929688 7.066406 1.859374 1.863282 4.441406 2.929688 7.070312 2.929688s5.210938-1.066406 7.070312-2.929688c1.859376-1.859374 2.929688-4.4375 2.929688-7.066406 0-2.632812-1.070312-5.210937-2.929688-7.070312-1.859374-1.859375-4.441406-2.929688-7.070312-2.929688zm0 0\"><\/path><path d=\"m99.457031 389.417969c2.558594 0 5.121094-.976563 7.070313-2.925781 3.90625-3.90625 3.90625-10.238282 0-14.144532l-6.925782-6.929687h59.101563c14.335937 0 26 11.664062 26 26 0 14.335937-11.664063 26-26 26h-35.019531c-5.523438 0-10 4.476562-10 10 0 5.519531 4.476562 9.996093 10 9.996093h35.019531c25.363281 0 46-20.632812 46-45.996093s-20.636719-45.996094-46-45.996094h-59.101563l6.925782-6.929687c3.90625-3.90625 3.90625-10.238282 0-14.144532-3.902344-3.902344-10.234375-3.902344-14.140625 0l-24 24c-3.902344 3.90625-3.902344 10.238282 0 14.144532l24 23.996093c1.953125 1.953125 4.511719 2.929688 7.070312 2.929688zm0 0\"><\/path><path d=\"m46.074219 476.449219c-2.84375 0-5.667969-1.210938-7.640625-3.558594l-.019532-.023437c-3.554687-4.226563-3.007812-10.53125 1.21875-14.085938 4.226563-3.558594 10.535157-3.011719 14.089844 1.214844 3.550782 4.230468 3.015625 10.546875-1.210937 14.101562-1.878907 1.578125-4.164063 2.351563-6.4375 2.351563zm0 0\"><\/path><\/svg>","block_title":"14-Day Returns","block_content":"Shop with confidence"}},"fdff6926-eb45-4b1f-8625-9463c284794d":{"type":"service","settings":{"block_icon_svg":"<svg xmlns=\"http:\/\/www.w3.org\/2000\/svg\" id=\"Capa_5\" height=\"512\" viewbox=\"0 0 512 512\" width=\"512\"><g><path d=\"m456 145h-3.953c-12.054-39.307-36.046-74.639-68.433-100.437-36.6-29.153-80.728-44.563-127.614-44.563s-91.014 15.41-127.614 44.563c-32.387 25.798-56.379 61.13-68.433 100.437h-3.953c-8.284 0-15 6.716-15 15v60c0 8.284 6.716 15 15 15h58.129c7.333 34.719 27.125 64.893 54.462 85.613-27.056 13.529-50.569 33.2-69.016 57.941-25.236 33.847-38.575 74.113-38.575 116.446v2c0 8.284 6.716 15 15 15h360c8.284 0 15-6.716 15-15v-2c0-42.333-13.339-82.599-38.576-116.446-18.447-24.741-41.959-44.412-69.016-57.941 9.77-7.405 18.577-16.016 26.196-25.613h66.396c8.284 0 15-6.716 15-15v-45h5c8.284 0 15-6.716 15-15v-60c0-8.284-6.716-15-15-15zm-55 60c0-10.283-1.084-20.317-3.129-30h42.66c.027 0 .054.003.081.003.019 0 .038-.003.057-.003h.331v30zm-253.923-136.971c31.234-24.879 68.899-38.029 108.923-38.029s77.689 13.15 108.923 38.029c25.229 20.096 44.485 46.954 55.484 76.971h-32.414c-22.863-50.096-73.427-85-131.993-85s-109.13 34.904-131.992 85h-32.415c10.999-30.017 30.256-56.875 55.484-76.971zm-76.077 136.971v-30h43.129c-2.045 9.683-3.129 19.717-3.129 30zm317.374 191.486c18.746 25.141 29.73 54.478 32.127 85.514h-329.001c2.397-31.036 13.381-60.373 32.127-85.514 19.563-26.238 47-46.393 77.697-57.199 16.882 6.899 35.341 10.713 54.676 10.713s37.794-3.814 54.677-10.713c30.697 10.807 58.134 30.962 77.697 57.199zm-132.374-76.486c-63.411 0-115-51.589-115-115s51.589-115 115-115 115 51.589 115 115c0 21.972-6.198 42.521-16.931 60h-56.069c-8.284 0-15 6.716-15 15s6.716 15 15 15h29.504c-19.645 15.64-44.501 25-71.504 25zm165-55h-33.008c4.335-9.498 7.67-19.544 9.879-30h23.129z\"><\/path><\/g><\/svg>","block_title":"24\/7 Support","block_content":"Delivered to your door"}}},"block_order":["0d556b0e-c0ca-40b1-9912-b56b2faa21f3","4f8f112f-6aa4-42ea-90ec-02dba996d170","2192b9d2-afe8-4055-8bb0-83b4581d9a96","fdff6926-eb45-4b1f-8625-9463c284794d"],"settings":{"enable_s_servicebox":true}},"newsletter_about_v3":{"type":"newsletter_about_v3","settings":{"title_newletter":"SIGN UP <br>FOR NEWSLETTER","color_title":"","content_newletter":"Subscribe to the weekly newsletter for all the latest updates","color_content":"","margin_top":"","margin_bottom":""}}},"order":["banner_about_v3","about_introduce_v3","our_teams_v3","rich_text_v3","about_servicebox_v3","newsletter_about_v3"]}