{"sections":{"1641276415d43e2093":{"type":"slideshow","blocks":{"5961057e-d456-461e-aeb9-9a4b051ab95d":{"type":"Slider","settings":{"image":"shopify:\/\/shop_images\/slider-bg-re_32b4d8ae-a3e7-4a00-984e-a92b9de5633d.jpg","disable_block_background":true,"mobile_bg_clr":"#fcefe7","text_alignment":"text-start","content_position":"top-left","reverse_content":false,"block_image":"shopify:\/\/shop_images\/Mobile-PNG-1.png","show_image":true,"title_2":"Lets Start","subheading_color":"#c57a5d","subheading_size":"72","title":"A New Life","heading_color":"#c57a5d","heading_size":"72","desc":"Gravida quis blandit turpis cursus in hac habitasse. Integer feugiat scelerisque varius morbi enim nunc faucibus a pellentesque. Natoque penatibus et magnis dis parturient montes nascetur ridiculus mus.In nisl nisi eu ultrices vitae.","desc_color":"#787878","desc_size":"18","button":"Try yoga for free","link":"shopify:\/\/collections\/best-sellers","btn_bg_color":"rgba(0,0,0,0)","btn_txt_color":"#c57a5d","btn_hoverbg_color":"rgba(0,0,0,0)","btn_hovertxt_color":"#c57a5d","button_2":"","link_2":"","btn_bg_color_2":"","btn_txt_color_2":"","btn_hoverbg_color_2":"","btn_hovertxt_color_2":"","slide_content_bg":"rgba(0,0,0,0)"}},"76098b96-e405-41f5-81bf-9fb87a0c94c2":{"type":"Slider","settings":{"image":"shopify:\/\/shop_images\/Web-Slider-BG.jpg","disable_block_background":false,"mobile_bg_clr":"#fcefe7","text_alignment":"text-start","content_position":"top-left","reverse_content":false,"block_image":"shopify:\/\/shop_images\/Mobile-PNG-2_3cb40a59-5442-4593-8559-e7a4cc4a4492.png","show_image":true,"title_2":"Just Balance","subheading_color":"#c57a5d","subheading_size":"72","title":"Your Life & Body","heading_color":"#c57a5d","heading_size":"72","desc":"Et netus et malesuada fames  consectetur adipiscing elit, sed do eiusmod tempor incididunt ut labore et dolore magna aliqua. Quis ipsum suspendisse ultrices gravida. Risus commodo viverra maecenas accumsan lacus vel facilisis.","desc_color":"#787878","desc_size":"18","button":"Try yoga for free","link":"shopify:\/\/collections\/latest-products","btn_bg_color":"rgba(0,0,0,0)","btn_txt_color":"#c57a5d","btn_hoverbg_color":"rgba(0,0,0,0)","btn_hovertxt_color":"#c57a5d","button_2":"","link_2":"","btn_bg_color_2":"","btn_txt_color_2":"","btn_hoverbg_color_2":"","btn_hovertxt_color_2":"","slide_content_bg":"rgba(0,0,0,0)"}},"087950e5-93bc-42db-b37f-67ed7e1c3bb7":{"type":"Slider","settings":{"image":"shopify:\/\/shop_images\/Web-Sliders-3.jpg","disable_block_background":true,"mobile_bg_clr":"#fefaf6","text_alignment":"text-start","content_position":"top-left","reverse_content":false,"block_image":"shopify:\/\/shop_images\/Mobile-PNG-3.png","show_image":true,"title_2":"Live The","subheading_color":"#c57a5d","subheading_size":"72","title":"Yoga Life","heading_color":"#c57a5d","heading_size":"72","desc":"Lacus vel facilisis volutpat est veli  consectetur adipiscing elit, sed do eiusmod tempor incididunt ut labore et dolore magna aliqua. Quis ipsum suspendisse ultrices gravida. Risus commodo viverra maecenas accumsan lacus vel facilisis.","desc_color":"#787878","desc_size":"18","button":"Try yoga for free","link":"shopify:\/\/collections\/new-arrivals","btn_bg_color":"rgba(0,0,0,0)","btn_txt_color":"#c57a5d","btn_hoverbg_color":"rgba(0,0,0,0)","btn_hovertxt_color":"#c57a5d","button_2":"","link_2":"","btn_bg_color_2":"","btn_txt_color_2":"","btn_hoverbg_color_2":"","btn_hovertxt_color_2":"","slide_content_bg":"rgba(0,0,0,0)"}}},"block_order":["5961057e-d456-461e-aeb9-9a4b051ab95d","76098b96-e405-41f5-81bf-9fb87a0c94c2","087950e5-93bc-42db-b37f-67ed7e1c3bb7"],"settings":{"full":true,"spacing_both_ends":false,"margin":"0,0","show_background_image":true,"background_image":"shopify:\/\/shop_images\/slider-bg-re_32b4d8ae-a3e7-4a00-984e-a92b9de5633d.jpg","background_style":"none","background_size":"auto","slider_height":1020,"slider_height_lap":810,"slider_height_tab":730,"slider_height_mobile":950,"content_within_container":true,"enable_box_shadow":false,"border_radius":"0","content_border_radius":"0","autoplay":false,"slideshow_speed":"5000","dots":false,"carousel_pagination_alignment":"center_pagination","carousel_pagination_bottom_alignment":"inside_element","arrows":true,"nav_arrow_position":"navigation-bottom-center","center_nav_arrow_alignment":"inside_container","navigation_button_color":"#ffffff","navigation_button_icon_color":"#c57a5d","navigation_button_hover_color":"","navigation_button_hover_icon_color":"","navigation_dot_color":"","navigation_dot_active_color":"","custom_class_name":"cheeso_slider"}},"164206047040425baf":{"type":"home-support-block","blocks":{"d8f5f7ec-f5b9-4f88-b213-f7bd93e02ca6":{"type":"icon","settings":{"icon":"shopify:\/\/shop_images\/icon-1.png","title":"Vajrasana Yoga","desc":"","link_text":"","link":"shopify:\/\/collections\/best-sellers"}},"c6c55094-cdf6-4cdd-aa41-f4a1757bd05b":{"type":"icon","settings":{"icon":"shopify:\/\/shop_images\/icon-2.png","title":"Bhadrasana Yoga","desc":"","link_text":"","link":"shopify:\/\/collections\/latest-products"}},"a9db9ba0-95cc-4da5-a806-2dc0973611c5":{"type":"icon","settings":{"icon":"shopify:\/\/shop_images\/icon-3.png","title":"Shavasana Yoga","desc":"","link_text":"","link":"shopify:\/\/collections\/new-arrivals"}},"c7c7841e-5621-4031-a28d-3dd18744c174":{"type":"icon","settings":{"icon":"shopify:\/\/shop_images\/icon-4.png","title":"Matsyasana Yoga","desc":"","link_text":"","link":"shopify:\/\/collections\/pretty-products"}}},"block_order":["d8f5f7ec-f5b9-4f88-b213-f7bd93e02ca6","c6c55094-cdf6-4cdd-aa41-f4a1757bd05b","a9db9ba0-95cc-4da5-a806-2dc0973611c5","c7c7841e-5621-4031-a28d-3dd18744c174"],"settings":{"full":false,"spacing_both_ends":false,"padding":"50,30","margin":"0,0","show_background_image":false,"background_style":"none","background_size":"auto","enable_overlay":false,"background_color":"","overlay_transparency":"0.5","section_heading":"Yoga Gives You The Ability To Be Fearless And Happier","section_sub_heading":"","section_description":"","section_button_text":"","section_button_link":"","section_heading_color":"#c57a5d","section_sub_heading_color":"","section_description_color":"","section_button_bg_color":"","section_button_text_color":"","section_button_hover_bg_color":"","section_button_hover_text_color":"","heading_position":"text-center","text_position":"text-center","block_style":"default-style","grid":"4","enable_grid_style":true,"vertical_position":"position-default","reverse_column":false,"border_radius":"0px","icon_border_radius":"0px","enable_box_shadow":false,"block_icon_outer_size":"172px","block_icon_size":"77px","block_border_color":"rgba(0,0,0,0)","block_bg":"rgba(0,0,0,0)","block_icon_bg":"rgba(0,0,0,0)","block_icon_border_color":"rgba(0,0,0,0)","block_heading_color":"","block_description_color":"","block_button_bg_color":"","block_button_text_color":"","block_button_hover_bg_color":"","block_button_hover_text_color":"","custom_class_name":"home-support-one"}},"1642061192f5612c2d":{"type":"home-custom-section","blocks":{"16420611925e9adc93-0":{"type":"content","settings":{"block_heading":"","block_sub_heading":"","block_description":"","html":"","block_button_text":"","block_button_link":"","heading_position":"text-start","block_img_1":"shopify:\/\/shop_images\/custom_2.png","image_1_border_radius":"","block_img_2":"shopify:\/\/shop_images\/image-2.jpg","image_2_border_radius":"","reverse_column":false,"fullwidth_images":true,"block_heading_color":"","block_sub_heading_color":"","block_description_color":"","block_html_color":"","block_button_bg_color":"","block_button_text_color":"","block_button_hover_bg_color":"","block_button_hover_text_color":""}},"7ef547a5-5b67-4633-bcec-01c0ab0b013c":{"type":"content","settings":{"block_heading":"","block_sub_heading":"","block_description":"","html":"","block_button_text":"","block_button_link":"","heading_position":"text-start","image_1_border_radius":"","block_img_2":"shopify:\/\/shop_images\/1.1.png","image_2_border_radius":"","reverse_column":false,"fullwidth_images":false,"block_heading_color":"","block_sub_heading_color":"","block_description_color":"","block_html_color":"","block_button_bg_color":"","block_button_text_color":"","block_button_hover_bg_color":"","block_button_hover_text_color":""}}},"block_order":["16420611925e9adc93-0","7ef547a5-5b67-4633-bcec-01c0ab0b013c"],"settings":{"full":true,"spacing_both_ends":false,"padding":"130,50","margin":"0,0","show_background_image":true,"background_image":"shopify:\/\/shop_images\/ng-png_89945846-eca0-4dd5-86aa-33afbcab4d5c.png","shape_image":true,"icon_bg_image":"shopify:\/\/shop_images\/bg.png","icon_shape_bg_color":"#c57a5d","image":"shopify:\/\/shop_images\/circle-text.png","background_style":"none","background_size":"cover","enable_overlay":false,"background_color":"","overlay_transparency":"0.5","section_heading":"","section_sub_heading":"","section_description":"","section_button_text":"","section_button_link":"","section_heading_color":"","section_sub_heading_color":"","section_description_color":"","section_button_bg_color":"","section_button_text_color":"","section_button_hover_bg_color":"","section_button_hover_text_color":"","heading_position":"text-center","column_gap":"30","border_radius":"","content_width":"60\/40","lap_content_width":"65\/35","custom_class_name":"custom-home-one"}},"1642061267cbaaa25a":{"type":"home-product-carousel","settings":{"full":false,"spacing_both_ends":false,"padding":"60,110","margin":"0,0","show_background_image":false,"background_style":"none","background_size":"auto","enable_overlay":false,"background_color":"","overlay_transparency":"0.5","section_heading":"Top Selling Products","section_sub_heading":"","section_description":"","section_button_text":"","section_button_link":"","section_heading_color":"#c57a5d","section_sub_heading_color":"","section_description_color":"","section_button_bg_color":"","section_button_text_color":"","section_button_hover_bg_color":"","section_button_hover_text_color":"","heading_position":"text-center","grouped_content_bg":"","grouped_column_gap":"30","grouped_content_padding":"0","group_border_radius":"","enable_group_box_shadow":false,"reverse_column":false,"content_width":"30\/70","lap_content_width":"35\/65","additional_block_background_color":"","additional_block_box_shadow":false,"additional_content_padding":"0","additional_block_border_radius":"0","enable_main_content":true,"main_block_background_color":"","enable_main_block_box_shadow":false,"main_block_border_radius":"0","main_content_padding":"0","collection":"latest-products","column_gap":"30","border_radius":"0","enable_list_view":false,"grid":"4","post_limit":5,"enable_slider":true,"items_per_view":4,"rows":1,"slider_autoplay":0,"enable_auto_height":false,"dots":false,"carousel_pagination_alignment":"center_pagination","carousel_pagination_bottom_alignment":"outside_element","arrows":true,"nav_arrow_position":"navigation-bottom-center","center_nav_arrow_alignment":"outside_container","navigation_button_color":"#ffffff","navigation_button_icon_color":"#c57a5d","navigation_button_hover_color":"#c57a5d","navigation_button_hover_icon_color":"#ffffff","navigation_dot_color":"","navigation_dot_active_color":"","custom_class_name":"home-custom-product"}},"1641555178b50ebe4b":{"type":"home-specification-block","blocks":{"9a58130c-ca73-4a50-9e22-ac5960829be1":{"type":"icon","settings":{"icon":"shopify:\/\/shop_images\/icon-7_1ee4b9f9-2942-4d2f-a394-a3b26e66b363.png","title":"","desc":"Ornare arcu dui vivamus arcu felis","link_text":"View More","link":"","reverse_column":false}},"bd2aaf6f-0f7d-4a2a-86c3-30b09813efcb":{"type":"icon","settings":{"icon":"shopify:\/\/shop_images\/icon-7_1ee4b9f9-2942-4d2f-a394-a3b26e66b363.png","title":"","desc":"Consequat mauris nunc congue nisi","link_text":"View More","link":"","reverse_column":false}},"0b10f1d8-4a15-4a40-8e6d-b9b23ecbe81b":{"type":"icon","settings":{"icon":"shopify:\/\/shop_images\/icon-7_1ee4b9f9-2942-4d2f-a394-a3b26e66b363.png","title":"","desc":"Vitae suscipit tellus. Et netus et male","link_text":"View More","link":"","reverse_column":false}},"bca22dff-a54e-43ed-a01d-9a8a1510ed62":{"type":"icon","settings":{"icon":"shopify:\/\/shop_images\/icon-7_1ee4b9f9-2942-4d2f-a394-a3b26e66b363.png","title":"","desc":"Suada fames ac turpis egestas sed","link_text":"View More","link":"","reverse_column":false}},"ce124d9d-9871-43fe-9f52-f173f89d86d1":{"type":"icon","settings":{"icon":"shopify:\/\/shop_images\/icon-7_1ee4b9f9-2942-4d2f-a394-a3b26e66b363.png","title":"","desc":"Dui accumsan sit amet nulla facilisi","link_text":"Read More","link":"","reverse_column":false}},"a118b5e4-ce9f-4c73-b816-cb4356c694dd":{"type":"icon","settings":{"title":"","desc":"","link_text":"Read More","link":"shopify:\/\/collections\/all","reverse_column":false}}},"block_order":["9a58130c-ca73-4a50-9e22-ac5960829be1","bd2aaf6f-0f7d-4a2a-86c3-30b09813efcb","0b10f1d8-4a15-4a40-8e6d-b9b23ecbe81b","bca22dff-a54e-43ed-a01d-9a8a1510ed62","ce124d9d-9871-43fe-9f52-f173f89d86d1","a118b5e4-ce9f-4c73-b816-cb4356c694dd"],"settings":{"full":false,"spacing_both_ends":false,"padding":"0,0","margin":"0,0","show_background_image":false,"background_style":"none","background_size":"auto","shape_image":true,"icon_bg_image":"shopify:\/\/shop_images\/spec_shape_img.png","icon_shape_bg_color":"","enable_overlay":false,"background_color":"","overlay_transparency":"0.5","section_heading":"","section_sub_heading":"","section_description":"","section_button_text":"","section_button_link":"","section_heading_color":"","section_sub_heading_color":"","section_description_color":"","section_button_bg_color":"","section_button_text_color":"","section_button_hover_bg_color":"","section_button_hover_text_color":"","heading_position":"text-center","column_gap":"30px","vertical_position":"position-vertical-center","content_width":"52\/48","content_width_lap":"40\/60","content_width_tab":"50\/50","enable_image":true,"primary_image":"shopify:\/\/shop_images\/spec_img_acfd4c82-7e22-4af9-bbda-90226158ea26.png","primary_title":"","primary_sub_title":"","primary_description":"","primary_button_text":"","primary_button_link":"","main_banner_style":"overlay","primary_text_align":"text-center","primary_position":"center","overlay_style_height":"790","border_radius":"0","enable_box_shadow":false,"overlay_style":"use_overlay","overlay_color":"","overlay_opacity":"0","rotation_degree":"180","primary_banner_bg":"rgba(0,0,0,0)","primary_heading_color":"","primary_sub_heading_color":"#c57a5d","primary_description_color":"","primary_button_bg_color":"","primary_button_text_color":"#9f6000","primary_button_hover_bg_color":"","primary_button_hover_text_color":"","specification_block_style":"style2","block_icon_size":"21px","icon_border_radius":"0px","specification_style":"style3","block_icon_outer_size":"24px","additional_heading":"Breathe The Goodness","additional_sub_heading":"Feel The Holy Spirit","additional_description":"","additional_heading_position":"text-start","block_icon_bg":"","block_icon_color":"","block_heading_color":"rgba(0,0,0,0)","block_description_color":"#787878","block_button_bg_color":"","block_button_text_color":"#c57a5d","block_button_hover_bg_color":"#c57a5d","block_button_hover_text_color":"#ffffff","additional_heading_color":"#787878","additional_sub_heading_color":"#c57a5d","additional_description_color":"","custom_class_name":"custom-spec-one"}},"1642062229d52b72eb":{"type":"home-image-gallery","blocks":{"1642062229f76d4197-0":{"type":"image_image","settings":{"image":"shopify:\/\/shop_images\/img_list_1.jpg","link":"","show_icon":false,"icon":"fa fa-instagram"}},"1642062229f76d4197-1":{"type":"image_image","settings":{"image":"shopify:\/\/shop_images\/image-gallery-2.jpg","link":"","show_icon":false,"icon":"fa fa-instagram"}},"1642062229f76d4197-2":{"type":"image_image","settings":{"image":"shopify:\/\/shop_images\/image-7.jpg","link":"","show_icon":false,"icon":"fa fa-instagram"}},"1642062229f76d4197-3":{"type":"image_image","settings":{"image":"shopify:\/\/shop_images\/image-8.jpg","link":"","show_icon":false,"icon":"fa fa-instagram"}},"1642062229f76d4197-4":{"type":"image_image","settings":{"image":"shopify:\/\/shop_images\/image-9.jpg","link":"","show_icon":false,"icon":"fa fa-instagram"}}},"block_order":["1642062229f76d4197-0","1642062229f76d4197-1","1642062229f76d4197-2","1642062229f76d4197-3","1642062229f76d4197-4"],"settings":{"full":false,"spacing_both_ends":false,"padding":"100,100","margin":"0,0","background_image":"shopify:\/\/shop_images\/bg.jpg","show_background_image":true,"shape_image":true,"icon_bg_image":"shopify:\/\/shop_images\/icon-6.png","icon_shape_bg_color":"#c57a5d","background_style":"none","background_size":"contain","enable_overlay":false,"background_color":"","overlay_transparency":"0.5","section_heading":"","section_sub_heading":"","section_description":"","section_button_text":"","section_button_link":"","section_heading_color":"","section_sub_heading_color":"","section_description_color":"","section_button_bg_color":"","section_button_text_color":"","section_button_hover_bg_color":"","section_button_hover_text_color":"","heading_position":"text-center","grid":"4","column_gap":"30","image_list_text":"","image_list_link":"","image_overlay_color":"","item_height":430,"item_height_laptop":400,"item_height_tab":350,"item_height_mobile":300,"image_link_bg_color":"","image_link_text_color":"","image_link_hover_bg_color":"","image_link_hover_text_color":"","enable_slider":false,"remove_button_space":false,"enable_auto_height":true,"items_per_view":4,"slider_autoplay":0,"dots":true,"carousel_pagination_alignment":"center_pagination","arrows":true,"nav_arrow_position":"navigation-bottom-center","center_nav_arrow_alignment":"outside_container","navigation_button_color":"","navigation_button_icon_color":"","navigation_button_hover_color":"","navigation_button_hover_icon_color":"","navigation_dot_color":"","navigation_dot_active_color":"","custom_class_name":"image-list-custom"}},"1642066625e07f0203":{"type":"home-events","blocks":{"4d1eb249-aa9b-4993-8282-e2abdb22c4b5":{"type":"text","settings":{"text":"Monday","time":"08:00 AM","location":"125 Mark TT, NC - 9762W","event":"Ashtanga Yoga","mentor":"Carolyn J Johnson","day_text_color":"#c57a5d","time_color":"#1a1a1a","loc_color":"#787878","event_name":"#c57a5d"}},"7e9a60ad-2f8c-444a-9b9f-8eae5fec37bd":{"type":"text","settings":{"text":"Wednesday","time":"09:00 AM","location":"102 Central Road,US, 4553","event":"Acro Yoga","mentor":"John L Smith","day_text_color":"#c57a5d","time_color":"#1a1a1a","loc_color":"#787878","event_name":"#c57a5d"}},"924eee19-0e2e-4555-b80e-63d720247f49":{"type":"text","settings":{"text":"Friday","time":"0:00 AM","location":"468 W, West Side,IN,- 45421","event":"Vinyasa Yoga","mentor":"Susan R Williams","day_text_color":"#c57a5d","time_color":"#1a1a1a","loc_color":"#787878","event_name":"#c57a5d"}},"8779aee4-ae70-4716-a861-282dd7c57dd6":{"type":"text","settings":{"text":"Saturday","time":"11:00 AM","location":"1453H 17th,IN, - 2243","event":"Kundalini Yoga","mentor":"Nancy I Nickelson","day_text_color":"#c57a5d","time_color":"#1a1a1a","loc_color":"#787878","event_name":"#c57a5d"}}},"block_order":["4d1eb249-aa9b-4993-8282-e2abdb22c4b5","7e9a60ad-2f8c-444a-9b9f-8eae5fec37bd","924eee19-0e2e-4555-b80e-63d720247f49","8779aee4-ae70-4716-a861-282dd7c57dd6"],"settings":{"full":false,"spacing_both_ends":false,"padding":"20,60","margin":"0,0","show_background_image":false,"background_style":"none","background_size":"auto","enable_overlay":false,"background_color":"","overlay_transparency":"0.5","section_heading":"Upcoming Events","section_sub_heading":"","section_description":"","section_button_text":"","section_button_link":"","section_heading_color":"#c57a5d","section_sub_heading_color":"","section_description_color":"","section_button_bg_color":"","section_button_text_color":"","section_button_hover_bg_color":"","section_button_hover_text_color":"","heading_position":"text-center","text":"Date of the week\/month","time":"Time","location":"Location","event":"Event","custom_class_name":"custom-home-events"}},"1642062328e517f52f":{"type":"home-pricing-table","blocks":{"164206232778aa8313-0":{"type":"text","settings":{"enable_popular":false,"popular_txt":"","popular_bg_color":"rgba(0,0,0,0)","popular_txt_color":"#c57a5d","price_icon_image":false,"price_image_link":"","title":"Standard","duration":"","desc_title":"","link_txt":"GET STARTED","link":"shopify:\/\/collections\/all","list_icon":true,"list_icon_image":"shopify:\/\/shop_images\/icon-7.png","linklist_1":"$ 30","linklist_1_color":"","take_time_1":"per month","take_time_1_color":"#787878","linklist_2":"Unlimited Training hours","linklist_2_color":"#787878","take_time_2":"","take_time_2_color":"","linklist_3":"Cancel At Any Time","linklist_3_color":"#787878","take_time_3":"","take_time_3_color":"","linklist_4":"Live Webinars","linklist_4_color":"#787878","take_time_4":"","take_time_4_color":"","linklist_5":"","linklist_5_color":"","take_time_5":"","take_time_5_color":"","linklist_6":"","linklist_6_color":"","take_time_6":"","take_time_6_color":"","linklist_7":"","linklist_7_color":"","take_time_7":"","take_time_7_color":"","linklist_8":"","linklist_8_color":"","take_time_8":"","take_time_8_color":""}},"164206232778aa8313-1":{"type":"text","settings":{"enable_popular":true,"popular_txt":"POPULAR","popular_bg_color":"#c57a5d","popular_txt_color":"#ffffff","price_icon_image":false,"price_image_link":"","title":"Premium","duration":"","desc_title":"","link_txt":"GET STARTED","link":"shopify:\/\/collections\/all","list_icon":true,"list_icon_image":"shopify:\/\/shop_images\/icon-7.png","linklist_1":"$ 60","linklist_1_color":"#1a1a1a","take_time_1":"per month","take_time_1_color":"#787878","linklist_2":"Weight Loss Training","linklist_2_color":"#787878","take_time_2":"","take_time_2_color":"#787878","linklist_3":"Strength Building","linklist_3_color":"#787878","take_time_3":"","take_time_3_color":"","linklist_4":"Overall Fitness","linklist_4_color":"#787878","take_time_4":"","take_time_4_color":"","linklist_5":"","linklist_5_color":"","take_time_5":"","take_time_5_color":"","linklist_6":"","linklist_6_color":"","take_time_6":"","take_time_6_color":"","linklist_7":"","linklist_7_color":"","take_time_7":"","take_time_7_color":"","linklist_8":"","linklist_8_color":"","take_time_8":"","take_time_8_color":""}}},"block_order":["164206232778aa8313-0","164206232778aa8313-1"],"settings":{"full":false,"spacing_both_ends":false,"padding":"60,60","margin":"0,0","show_background_image":false,"background_style":"none","background_size":"auto","enable_overlay":false,"background_color":"","overlay_transparency":"0.5","section_heading":"Relax Your Time With Yoga","section_sub_heading":"","section_description":"Cursus sit amet dictum sitonsectetur adipiscing elit, sed do eiusmod tempor incididunt.","section_button_text":"","section_button_link":"","section_heading_color":"#c57a5d","section_sub_heading_color":"","section_description_color":"#787878","section_button_bg_color":"","section_button_text_color":"#ffffff","section_button_hover_bg_color":"","section_button_hover_text_color":"","heading_position":"text-start","block_style":"style-3","text_position":"text-start","grid":"2","price_table_style":"style1","border_radius":"0px","image_border_radius":"0px","enable_box_shadow":false,"enable_image_box_shadow":false,"block_border_color":"rgba(0,0,0,0)","block_bg":"#ffffff","block_heading_color":"#c57a5d","block_description_color":"","block_sub_heading_color":"","block_heading_bg_color":"rgba(0,0,0,0)","block_seperator_color":"rgba(0,0,0,0)","block_button_section_bg_color":"rgba(0,0,0,0)","block_button_bg_color":"#ffffff","block_button_text_color":"#c57a5d","block_button_hover_bg_color":"#c57a5d","block_button_hover_text_color":"#ffffff","custom_class_name":"custom-pricing-table"}},"1642062332be0fab8f":{"type":"home-featured-blog","settings":{"full":false,"spacing_both_ends":false,"padding":"0,60","margin":"0,0","show_background_image":false,"background_style":"none","background_size":"auto","enable_overlay":false,"background_color":"","overlay_transparency":"0.5","section_heading":"Newst Post & Articles","section_sub_heading":"","section_description":"","section_button_text":"","section_button_link":"","section_heading_color":"#c57a5d","section_sub_heading_color":"","section_description_color":"","section_button_bg_color":"","section_button_text_color":"","section_button_hover_bg_color":"","section_button_hover_text_color":"","heading_position":"text-center","blog":"our-news","blog_show_author":true,"blog_show_date":true,"blog_comments":true,"blog_show_tag":true,"blog_show_button":false,"blog_show_description":false,"enable_blog_icons":false,"block_banner_style":"grid-style","post_limit":3,"grid":"3","text_position":"text-start","enable_box_shadow":false,"vertical_position":"vertical-center","content_width":"50\/50","lap_content_width":"40\/60","overlay_style_height":400,"overlay_style":"use_overlay","overlay_color":"","overlay_opacity":"0.5","rotation_degree":"180","split_blog_layout":false,"split_gap":"30","enable_masonry_grid":false,"main_banner_style":"grid-style","additional_banner_style":"list-style","enable_masonry_reverse":false,"blog_bg_color":"","blog_link_color":"","blog_link_hover_color":"","blog_text_color":"","blog_icon_color":"","blog_button_bg_color":"","blog_button_text_color":"","blog_button_bg_hover_color":"","blog_button_text_hover_color":"","blog_link_color_overlay":"","blog_link_hover_color_overlay":"","blog_text_color_overlay":"","blog_icon_color_overlay":"","blog_button_bg_color_overlay":"","blog_button_text_color_overlay":"","blog_button_bg_hover_color_overlay":"","blog_button_text_hover_color_overlay":"","masonry_content_width":"50\/50","lap_masonry_content_width":"40\/60","enable_slider":false,"enable_auto_height":true,"items_per_view":2,"column_gap":"30","slider_autoplay":0,"dots":true,"carousel_pagination_alignment":"center_pagination","arrows":true,"nav_arrow_position":"center-navigation","center_nav_arrow_alignment":"outside_container","navigation_button_color":"","navigation_button_icon_color":"","navigation_button_hover_color":"","navigation_button_hover_icon_color":"","navigation_dot_color":"","navigation_dot_active_color":"","custom_class_name":"custom-blog"}},"1642062393d29d2a2d":{"type":"inner-page-team-section","blocks":{"f348cabb-d50e-4b1f-b7d5-e5ac3ec644d4":{"type":"content","settings":{"image":"shopify:\/\/shop_images\/1.jpg","name":"Charles J. White","designation":"Meditations","facebook":"#","twitter":"#","pinterest":"#","youtube":"#"}},"258a9397-7843-4e13-ae71-89a531296ffa":{"type":"content","settings":{"image":"shopify:\/\/shop_images\/unnamed_7487d8eb-a74f-417f-ab96-7838bf7b6f35.jpg","name":"Susan J. Camp","designation":"Trainer","facebook":"#","twitter":"#","pinterest":"#","youtube":"#"}},"b7465974-e760-4c1c-a6ce-9d18a0019d36":{"type":"content","settings":{"image":"shopify:\/\/shop_images\/4.jpg","name":"Scott H. Timm","designation":"Staff","facebook":"#","twitter":"#","pinterest":"#","youtube":"#"}},"306b9dd9-6c7b-414e-aad0-5775f551d174":{"type":"content","settings":{"image":"shopify:\/\/shop_images\/2.jpg","name":"Adela O. Swindell","designation":"Director","facebook":"#","twitter":"#","pinterest":"#","youtube":"#"}}},"block_order":["f348cabb-d50e-4b1f-b7d5-e5ac3ec644d4","258a9397-7843-4e13-ae71-89a531296ffa","b7465974-e760-4c1c-a6ce-9d18a0019d36","306b9dd9-6c7b-414e-aad0-5775f551d174"],"settings":{"enable":true,"full":false,"spacing_both_ends":false,"padding":"20,30","margin":"0,0","show_background_image":false,"background_style":"default","enable_overlay":false,"background_color":"","overlay_transparency":"0.5","section_heading":"Our Trainees","section_sub_heading":"","section_description":"","section_button_text":"","section_button_link":"","section_heading_color":"#c57a5d","section_sub_heading_color":"","section_description_color":"","section_button_bg_color":"","section_button_text_color":"","section_button_hover_bg_color":"","section_button_hover_text_color":"","heading_position":"text-center","column":"four-column","block_heading_color":"#1a1a1a","block_designation_color":"#c57a5d","block_bg":"","block_social_icon_bg_color":"#c57a5d","block_social_icon_color":"#ffefe6","block_social_icon_hover_bg_color":"#ffbb8f","block_social_icon_hover_color":"#cc5e21"}},"164206243682f2ad89":{"type":"home-support-block","blocks":{"4489912e-979c-4cf4-a2dc-2bb11fd83368":{"type":"icon","settings":{"icon":"shopify:\/\/shop_images\/home-icon-1.png","title":"Free Shipping","desc":"Amet risus nullam","link_text":"View More","link":""}},"f37c4abd-965b-4a0f-97f2-9192a360e477":{"type":"icon","settings":{"icon":"shopify:\/\/shop_images\/home-icon-2.png","title":"Special Discount","desc":"Id semper in hendrerit","link_text":"View More","link":""}},"f05a53fc-dfe7-4a02-8970-78920c541eaf":{"type":"icon","settings":{"icon":"shopify:\/\/shop_images\/home-icon-3.png","title":"Money Retuns","desc":"Suspe ndisse inter sectetur","link_text":"View More","link":""}},"99fa36d8-1d80-4442-9728-114956c8494d":{"type":"icon","settings":{"icon":"shopify:\/\/shop_images\/home-icon-4.png","title":"Hign Quality","desc":"Egestas dui id ornare","link_text":"View More","link":""}}},"block_order":["4489912e-979c-4cf4-a2dc-2bb11fd83368","f37c4abd-965b-4a0f-97f2-9192a360e477","f05a53fc-dfe7-4a02-8970-78920c541eaf","99fa36d8-1d80-4442-9728-114956c8494d"],"settings":{"full":false,"spacing_both_ends":false,"padding":"62,60","margin":"0,0","show_background_image":false,"background_style":"none","background_size":"auto","enable_overlay":false,"background_color":"","overlay_transparency":"0.5","section_heading":"","section_sub_heading":"","section_description":"","section_button_text":"","section_button_link":"","section_heading_color":"#c57a5d","section_sub_heading_color":"#c57a5d","section_description_color":"","section_button_bg_color":"","section_button_text_color":"","section_button_hover_bg_color":"","section_button_hover_text_color":"","heading_position":"text-center","text_position":"text-start","block_style":"style-3","grid":"4","enable_grid_style":false,"vertical_position":"position-vertical-center","reverse_column":false,"border_radius":"10px","icon_border_radius":"0px","enable_box_shadow":false,"block_icon_outer_size":"60px","block_icon_size":"58px","block_border_color":"","block_bg":"#c57a5d","block_icon_bg":"rgba(0,0,0,0)","block_icon_border_color":"rgba(0,0,0,0)","block_heading_color":"#ffffff","block_description_color":"#ffffff","block_button_bg_color":"","block_button_text_color":"","block_button_hover_bg_color":"","block_button_hover_text_color":"","custom_class_name":"home-support-two"}}},"order":["1641276415d43e2093","164206047040425baf","1642061192f5612c2d","1642061267cbaaa25a","1641555178b50ebe4b","1642062229d52b72eb","1642066625e07f0203","1642062328e517f52f","1642062332be0fab8f","1642062393d29d2a2d","164206243682f2ad89"]}