{"sections":{"main":{"type":"contact","settings":{"full":false,"spacing_both_ends":false,"padding":"0,0","margin":"-90,0","show_background_image":true,"background_image":"shopify:\/\/shop_images\/contact-bg-2.jpg","background_style":"none","background_size":"cover","enable_overlay":false,"background_color":"#c57a5d","overlay_transparency":"0.5","section_heading":"","section_sub_heading":"","section_description":"","section_button_text":"","section_button_link":"","section_heading_color":"","section_sub_heading_color":"","section_description_color":"#e9e9e9","section_button_bg_color":"","section_button_text_color":"","section_button_hover_bg_color":"","section_button_hover_text_color":"","heading_position":"text-center","contact_layout":"left_iconblock_form_inline","enable_gmap":false,"contact_iframe_code":"<iframe src=\"https:\/\/www.google.com\/maps\/embed?pb=!1m18!1m12!1m3!1d535824.851074982!2d-79.75849494069716!3d42.10656967042161!2m3!1f0!2f0!3f0!3m2!1i1024!2i768!4f13.1!3m3!1m2!1s0x8832aa91bb8a60f7%3A0xd25ae10c2b29727!2s1083%20Blockville-Watts%20Flats%20Rd%2C%20Ashville%2C%20NY%2014710%2C%20USA!5e0!3m2!1sen!2sin!4v1644999816805!5m2!1sen!2sin\" width=\"100%\" height=\"500\" style=\"border:0;\" allowfullscreen=\"\" loading=\"lazy\"><\/iframe>","enable_contact_info":true,"contactborder_color":"#c57a5d","contact_hvrborder_color":"","icontactheading_color":"#c57a5d","contacticon_bg_color":"rgba(0,0,0,0)","contacticon_color":"#c57a5d","contacticon_hoverbg_color":"rgba(0,0,0,0)","contacticonhover_color":"#1a1a1a","for_title":"#c57a5d","for_title_decrip":"#787878","contact_detail_color":"#787878","contact_detail_title":true,"contact_det_title":"Get in Touch","contact_module_address":true,"contact_module_address_title":"Address:","contact_module_address1":"No: 58 A, East Madison Street,","contact_module_address2":"Baltimore, MD, USA 4508","contact_phone":true,"contact_module_contact_phonetitle":"Our Phone:","contact_phone1":"<b>Toll-Free: <\/b> 0000 - 123 - 456789","contact_module_email":true,"contact_module_contact_title":"Our Email:","contact_module_email1":"info@example.com","contact_module_email2":"support@example.com","contact_opening_hours":true,"contact_opening__title":"Opening Hours:","contact_opening_hours1":"Mon - Fri: 6am - 8pm","contact_opening_hours2":"Saturday: 8am - 4pm","contact_opening_hours3":"Sunday: 8am - 12pm","enable_contact_form":true,"contact_form_title":"Any Questions?","title_description":"Elementum facilisis leo vel frinonsectetur adipiscing elit, sed do eius mod tempor incididunt ut labore et dolore magna aliqua."}},"1645009463982763a6":{"type":"home-html-text","settings":{"full":true,"spacing_both_ends":false,"padding":"0,0","margin":"0,0","show_background_image":false,"background_style":"none","background_size":"auto","enable_overlay":false,"background_color":"","overlay_transparency":"0.5","section_heading":"","section_sub_heading":"","section_description":"","section_button_text":"","section_button_link":"","section_heading_color":"","section_sub_heading_color":"","section_description_color":"","section_button_bg_color":"","section_button_text_color":"","section_button_hover_bg_color":"","section_button_hover_text_color":"","heading_position":"text-center","html":"<iframe src=\"https:\/\/www.google.com\/maps\/embed?pb=!1m18!1m12!1m3!1d535824.851074982!2d-79.75849494069716!3d42.10656967042161!2m3!1f0!2f0!3f0!3m2!1i1024!2i768!4f13.1!3m3!1m2!1s0x8832aa91bb8a60f7%3A0xd25ae10c2b29727!2s1083%20Blockville-Watts%20Flats%20Rd%2C%20Ashville%2C%20NY%2014710%2C%20USA!5e0!3m2!1sen!2sin!4v1644999816805!5m2!1sen!2sin\" width=\"100%\" height=\"500\" style=\"border:0;\" allowfullscreen=\"\" loading=\"lazy\"><\/iframe>","custom_class_name":""}},"16449993128712b73a":{"type":"home-image-gallery","blocks":{"164499931253655356-0":{"type":"image_image","settings":{"image":"shopify:\/\/shop_images\/insta-1.jpg","link":"#","show_icon":true,"icon":"fa fa-instagram"}},"164499931253655356-1":{"type":"image_image","settings":{"image":"shopify:\/\/shop_images\/insta-2.jpg","link":"#","show_icon":true,"icon":"fa fa-instagram"}},"164499931253655356-2":{"type":"image_image","settings":{"image":"shopify:\/\/shop_images\/insta-3.jpg","link":"#","show_icon":true,"icon":"fa fa-instagram"}},"164499931253655356-3":{"type":"image_image","settings":{"image":"shopify:\/\/shop_images\/insta-4.jpg","link":"#","show_icon":true,"icon":"fa fa-instagram"}},"164499931253655356-4":{"type":"image_image","settings":{"image":"shopify:\/\/shop_images\/insta-5.jpg","link":"#","show_icon":true,"icon":"fa fa-instagram"}}},"block_order":["164499931253655356-0","164499931253655356-1","164499931253655356-2","164499931253655356-3","164499931253655356-4"],"settings":{"full":true,"spacing_both_ends":false,"padding":"0,0","margin":"0,-60","show_background_image":false,"shape_image":true,"icon_shape_bg_color":"","background_style":"none","background_size":"auto","enable_overlay":false,"background_color":"","overlay_transparency":"0.5","section_heading":"","section_sub_heading":"","section_description":"","section_button_text":"","section_button_link":"","section_heading_color":"","section_sub_heading_color":"","section_description_color":"","section_button_bg_color":"","section_button_text_color":"","section_button_hover_bg_color":"","section_button_hover_text_color":"","heading_position":"text-center","grid":"5","column_gap":"0","image_list_text":"","image_list_link":"","image_overlay_color":"#fcefe7","item_height":380,"item_height_laptop":380,"item_height_tab":450,"item_height_mobile":380,"image_link_bg_color":"","image_link_text_color":"","image_link_hover_bg_color":"","image_link_hover_text_color":"","enable_slider":true,"remove_button_space":false,"enable_auto_height":false,"items_per_view":4,"slider_autoplay":5,"dots":false,"carousel_pagination_alignment":"center_pagination","arrows":false,"nav_arrow_position":"navigation-bottom-center","center_nav_arrow_alignment":"outside_container","navigation_button_color":"","navigation_button_icon_color":"","navigation_button_hover_color":"","navigation_button_hover_icon_color":"","navigation_dot_color":"","navigation_dot_active_color":"","custom_class_name":"contact-image-grid"}}},"order":["main","1645009463982763a6","16449993128712b73a"]}