{"sections":{"main":{"type":"services","disabled":true,"settings":{}},"1644985276c027cc3c":{"type":"home-support-block","blocks":{"3489a784-9d41-46af-9da9-6e0ae7c3bff9":{"type":"icon","settings":{"icon":"shopify:\/\/shop_images\/icon-2.png","title":"Kripalu Yoga","desc":"","link_text":"","link":"shopify:\/\/collections\/new-arrivals"}},"20a11271-0ac4-4fb6-9d8f-3c6a0146b611":{"type":"icon","settings":{"icon":"shopify:\/\/shop_images\/icon-1.png","title":"Tadasana Yoga","desc":"","link_text":"","link":"shopify:\/\/collections\/latest-products"}},"1718a7dc-19f0-4bdb-98f0-c5b64a8f9bcd":{"type":"icon","settings":{"icon":"shopify:\/\/shop_images\/icon-3.png","title":"Pawan Yoga","desc":"","link_text":"","link":"shopify:\/\/collections\/latest-products"}},"e337c435-877c-45b9-8898-e2784538f01f":{"type":"icon","settings":{"icon":"shopify:\/\/shop_images\/icon-4.png","title":"Paschima Yoga","desc":"","link_text":"","link":"shopify:\/\/collections\/pretty-products"}}},"block_order":["3489a784-9d41-46af-9da9-6e0ae7c3bff9","20a11271-0ac4-4fb6-9d8f-3c6a0146b611","1718a7dc-19f0-4bdb-98f0-c5b64a8f9bcd","e337c435-877c-45b9-8898-e2784538f01f"],"settings":{"full":false,"spacing_both_ends":false,"padding":"0,120","margin":"0,0","show_background_image":false,"background_style":"none","background_size":"auto","enable_overlay":false,"background_color":"","overlay_transparency":"0.5","section_heading":"Keep Your Mind Fresh & Divine With The Joy Of Yoga","section_sub_heading":"","section_description":"","section_button_text":"","section_button_link":"","section_heading_color":"#c57a5d","section_sub_heading_color":"","section_description_color":"","section_button_bg_color":"","section_button_text_color":"","section_button_hover_bg_color":"","section_button_hover_text_color":"","heading_position":"text-center","text_position":"text-center","block_style":"default-style","grid":"4","enable_grid_style":true,"vertical_position":"position-default","reverse_column":false,"border_radius":"0px","icon_border_radius":"","enable_box_shadow":false,"block_icon_outer_size":"172px","block_icon_size":"77px","block_border_color":"","block_bg":"","block_icon_bg":"rgba(0,0,0,0)","block_icon_border_color":"rgba(0,0,0,0)","block_heading_color":"#1a1a1a","block_description_color":"","block_button_bg_color":"","block_button_text_color":"","block_button_hover_bg_color":"","block_button_hover_text_color":"","custom_class_name":"home-support-one service-support"}},"1644985978083f72a1":{"type":"home-specification-block","blocks":{"540dadcf-7a62-4c3d-ba6b-14048e1054bb":{"type":"icon","settings":{"icon":"shopify:\/\/shop_images\/icon-7_424e1185-2ca4-41e6-a905-8be0f30add84.png","title":"","desc":"Fringilla ut morbi tincidunt augue velit","link_text":"","link":"","reverse_column":false}},"d80ac34e-1a6d-4650-a6e3-fe7bba28c544":{"type":"icon","settings":{"icon":"shopify:\/\/shop_images\/icon-7_424e1185-2ca4-41e6-a905-8be0f30add84.png","title":"","desc":"Euismod in pellentesque quam viv","link_text":"","link":"","reverse_column":false}},"a76d1d5c-d409-4959-9497-2713d1a3c808":{"type":"icon","settings":{"icon":"shopify:\/\/shop_images\/icon-7_424e1185-2ca4-41e6-a905-8be0f30add84.png","title":"","desc":"Dit aliquam etiam erat velit scelerisque non","link_text":"View More","link":"","reverse_column":false}},"882ca24a-bb25-40fc-b6a6-d82ebfebf2d7":{"type":"icon","settings":{"icon":"shopify:\/\/shop_images\/icon-7_424e1185-2ca4-41e6-a905-8be0f30add84.png","title":"","desc":"Id interdum velit laoreet id donec ultrices","link_text":"","link":"","reverse_column":false}},"6432ced3-4fab-4676-a3cb-774fe579f2bb":{"type":"icon","settings":{"icon":"shopify:\/\/shop_images\/icon-7_424e1185-2ca4-41e6-a905-8be0f30add84.png","title":"","desc":"Urna et pharetra pharetra massa massa urna","link_text":"View More","link":"","reverse_column":false}},"a6dd78f4-9a08-4c93-b5d0-62878b12f968":{"type":"icon","settings":{"title":"","desc":"","link_text":"READ MORE","link":"shopify:\/\/collections\/trendy-products","reverse_column":false}}},"block_order":["540dadcf-7a62-4c3d-ba6b-14048e1054bb","d80ac34e-1a6d-4650-a6e3-fe7bba28c544","a76d1d5c-d409-4959-9497-2713d1a3c808","882ca24a-bb25-40fc-b6a6-d82ebfebf2d7","6432ced3-4fab-4676-a3cb-774fe579f2bb","a6dd78f4-9a08-4c93-b5d0-62878b12f968"],"settings":{"full":false,"spacing_both_ends":false,"padding":"0,50","margin":"0,0","show_background_image":true,"background_image":"shopify:\/\/shop_images\/service-background-image-1.png","background_style":"none","background_size":"auto","shape_image":true,"icon_bg_image":"shopify:\/\/shop_images\/spec_shape_img.png","icon_shape_bg_color":"","enable_overlay":false,"background_color":"","overlay_transparency":"0","section_heading":"","section_sub_heading":"","section_description":"","section_button_text":"","section_button_link":"","section_heading_color":"#787878","section_sub_heading_color":"","section_description_color":"#787878","section_button_bg_color":"","section_button_text_color":"","section_button_hover_bg_color":"","section_button_hover_text_color":"","heading_position":"text-center","column_gap":"30px","vertical_position":"position-vertical-center","content_width":"52\/48","content_width_lap":"40\/60","content_width_tab":"50\/50","enable_image":true,"primary_image":"shopify:\/\/shop_images\/spec_img_acfd4c82-7e22-4af9-bbda-90226158ea26.png","primary_title":"","primary_sub_title":"","primary_description":"","primary_button_text":"","primary_button_link":"","main_banner_style":"overlay","primary_text_align":"text-center","primary_position":"center","overlay_style_height":"790","border_radius":"0","enable_box_shadow":false,"overlay_style":"use_overlay","overlay_color":"","overlay_opacity":"0","rotation_degree":"180","primary_banner_bg":"rgba(0,0,0,0)","primary_heading_color":"#c57a5d","primary_sub_heading_color":"#c57a5d","primary_description_color":"rgba(0,0,0,0)","primary_button_bg_color":"","primary_button_text_color":"","primary_button_hover_bg_color":"","primary_button_hover_text_color":"","specification_block_style":"style2","block_icon_size":"21px","icon_border_radius":"0px","specification_style":"style3","block_icon_outer_size":"50px","additional_heading":"Our Classes","additional_sub_heading":"","additional_description":"Mauris vitae ultricies leo integer. Bibendum arcu vitae elementum curabitur vitae nunc sed velit dignissim. Massa massa ultricies mi quis hendrerit dolor magna rguhyes marques ehueres huieres ipsum rthuere.","additional_heading_position":"text-start","block_icon_bg":"","block_icon_color":"","block_heading_color":"#c57a5d","block_description_color":"#787878","block_button_bg_color":"","block_button_text_color":"","block_button_hover_bg_color":"","block_button_hover_text_color":"","additional_heading_color":"#c57a5d","additional_sub_heading_color":"","additional_description_color":"","custom_class_name":"service-spec-one"}},"164499128399ced603":{"type":"home-html-text","settings":{"full":false,"spacing_both_ends":false,"padding":"140,140","margin":"0,0","show_background_image":true,"background_image":"shopify:\/\/shop_images\/banner.jpg","background_style":"none","background_size":"cover","enable_overlay":true,"background_color":"#251f1f","overlay_transparency":"0.8","section_heading":"Free Your Mind With Positive Vibe","section_sub_heading":"Efforts to Success","section_description":"Tellus marwues rhuteser queres  text of the printing and type setting industry. Lorem ipsum has been the industrys standard dummy text ever since the when an unknown printer took a galley of type and scrambled it to make a type.","section_button_text":"","section_button_link":"","section_heading_color":"#c57a5d","section_sub_heading_color":"#fefaf6","section_description_color":"#fefaf6","section_button_bg_color":"","section_button_text_color":"","section_button_hover_bg_color":"","section_button_hover_text_color":"","heading_position":"text-center","html":"<!--<div id='insta-feed'><\/div>-->","custom_class_name":"service-custom-html"}},"16449950325a7e4475":{"type":"home-grid-banner","blocks":{"8d99bbf9-e9db-4d36-b178-1ad36b054b85":{"type":"content","settings":{"block_image":"shopify:\/\/shop_images\/classes-1.jpg","show_image":true,"block_title":"Matsyasana","block_sub_title":"MON, WED, FRI","block_description":"06:30am – 05:45pm","block_button_text":"","block_button_link":"","block_text_align":"text-center","content_position":"center","reverse_column":false,"block_banner_bg":"rgba(0,0,0,0)","block_content_box_bg":"","block_heading_color":"#251f1f","block_sub_heading_color":"#c57a5d","block_description_color":"#c57a5d","block_button_bg_color":"","block_button_text_color":"","block_button_hover_bg_color":"","block_button_hover_text_color":"","overlay_style":"use_overlay","overlay_color":"","overlay_opacity":"0.5","rotation_degree":"180"}},"77596107-b339-4535-b84c-590bcba60531":{"type":"content","settings":{"block_image":"shopify:\/\/shop_images\/classes-2.jpg","show_image":true,"block_title":"Bhujangasana Yoga","block_sub_title":"MON, WED, FRI","block_description":"08:30am – 09:45pm","block_button_text":"","block_button_link":"","block_text_align":"text-center","content_position":"center","reverse_column":false,"block_banner_bg":"rgba(0,0,0,0)","block_content_box_bg":"","block_heading_color":"#251f1f","block_sub_heading_color":"#c57a5d","block_description_color":"#c57a5d","block_button_bg_color":"","block_button_text_color":"","block_button_hover_bg_color":"","block_button_hover_text_color":"","overlay_style":"use_overlay","overlay_color":"","overlay_opacity":"0.5","rotation_degree":"180"}},"ba9b634d-db0d-48d1-af10-466854850134":{"type":"content","settings":{"block_image":"shopify:\/\/shop_images\/classes-3.jpg","show_image":true,"block_title":"Gomukhasana","block_sub_title":"MON, WED, FRI","block_description":"10:30am – 02:45pm","block_button_text":"","block_button_link":"","block_text_align":"text-center","content_position":"center","reverse_column":false,"block_banner_bg":"rgba(0,0,0,0)","block_content_box_bg":"","block_heading_color":"#251f1f","block_sub_heading_color":"#c57a5d","block_description_color":"#c57a5d","block_button_bg_color":"","block_button_text_color":"","block_button_hover_bg_color":"","block_button_hover_text_color":"","overlay_style":"use_overlay","overlay_color":"","overlay_opacity":"0.5","rotation_degree":"180"}},"16449950324c90819c-0":{"type":"content","settings":{"block_image":"shopify:\/\/shop_images\/classes-4.jpg","show_image":true,"block_title":"Trikonasana Yoga","block_sub_title":"MON, WED, FRI","block_description":"11:30am – 03:45pm","block_button_text":"","block_button_link":"","block_text_align":"text-center","content_position":"center","reverse_column":false,"block_banner_bg":"rgba(0,0,0,0)","block_content_box_bg":"","block_heading_color":"#251f1f","block_sub_heading_color":"#c57a5d","block_description_color":"#c57a5d","block_button_bg_color":"","block_button_text_color":"","block_button_hover_bg_color":"","block_button_hover_text_color":"","overlay_style":"use_overlay","overlay_color":"","overlay_opacity":"0.5","rotation_degree":"180"}},"16449950324c90819c-1":{"type":"content","settings":{"block_image":"shopify:\/\/shop_images\/classes-5.jpg","show_image":true,"block_title":"Meditation Yoga","block_sub_title":"MON, WED, FRI","block_description":"12:30pm – 04:45pm","block_button_text":"","block_button_link":"","block_text_align":"text-center","content_position":"center","reverse_column":false,"block_banner_bg":"rgba(0,0,0,0)","block_content_box_bg":"","block_heading_color":"#251f1f","block_sub_heading_color":"#c57a5d","block_description_color":"#c57a5d","block_button_bg_color":"","block_button_text_color":"","block_button_hover_bg_color":"","block_button_hover_text_color":"","overlay_style":"use_overlay","overlay_color":"","overlay_opacity":"0.5","rotation_degree":"180"}},"39187683-8882-4ce8-9e2a-e8e091be31a1":{"type":"content","settings":{"block_image":"shopify:\/\/shop_images\/service-image-1.jpg","show_image":true,"block_title":"Virabhadrasana Yoga","block_sub_title":"MON, WED, FRI","block_description":"02:30pm – 05:00pm","block_button_text":"","block_button_link":"","block_text_align":"text-center","content_position":"center","reverse_column":false,"block_banner_bg":"rgba(0,0,0,0)","block_content_box_bg":"rgba(0,0,0,0)","block_heading_color":"#251f1f","block_sub_heading_color":"#c57a5d","block_description_color":"#c57a5d","block_button_bg_color":"","block_button_text_color":"","block_button_hover_bg_color":"","block_button_hover_text_color":"","overlay_style":"use_overlay","overlay_color":"","overlay_opacity":"0.5","rotation_degree":"180"}}},"block_order":["8d99bbf9-e9db-4d36-b178-1ad36b054b85","77596107-b339-4535-b84c-590bcba60531","ba9b634d-db0d-48d1-af10-466854850134","16449950324c90819c-0","16449950324c90819c-1","39187683-8882-4ce8-9e2a-e8e091be31a1"],"settings":{"full":false,"spacing_both_ends":false,"padding":"110,80","margin":"0,0","show_background_image":true,"background_image":"shopify:\/\/shop_images\/classes-bg.png","background_style":"none","background_size":"auto","background_position":"right bottom","enable_overlay":false,"background_color":"","overlay_transparency":"0.5","section_heading":"Our Classes","section_sub_heading":"","section_description":"","section_button_text":"","section_button_link":"","section_heading_color":"#c57a5d","section_sub_heading_color":"","section_description_color":"","section_button_bg_color":"","section_button_text_color":"","section_button_hover_bg_color":"","section_button_hover_text_color":"","heading_position":"text-center","block_banner_style":"grid","column_gap":"30","grid":"3","border_radius":"5","enable_box_shadow":false,"equal_height":false,"content_width":"50\/50","lap_content_width":"40\/60","overlay_style_height":600,"overlay_style_height_laptop":500,"overlay_style_height_mobile":400,"custom_class_name":"service-grid-one"}},"16449927863706ba9b":{"type":"home-number-counter","blocks":{"16449927861e6d21b0-0":{"type":"class","settings":{"class":"","title":"","text":"Partners","value":"1850","value_text":""}},"16449927861e6d21b0-1":{"type":"class","settings":{"class":"","title":"","text":"Amazing Event","value":"568","value_text":""}},"16449927861e6d21b0-2":{"type":"class","settings":{"class":"","title":"","text":"New Trainers","value":"342","value_text":""}},"16449927861e6d21b0-3":{"type":"class","settings":{"class":"","title":"","text":"Best Boosters","value":"100","value_text":"+"}}},"block_order":["16449927861e6d21b0-0","16449927861e6d21b0-1","16449927861e6d21b0-2","16449927861e6d21b0-3"],"settings":{"full":false,"spacing_both_ends":false,"padding":"110,68","margin":"0,00","show_background_image":false,"background_style":"none","background_size":"auto","enable_overlay":true,"background_color":"#e8dfd8","overlay_transparency":"1","section_heading":"","section_sub_heading":"","section_description":"","section_button_text":"","section_button_link":"","section_heading_color":"","section_sub_heading_color":"","section_description_color":"","section_button_bg_color":"","section_button_text_color":"","section_button_hover_bg_color":"","section_button_hover_text_color":"","heading_position":"text-center","grid":"4","column_gap":"30","counter_style":"grid","vertical_position":"vertical-top","block_text_align":"text-center","reverse_column":false,"enable_boxed":false,"enable_overall_border":false,"border_radius":"0","icon_border_radius":"0px","block_icon_outer_size":"75","block_icon_size":"50","enable_box_shadow":false,"block_bg_color":"","block_icon_border_color":"","block_icon_bg_color":"","block_icon_color":"","block_title_color":"","block_text_color":"#c57a5d","block_value_color":"#c57a5d","block_value_text_color":"#c57a5d","block_border_color":"#e5c4b4","custom_class_name":"service-num-count"}},"164499411686e55810":{"type":"home-image-gallery","blocks":{"164499411646e5d753-4":{"type":"image_image","settings":{"image":"shopify:\/\/shop_images\/insta-1.jpg","link":"#","show_icon":true,"icon":"fa fa-instagram"}},"164499411646e5d753-2":{"type":"image_image","settings":{"image":"shopify:\/\/shop_images\/insta-2.jpg","link":"#","show_icon":true,"icon":"fa fa-instagram"}},"164499411646e5d753-3":{"type":"image_image","settings":{"image":"shopify:\/\/shop_images\/insta-3.jpg","link":"#","show_icon":true,"icon":"fa fa-instagram"}},"164499411646e5d753-0":{"type":"image_image","settings":{"image":"shopify:\/\/shop_images\/insta-4.jpg","link":"#","show_icon":true,"icon":"fa fa-instagram"}},"164499411646e5d753-1":{"type":"image_image","settings":{"image":"shopify:\/\/shop_images\/insta-5.jpg","link":"#","show_icon":true,"icon":"fa fa-instagram"}}},"block_order":["164499411646e5d753-4","164499411646e5d753-2","164499411646e5d753-3","164499411646e5d753-0","164499411646e5d753-1"],"settings":{"full":true,"spacing_both_ends":false,"padding":"0,0","margin":"0,-60","show_background_image":false,"shape_image":true,"icon_shape_bg_color":"","background_style":"none","background_size":"auto","enable_overlay":false,"background_color":"","overlay_transparency":"0.5","section_heading":"","section_sub_heading":"","section_description":"","section_button_text":"","section_button_link":"","section_heading_color":"","section_sub_heading_color":"","section_description_color":"","section_button_bg_color":"","section_button_text_color":"","section_button_hover_bg_color":"","section_button_hover_text_color":"","heading_position":"text-center","grid":"5","column_gap":"0","image_list_text":"","image_list_link":"","image_overlay_color":"#fcefe7","item_height":380,"item_height_laptop":380,"item_height_tab":450,"item_height_mobile":380,"image_link_bg_color":"","image_link_text_color":"","image_link_hover_bg_color":"","image_link_hover_text_color":"","enable_slider":true,"remove_button_space":false,"enable_auto_height":false,"items_per_view":4,"slider_autoplay":5,"dots":false,"carousel_pagination_alignment":"center_pagination","arrows":false,"nav_arrow_position":"navigation-bottom-center","center_nav_arrow_alignment":"outside_container","navigation_button_color":"","navigation_button_icon_color":"","navigation_button_hover_color":"","navigation_button_hover_icon_color":"","navigation_dot_color":"","navigation_dot_active_color":"","custom_class_name":"contact-image-grid"}}},"order":["main","1644985276c027cc3c","1644985978083f72a1","164499128399ced603","16449950325a7e4475","16449927863706ba9b","164499411686e55810"]}