{"sections":{"main":{"type":"about-us","settings":{}},"163947753124fd5ee5":{"type":"home-grid-banner","blocks":{"16394775318160aee4-0":{"type":"content","settings":{"block_image":"shopify:\/\/shop_images\/image-1.jpg","show_image":true,"block_title":"Relax Into A Positive Frame Of Mind","block_sub_title":"","block_description":"Molestie a iaculis at erat pellentesque adipiscing commodo. Quam lacus suspendisse faucibus interdum. Mi in nulla posuere sollicitudin aliquam ultrices fames ac turpis egestas.","block_button_text":"READ MORE","block_button_link":"shopify:\/\/collections\/best-sellers","block_text_align":"text-start","content_position":"top-left","reverse_column":false,"block_banner_bg":"rgba(0,0,0,0)","block_content_box_bg":"rgba(0,0,0,0)","block_heading_color":"#c57a5d","block_sub_heading_color":"#787878","block_description_color":"#787878","block_button_bg_color":"#fefaf6","block_button_text_color":"#c57a5d","block_button_hover_bg_color":"#c57a5d","block_button_hover_text_color":"#ffffff","overlay_style":"use_overlay","overlay_color":"","overlay_opacity":"0.5","rotation_degree":"180"}}},"block_order":["16394775318160aee4-0"],"settings":{"full":false,"spacing_both_ends":false,"padding":"0,0","margin":"0,0","show_background_image":true,"background_image":"shopify:\/\/shop_images\/about-background-image-1.png","background_style":"none","background_size":"cover","background_position":"center center","enable_overlay":false,"background_color":"","overlay_transparency":"0.5","section_heading":"Welcome To The Yoga Center","section_sub_heading":"","section_description":"Raculis nunc sed augue lacus viverra. At varius vel pharetra vel turpis. Convallis aenean et tortor at. At lectus urna duis convallis convallis tellus. Nunc pulvinar sapien et ligula. Pellentesque elit ullamcorper dignissim cras nullam non nisi cilisis etiam.","section_button_text":"","section_button_link":"","section_heading_color":"#c57a5d","section_sub_heading_color":"#787878","section_description_color":"#787878","section_button_bg_color":"","section_button_text_color":"","section_button_hover_bg_color":"","section_button_hover_text_color":"","heading_position":"text-center","block_banner_style":"list","column_gap":"30","grid":"4","border_radius":"5","enable_box_shadow":false,"equal_height":false,"content_width":"46\/54","lap_content_width":"50\/50","overlay_style_height":300,"overlay_style_height_laptop":300,"overlay_style_height_mobile":300,"custom_class_name":"about-grid-one"}},"1644827865b5f2b941":{"type":"home-specification-block","blocks":{"2ed5a586-7c3a-4ff3-8f5d-233e340c1ccf":{"type":"icon","settings":{"icon":"shopify:\/\/shop_images\/icon-7.png","title":"Increased Flexibility","desc":"","link_text":"","link":"","reverse_column":false}},"46e0039e-7e69-4de6-bc3b-64500ac7faa3":{"type":"icon","settings":{"icon":"shopify:\/\/shop_images\/icon-7_424e1185-2ca4-41e6-a905-8be0f30add84.png","title":"Increased Muscle Strength","desc":"","link_text":"","link":"","reverse_column":false}},"a1158a48-fed2-4494-9256-d932d2b32783":{"type":"icon","settings":{"icon":"shopify:\/\/shop_images\/icon-7_424e1185-2ca4-41e6-a905-8be0f30add84.png","title":"Cardio and Circulatory Health","desc":"","link_text":"","link":"","reverse_column":false}},"da2f7873-c4b6-418b-818c-62419cc0fa04":{"type":"icon","settings":{"icon":"shopify:\/\/shop_images\/icon-7_424e1185-2ca4-41e6-a905-8be0f30add84.png","title":"Strength Fitness","desc":"","link_text":"","link":"","reverse_column":false}},"2e059cdf-28de-44f0-b1ba-2f38d12b9188":{"type":"icon","settings":{"icon":"shopify:\/\/shop_images\/icon-7_424e1185-2ca4-41e6-a905-8be0f30add84.png","title":"Protection From Injury","desc":"","link_text":"","link":"","reverse_column":false}}},"block_order":["2ed5a586-7c3a-4ff3-8f5d-233e340c1ccf","46e0039e-7e69-4de6-bc3b-64500ac7faa3","a1158a48-fed2-4494-9256-d932d2b32783","da2f7873-c4b6-418b-818c-62419cc0fa04","2e059cdf-28de-44f0-b1ba-2f38d12b9188"],"settings":{"full":false,"spacing_both_ends":false,"padding":"0,125","margin":"0,0","show_background_image":true,"background_image":"shopify:\/\/shop_images\/abt-bg2.jpg","background_style":"none","background_size":"cover","shape_image":false,"icon_bg_image":"shopify:\/\/shop_images\/breadcrumb.jpg","icon_shape_bg_color":"#c57a5d","enable_overlay":false,"background_color":"","overlay_transparency":"0.5","section_heading":"","section_sub_heading":"","section_description":"","section_button_text":"","section_button_link":"","section_heading_color":"","section_sub_heading_color":"","section_description_color":"","section_button_bg_color":"","section_button_text_color":"","section_button_hover_bg_color":"","section_button_hover_text_color":"","heading_position":"text-center","column_gap":"30px","vertical_position":"position-vertical-center","content_width":"48\/52","content_width_lap":"40\/60","content_width_tab":"35\/65","enable_image":true,"primary_image":"shopify:\/\/shop_images\/image-2_910d388e-d650-4ebf-ab36-4f6af538b824.jpg","primary_title":"","primary_sub_title":"","primary_description":"","primary_button_text":"","primary_button_link":"","main_banner_style":"overlay","primary_text_align":"text-center","primary_position":"center","overlay_style_height":"643","border_radius":"0","enable_box_shadow":false,"overlay_style":"use_overlay","overlay_color":"","overlay_opacity":"0.5","rotation_degree":"180","primary_banner_bg":"rgba(0,0,0,0)","primary_heading_color":"#c57a5d","primary_sub_heading_color":"","primary_description_color":"","primary_button_bg_color":"","primary_button_text_color":"","primary_button_hover_bg_color":"","primary_button_hover_text_color":"","specification_block_style":"default","block_icon_size":"21","icon_border_radius":"0px","specification_style":"style3","block_icon_outer_size":"21","additional_heading":"Cheerful And Pleasant Sensation","additional_sub_heading":"","additional_description":"","additional_heading_position":"text-start","block_icon_bg":"rgba(0,0,0,0)","block_icon_color":"","block_heading_color":"#787878","block_description_color":"","block_button_bg_color":"","block_button_text_color":"","block_button_hover_bg_color":"","block_button_hover_text_color":"","additional_heading_color":"#c57a5d","additional_sub_heading_color":"","additional_description_color":"","custom_class_name":"about-custom-spec"}},"1644834277fb48545a":{"type":"home-video-banner","settings":{"full":false,"spacing_both_ends":false,"padding":"104,0","margin":"0,0","show_background_image":true,"background_image":"shopify:\/\/shop_images\/video-bg.jpg","background_style":"none","background_size":"cover","enable_overlay":false,"background_color":"","overlay_transparency":"0.5","section_heading":"Get New Videos For Yoga Excercise","section_sub_heading":"","section_description":"","section_button_text":"","section_button_link":"","section_heading_color":"#c57a5d","section_sub_heading_color":"","section_description_color":"","section_button_bg_color":"","section_button_text_color":"","section_button_hover_bg_color":"","section_button_hover_text_color":"","heading_position":"text-center","block_title":"","block_sub_title":"","block_description":"","block_button_text":"","block_button_link":"","content_position":"center","block_text_align":"text-center","layout_style":"default","reverse_column":false,"block_image":"shopify:\/\/shop_images\/image-3_c16b1cbf-b6c9-431b-b925-26e2e6161cb3.jpg","show_image":true,"video_format":"modal","video_url":"https:\/\/storage.googleapis.com\/coverr-main\/mp4\/Palm_Trees.mp4","iframe_url":"https:\/\/www.youtube.com\/embed\/JJMPKgyCoSY","video_height":"715","overlay_style":"with-overlay","enable_box_shadow":false,"border_radius":"0","banner_heading_color":"","banner_sub_heading_color":"","banner_description_color":"","banner_button_bg_color":"","banner_button_text_color":"","banner_button_hover_bg_color":"","banner_button_hover_text_color":"","video_overlay_color":"#c57a5d","video_overlay_transparency":"0.5","icon_bg_color":"#ffffff","icon_color":"#c57a5d","icon_bg_color_hover":"#c57a5d","icon_color_hover":"#ffffff","custom_class_name":"about-custom"}},"1644840867be6ed8fb":{"type":"home-product-carousel","settings":{"full":true,"spacing_both_ends":false,"padding":"120,00","margin":"0,0","show_background_image":false,"background_style":"none","background_size":"auto","enable_overlay":false,"background_color":"","overlay_transparency":"0.5","section_heading":"New Way To Start A Yoga Pose","section_sub_heading":"","section_description":"","section_button_text":"","section_button_link":"","section_heading_color":"#c57a5d","section_sub_heading_color":"","section_description_color":"","section_button_bg_color":"","section_button_text_color":"","section_button_hover_bg_color":"","section_button_hover_text_color":"","heading_position":"text-start","grouped_content_bg":"","grouped_column_gap":"30","grouped_content_padding":"0","group_border_radius":"","enable_group_box_shadow":false,"reverse_column":false,"content_width":"50\/50","lap_content_width":"35\/65","additional_block_background_color":"","additional_block_box_shadow":false,"additional_content_padding":"0","additional_block_border_radius":"0","enable_main_content":true,"main_block_background_color":"","enable_main_block_box_shadow":false,"main_block_border_radius":"0","main_content_padding":"0","collection":"trendy-products","column_gap":"30","border_radius":"0","enable_list_view":false,"grid":"2","post_limit":4,"enable_slider":true,"items_per_view":4,"rows":1,"slider_autoplay":0,"enable_auto_height":false,"dots":false,"carousel_pagination_alignment":"left_pagination","carousel_pagination_bottom_alignment":"outside_element","arrows":true,"nav_arrow_position":"with-heading","center_nav_arrow_alignment":"inside_container","navigation_button_color":"#ffffff","navigation_button_icon_color":"#9f6000","navigation_button_hover_color":"#c57a5d","navigation_button_hover_icon_color":"#ffffff","navigation_dot_color":"","navigation_dot_active_color":"","custom_class_name":"about-prouduct-carousel"}}},"order":["main","163947753124fd5ee5","1644827865b5f2b941","1644834277fb48545a","1644840867be6ed8fb"]}