{"sections":{"16569963749cec2f03":{"type":"slideshow","blocks":{"7b5aca85-0899-4215-9e25-ae11e23f05cd":{"type":"Slider","settings":{"slider_type":"image","image":"shopify:\/\/shop_images\/21.jpg","mobile_image":"shopify:\/\/shop_images\/tm-g.jpg","video_url":"https:\/\/www.youtube.com\/embed\/SUoDCCRv0C8","iframe_url":"https:\/\/www.youtube.com\/embed\/SUoDCCRv0C8","mobile_bg_clr":"#c2c0ca","text_alignment":"text-center","content_position":"center-right","show_image":false,"show_content":true,"title_2":"Pretty Looks","subheading_color":"#000000","subheading_size":"24","title":"30% OFF","heading_color":"#565e41","heading_size":"100","additional_title":"Coat & Morden Jean","additional_heading_color":"#000000","additional_heading_size":"34","desc":"Magnis dis parturient convallis posuere morbi leo urna molestie at elementum nim praesent elementum facilisis leo.","desc_color":"#000000","desc_size":"16","button":"Shop Now","link":"shopify:\/\/collections\/best-sellers-demo-6","btn_bg_color":"#ffffff","btn_txt_color":"#565e41","btn_hoverbg_color":"#565e41","btn_hovertxt_color":"#ffffff","button_2":"New Arrivals","link_2":"shopify:\/\/collections\/popular-products-demo-6","btn_bg_color_2":"#565e41","btn_txt_color_2":"#ffffff","btn_hoverbg_color_2":"#ffffff","btn_hovertxt_color_2":"#565e41","slide_content_bg":"rgba(0,0,0,0)","slide_bg":"","enable_additional_button":true,"additional_image":"shopify:\/\/shop_images\/video-play-icon_f7317cb2-64f7-4580-abd5-e2cf2759e487.png","additional_button_text":"Play Video","additional_button_link":"https:\/\/www.youtube.com\/embed\/zwWLWTHBrU0","additional_button_text_color":"#000000","additional_button_text_hover_color":"#565e41"}},"ac76b3f8-d5b3-43f0-97d1-5513f429360b":{"type":"Slider","settings":{"slider_type":"image","image":"shopify:\/\/shop_images\/22_6bef02ec-31e1-4cb1-a07c-452c877ec3b1.jpg","mobile_image":"shopify:\/\/shop_images\/tm-f.jpg","video_url":"https:\/\/www.youtube.com\/embed\/u5vgyT83Wo4","iframe_url":"https:\/\/www.youtube.com\/embed\/u5vgyT83Wo4","mobile_bg_clr":"#c2c0ca","text_alignment":"text-center","content_position":"center-left","show_image":false,"show_content":true,"title_2":"Fabulous Designs","subheading_color":"#000000","subheading_size":"24","title":"25% OFF","heading_color":"#565e41","heading_size":"100","additional_title":"Morden Winter Set","additional_heading_color":"#000000","additional_heading_size":"34","desc":"Dictumst vestibulum rhoncus est pellentesque elit ullamcorper arcu dictum varius duis at consectetur dignissim cras.","desc_color":"#000000","desc_size":"16","button":"Shop Now","link":"shopify:\/\/collections\/shop-demo-12","btn_bg_color":"#ffffff","btn_txt_color":"#565e41","btn_hoverbg_color":"#565e41","btn_hovertxt_color":"#ffffff","button_2":"New Arrivals","link_2":"shopify:\/\/collections\/best-sellers-demo-6","btn_bg_color_2":"#565e41","btn_txt_color_2":"#ffffff","btn_hoverbg_color_2":"#ffffff","btn_hovertxt_color_2":"#565e41","slide_content_bg":"rgba(0,0,0,0)","slide_bg":"rgba(0,0,0,0)","enable_additional_button":true,"additional_image":"shopify:\/\/shop_images\/video-play-icon_f7317cb2-64f7-4580-abd5-e2cf2759e487.png","additional_button_text":"Play Video","additional_button_link":"\/","additional_button_text_color":"#000000","additional_button_text_hover_color":"#565e41"}},"16b0b45c-62cf-460d-a939-6859c0861553":{"type":"Slider","settings":{"slider_type":"image","image":"shopify:\/\/shop_images\/23_f93808f8-481b-4f04-a3ed-7df746f3368b.jpg","mobile_image":"shopify:\/\/shop_images\/tm-h.jpg","video_url":"https:\/\/www.youtube.com\/embed\/lFLsTl61pwo","iframe_url":"https:\/\/www.youtube.com\/embed\/lFLsTl61pwo","mobile_bg_clr":"#c2c0ca","text_alignment":"text-center","content_position":"center-right","show_image":false,"show_content":true,"title_2":"Classic Designs","subheading_color":"#000000","subheading_size":"24","title":"10% OFF","heading_color":"#565e41","heading_size":"100","additional_title":"T-Shirts & Men Winter Hoods","additional_heading_color":"#000000","additional_heading_size":"34","desc":"Onec massa sapien faucibus et molestie ac feugiat vulputate mi sit amet mauris commodo quisiaculis eu non diam phasellus vestibulum.","desc_color":"#000000","desc_size":"14","button":"Shop Now","link":"shopify:\/\/collections\/popular-products-demo-6","btn_bg_color":"#ffffff","btn_txt_color":"#565e41","btn_hoverbg_color":"#565e41","btn_hovertxt_color":"#ffffff","button_2":"Shop Now","link_2":"shopify:\/\/collections\/best-sellers-demo-6","btn_bg_color_2":"#565e41","btn_txt_color_2":"#ffffff","btn_hoverbg_color_2":"#ffffff","btn_hovertxt_color_2":"#565e41","slide_content_bg":"rgba(0,0,0,0)","slide_bg":"rgba(0,0,0,0)","enable_additional_button":true,"additional_image":"shopify:\/\/shop_images\/video-play-icon_f7317cb2-64f7-4580-abd5-e2cf2759e487.png","additional_button_text":"Play Video","additional_button_link":"","additional_button_text_color":"#000000","additional_button_text_hover_color":"#565e41"}}},"block_order":["7b5aca85-0899-4215-9e25-ae11e23f05cd","ac76b3f8-d5b3-43f0-97d1-5513f429360b","16b0b45c-62cf-460d-a939-6859c0861553"],"settings":{"full":true,"spacing_both_ends":false,"margin":"0,0","slider_height":900,"slider_height_lap":850,"slider_height_tab":800,"slider_height_mobile":670,"video-aspect-ratio":"","content_within_container":false,"enable_box_shadow":false,"border_radius":"0","content_border_radius":"0","autoplay":false,"slideshow_speed":"5000","dots":true,"carousel_pagination_alignment":"center_pagination","carousel_pagination_bottom_alignment":"inside_element","arrows":true,"nav_arrow_position":"center-navigation","center_nav_arrow_alignment":"inside_container","navigation_button_color":"#aba9b4","navigation_button_icon_color":"#000000","navigation_button_hover_color":"#aba9b4","navigation_button_hover_icon_color":"#000000","navigation_dot_color":"#e8e9e5","navigation_dot_active_color":"#565e41","custom_class_name":"custom-demo5-slideshow"}},"1655448438ae73cc87":{"type":"home-support-block","blocks":{"165544843893cd56b6-0":{"type":"icon","settings":{"title":"GET 10% OFF","desc":"on order above $10","link_text":"View More","link":"","block_border_color":"#f3e8de","block_bg":"#f9ede1"}},"165544843893cd56b6-1":{"type":"icon","settings":{"title":"GET 12% OFF","desc":"on order above $12","link_text":"View More","link":"","block_border_color":"#e7b4cb","block_bg":"#f3c0d7"}},"165544843893cd56b6-2":{"type":"icon","settings":{"title":"GET 15% OFF","desc":"on order above $15","link_text":"View More","link":"","block_border_color":"#f3cdc2","block_bg":"#fcded6"}}},"block_order":["165544843893cd56b6-0","165544843893cd56b6-1","165544843893cd56b6-2"],"settings":{"full":false,"spacing_both_ends":false,"padding":"0,0","margin":"90,0","show_background_image":false,"background_style":"none","background_size":"auto","enable_overlay":false,"background_color":"","overlay_transparency":"0.5","section_heading":"","section_sub_heading":"","section_description":"","section_button_text":"","section_button_link":"","section_heading_color":"","section_sub_heading_color":"","section_description_color":"","section_button_bg_color":"","section_button_text_color":"","section_button_hover_bg_color":"","section_button_hover_text_color":"","heading_position":"text-center","text_position":"text-start","block_style":"style-3","grid":"3","enable_grid_style":false,"vertical_position":"position-default","reverse_column":false,"border_radius":"0px","icon_border_radius":"0px","enable_box_shadow":false,"block_icon_outer_size":"0px","block_icon_size":"0px","block_icon_bg":"","block_icon_border_color":"","block_heading_color":"","block_description_color":"","block_button_bg_color":"","block_button_text_color":"","block_button_hover_bg_color":"","block_button_hover_text_color":"","custom_class_name":"custom-support-block"}},"1657004104202c487e":{"type":"home-grid-banner","blocks":{"1657004104949041f9-0":{"type":"content","settings":{"grid_banner_type":"image","show_image_title":false,"block_image_title":"Image title","block_image_title_color":"","block_image":"shopify:\/\/shop_images\/grid06_66d052ab-1936-431a-a07d-f88abc5b50a0.jpg","block_video":"https:\/\/www.w3schools.com\/tags\/mov_bbb.mp4","video_icon_color":"","video_icon_position":"icon-top-right","content_with_icon":false,"video_icon_outer_size":"60px","video_icon_size":"40px","show_image":true,"show_content":true,"block_title":"Denim Shirt","block_title_link":"shopify:\/\/collections\/best-sellers-demo-6","block_sub_title":"23% Flat offers","block_description":"Sollicitudin aliquam ultrices sagittis orci","block_button_text":"Shop Now","block_button_link":"shopify:\/\/collections\/hot-deals-demo-6","block_text_align":"text-start","content_position":"bottom-left","reverse_column":false,"block_banner_bg":"#ffffff","block_content_box_bg":"","block_heading_color":"","block_sub_heading_color":"","block_description_color":"","block_button_bg_color":"","block_button_text_color":"","block_button_hover_bg_color":"","block_button_hover_text_color":"","overlay_style":"use_overlay","overlay_color":"rgba(0,0,0,0)","overlay_opacity":"0.5","rotation_degree":"180","block_animation_text":"fadeIn"}},"1657004104949041f9-1":{"type":"content","settings":{"grid_banner_type":"image","show_image_title":false,"block_image_title":"Image title","block_image_title_color":"","block_image":"shopify:\/\/shop_images\/grid05_bca59295-85bc-4262-94ae-5f7ec715eeee.jpg","block_video":"https:\/\/www.w3schools.com\/tags\/mov_bbb.mp4","video_icon_color":"","video_icon_position":"icon-top-right","content_with_icon":false,"video_icon_outer_size":"60px","video_icon_size":"40px","show_image":true,"show_content":true,"block_title":"Leah Duster Coat Collection","block_title_link":"shopify:\/\/collections\/popular-products-demo-6","block_sub_title":"50% Flat offers","block_description":"Donec massa sapien faucibus et molestie ac","block_button_text":"Shop Now","block_button_link":"shopify:\/\/collections\/best-sellers-demo-6","block_text_align":"text-start","content_position":"bottom-left","reverse_column":false,"block_banner_bg":"#ffffff","block_content_box_bg":"","block_heading_color":"","block_sub_heading_color":"","block_description_color":"","block_button_bg_color":"","block_button_text_color":"","block_button_hover_bg_color":"","block_button_hover_text_color":"","overlay_style":"use_overlay","overlay_color":"rgba(0,0,0,0)","overlay_opacity":"0.5","rotation_degree":"180","block_animation_text":"fadeIn"}}},"block_order":["1657004104949041f9-0","1657004104949041f9-1"],"settings":{"full":true,"spacing_both_ends":true,"padding":"0,0","margin":"60,0","show_background_image":false,"background_style":"none","background_size":"auto","enable_overlay":false,"background_color":"","overlay_transparency":"0.5","section_heading":"","section_sub_heading":"","section_description":"","section_button_text":"","section_button_link":"","section_heading_color":"","section_sub_heading_color":"","section_description_color":"","section_button_bg_color":"","section_button_text_color":"","section_button_hover_bg_color":"","section_button_hover_text_color":"","heading_position":"text-center","block_banner_style":"overlay","column_gap":"56","grid":"2","border_radius":"0","enable_box_shadow":false,"equal_height":false,"content_width":"50\/50","lap_content_width":"40\/60","overlay_style_height":980,"overlay_style_height_laptop":650,"overlay_style_height_mobile":400,"custom_class_name":"custom-demo5-overlay"}},"16546915620b2f2d6c":{"type":"home-product-carousel","blocks":{"0a36b364-b5d9-4fc9-a11d-e8eecd3fa2c4":{"type":"banner","settings":{"show_image":false,"block_title":"Trending Designs","block_sub_title":"Winter Collection","block_description":"","block_button_text":"Shop Now","block_button_link":"shopify:\/\/collections\/shop-demo-6","block_banner_style":"grid","block_text_align":"text-center","grid_banner_box_shadow":false,"grid_banner_border_radius":"0","overlay_style_height":"400","content_position":"center","grid_banner_heading_color":"","grid_banner_sub_heading_color":"","grid_banner_description_color":"","grid_banner_button_bg_color":"","grid_banner_button_text_color":"","grid_banner_button_hover_bg_color":"","grid_banner_button_hover_text_color":"","grid_banner_content_bg":"rgba(0,0,0,0)","enable_tilte_bg":true,"grid_banner_heading_bg":"#f9ede1","banner_image_overlay_style":"with-overlay","banner_image_overlay_color":"","banner_image_overlay_opacity":"0.5","banner_image_rotation_degree":"180"}}},"block_order":["0a36b364-b5d9-4fc9-a11d-e8eecd3fa2c4"],"settings":{"full":true,"spacing_both_ends":true,"padding":"0,0","margin":"90,0","show_background_image":false,"background_style":"none","background_size":"auto","enable_overlay":false,"background_color":"","overlay_transparency":"0.5","section_heading":"","section_sub_heading":"","section_description":"","section_button_text":"","section_button_link":"","section_heading_color":"","section_sub_heading_color":"","section_description_color":"","section_button_bg_color":"","section_button_text_color":"","section_button_hover_bg_color":"","section_button_hover_text_color":"","heading_position":"text-start","grouped_content_bg":"","grouped_column_gap":"30","grouped_content_padding":"0","group_border_radius":"","enable_group_box_shadow":false,"reverse_column":false,"content_width":"25\/75","lap_content_width":"40\/60","additional_block_background_color":"","additional_block_box_shadow":false,"additional_content_padding":"0","additional_block_border_radius":"0","enable_main_content":true,"main_block_background_color":"","enable_main_block_box_shadow":false,"main_block_border_radius":"0","main_content_padding":"0","collection":"best-sellers-demo-6","column_gap":"52","border_radius":"0","enable_list_view":false,"grid":"4","post_limit":4,"enable_slider":true,"items_per_view":3,"items_laptop_view":2,"items_tablet_view":2,"items_mobile_view":1,"enable_center_mode":false,"rows":1,"slider_autoplay":0,"enable_auto_height":false,"dots":false,"carousel_pagination_alignment":"center_pagination","carousel_pagination_bottom_alignment":"outside_element","arrows":true,"nav_arrow_position":"navigation-top-right","center_nav_arrow_alignment":"inside_container","navigation_button_color":"","navigation_button_icon_color":"#000000","navigation_button_hover_color":"","navigation_button_hover_icon_color":"#000000","navigation_dot_color":"","navigation_dot_active_color":"","enable_section_collection_button_text":false,"section_collection_button_text":"","section_collection_link":"","custom_class_name":"custom-product-carosual demo5"}},"165701388943372ea5":{"type":"home-grid-banner","blocks":{"165701388977a3457b-0":{"type":"content","settings":{"grid_banner_type":"image","show_image_title":false,"block_image_title":"Image title","block_image_title_color":"","block_image":"shopify:\/\/shop_images\/grid04_bf8a03c1-77a1-47f0-aaeb-e647eca7b035.jpg","block_video":"https:\/\/www.w3schools.com\/tags\/mov_bbb.mp4","video_icon_color":"","video_icon_position":"icon-top-right","content_with_icon":false,"video_icon_outer_size":"60px","video_icon_size":"40px","show_image":true,"show_content":true,"block_title":"Branded Coat Collection","block_title_link":"\/","block_sub_title":"Best Quality Fabric","block_description":"Volutpat commodo sed egestas egestas","block_button_text":"Shop Now","block_button_link":"\/","block_text_align":"text-start","content_position":"bottom-left","reverse_column":false,"block_banner_bg":"#ffffff","block_content_box_bg":"rgba(0,0,0,0)","block_heading_color":"","block_sub_heading_color":"","block_description_color":"","block_button_bg_color":"","block_button_text_color":"","block_button_hover_bg_color":"","block_button_hover_text_color":"","overlay_style":"use_overlay","overlay_color":"rgba(0,0,0,0)","overlay_opacity":"0.5","rotation_degree":"180","block_animation_text":"fadeIn"}},"165701388977a3457b-1":{"type":"content","settings":{"grid_banner_type":"image","show_image_title":false,"block_image_title":"Image title","block_image_title_color":"","block_image":"shopify:\/\/shop_images\/grid03_4e250c2e-abd4-41e9-b2a2-da0b6143ac04.jpg","block_video":"https:\/\/www.w3schools.com\/tags\/mov_bbb.mp4","video_icon_color":"","video_icon_position":"icon-top-right","content_with_icon":false,"video_icon_outer_size":"60px","video_icon_size":"40px","show_image":true,"show_content":true,"block_title":"Fromal Shirt Collection","block_title_link":"","block_sub_title":"Best Quality Cloths","block_description":"Nec ullamcorper sit amet risus nullam","block_button_text":"Shop Now","block_button_link":"shopify:\/\/collections\/best-sellers-demo-6","block_text_align":"text-start","content_position":"bottom-left","reverse_column":false,"block_banner_bg":"#ffffff","block_content_box_bg":"","block_heading_color":"","block_sub_heading_color":"","block_description_color":"","block_button_bg_color":"","block_button_text_color":"","block_button_hover_bg_color":"","block_button_hover_text_color":"","overlay_style":"use_overlay","overlay_color":"rgba(0,0,0,0)","overlay_opacity":"0.5","rotation_degree":"180","block_animation_text":"fadeIn"}}},"block_order":["165701388977a3457b-0","165701388977a3457b-1"],"settings":{"full":true,"spacing_both_ends":true,"padding":"0,0","margin":"70,0","show_background_image":false,"background_style":"none","background_size":"auto","enable_overlay":false,"background_color":"","overlay_transparency":"0.5","section_heading":"","section_sub_heading":"","section_description":"","section_button_text":"","section_button_link":"","section_heading_color":"","section_sub_heading_color":"","section_description_color":"","section_button_bg_color":"","section_button_text_color":"","section_button_hover_bg_color":"","section_button_hover_text_color":"","heading_position":"text-center","block_banner_style":"overlay","column_gap":"56","grid":"2","border_radius":"0","enable_box_shadow":false,"equal_height":false,"content_width":"50\/50","lap_content_width":"40\/60","overlay_style_height":980,"overlay_style_height_laptop":650,"overlay_style_height_mobile":400,"custom_class_name":"custom-demo5-overlay"}},"1654759336c4c7a41b":{"type":"home-product-carousel","blocks":{"774ab8fb-81b9-4425-aa8b-8a171a08e51b":{"type":"banner","settings":{"show_image":false,"block_title":"Best Products","block_sub_title":"Best Designs","block_description":"","block_button_text":"Shop Now","block_button_link":"\/","block_banner_style":"grid","block_text_align":"text-center","grid_banner_box_shadow":false,"grid_banner_border_radius":"0","overlay_style_height":"400","content_position":"center","grid_banner_heading_color":"","grid_banner_sub_heading_color":"","grid_banner_description_color":"","grid_banner_button_bg_color":"","grid_banner_button_text_color":"","grid_banner_button_hover_bg_color":"","grid_banner_button_hover_text_color":"","grid_banner_content_bg":"rgba(0,0,0,0)","enable_tilte_bg":true,"grid_banner_heading_bg":"#f3c0d7","banner_image_overlay_style":"with-overlay","banner_image_overlay_color":"","banner_image_overlay_opacity":"0.5","banner_image_rotation_degree":"180"}}},"block_order":["774ab8fb-81b9-4425-aa8b-8a171a08e51b"],"settings":{"full":true,"spacing_both_ends":true,"padding":"0,0","margin":"90,0","show_background_image":false,"background_style":"none","background_size":"auto","enable_overlay":false,"background_color":"","overlay_transparency":"0.5","section_heading":"","section_sub_heading":"","section_description":"","section_button_text":"","section_button_link":"","section_heading_color":"","section_sub_heading_color":"","section_description_color":"","section_button_bg_color":"","section_button_text_color":"","section_button_hover_bg_color":"","section_button_hover_text_color":"","heading_position":"text-start","grouped_content_bg":"","grouped_column_gap":"30","grouped_content_padding":"0","group_border_radius":"","enable_group_box_shadow":false,"reverse_column":false,"content_width":"25\/75","lap_content_width":"40\/60","additional_block_background_color":"","additional_block_box_shadow":false,"additional_content_padding":"0","additional_block_border_radius":"0","enable_main_content":true,"main_block_background_color":"","enable_main_block_box_shadow":false,"main_block_border_radius":"0","main_content_padding":"0","collection":"popular-products-demo-6","column_gap":"52","border_radius":"0","enable_list_view":false,"grid":"2","post_limit":2,"enable_slider":true,"items_per_view":3,"items_laptop_view":2,"items_tablet_view":2,"items_mobile_view":1,"enable_center_mode":false,"rows":1,"slider_autoplay":0,"enable_auto_height":false,"dots":false,"carousel_pagination_alignment":"center_pagination","carousel_pagination_bottom_alignment":"outside_element","arrows":true,"nav_arrow_position":"navigation-top-right","center_nav_arrow_alignment":"inside_container","navigation_button_color":"","navigation_button_icon_color":"#000000","navigation_button_hover_color":"","navigation_button_hover_icon_color":"#000000","navigation_dot_color":"","navigation_dot_active_color":"","enable_section_collection_button_text":false,"section_collection_button_text":"","section_collection_link":"","custom_class_name":"custom-product-carosual demo5"}},"16570139020ac01d92":{"type":"home-grid-banner","blocks":{"1657013902621c11b5-0":{"type":"content","settings":{"grid_banner_type":"image","show_image_title":false,"block_image_title":"Image title","block_image_title_color":"","block_image":"shopify:\/\/shop_images\/grid02_c6f6575f-2dee-4c26-a263-6b184304427e.jpg","block_video":"https:\/\/www.w3schools.com\/tags\/mov_bbb.mp4","video_icon_color":"","video_icon_position":"icon-top-right","content_with_icon":false,"video_icon_outer_size":"60px","video_icon_size":"40px","show_image":true,"show_content":true,"block_title":"Infant Collection","block_title_link":"shopify:\/\/collections\/hot-deals-demo-6","block_sub_title":"Get 50% flat off","block_description":"Mmassa sapien faucibus et molestie","block_button_text":"Shop Now","block_button_link":"shopify:\/\/collections\/shop-demo-6","block_text_align":"text-start","content_position":"bottom-left","reverse_column":false,"block_banner_bg":"#ffffff","block_content_box_bg":"","block_heading_color":"","block_sub_heading_color":"","block_description_color":"","block_button_bg_color":"","block_button_text_color":"","block_button_hover_bg_color":"","block_button_hover_text_color":"","overlay_style":"use_overlay","overlay_color":"rgba(0,0,0,0)","overlay_opacity":"0.5","rotation_degree":"180","block_animation_text":"fadeIn"}},"1657013902621c11b5-1":{"type":"content","settings":{"grid_banner_type":"image","show_image_title":false,"block_image_title":"Image title","block_image_title_color":"","block_image":"shopify:\/\/shop_images\/grid01_0c0c445d-ac8c-47bb-9c62-a2e65208676b.jpg","block_video":"https:\/\/www.w3schools.com\/tags\/mov_bbb.mp4","video_icon_color":"","video_icon_position":"icon-top-right","content_with_icon":false,"video_icon_outer_size":"60px","video_icon_size":"40px","show_image":true,"show_content":true,"block_title":"Stylish Hood Dress","block_title_link":"shopify:\/\/collections\/best-sellers-demo-6","block_sub_title":"Get 25% flat off","block_description":"Ultrices vitae nisl purus in mollis nunc sed","block_button_text":"Shop Now","block_button_link":"shopify:\/\/collections\/shop-demo-6","block_text_align":"text-start","content_position":"bottom-left","reverse_column":false,"block_banner_bg":"#ffffff","block_content_box_bg":"","block_heading_color":"","block_sub_heading_color":"","block_description_color":"","block_button_bg_color":"","block_button_text_color":"","block_button_hover_bg_color":"","block_button_hover_text_color":"","overlay_style":"use_overlay","overlay_color":"rgba(0,0,0,0)","overlay_opacity":"0.5","rotation_degree":"180","block_animation_text":"fadeIn"}}},"block_order":["1657013902621c11b5-0","1657013902621c11b5-1"],"settings":{"full":true,"spacing_both_ends":true,"padding":"0,0","margin":"70,0","show_background_image":false,"background_style":"none","background_size":"auto","enable_overlay":false,"background_color":"","overlay_transparency":"0.5","section_heading":"","section_sub_heading":"","section_description":"","section_button_text":"","section_button_link":"","section_heading_color":"","section_sub_heading_color":"","section_description_color":"","section_button_bg_color":"","section_button_text_color":"","section_button_hover_bg_color":"","section_button_hover_text_color":"","heading_position":"text-center","block_banner_style":"overlay","column_gap":"56","grid":"2","border_radius":"0","enable_box_shadow":false,"equal_height":false,"content_width":"50\/50","lap_content_width":"40\/60","overlay_style_height":980,"overlay_style_height_laptop":650,"overlay_style_height_mobile":400,"custom_class_name":"custom-demo5-overlay"}},"16547599028525190f":{"type":"home-product-carousel","blocks":{"d0fa5605-6c25-4d86-b462-f661cef171aa":{"type":"banner","settings":{"show_image":false,"block_title":"Stylish Collection","block_sub_title":"Kid's Collection","block_description":"","block_button_text":"Shop More","block_button_link":"shopify:\/\/collections\/best-sellers-demo-6","block_banner_style":"grid","block_text_align":"text-center","grid_banner_box_shadow":false,"grid_banner_border_radius":"0","overlay_style_height":"400","content_position":"center","grid_banner_heading_color":"","grid_banner_sub_heading_color":"","grid_banner_description_color":"","grid_banner_button_bg_color":"","grid_banner_button_text_color":"","grid_banner_button_hover_bg_color":"","grid_banner_button_hover_text_color":"","grid_banner_content_bg":"rgba(0,0,0,0)","enable_tilte_bg":true,"grid_banner_heading_bg":"#fcded6","banner_image_overlay_style":"with-overlay","banner_image_overlay_color":"","banner_image_overlay_opacity":"0.5","banner_image_rotation_degree":"180"}}},"block_order":["d0fa5605-6c25-4d86-b462-f661cef171aa"],"settings":{"full":true,"spacing_both_ends":true,"padding":"0,0","margin":"90,0","show_background_image":false,"background_style":"none","background_size":"auto","enable_overlay":false,"background_color":"","overlay_transparency":"0.5","section_heading":"","section_sub_heading":"","section_description":"","section_button_text":"","section_button_link":"","section_heading_color":"","section_sub_heading_color":"","section_description_color":"","section_button_bg_color":"","section_button_text_color":"","section_button_hover_bg_color":"","section_button_hover_text_color":"","heading_position":"text-start","grouped_content_bg":"","grouped_column_gap":"30","grouped_content_padding":"0","group_border_radius":"","enable_group_box_shadow":false,"reverse_column":false,"content_width":"25\/75","lap_content_width":"40\/60","additional_block_background_color":"","additional_block_box_shadow":false,"additional_content_padding":"0","additional_block_border_radius":"0","enable_main_content":true,"main_block_background_color":"","enable_main_block_box_shadow":false,"main_block_border_radius":"0","main_content_padding":"0","collection":"hot-deals-demo-6","column_gap":"52","border_radius":"0","enable_list_view":false,"grid":"2","post_limit":2,"enable_slider":true,"items_per_view":3,"items_laptop_view":2,"items_tablet_view":2,"items_mobile_view":1,"enable_center_mode":false,"rows":1,"slider_autoplay":0,"enable_auto_height":false,"dots":false,"carousel_pagination_alignment":"center_pagination","carousel_pagination_bottom_alignment":"outside_element","arrows":true,"nav_arrow_position":"navigation-top-right","center_nav_arrow_alignment":"inside_container","navigation_button_color":"","navigation_button_icon_color":"#000000","navigation_button_hover_color":"","navigation_button_hover_icon_color":"#000000","navigation_dot_color":"","navigation_dot_active_color":"","enable_section_collection_button_text":false,"section_collection_button_text":"","section_collection_link":"","custom_class_name":"custom-product-carosual demo5"}},"165528562091f317bf":{"type":"home-testimonial","blocks":{"165528562093127902-0":{"type":"content","settings":{"quote":"<p>Vehicula ipsum a arcu cursus vitae congue sagittis id consectetur purus ut faucibus vestibulum rhoncus est pellentesque elit ullamcorper dignissim cras iaculis eu non diam phasellus vestibulum lacus vel facilisis volutpat massa sapien faucibus et molestie ac est.<\/p>","icon":"shopify:\/\/shop_images\/test02.jpg","author":"Lora Thomas","job":"Saturday, Jully 30,2022","star":"5"}},"8bcd1f7a-7d6a-4afa-aad8-8519825b639e":{"type":"content","settings":{"quote":"<p>Mauris commodo quis purus in mollis nunc sed id semper risus consectetur adipiscing elit, sed do eiusmod tempor incididunt ut labore et dolore magna aliqua viverra mauris in aliquam sem fringilla tellus elementum sagittis vitae et leoin nibh mauris cursus mattis molestie a.<\/p>","icon":"shopify:\/\/shop_images\/test03.jpg","author":"Angel Josep","job":"Saturday, Jully 30,2022","star":"4"}},"b9b6ee44-310f-4256-850c-97742f44abfd":{"type":"content","settings":{"quote":"<p>Ut aliquam purus sit amet luctus venenatis lectus magna posuere ac ut consequat semper eget lorem dolor sed viverra ipsum molestie at elementum eu facilisis sed viverra accumsan in nisl nisi scelerisque eu ullamcorper dignissim cras tincidunt lobortis feugiat morbi tristique senectus et netus et malesuada fames ac.<\/p>","icon":"shopify:\/\/shop_images\/test01.jpg","author":"George","job":"Friday, Jully 29,2022","star":"4.5"}}},"block_order":["165528562093127902-0","8bcd1f7a-7d6a-4afa-aad8-8519825b639e","b9b6ee44-310f-4256-850c-97742f44abfd"],"settings":{"full":true,"spacing_both_ends":true,"padding":"0,0","margin":"60,0","show_background_image":false,"background_style":"none","background_size":"auto","enable_overlay":false,"background_color":"","overlay_transparency":"0.5","section_heading":"","section_sub_heading":"","section_description":"","section_button_text":"","section_button_link":"","section_heading_color":"","section_sub_heading_color":"","section_description_color":"","section_button_bg_color":"","section_button_text_color":"","section_button_hover_bg_color":"","section_button_hover_text_color":"","heading_position":"text-center","grid":"1","block_style":"style_3","boxed_styles":"overall_boxed","enable_box_shadow":false,"reverse_column":false,"text_position":"text-center","quote_icon":"shopify:\/\/shop_images\/quote-icon.png","quote_style":"quote-icon-in-content","author_info_style":"style_2","border_radius":"50%","boxed_border_radius":"0","column_gap":"30","content_width":"30\/70","lap_content_width":"20\/80","vertical_position":"vertical-top","testimonial_border_color":"","testimonial_background_color":"#f4f4f4","testimonial_content_color":"#000000","testimonial_review_color":"linear-gradient(180deg, rgba(245, 149, 9, 1) 1%, rgba(255, 192, 2, 1) 100%)","testimonial_author_text_color":"#000000","testimonial_author_designation_color":"#000000","testimonial_author_separator_color":"","testimonial_quote_icon_color":"#000000","enable_slider":true,"enable_auto_height":true,"items_per_view":1,"items_laptop_view":1,"items_tablet_view":1,"items_mobile_view":1,"enable_center_mode":false,"slider_autoplay":0,"dots":false,"carousel_pagination_alignment":"center_pagination","carousel_pagination_bottom_alignment":"outside_element","arrows":true,"nav_arrow_position":"navigation-top-right","center_nav_arrow_alignment":"outside_container","navigation_button_color":"","navigation_button_icon_color":"#000000","navigation_button_hover_color":"","navigation_button_hover_icon_color":"#000000","navigation_dot_color":"","navigation_dot_active_color":"","show_right_block_image":true,"right_block_image":"shopify:\/\/shop_images\/grid07.jpg","custom_class_name":"custom-testimonial"}},"1654676858d946e20b":{"type":"home-image-gallery","blocks":{"165467685865eb3b00-0":{"type":"image_image","settings":{"image":"shopify:\/\/shop_images\/insta01_d6586ac9-f97d-4a70-808b-5f9cb6e8983f.jpg","icon_class":"fa fa-instagram","overlay_title":"","link":"\/"}},"165467685865eb3b00-1":{"type":"image_image","settings":{"image":"shopify:\/\/shop_images\/insta02_1a3973f5-014c-44a9-919b-08816b47a09e.jpg","icon_class":"fa fa-instagram","overlay_title":"","link":"\/"}},"165467685865eb3b00-2":{"type":"image_image","settings":{"image":"shopify:\/\/shop_images\/insta03_7f7c9c27-7d65-4aae-a265-8274e6a80b9d.jpg","icon_class":"fa fa-instagram","overlay_title":"","link":"\/"}},"165467685865eb3b00-3":{"type":"image_image","settings":{"image":"shopify:\/\/shop_images\/insta05_277141ac-1ee3-4c4e-a13a-5db51246eed5.jpg","icon_class":"fa fa-instagram","overlay_title":"","link":"\/"}},"165467685865eb3b00-4":{"type":"image_image","settings":{"image":"shopify:\/\/shop_images\/insta04_474556ff-a134-41ad-91e4-c4ea4cd23dea.jpg","icon_class":"fa fa-instagram","overlay_title":"","link":"\/"}},"898e5675-ad3d-4041-a449-b43062312c5e":{"type":"image_image","settings":{"image":"shopify:\/\/shop_images\/insta06_991910e2-b852-490f-8aab-cffbcd205117.jpg","icon_class":"fa fa-instagram","overlay_title":"","link":"\/"}}},"block_order":["165467685865eb3b00-0","165467685865eb3b00-1","165467685865eb3b00-2","165467685865eb3b00-3","165467685865eb3b00-4","898e5675-ad3d-4041-a449-b43062312c5e"],"settings":{"full":true,"spacing_both_ends":true,"padding":"0,0","margin":"100,70","show_background_image":false,"background_style":"none","background_size":"auto","enable_overlay":false,"background_color":"","overlay_transparency":"0.5","section_heading":"@Yourinstagram","section_sub_heading":"Follows us","section_description":"","section_button_text":"","section_button_link":"","section_heading_color":"","section_sub_heading_color":"","section_description_color":"","section_button_bg_color":"","section_button_text_color":"","section_button_hover_bg_color":"","section_button_hover_text_color":"","heading_position":"text-center","grid":"5","column_gap":"15","image_list_text":"Insta Feed","enable_overlay_content":true,"item_height":310,"item_height_laptop":310,"item_height_tab":310,"item_height_mobile":310,"image_link_text_color":"#e6e6e6","image_link_hover_text_color":"","image_overlay_icon_color":"","image_overlay_color":"","icon_size":"24","enable_slider":true,"remove_button_space":false,"enable_auto_height":true,"items_per_view":5,"items_laptop_view":4,"items_tablet_view":3,"items_mobile_view":1,"enable_center_mode":false,"slider_autoplay":5,"dots":false,"carousel_pagination_alignment":"center_pagination","arrows":false,"nav_arrow_position":"center-navigation","center_nav_arrow_alignment":"along_with_container","navigation_button_color":"#ffffff","navigation_button_icon_color":"#000000","navigation_button_hover_color":"#000000","navigation_button_hover_icon_color":"#ffffff","navigation_dot_color":"","navigation_dot_active_color":"","custom_class_name":"custom-image-list"}}},"order":["16569963749cec2f03","1655448438ae73cc87","1657004104202c487e","16546915620b2f2d6c","165701388943372ea5","1654759336c4c7a41b","16570139020ac01d92","16547599028525190f","165528562091f317bf","1654676858d946e20b"]}