{"sections":{"1657169774c3630292":{"type":"home-grid-banner","blocks":{"16571697744878b643-0":{"type":"content","settings":{"show_image":false,"block_title":"Mini Dress Collections","underline_color":"","block_sub_title":"","block_description":"Facilisi cras fermentum odio eu feugiat","show_scroll_txt":false,"block_scroll_txt":"Scroll Text","block_button_text":"Shop Now","block_button_link":"shopify:\/\/collections\/best-sellers-demo-7","use_title_link":false,"enable_button_link_2":false,"block_button_text_2":"","block_button_link_2":"","enable_tag":false,"tag_text":"","block_text_align":"text-center","content_position":"center","reverse_column":false,"block_banner_bg":"rgba(0,0,0,0)","block_content_box_bg":"","block_heading_color":"","block_sub_heading_color":"","scroll_txt_color":"","block_description_color":"","block_button_bg_color":"","block_button_text_color":"","block_button_hover_bg_color":"","block_button_hover_text_color":"","block_button_bg_color_2":"","block_button_text_color_2":"","block_button_hover_bg_color_2":"","block_button_hover_text_color_2":"","overlay_style":"use_overlay","overlay_color":"","overlay_opacity":"0.5","rotation_degree":"180"}}},"block_order":["16571697744878b643-0"],"settings":{"full":true,"spacing_both_ends":false,"padding":"00,00","margin":"0,0","show_background_image":true,"background_image":"shopify:\/\/shop_images\/slider_45990cc2-d84a-4b07-a6bf-c31944d543bc.jpg","background_style":"fixed","background_size":"cover","enable_overlay":true,"background_color":"#fceeed","overlay_transparency":"1","section_heading":"","section_sub_heading":"","section_description":"","section_button_text":"","section_button_link":"","section_heading_color":"","section_sub_heading_color":"","section_description_color":"#000000","section_button_bg_color":"","section_button_text_color":"","section_button_hover_bg_color":"","section_button_hover_text_color":"","heading_position":"text-center","block_banner_style":"overlay","column_gap":"30","grid":"1","border_radius":"0","enable_box_shadow":false,"equal_height":false,"content_width":"50\/50","lap_content_width":"40\/60","overlay_style_height":950,"overlay_style_height_laptop":790,"overlay_style_height_mobile":400,"custom_class_name":"demo-9-custom-grid-one"}},"1657171867e688d4f5":{"type":"home-grid-banner","blocks":{"165717186717231dcd-0":{"type":"content","settings":{"show_image":false,"block_title":"Soft & Breathable Denim Collections","underline_color":"","block_sub_title":"","block_description":"Et ligula ullamcorper est sit amet malesuada proin","show_scroll_txt":false,"block_scroll_txt":"Scroll Text","block_button_text":"Shop Now","block_button_link":"shopify:\/\/collections\/hot-deals-demo-7","use_title_link":false,"enable_button_link_2":false,"block_button_text_2":"","block_button_link_2":"","enable_tag":false,"tag_text":"","block_text_align":"text-center","content_position":"center-left","reverse_column":false,"block_banner_bg":"rgba(0,0,0,0)","block_content_box_bg":"","block_heading_color":"","block_sub_heading_color":"","scroll_txt_color":"","block_description_color":"","block_button_bg_color":"","block_button_text_color":"","block_button_hover_bg_color":"","block_button_hover_text_color":"","block_button_bg_color_2":"","block_button_text_color_2":"","block_button_hover_bg_color_2":"","block_button_hover_text_color_2":"","overlay_style":"use_overlay","overlay_color":"","overlay_opacity":"0.5","rotation_degree":"180"}}},"block_order":["165717186717231dcd-0"],"settings":{"full":false,"spacing_both_ends":false,"padding":"0,0","margin":"0,0","show_background_image":true,"background_image":"shopify:\/\/shop_images\/Image-1_93290c19-07ce-4470-b9b0-b0a4c24bc6d3.jpg","background_style":"fixed","background_size":"cover","enable_overlay":true,"background_color":"#adcdd7","overlay_transparency":"1","section_heading":"","section_sub_heading":"","section_description":"","section_button_text":"","section_button_link":"","section_heading_color":"","section_sub_heading_color":"","section_description_color":"","section_button_bg_color":"","section_button_text_color":"","section_button_hover_bg_color":"","section_button_hover_text_color":"","heading_position":"text-center","block_banner_style":"overlay","column_gap":"30","grid":"1","border_radius":"0","enable_box_shadow":false,"equal_height":false,"content_width":"50\/50","lap_content_width":"40\/60","overlay_style_height":810,"overlay_style_height_laptop":690,"overlay_style_height_mobile":400,"custom_class_name":"demo-9-custom-grid-one demo-9-custom-section"}},"16571723142b5e2cfe":{"type":"home-grid-banner","blocks":{"1657172314cee65db3-0":{"type":"content","settings":{"show_image":false,"block_title":"Versatile & Perfect Blazer Collections","underline_color":"","block_sub_title":"","block_description":"Pharetra convallis posuere morbi leo urna rat velit","show_scroll_txt":false,"block_scroll_txt":"Scroll Text","block_button_text":"Shop Now","block_button_link":"shopify:\/\/collections\/new-arrivals-demo-7","use_title_link":false,"enable_button_link_2":false,"block_button_text_2":"","block_button_link_2":"","enable_tag":false,"tag_text":"","block_text_align":"text-center","content_position":"center-right","reverse_column":false,"block_banner_bg":"rgba(0,0,0,0)","block_content_box_bg":"","block_heading_color":"","block_sub_heading_color":"","scroll_txt_color":"","block_description_color":"","block_button_bg_color":"","block_button_text_color":"","block_button_hover_bg_color":"","block_button_hover_text_color":"","block_button_bg_color_2":"","block_button_text_color_2":"","block_button_hover_bg_color_2":"","block_button_hover_text_color_2":"","overlay_style":"use_overlay","overlay_color":"","overlay_opacity":"0.5","rotation_degree":"180"}}},"block_order":["1657172314cee65db3-0"],"settings":{"full":false,"spacing_both_ends":false,"padding":"0,0","margin":"0,0","show_background_image":true,"background_image":"shopify:\/\/shop_images\/image-2_72484281-7e56-474a-ab32-e6341187480c.jpg","background_style":"fixed","background_size":"cover","enable_overlay":true,"background_color":"#dfb398","overlay_transparency":"1","section_heading":"","section_sub_heading":"","section_description":"","section_button_text":"","section_button_link":"","section_heading_color":"","section_sub_heading_color":"","section_description_color":"","section_button_bg_color":"","section_button_text_color":"","section_button_hover_bg_color":"","section_button_hover_text_color":"","heading_position":"text-center","block_banner_style":"overlay","column_gap":"30","grid":"1","border_radius":"0","enable_box_shadow":false,"equal_height":false,"content_width":"50\/50","lap_content_width":"40\/60","overlay_style_height":810,"overlay_style_height_laptop":690,"overlay_style_height_mobile":400,"custom_class_name":"demo-9-custom-grid-one demo-9-custom-section"}},"1657172725ba734500":{"type":"home-grid-banner","blocks":{"1657172725e0f39d1d-0":{"type":"content","settings":{"show_image":false,"block_title":"Lightweight Jersey T-Shirt Collections","underline_color":"","block_sub_title":"","block_description":"Tempor nec feugiat nisl pretium fusce id velit ut tortor","show_scroll_txt":false,"block_scroll_txt":"Scroll Text","block_button_text":"Shop Now","block_button_link":"shopify:\/\/collections\/shop-demo-7","use_title_link":false,"enable_button_link_2":false,"block_button_text_2":"","block_button_link_2":"","enable_tag":false,"tag_text":"","block_text_align":"text-center","content_position":"center-left","reverse_column":false,"block_banner_bg":"rgba(0,0,0,0)","block_content_box_bg":"","block_heading_color":"#ffffff","block_sub_heading_color":"","scroll_txt_color":"","block_description_color":"#ffffff","block_button_bg_color":"","block_button_text_color":"#ffffff","block_button_hover_bg_color":"","block_button_hover_text_color":"#000000","block_button_bg_color_2":"","block_button_text_color_2":"","block_button_hover_bg_color_2":"","block_button_hover_text_color_2":"","overlay_style":"use_overlay","overlay_color":"","overlay_opacity":"0.5","rotation_degree":"180"}}},"block_order":["1657172725e0f39d1d-0"],"settings":{"full":false,"spacing_both_ends":false,"padding":"0,0","margin":"0,0","show_background_image":true,"background_image":"shopify:\/\/shop_images\/image-3_a753d624-c57d-448b-a3cf-2ae3229c6540.jpg","background_style":"fixed","background_size":"auto","enable_overlay":true,"background_color":"#5e5e5e","overlay_transparency":"1","section_heading":"","section_sub_heading":"","section_description":"","section_button_text":"","section_button_link":"","section_heading_color":"","section_sub_heading_color":"","section_description_color":"","section_button_bg_color":"","section_button_text_color":"","section_button_hover_bg_color":"","section_button_hover_text_color":"","heading_position":"text-center","block_banner_style":"overlay","column_gap":"30","grid":"1","border_radius":"0","enable_box_shadow":false,"equal_height":false,"content_width":"50\/50","lap_content_width":"40\/60","overlay_style_height":810,"overlay_style_height_laptop":690,"overlay_style_height_mobile":400,"custom_class_name":"demo-9-custom-grid-one demo-9-custom-section"}},"1657173077b39426ff":{"type":"home-grid-banner","blocks":{"1657173076f7626e8a-1":{"type":"content","settings":{"show_image":false,"block_title":"Fashion Handbags Collections","underline_color":"","block_sub_title":"","block_description":"Condimentum mattis pellentesque id nibh tortor id","show_scroll_txt":false,"block_scroll_txt":"Scroll Text","block_button_text":"Shop Now","block_button_link":"shopify:\/\/collections\/new-arrivals-demo-7","use_title_link":false,"enable_button_link_2":false,"block_button_text_2":"","block_button_link_2":"","enable_tag":false,"tag_text":"","block_text_align":"text-center","content_position":"center-left","reverse_column":false,"block_banner_bg":"rgba(0,0,0,0)","block_content_box_bg":"","block_heading_color":"","block_sub_heading_color":"","scroll_txt_color":"","block_description_color":"","block_button_bg_color":"","block_button_text_color":"","block_button_hover_bg_color":"","block_button_hover_text_color":"","block_button_bg_color_2":"","block_button_text_color_2":"","block_button_hover_bg_color_2":"","block_button_hover_text_color_2":"","overlay_style":"use_overlay","overlay_color":"","overlay_opacity":"0.5","rotation_degree":"180"}}},"block_order":["1657173076f7626e8a-1"],"settings":{"full":false,"spacing_both_ends":false,"padding":"0,0","margin":"0,0","show_background_image":true,"background_image":"shopify:\/\/shop_images\/image-4_718c2257-948b-444e-80a9-aff259dcbcaa.jpg","background_style":"fixed","background_size":"auto","enable_overlay":true,"background_color":"#efeeee","overlay_transparency":"1","section_heading":"","section_sub_heading":"","section_description":"","section_button_text":"","section_button_link":"","section_heading_color":"","section_sub_heading_color":"","section_description_color":"","section_button_bg_color":"","section_button_text_color":"","section_button_hover_bg_color":"","section_button_hover_text_color":"","heading_position":"text-center","block_banner_style":"overlay","column_gap":"30","grid":"1","border_radius":"0","enable_box_shadow":false,"equal_height":false,"content_width":"50\/50","lap_content_width":"40\/60","overlay_style_height":800,"overlay_style_height_laptop":650,"overlay_style_height_mobile":400,"custom_class_name":"demo-9-custom-grid-one demo-9-custom-section"}},"1657173436cada0f97":{"type":"home-grid-banner","blocks":{"16571734352f858b35-0":{"type":"content","settings":{"show_image":false,"block_title":"Dermatologists Approved Products","underline_color":"","block_sub_title":"","block_description":"Elementum integer enim neque are sit volutpat ac","show_scroll_txt":false,"block_scroll_txt":"Scroll Text","block_button_text":"Shop Now","block_button_link":"shopify:\/\/collections\/best-sellers-demo-7","use_title_link":false,"enable_button_link_2":false,"block_button_text_2":"","block_button_link_2":"","enable_tag":false,"tag_text":"","block_text_align":"text-center","content_position":"center","reverse_column":false,"block_banner_bg":"rgba(0,0,0,0)","block_content_box_bg":"","block_heading_color":"","block_sub_heading_color":"","scroll_txt_color":"","block_description_color":"","block_button_bg_color":"","block_button_text_color":"","block_button_hover_bg_color":"","block_button_hover_text_color":"","block_button_bg_color_2":"","block_button_text_color_2":"","block_button_hover_bg_color_2":"","block_button_hover_text_color_2":"","overlay_style":"use_overlay","overlay_color":"","overlay_opacity":"0.5","rotation_degree":"180"}}},"block_order":["16571734352f858b35-0"],"settings":{"full":false,"spacing_both_ends":false,"padding":"0,0","margin":"0,-100","show_background_image":true,"background_image":"shopify:\/\/shop_images\/image-5_69a0ebc0-963d-4152-a8a3-39ae95854554.jpg","background_style":"fixed","background_size":"cover","enable_overlay":true,"background_color":"#ffd2ec","overlay_transparency":"0.5","section_heading":"","section_sub_heading":"","section_description":"","section_button_text":"","section_button_link":"","section_heading_color":"","section_sub_heading_color":"","section_description_color":"","section_button_bg_color":"","section_button_text_color":"","section_button_hover_bg_color":"","section_button_hover_text_color":"","heading_position":"text-center","block_banner_style":"overlay","column_gap":"30","grid":"1","border_radius":"0","enable_box_shadow":false,"equal_height":false,"content_width":"50\/50","lap_content_width":"40\/60","overlay_style_height":800,"overlay_style_height_laptop":660,"overlay_style_height_mobile":400,"custom_class_name":"demo-9-custom-grid-one demo-9-custom-section"}}},"order":["1657169774c3630292","1657171867e688d4f5","16571723142b5e2cfe","1657172725ba734500","1657173077b39426ff","1657173436cada0f97"]}