{"sections":{"main":{"type":"contact","settings":{"full":false,"spacing_both_ends":false,"padding":"0,0","margin":"0,0","section_heading":"","section_sub_heading":"","section_description":"","section_button_text":"","section_button_link":"","section_heading_color":"","section_sub_heading_color":"","section_description_color":"","section_button_bg_color":"","section_button_text_color":"","section_button_hover_bg_color":"","section_button_hover_text_color":"","heading_position":"text-center","contact_layout":"left_iconblock_form_inline","enable_gmap":true,"contact_iframe_code":"<iframe src=\"https:\/\/www.google.com\/maps\/embed?pb=!1m16!1m12!1m3!1d3911.0983612309988!2d79.68998439083622!3d11.400401779899118!2m3!1f0!2f0!3f0!3m2!1i1024!2i768!4f13.1!2m1!1sclothing%20stores!5e0!3m2!1sen!2sin!4v1644234584032!5m2!1sen!2sin\" width=\"100%\" height=\"500\" style=\"border:0;\" allowfullscreen=\"\" loading=\"lazy\"><\/iframe>","enable_contact_info":true,"contact_bg1_color":"#faf6d2","contact_bg2_color":"#fcded6","icontactheading_color":"","contacticon_bg_color":"#d6a6ad","contacticon_color":"#ffffff","contact_text_color":"#000000","contact_link":"#c95287","contacticonhover_color":"#000000","contact_module_address":true,"contact_module_address_title":"Main Office - USA","contact_module_address1":"No: 58 A, East Madison Street,","contact_module_address2":"Baltimore, MD, USA 4508","contact_module_email1":"mail@example.com","contact_phone1":"<b>Toll-Free: <\/b> 000 - 123 - 456789","contact_module_address_two":true,"contact_module_address_two_title":"Regional Office - USA","contact_module_address3":"No: 58 A, East Madison Street,","contact_module_address4":"Baltimore, MD, USA 4508","contact_module_email2":"support@example.com","contact_phone2":"<b>Fax: <\/b> 000 - 123 - 456789","show_after_image":false,"show_before_image":false,"enable_contact_form":true,"contact_form_title":"CONTACT FORM"}},"16564869650c99ff0b":{"type":"home-support-block","blocks":{"7480fffb-5d0d-43c6-9083-215986ab2cdb":{"type":"icon","settings":{"icon":"shopify:\/\/shop_images\/Vector_Smart_Object.png","title":"Free Delivery","desc":"Free Delivery On All Orders","link_text":"View More","link":"","text_underline_color":"","icon_bg_color":"#ffd6db"}},"5c186eb1-126e-4214-8d2b-4edc714f0da8":{"type":"icon","settings":{"icon":"shopify:\/\/shop_images\/Vector_Smart_Object1.png","title":"Easy Returns","desc":"Easy Exchange Policies","link_text":"View More","link":"","text_underline_color":"","icon_bg_color":"#f3c0d7"}},"fdb25d38-d483-4892-930d-2d218f05f086":{"type":"icon","settings":{"icon":"shopify:\/\/shop_images\/Vector_Smart_Object3.png","title":"Secure Shop","desc":"Safety Measures For All Products","link_text":"View More","link":"","text_underline_color":"","icon_bg_color":"#fcded6"}},"05f69733-2ada-47b7-9323-5b584988a643":{"type":"icon","settings":{"icon":"shopify:\/\/shop_images\/Vector_Smart_Object2.png","title":"High Quality","desc":"Online Support for 24 Hours","link_text":"View More","link":"","text_underline_color":"","icon_bg_color":"#bee1e6"}}},"block_order":["7480fffb-5d0d-43c6-9083-215986ab2cdb","5c186eb1-126e-4214-8d2b-4edc714f0da8","fdb25d38-d483-4892-930d-2d218f05f086","05f69733-2ada-47b7-9323-5b584988a643"],"settings":{"full":true,"spacing_both_ends":true,"padding":"100,50","margin":"80,-100","show_background_image":false,"background_style":"none","background_size":"auto","enable_overlay":true,"background_color":"#f4c1d7","overlay_transparency":"0.25","section_heading":"","section_sub_heading":"","section_description":"","section_button_text":"","section_button_link":"","section_heading_color":"","section_sub_heading_color":"","section_description_color":"","section_button_bg_color":"","section_button_text_color":"","section_button_hover_bg_color":"","section_button_hover_text_color":"","heading_position":"text-center","text_position":"text-start","block_style":"default-style","grid":"4","enable_grid_style":false,"vertical_position":"position-default","reverse_column":false,"border_radius":"20px","icon_border_radius":"0px","enable_box_shadow":false,"block_icon_outer_size":"100px","block_icon_size":"50px","slide_on_mobile":true,"block_border_color":"","block_bg":"","block_icon_bg":"","block_icon_border_color":"","block_heading_color":"","block_description_color":"","block_button_bg_color":"","block_button_text_color":"","block_button_hover_bg_color":"","block_button_hover_text_color":"","custom_class_name":"custom_support_block"}}},"order":["main","16564869650c99ff0b"]}