{"sections":{"16498409959286f644":{"type":"section-slideshow-v1","blocks":{"164984099434e863c0-0":{"type":"slideshow","settings":{"select_position_content":"center","select_textalign_content":"center","block_title_top1":"Style Destination","color_block_title_top1":"#e5e5e5","effect_title1":"bounce","block_title_top":"Basic Collection","color_block_title_top":"#ffffff","effect_title":"bounce","block_title_top2":"Aliqua id fugiat nostrud irure ex duis ea quis id quis ad et. <br>Sunt qui esse pariatur duis deserunt","color_block_title_top2":"#e5e5e5","effect_title2":"bounce","block_buton":"SHOP NOW","color_block_button":"#ffffff","color_border_button":"#ffffff","bg_button":"","color_hover_button":"#ffffff","color_hover_text":"#000000","block_url":"shopify:\/\/collections\/all","effect_title3":"bounce","ena_slide_video":false,"url_ytb_video":"","block_banerimage":"shopify:\/\/shop_images\/s12.jpg"}},"164984099434e863c0-1":{"type":"slideshow","settings":{"select_position_content":"center","select_textalign_content":"center","block_title_top1":"Style Destination","color_block_title_top1":"#e5e5e5","effect_title1":"bounce","block_title_top":"makeup brushes","color_block_title_top":"#ffffff","effect_title":"bounce","block_title_top2":"Aliqua id fugiat nostrud irure ex duis ea quis id quis ad et. <br>Sunt qui esse pariatur duis deserunt","color_block_title_top2":"#e5e5e5","effect_title2":"bounce","block_buton":"SHOP NOW","color_block_button":"#ffffff","color_border_button":"#ffffff","bg_button":"","color_hover_button":"#ffffff","color_hover_text":"#000000","block_url":"shopify:\/\/collections\/all","effect_title3":"bounce","ena_slide_video":false,"url_ytb_video":"","block_banerimage":"shopify:\/\/shop_images\/s13.jpg"}}},"block_order":["164984099434e863c0-0","164984099434e863c0-1"],"settings":{"margin_top":"","margin_bottom":""}},"1649840999803bce91":{"type":"section-banner-v10","settings":{"img_banner1":"shopify:\/\/shop_images\/ba26.jpg","url_banner1":"shopify:\/\/collections\/all","title_1":"Glow Everyday","sub-title1":"Daily Essentials","button_1":"SHOP NOW","url_button1":"shopify:\/\/collections\/all","img_banner2":"shopify:\/\/shop_images\/ba27.jpg","url_banner2":"shopify:\/\/collections\/all","title_2":"Hair & Body","sub-title2":"Daily Essentials","button_2":"SHOP NOW","url_button2":"shopify:\/\/collections\/all","color_title":"#111111","color_content":"#4b4b4b","color_btn":"#000000","bg_btn":"","color_btn_hover":"#ffffff","bg_btn_hover":"#222222","margin_top":"","margin_bottom":""}},"164984126605f63bfa":{"type":"section-product-v2","blocks":{"164984126625b488a8-1":{"type":"tab","settings":{"tab_title":"BEST SELLERS","tab_collection":"new","tab_limit":8}},"164984126625b488a8-0":{"type":"tab","settings":{"tab_title":"NEW ARRIVALS","tab_collection":"frontpage","tab_limit":8}},"164984126625b488a8-2":{"type":"tab","settings":{"tab_title":"TOP RATES","tab_collection":"new-1","tab_limit":8}}},"block_order":["164984126625b488a8-1","164984126625b488a8-0","164984126625b488a8-2"],"settings":{"margin_top":"","margin_bottom":"","title_heading":"Our Best Seller","color_title":"#222222"}},"1649841317bb5b2a9e":{"type":"section-collection-v1","blocks":{"16498413174b4eb24a-0":{"type":"colection","settings":{"brand_img":"shopify:\/\/shop_images\/ba21.jpg","title_collection":"New Collection","brand_url":"shopify:\/\/collections\/all"}},"16498413174b4eb24a-2":{"type":"colection","settings":{"brand_img":"shopify:\/\/shop_images\/ba22.jpg","title_collection":"New Collection","brand_url":"shopify:\/\/collections\/all"}},"16498413174b4eb24a-1":{"type":"colection","settings":{"brand_img":"shopify:\/\/shop_images\/ba25.jpg","title_collection":"New Collection","brand_url":"shopify:\/\/collections\/all"}},"16498413174b4eb24a-3":{"type":"colection","settings":{"brand_img":"shopify:\/\/shop_images\/ba24.jpg","title_collection":"New Collection","brand_url":"shopify:\/\/collections\/all"}},"16498413174b4eb24a-4":{"type":"colection","settings":{"brand_img":"shopify:\/\/shop_images\/ba23.jpg","title_collection":"New Collection","brand_url":"shopify:\/\/collections\/all"}}},"block_order":["16498413174b4eb24a-0","16498413174b4eb24a-2","16498413174b4eb24a-1","16498413174b4eb24a-3","16498413174b4eb24a-4"],"settings":{"bg_section":"#f5f5f5","title_heading":"Visit Our Store","color_title":"#000000","bg_heading":"#45bf61","margin_top":"","margin_bottom":""}},"164984256164308633":{"type":"section-product-v1","settings":{"title_heading":"Hot Deal","color_title":"#222222","sub-title1":"Don't Miss Today's Featured Deals","select_collection":"frontpage","products_limit":4,"margin_top":"","margin_bottom":""}},"1649842582fc4a04d0":{"type":"section-blog-v3","settings":{"section_title":"Our Blog","color_title":"#000000","select_blog":"news","blogs_limit":2,"enable_description":true,"button_name":"Read More","margin_top":"","margin_bottom":""}},"1649842642d1c405a6":{"type":"section-newsletter-v1","settings":{"select_style":"style_1","select_width":"full","style_bg":"color","bg_color":"#ebb9a8","bg_color_newletter":"","bg_color_inputnewletter":"","border_color_newletter":"#ffffff","url_banner":"shopify:\/\/collections\/all","title_newletter":"GET UPDATE","color_title":"#ffffff","content_newletter":"Subscribe our newsletter and get<br>discount 30% off","color_content":"#ffffff","margin_top":"","margin_bottom":""}}},"order":["16498409959286f644","1649840999803bce91","164984126605f63bfa","1649841317bb5b2a9e","164984256164308633","1649842582fc4a04d0","1649842642d1c405a6"]}