{"sections":{"contact_template_v2":{"type":"contact-template-v2","blocks":{"c0a16eb4-9d0c-47dc-8f89-0c1e4053140c":{"type":"findget","settings":{"icon_office":"<svg xmlns=\"http:\/\/www.w3.org\/2000\/svg\" id=\"Capa_4\" x=\"0px\" y=\"0px\" viewbox=\"0 0 512 512\" style=\"enable-background:new 0 0 512 512;\" xmlns:xlink=\"http:\/\/www.w3.org\/1999\/xlink\" xml:space=\"preserve\"> <g> <g> <path d=\"M256,0C156.748,0,76,80.748,76,180c0,33.534,9.289,66.26,26.869,94.652l142.885,230.257    c2.737,4.411,7.559,7.091,12.745,7.091c0.04,0,0.079,0,0.119,0c5.231-0.041,10.063-2.804,12.75-7.292L410.611,272.22    C427.221,244.428,436,212.539,436,180C436,80.748,355.252,0,256,0z M384.866,256.818L258.272,468.186l-129.905-209.34    C113.734,235.214,105.8,207.95,105.8,180c0-82.71,67.49-150.2,150.2-150.2S406.1,97.29,406.1,180    C406.1,207.121,398.689,233.688,384.866,256.818z\"><\/path> <\/g> <\/g> <g> <g> <path d=\"M256,90c-49.626,0-90,40.374-90,90c0,49.309,39.717,90,90,90c50.903,0,90-41.233,90-90C346,130.374,305.626,90,256,90z     M256,240.2c-33.257,0-60.2-27.033-60.2-60.2c0-33.084,27.116-60.2,60.2-60.2s60.1,27.116,60.1,60.2    C316.1,212.683,289.784,240.2,256,240.2z\"><\/path> <\/g> <\/g> <g> <\/g> <g> <\/g> <g> <\/g> <g> <\/g> <g> <\/g> <g> <\/g> <g> <\/g> <g> <\/g> <g> <\/g> <g> <\/g> <g> <\/g> <g> <\/g> <g> <\/g> <g> <\/g> <g> <\/g> <\/svg>","block_textheading":"Address","block_texticon":"Click the icon in the bottom right of the page to talk to our agents during business hours. At other times we will respond as soon as possible."}},"915f7eee-0441-4a4d-bfd1-ec9690a87aae":{"type":"findget","settings":{"icon_office":"<svg xmlns=\"http:\/\/www.w3.org\/2000\/svg\" id=\"Capa_1\" height=\"512\" viewbox=\"0 0 512 512\" width=\"512\"><g><path d=\"m416.303 242.244-72.456-72.457v-124.787c0-24.813-20.187-45-45-45h-196c-24.813 0-45 20.187-45 45v422c0 24.813 20.187 45 45 45h306c7.146 0 13.299-5.04 14.706-12.046l27.953-139.147c8.732-43.466-4.428-87.788-35.203-118.563zm-313.456-212.244h196c8.271 0 15 6.729 15 15v193.479c-18.398-18.146-47.955-18.046-66.228.226-18.311 18.281-18.399 47.958-.122 66.359l57.456 59.733c-12.456 9.296-28.592 25.521-40.18 52.203h-176.926v-372c0-8.271 6.728-15 15-15zm-15 437v-20h167.229c-2.378 10.518-4.06 22.148-4.801 35h-147.428c-8.272 0-15-6.729-15-15zm334.247-112.102-25.533 127.102c-24.121 0-91.451 0-116.216 0 2.163-31.861 11.334-58.562 26.846-77.835 12.86-15.979 25.954-21.708 26.997-22.146 9.815-3.513 13.323-16.253 5.47-24.417-70.924-73.736-70.706-73.512-70.834-73.638-6.588-6.588-6.692-17.355 0-24.037 6.613-6.612 17.362-6.63 23.997-.049 31.711 32.436 16.291 16.871 71.785 72.364 5.857 5.858 15.355 5.859 21.213 0 5.858-5.858 5.858-15.355 0-21.213l-41.972-41.971v-56.844l51.243 51.243c23.658 23.658 33.754 57.842 27.004 91.441z\"><\/path><\/g><\/svg>","block_textheading":"Phone","block_texticon":"+41 71 227 76 90"}},"286be55d-ca53-46a2-aebd-08a9e376c7f7":{"type":"findget","settings":{"icon_office":"<svg xmlns=\"http:\/\/www.w3.org\/2000\/svg\" id=\"Capa_1\" x=\"0px\" y=\"0px\" viewbox=\"0 0 477.867 477.867\" style=\"enable-background:new 0 0 477.867 477.867;\" xmlns:xlink=\"http:\/\/www.w3.org\/1999\/xlink\" xml:space=\"preserve\"> <g> <g> <path d=\"M460.8,68.267H17.067C7.641,68.267,0,75.908,0,85.333v307.2c0,9.426,7.641,17.067,17.067,17.067H460.8    c9.426,0,17.067-7.641,17.067-17.067v-307.2C477.867,75.908,470.226,68.267,460.8,68.267z M432.811,102.4L238.933,251.529    L45.056,102.4H432.811z M443.733,375.467h-409.6V137.062L228.54,286.6c6.13,4.707,14.657,4.707,20.787,0l194.406-149.538V375.467z    \"><\/path> <\/g> <\/g> <g> <\/g> <g> <\/g> <g> <\/g> <g> <\/g> <g> <\/g> <g> <\/g> <g> <\/g> <g> <\/g> <g> <\/g> <g> <\/g> <g> <\/g> <g> <\/g> <g> <\/g> <g> <\/g> <g> <\/g> <\/svg>","block_textheading":"Email","block_texticon":"help@example.com"}},"a97700e7-c17f-416a-9d7b-fb94d025e180":{"type":"findget","settings":{"icon_office":"<svg xmlns=\"http:\/\/www.w3.org\/2000\/svg\" id=\"Capa_1\" x=\"0px\" y=\"0px\" viewbox=\"0 0 512 512\" style=\"enable-background:new 0 0 512 512;\" xmlns:xlink=\"http:\/\/www.w3.org\/1999\/xlink\" xml:space=\"preserve\"> <g> <g> <path d=\"M256,0C114.845,0,0,114.839,0,256s114.845,256,256,256c141.161,0,256-114.839,256-256S397.155,0,256,0z M256,474.628    C135.45,474.628,37.372,376.55,37.372,256S135.45,37.372,256,37.372s218.628,98.077,218.628,218.622    C474.628,376.55,376.55,474.628,256,474.628z\"><\/path> <\/g> <\/g> <g> <g> <path d=\"M343.202,256h-80.973V143.883c0-10.321-8.365-18.686-18.686-18.686s-18.686,8.365-18.686,18.686v130.803    c0,10.321,8.365,18.686,18.686,18.686h99.659c10.321,0,18.686-8.365,18.686-18.686S353.523,256,343.202,256z\"><\/path> <\/g> <\/g> <g> <\/g> <g> <\/g> <g> <\/g> <g> <\/g> <g> <\/g> <g> <\/g> <g> <\/g> <g> <\/g> <g> <\/g> <g> <\/g> <g> <\/g> <g> <\/g> <g> <\/g> <g> <\/g> <g> <\/g> <\/svg>","block_textheading":"Open Hours","block_texticon":"Monday to Friday 09:30 - 17:30 <br>Saturday & Sunday 10:00 - 15:00"}}},"block_order":["c0a16eb4-9d0c-47dc-8f89-0c1e4053140c","915f7eee-0441-4a4d-bfd1-ec9690a87aae","286be55d-ca53-46a2-aebd-08a9e376c7f7","a97700e7-c17f-416a-9d7b-fb94d025e180"],"settings":{"enable_map":true,"select_style_map":"style_map","link_map":"https:\/\/www.google.com\/maps\/@-37.6480895,144.939916,17z?hl=vi-VN","enable_get_find":true,"title_get_right":"Send us an message","description_get_right":"","enable_email":true,"placeholder_input_name":"Your name...","placeholder_input_mail":"Your mail...","placeholder_input_message":"Your message...","iconmail":"ti-email","button_sunmit_mail":"SEND","enable_find_left":true,"title_find_left":"Contact Us","description_find_left":"If you would like to know more about our policies, you can consult our Terms and Conditions. You will also be able to follow your order (tracking number will be provided in an e-mail after ordering). You wish to return some items? <a href=\"#\" title=\"\">Click here.<\/a>"}},"newsletter_contact_v2":{"type":"newsletter_contact_v2","settings":{"title_newletter":"SIGN UP <br>FOR NEWSLETTER","color_title":"","content_newletter":"Subscribe to the weekly newsletter for all the latest updates","color_content":"","margin_top":"","margin_bottom":""}}},"order":["contact_template_v2","newsletter_contact_v2"]}