{"sections":{"1649738899a07bc1d2":{"type":"section-slideshow-v2","blocks":{"1649738899de2f6d00-0":{"type":"slideshow","settings":{"block_banerimage_1":"shopify:\/\/shop_images\/s3.jpg","block_title_top_1":"Gentle Makeup<br> Removing Cleanser","color_block_title_top_1":"#333333","font_size_top1":65,"fonts_sub_1":"","block_content_1":"It is a long fact that a reader will be distracted","color_block_content_1":"#333333","font_size_top2":20,"fonts_sub_2":"","block_buton":"Shop now","color_block_button":"#ffffff","font_size_button":14,"fonts_button":"","color_hover_button":"#000000","bgcolor_block_button":"#000000","bgcolor_block_button_hover":"#f2f2f2","block_url":"shopify:\/\/collections\/all","block_banerimage_2":"shopify:\/\/shop_images\/s5.jpg"}},"1649738899de2f6d00-1":{"type":"slideshow","settings":{"block_banerimage_1":"shopify:\/\/shop_images\/s3.jpg","block_title_top_1":"Gentle Makeup<br> Removing Cleanser","color_block_title_top_1":"#333333","font_size_top1":65,"fonts_sub_1":"","block_content_1":"It is a long fact that a reader will be distracted","color_block_content_1":"#333333","font_size_top2":20,"fonts_sub_2":"","block_buton":"Shop now","color_block_button":"#ffffff","font_size_button":14,"fonts_button":"","color_hover_button":"#000000","bgcolor_block_button":"#000000","bgcolor_block_button_hover":"#f2f2f2","block_url":"shopify:\/\/collections\/all","block_banerimage_2":"shopify:\/\/shop_images\/s4.jpg"}}},"block_order":["1649738899de2f6d00-0","1649738899de2f6d00-1"],"settings":{"margin_top":"","margin_bottom":""}},"1649738937f2ba89a4":{"type":"section-banner-v1","settings":{"img_banner1":"shopify:\/\/shop_images\/ba8.jpg","url_banner1":"shopify:\/\/collections\/all","title_1":"eyeshadow","sub_title_banner":"It is a long fact that a reader will be distracted","url_button1":"shopify:\/\/collections\/all","img_banner2":"shopify:\/\/shop_images\/ba7.jpg","url_banner2":"shopify:\/\/collections\/all","title_2":"makeup brushes","sub_title_banner2":"It is a long fact that a reader will be distracted","url_button2":"shopify:\/\/collections\/all","img_banner3":"shopify:\/\/shop_images\/ba10.jpg","url_banner3":"shopify:\/\/collections\/all","title_3":"eyeshadow","sub_title_banner3":"It is a long fact that a reader will be distracted","url_button3":"shopify:\/\/collections\/all","color_title":"#222222","color_hover_title":"#ee7b7b","border_banner":"","margin_top":"","margin_bottom":""}},"1649904203907c3923":{"type":"section-product-v2","blocks":{"1649904203c7899f7a-0":{"type":"tab","settings":{"tab_title":"NEW ARRIVALS","tab_collection":"frontpage","tab_limit":8}},"1649904203c7899f7a-1":{"type":"tab","settings":{"tab_title":"BEST SELLERS","tab_collection":"new","tab_limit":8}},"1649904203c7899f7a-2":{"type":"tab","settings":{"tab_title":"TOP RATES","tab_collection":"new-1","tab_limit":8}}},"block_order":["1649904203c7899f7a-0","1649904203c7899f7a-1","1649904203c7899f7a-2"],"settings":{"margin_top":"","margin_bottom":"","title_heading":"Our Best Seller","color_title":"#222"}},"16497500007e33779c":{"type":"section-banner-v5","settings":{"ena_padding_top":true,"ena_container":true,"select_pos":"left","margin_top":"","margin_bottom":"","bg_banner":"#ffffff","title_banner":"Welcome to Enzani","color_title":"#000000","sub_title_banner":"Lorem ipsum dolor sit amet, consectetur adipiscing elit, sed do eiusmod tempor incididunt ut labore et dolore magna aliqua","color_sub_title":"#000000","button_banner":"SHOP NOW","color_btn":"#ffffff","bg_btn":"#000000","color_btn_hover":"#000000","url_banner":"shopify:\/\/collections\/all","img_banner_right":"shopify:\/\/shop_images\/m5-img-2.png"}},"164990423678065b06":{"type":"section-product-v1","settings":{"title_heading":"Hot Deal","color_title":"#222","sub-title1":"Don't Miss Today's Featured Deals","select_collection":"new","products_limit":4,"margin_top":"","margin_bottom":""}},"16497514731121efe9":{"type":"section-banner-v5","settings":{"ena_padding_top":true,"ena_container":true,"select_pos":"right","margin_top":"","margin_bottom":"","bg_banner":"#ffffff","title_banner":"Unwind the beauty","color_title":"#000000","sub_title_banner":"Lorem ipsum dolor sit amet, consectetur adipiscing elit, sed do eiusmod tempor incididunt ut labore et dolore magna aliqua","color_sub_title":"#000000","button_banner":"SHOP NOW","color_btn":"#ffffff","bg_btn":"#000000","color_btn_hover":"#000000","url_banner":"shopify:\/\/collections\/all","img_banner_right":"shopify:\/\/shop_images\/m5-img-3.png"}},"1649739729c857e473":{"type":"section-instagram-v3","settings":{"title_content":"#Instagram","link_insta":"#enzani","ins_userid":"","ins_access_token":"3672948962.0f64772.430edb7f711e4665b59777c54d1ed9ce","ins_limit_number":"6","item_icon":"fa fa-instagram","margin_top":"","margin_bottom":""}}},"order":["1649738899a07bc1d2","1649738937f2ba89a4","1649904203907c3923","16497500007e33779c","164990423678065b06","16497514731121efe9","1649739729c857e473"]}