[{"name":"Favicon","settings":[{"type":"image_picker","id":"favicon","label":"Favicon","info":"16 x 16px suggested"}]},{"name":"Preloader","settings":[{"type":"checkbox","id":"preloader_enable","label":"Use Preloader","default":true},{"type":"image_picker","id":"preloader","label":"Preloader gif image"}]},{"name":"Typography","settings":[{"type":"header","content":"Headings"},{"type":"font_picker","id":"header_font","label":"Font","default":"work_sans_n6"},{"type":"header","content":"Heading Font Size"},{"type":"range","id":"h1_size","label":"H1 Size","default":40,"min":14,"max":100,"step":1,"unit":"px"},{"type":"range","id":"h2_size","label":"H2 Size","default":36,"min":14,"max":100,"step":1,"unit":"px"},{"type":"range","id":"h3_size","label":"H3 Size","default":30,"min":14,"max":100,"step":1,"unit":"px"},{"type":"range","id":"h4_size","label":"H4 Size","default":24,"min":14,"max":100,"step":1,"unit":"px"},{"type":"range","id":"h5_size","label":"H5 Size","default":20,"min":14,"max":100,"step":1,"unit":"px"},{"type":"range","id":"h6_size","label":"H6 Size","default":16,"min":14,"max":100,"step":1,"unit":"px"},{"type":"header","content":"Body"},{"type":"font_picker","id":"base_font","label":"Font","default":"work_sans_n4"},{"type":"range","id":"type_base_size","label":"Font size(Desktop)","default":16,"min":14,"max":100,"step":1,"unit":"px"},{"type":"range","id":"type_base_size_tablet","label":"Font size(Tablet)","default":16,"min":14,"max":100,"step":1,"unit":"px"},{"type":"range","id":"type_base_size_tablet_mobile","label":"Font size(Mobile)","default":16,"min":14,"max":100,"step":1,"unit":"px"},{"type":"header","content":"Line Heights"},{"type":"range","id":"heading_line_height","label":"Heading line height","default":1.5,"min":1,"max":5,"step":0.1,"unit":"em"},{"type":"range","id":"body_line_height","label":"Body line height","default":1.5,"min":1,"max":5,"step":0.1,"unit":"em"},{"type":"header","content":"Additional"},{"type":"font_picker","id":"additional_font","label":"Font","default":"work_sans_n4"},{"type":"range","id":"type_additional_size","label":"Font size(Desktop)","default":14,"min":14,"max":100,"step":1,"unit":"px"},{"type":"range","id":"type_additional_size_tablet","label":"Font size(Tablet)","default":14,"min":14,"max":100,"step":1,"unit":"px"},{"type":"range","id":"type_additional_size_mobile","label":"Font size(Mobile)","default":14,"min":14,"max":100,"step":1,"unit":"px"},{"type":"header","content":"Custom Fonts"},{"type":"textarea","id":"custom_font_script_1","label":"Custom font script - Heading"},{"type":"textarea","id":"custom_font_family_1","label":"Custom font - Heading","info":"eg. 'Amatic SC', cursive;'"},{"type":"textarea","id":"custom_font_script_2","label":"Custom font script - body"},{"type":"textarea","id":"custom_font_family_2","label":"Custom font - Body","info":"eg. 'Cambay', sans-serif;'"},{"type":"textarea","id":"custom_font_script_3","label":"Custom font script - Additional"},{"type":"textarea","id":"custom_font_family_3","label":"Custom font - Addtional","info":"eg. 'Cambay', sans-serif;'"}]},{"name":"Appearance","settings":[{"type":"range","id":"container_width","label":"Container Width","default":1230,"min":1200,"max":1620,"step":5,"unit":"px"},{"type":"range","id":"lap_container_width","label":"Laptop (Small Screen) Container Width","default":1100,"min":1000,"max":1100,"step":5,"unit":"px"},{"type":"range","id":"tab_container_width","label":"Tablet Container Width","default":960,"min":640,"max":960,"step":10,"unit":"px"},{"type":"range","id":"fullwidth_gap","label":"Fullwidth Container Spacing (Right & Left)","default":4,"min":0,"max":20,"step":1,"unit":"%"},{"type":"range","id":"gutter_width","label":"Gutter Width","default":30,"min":0,"max":50,"step":1,"unit":"px"},{"type":"range","id":"overall_border_radius","label":"Overall Border Radius","default":0,"min":0,"max":30,"step":1,"unit":"px"},{"type":"text","id":"base_transitions","label":"Base Transitions","default":"all 0.3s linear"},{"type":"header","content":"Base Colors"},{"type":"color","id":"primary_color","label":"Primary Color","default":"#0e72c7"},{"type":"color","id":"secondary_color","label":"Secondary Color","default":"#003e73"},{"type":"color","id":"tertiary_color","label":"Tertiary Color","default":"#c4eeff"},{"type":"color","id":"body_bg_color","label":"Body Background","default":"#ffffff"},{"type":"color","id":"body_text_color","label":"Body Text Color","default":"#1a1a1a"},{"type":"color","id":"overlay_color","label":"Overlay Color","default":"#D8F3F5"},{"type":"color","id":"link_color","label":"Link Color","default":"#1a1a1a"},{"type":"color","id":"link_hover_color","label":"Link Hover Color","default":"#074d92"},{"type":"color","id":"heading_color","label":"Heading Color","default":"#1a1a1a"},{"type":"color","id":"border_color","label":"Border Color","default":"#e9e9e9"},{"type":"color","id":"error_color","label":"Error Color","default":"#D8000C"},{"type":"color","id":"success_color","label":"Success Msg Color","default":"#4F8A10"},{"type":"color","id":"warning_color","label":"Warning Color","default":"#9F6000"},{"type":"color","id":"info_color","label":"Info Color","default":"#31708f"},{"type":"header","content":"Product Color"},{"type":"color","id":"product_bg_color","label":"Product bg"},{"type":"color","id":"product_text_color","label":"Description Color"},{"type":"color","id":"product_title_color","label":"Title Color"},{"type":"color","id":"product_title_hover_color","label":"Title Hover Color"},{"type":"header","content":"General Buttons"},{"type":"color","id":"button_bg_color","label":"Button BG Color"},{"type":"color","id":"button_text_color","label":"Button Text Color"},{"type":"color","id":"button_bg_hover_color","label":"Button Hover BG Color"},{"type":"color","id":"button_text_hover_color","label":"Button Hover Text Color"},{"type":"color","id":"button_border_color","label":"Button Border Color"},{"type":"color","id":"button_hover_border_color","label":"Button Border Hover Color"},{"type":"range","id":"button_border_width","label":"Button Border Width","default":2,"min":0,"max":10,"step":1,"unit":"px"},{"type":"range","id":"button_border_radius","label":"Button Border Radius","default":0,"min":0,"max":100,"step":1,"unit":"px"},{"type":"text","id":"button_padding","label":"Button Padding","default":"10px 20px 10px 20px","info":"Format - Top, Right, Bottom, Left"},{"type":"header","content":"Blog Colors"},{"type":"color","id":"blog_bg_color","label":"Blog Bg Color","default":"#e9e9e9"},{"type":"color","id":"blog_link_color","label":"Link Color","default":"#1a1a1a"},{"type":"color","id":"blog_link_hover_color","label":"Link Hover Color","default":"#074d92"},{"type":"color","id":"blog_text_color","label":"Text Color","default":"#1a1a1a"},{"type":"color","id":"blog_icon_color","label":"Icon Color","default":"#074d92"},{"type":"color","id":"blog_button_bg_color","label":"Button BG Color","default":"#0e72c7"},{"type":"color","id":"blog_button_text_color","label":"Button Text Color","default":"#ffffff"},{"type":"color","id":"blog_button_bg_hover_color","label":"Button Hover BG Color","default":"#003e73"},{"type":"color","id":"blog_button_text_hover_color","label":"Button Hover Text Color","default":"#ffffff","info":"================"},{"type":"color","id":"blog_link_color_overlay","label":"Link Color (Overlay Style Only)","default":"#ffffff"},{"type":"color","id":"blog_link_hover_color_overlay","label":"Link Hover Color (Overlay Style Only)","default":"#70BDC2"},{"type":"color","id":"blog_text_color_overlay","label":"Text Color (Overlay Style Only)","default":"#ffffff"},{"type":"color","id":"blog_icon_color_overlay","label":"Icon Color (Overlay Style Only)","default":"#ffffff"},{"type":"color","id":"blog_button_bg_color_overlay","label":"Button BG Color (Overlay Style Only)","default":"#206469"},{"type":"color","id":"blog_button_text_color_overlay","label":"Button Text Color (Overlay Style Only)","default":"#ffffff"},{"type":"color","id":"blog_button_bg_hover_color_overlay","label":"Button Hover BG Color (Overlay Style Only)","default":"#70BDC2"},{"type":"color","id":"blog_button_text_hover_color_overlay","label":"Button Hover Text Color (Overlay Style Only)","default":"#ffffff"},{"type":"header","content":"Blog Settings"},{"type":"range","id":"blog_border_radius","label":"Blog Border Radius (Units not needed)","default":0,"min":0,"max":50,"step":1,"unit":"px"},{"type":"range","id":"blog_gutter_width","label":"Blog Gap (Units not needed)","default":30,"min":0,"max":50,"step":1,"unit":"px"},{"type":"header","content":"Forms"},{"type":"color","id":"form_bg","label":"Form BG Color","default":"#f7f7f7"},{"type":"color","id":"input_bg","label":"Form Input BG Color","default":"#ffffff"},{"type":"text","id":"input_padding","label":"Input Padding","default":"10px 20px 10px 20px","info":"Format - Top, Right, Bottom, Left"},{"type":"header","content":"Shadow"},{"type":"color","id":"shadow_color","label":"Box Shadow Color","default":"#bbbbbb"},{"type":"color","id":"shadow_color_light","label":"Box Shadow Color - Light","default":"#e9e9e9"},{"type":"header","content":"Title Image"},{"type":"checkbox","id":"title_image_enable","label":"Use Title Image","default":true},{"type":"image_picker","id":"title_image","label":"Pick Image"},{"type":"select","id":"title_image_position","label":"Style","default":"place_on_bottom","options":[{"value":"place_on_top","label":"Top"},{"value":"place_on_bottom","label":"Bottom"}]}]},{"name":"Breadcrumb","settings":[{"type":"checkbox","id":"use_breadcrumb","label":"Use Breadcrumb?","default":true},{"type":"image_picker","id":"breadcrumb_image"},{"type":"image_picker","id":"secondary_breadcrumb_image"},{"type":"color","id":"color_image_overlay","label":"Background","default":"#685858"},{"type":"color","id":"breadcrumb_text_color","label":"Text color","default":"#000"},{"type":"color","id":"breadcrumb_text_hover_color","label":"Text hover color","default":"#000"},{"type":"select","id":"breadcrumb_style","label":"Style","default":"center","options":[{"value":"start","label":"Left"},{"value":"center","label":"Center"},{"value":"end","label":"Right"}]},{"type":"range","id":"image_overlay_opacity","label":"Opacity","min":0,"max":99,"step":1,"unit":"%","default":40},{"type":"range","id":"breadcrumb_padding_top","label":"Padding Top","min":15,"max":150,"step":5,"unit":"px","default":40},{"type":"range","id":"breadcrumb_padding_bottom","label":"Padding Bottom","min":15,"max":150,"step":5,"unit":"px","default":40},{"type":"range","id":"breadcrumb_margin_bottom","label":"Margin Bottom","min":0,"max":100,"step":1,"unit":"px","default":40}]},{"name":"Quick Shop Options","settings":[{"type":"checkbox","id":"enable_quick_view","label":"Enable quick view","default":true},{"type":"checkbox","id":"show_product_swatches","label":"Enable swatches in quick view"},{"type":"checkbox","id":"show_quick_shop_product_link","label":"Show more view link","default":false},{"type":"checkbox","id":"show_quick_shop_desc","label":"Enable Quickview Product Description","default":false},{"type":"text","id":"quick_view_desc_truncate","label":"Words limit","default":"30","info":"The maximum number of characters for the product description"},{"type":"checkbox","id":"show_wislist","label":"Enable wishlist","default":true}]},{"name":"General Options","settings":[{"type":"checkbox","id":"enable_scroll_to_top","label":"Enable scroll to top","default":true},{"type":"checkbox","id":"collections_show_sale_circle","label":"Show product sale circle","default":true},{"type":"checkbox","id":"collections_show_sold_out_circle","label":"Show product sold out circle","default":true},{"type":"checkbox","id":"secondary_image_use","label":"Use Product Hover Image?","default":true},{"type":"checkbox","id":"offer_price_enable","label":"Enable offer %","default":true},{"type":"checkbox","id":"collections_show_new_circle","label":"Enable New tag","default":true},{"type":"checkbox","id":"display_vendor","label":"Display vendor ","default":false},{"type":"checkbox","id":"truncated_description","label":"Display product excerpt ","default":false},{"type":"text","id":"excerpt_count","label":"Words limit","default":"100","info":"The maximum number of characters for the product description"},{"type":"checkbox","id":"enable_add_cart","label":"Enable add to cart","default":true},{"type":"select","id":"item_aignment","label":"Content alignment","default":"content-left","options":[{"value":"content-left","label":"Left"},{"value":"content-right","label":"Right"},{"value":"content-center","label":"Center"}]},{"type":"select","id":"product_button_style","label":"Product button style","default":"icon","options":[{"value":"icon","label":"Icon"},{"value":"button","label":"Button"}]},{"type":"select","id":"icon_alignment","label":"Icon alignment","default":"icon-left","options":[{"value":"icon-left","label":"Left"},{"value":"icon-right","label":"Right"},{"value":"icon-center","label":"Center"},{"value":"icon-bottom","label":"Bottom"}]},{"type":"checkbox","id":"enable_compare","label":"Enable compare option","default":true},{"type":"checkbox","id":"enable_wishlist","label":"Enable wishlist","default":true},{"type":"checkbox","id":"display_color_variant","label":"Enable Color Variant","default":false},{"type":"checkbox","id":"display_item_size","label":"Enable Size Variant","default":false},{"type":"checkbox","id":"product_review","label":"Enable Product Review","default":false}]},{"name":"Sidebars","settings":[{"type":"range","id":"sidebar_width","min":200,"max":400,"step":5,"label":"Sidebar Width","default":300},{"type":"range","id":"product_gap","label":"Product gap","min":0,"max":100,"step":1,"unit":"px","default":60},{"type":"select","id":"product_page_sidebar","label":"Product Sidebar ","default":"full-width","options":[{"value":"left-sidebar","label":"Left Sidebar"},{"value":"right-sidebar","label":"Right Sidebar"},{"value":"full-width","label":"Full Width"}]},{"type":"select","id":"collection_sidebar_use","label":"Collection Sidebar","default":"left-sidebar","options":[{"value":"left-sidebar","label":"Left Sidebar"},{"value":"right-sidebar","label":"Right Sidebar"},{"value":"full-width","label":"Full Width"}]},{"type":"select","id":"blog_page_sidebar","label":"Blog Sidebar","default":"left-sidebar","options":[{"value":"left-sidebar","label":"Left Sidebar"},{"value":"right-sidebar","label":"Right Sidebar"},{"value":"full-width","label":"Full Width"}]},{"type":"checkbox","id":"collection_sidebar_mobile","label":"Enable Collection Sidebar On Mobile ?","default":false},{"type":"checkbox","id":"product_sidebar_mobile","label":"Enable Product Sidebar On Mobile ?","default":false},{"type":"header","content":"Sidebar Colors"},{"type":"color","id":"sidebar_title_bg","label":"Title Bg","default":"#f3f3f3"},{"type":"color","id":"sidebar_title_color","label":"Title Color","default":"#000000"},{"type":"color","id":"sidebar_title_border","label":"Title Border","default":"#0e72c7"}]},{"name":"Cart page","settings":[{"type":"checkbox","id":"cart_notes_enable","label":"Enable order notes"},{"type":"select","id":"ajax_cart_method","label":"Cart type","options":[{"value":"drawer","label":"Drawer"},{"value":"page","label":"Page"}]}]},{"name":"Search","settings":[{"type":"header","content":"Search result page pagination"},{"type":"select","id":"search_grid","label":"Search per row (grid only)","default":"4","options":[{"value":"1","label":"1"},{"value":"2","label":"2"},{"value":"3","label":"3"},{"value":"4","label":"4"},{"value":"5","label":"5"},{"value":"6","label":"6"}]},{"type":"select","id":"search_results_per_page","label":"Products per page","default":"12","options":[{"value":"8","label":"8"},{"value":"12","label":"12"},{"value":"24","label":"24"},{"value":"36","label":"36"},{"value":"100","label":"100"}]}]},{"name":"Product Deal Timer","settings":[{"type":"checkbox","id":"enable_timer","label":"Enable Timer"},{"type":"text","id":"timer_heading","label":"Heading","default":"Deal end soon"},{"type":"textarea","id":"timer","label":"Set timer","info":"Product_ID@Time_end(month-day-Year_Hour:Minute:Second). Example: 421783601@10\/24\/2015_00:00:00 421783565@11\/24\/2015_00:00:00 421783465@12\/24\/2015_00:00:00"},{"type":"color","id":"timer_button_bg","label":"Background color","default":"#000"},{"type":"color","id":"timer_text_color","label":"Text color","default":"#fff"}]},{"name":"Social media","settings":[{"type":"header","content":"Accounts"},{"type":"text","id":"social_twitter_link","label":"Twitter","info":"https:\/\/twitter.com\/shopify"},{"type":"text","id":"social_facebook_link","label":"Facebook","info":"https:\/\/www.facebook.com\/shopify"},{"type":"text","id":"social_pinterest_link","label":"Pinterest","info":"https:\/\/www.pinterest.com\/shopify"},{"type":"text","id":"social_google_plus_link","label":"Google+","info":"https:\/\/plus.google.com\/+shopify"},{"type":"text","id":"social_instagram_link","label":"Instagram","info":"https:\/\/instagram.com\/shopify"},{"type":"text","id":"social_tumblr_link","label":"Tumblr","info":"http:\/\/shopify.tumblr.com"},{"type":"text","id":"social_youtube_link","label":"YouTube","info":"https:\/\/www.youtube.com\/user\/shopify"},{"type":"text","id":"social_vimeo_link","label":"Vimeo","info":"https:\/\/vimeo.com\/shopify"},{"type":"text","id":"social_fancy_link","label":"Fancy","info":"http:\/\/fancy.com\/shopify"},{"type":"text","id":"social_rss_link","label":"RSS","info":"http:\/\/store.myshopify.com\/blogs\/blogname.atom"},{"type":"text","id":"social_linkedin_link","label":"Linked In","info":"http:\/\/linkedin.com\/shopify"},{"type":"header","content":"Sharing"},{"type":"checkbox","id":"social_sharing_blog","label":"Enable blog post sharing"},{"type":"checkbox","id":"social_sharing_count","label":"Show number of shares","info":"Available for Facebook, Twitter, and Pinterest"},{"type":"checkbox","id":"share_facebook","label":"Share on Facebook"},{"type":"checkbox","id":"share_twitter","label":"Tweet on Twitter"},{"type":"checkbox","id":"share_pinterest","label":"Pin on Pinterest"},{"type":"checkbox","id":"share_google","label":"+1 on Google Plus"}]},{"name":"Shipping Rates Calculator","settings":[{"type":"select","id":"shipping_calculator","label":"Show the shipping calculator?","options":[{"value":"Disabled","label":"No"},{"value":"Enabled","label":"Yes"}],"default":"Enabled"},{"type":"text","id":"shipping_calculator_heading","label":"Heading text","default":"Get shipping estimates"},{"type":"text","id":"shipping_calculator_default_country","label":"Default country selection","default":"United States"},{"type":"paragraph","content":"If your customer is logged-in, the country in his default shipping address will be selected. If you are not sure about the  spelling to use here, refer to the first checkout page."},{"type":"text","id":"shipping_calculator_submit_button_label","label":"Submit button label","default":"Calculate shipping"},{"type":"text","id":"shipping_calculator_submit_button_label_disabled","label":"Submit button label when calculating","default":"Calculating..."}]},{"name":"Password Page","settings":[{"type":"color","id":"password_bg_color","label":"Background color","default":"#D8F3F5"},{"type":"image_picker","id":"password_bg_img","label":"Background Image"},{"type":"image_picker","id":"password_logo","label":"Logo\/Image"},{"type":"color","id":"logo_txt_color","label":"Logo Text Color","default":"#206469"},{"type":"text","id":"pwd_header","label":"Heading","default":"Opening Soon"},{"type":"color","id":"pwd_header_color","label":"Heading Color","default":"#206469"},{"type":"checkbox","id":"pwd_show_share_buttons","label":"Show social sharing buttons","default":true},{"type":"text","id":"pwd_social_message","label":"Social sharing buttons heading","default":"Spread the word"},{"type":"checkbox","id":"pwd_newsletter_enable","label":"Show newsletter signup","default":true},{"type":"text","id":"pwd_newsletter_form_heading","label":"Newsletter form heading","default":"Be the first to know when we launch.","info":"[Tell your visitors about a launch day discount](https:\/\/www.shopify.ca\/blog\/15514000-14-ways-to-use-offers-coupons-discounts-and-deals-to-drive-revenue-and-customer-loyalty)."},{"type":"color","id":"pwd_newsletter_form_heading_clr","label":"Form Heading Color","default":"#206469"},{"type":"color","id":"pwd_newsletter_inpt_bg","label":"Input Bg Color","default":"#206469"},{"type":"color","id":"pwd_newsletter_btn_bg","label":"Button Bg Color","default":"#206469"},{"type":"color","id":"pwd_newsletter_btn_txt","label":"Button Text Color","default":"#ffffff"},{"type":"color","id":"pwd_newsletter_btn_hoverbg","label":"Button Hover Bg Color","default":"#70bdc2"},{"type":"color","id":"pwd_newsletter_btn_hovertxt","label":"Button Hover Text Color","default":"#ffffff"},{"type":"color","id":"pwd_placeholder_txt","label":"Placeholder Text Color","default":"#70bdc2"},{"type":"text","id":"pwd_newsletter_placeholder","label":"Newsletter placeholder text","default":"Email address"},{"type":"text","id":"pwd_newsletter_button_text","label":"Newsletter button text","default":"Notify me"},{"type":"color","id":"social_title_clr","label":"Social Title Color","default":"#206469"},{"type":"color","id":"social_icon_clr","label":"Social Icon Color","default":"#206469"},{"type":"color","id":"social__icon_hoverclr","label":"Social Icon Hover Color","default":"#70bdc2"}]}]