{"current":{"favicon":"shopify:\/\/shop_images\/favc1.png","preloader_enable":true,"preloader":"shopify:\/\/shop_images\/Nika-Preloader.gif","header_font":"montserrat_n4","h1_size":60,"h4_size":24,"h5_size":20,"h6_size":18,"base_font":"lato_n4","type_base_size":16,"heading_line_height":1.2,"body_line_height":1.8,"type_additional_size":20,"container_width":1230,"tab_container_width":960,"fullwidth_gap":7,"gutter_width":30,"overall_border_radius":0,"primary_color":"#6f2d2d","secondary_color":"#f4f3f2","tertiary_color":"rgba(0,0,0,0)","body_bg_color":"#ffffff","overlay_color":"#f7f3f2","link_color":"#1a1a1a","link_hover_color":"#6f2d2d","border_color":"#999999","button_bg_color":"#1a1a1a","button_text_color":"#ffffff","button_bg_hover_color":"#6f2d2d","button_text_hover_color":"#ffffff","button_border_width":0,"button_border_radius":0,"button_padding":"10px 25px 10px 25px","blog_bg_color":"#ffffff","blog_link_hover_color":"#6f2d2d","blog_icon_color":"#929292","blog_button_bg_color":"#1a1a1a","blog_button_text_color":"#ffffff","blog_button_bg_hover_color":"#6f2d2d","blog_link_hover_color_overlay":"rgba(0,0,0,0)","blog_text_color_overlay":"#ffffff","blog_icon_color_overlay":"#ffffff","blog_button_bg_color_overlay":"rgba(0,0,0,0)","blog_button_bg_hover_color_overlay":"rgba(0,0,0,0)","blog_border_radius":0,"blog_gutter_width":50,"title_image_enable":false,"title_image":"shopify:\/\/shop_images\/quote-icon-2.png","title_image_position":"place_on_bottom","use_breadcrumb":true,"breadcrumb_image":"shopify:\/\/shop_images\/breadcrumb_bg.png","secondary_breadcrumb_image":"shopify:\/\/shop_images\/breadcrumb-bg.png","color_image_overlay":"#f7f3f2","breadcrumb_text_color":"#1a1a1a","breadcrumb_text_hover_color":"#6f2d2d","breadcrumb_style":"center","image_overlay_opacity":99,"breadcrumb_padding_top":35,"breadcrumb_padding_bottom":150,"breadcrumb_margin_bottom":100,"enable_quick_view":false,"show_product_swatches":false,"show_quick_shop_product_link":true,"show_quick_shop_desc":false,"show_wislist":false,"enable_scroll_to_top":true,"collections_show_sale_circle":false,"collections_show_sold_out_circle":false,"secondary_image_use":true,"offer_price_enable":false,"collections_show_new_circle":true,"display_vendor":false,"truncated_description":false,"excerpt_count":"20","enable_add_cart":true,"item_aignment":"content-center","product_button_style":"icon","icon_alignment":"icon-center","enable_compare":false,"enable_wishlist":false,"display_color_variant":false,"display_item_size":false,"product_review":true,"sidebar_width":320,"product_page_sidebar":"full-width","collection_sidebar_use":"left-sidebar","blog_page_sidebar":"left-sidebar","collection_sidebar_mobile":false,"product_sidebar_mobile":true,"sidebar_title_bg":"rgba(0,0,0,0)","sidebar_title_border":"#6f2d2d","cart_notes_enable":false,"ajax_cart_method":"drawer","search_grid":"3","search_results_per_page":"8","enable_timer":true,"timer":"903710998572@10\/24\/2021_00:00:00","timer_button_bg":"#206469","social_twitter_link":"#","social_facebook_link":"#","social_pinterest_link":"","social_google_plus_link":"","social_instagram_link":"#","social_tumblr_link":"","social_youtube_link":"","social_vimeo_link":"","social_rss_link":"","social_linkedin_link":"#","social_sharing_count":true,"share_facebook":true,"share_twitter":true,"share_pinterest":true,"share_google":true,"password_bg_color":"#f4f3f2","password_bg_img":"shopify:\/\/shop_images\/modern-jewelry-and-accessories-on-display.jpg","password_logo":"shopify:\/\/shop_images\/Nika-logo.png","logo_txt_color":"#1a1a1a","pwd_header_color":"#6f2d2d","pwd_show_share_buttons":false,"pwd_newsletter_enable":true,"pwd_newsletter_form_heading_clr":"#1a1a1a","pwd_newsletter_inpt_bg":"#ffffff","pwd_newsletter_btn_bg":"#1a1a1a","pwd_newsletter_btn_hoverbg":"#6f2d2d","pwd_placeholder_txt":"#1a1a1a","social_title_clr":"#1a1a1a","social_icon_clr":"#1a1a1a","social__icon_hoverclr":"#6f2d2d","checkout_logo_image":"shopify:\/\/shop_images\/Nika-logo.png","checkout_accent_color":"#6f2d2d","checkout_button_color":"#1a1a1a","sidebar_style":"grid","animae_enable":true,"favicon_enable":true,"enable_collection_sidebar":true,"enable_boxed":true,"breadcrumb_bg_image":true,"boxed_bg_color":"#ce5252","count_down_enable":true,"count_down_collections":true,"home_productdeal_time":"24 May","enable_color_swatch":true,"show_prt_quickview_desc":false,"show_smart_checkout":true,"social_sharing_style":"normal","sections":{"header":{"type":"header","blocks":{"938e441d-f9ca-43ce-949e-18757633e991":{"type":"promo_image","settings":{"mega_1":"SHOP","mega_columns":"four-column-long-img","row_reverse":false,"image_1":"shopify:\/\/shop_images\/Untitled-2.png","title_1":"","button_1":"","link_1":"","title_2":"","button_2":"","link_2":"","title_3":"","button_3":"","link_3":"","title_4":"","button_4":"","link_4":""}},"8b9d0fb1-9932-4c72-823d-5891fcf3ae3c":{"type":"product","settings":{"mega_1":"Dining Room","mega_columns":"four-column","row_reverse":false,"product1":"adirondack-chair","product2":"backrest-cafe-chair","product3":"fabric-cocktail-chair","product4":"wing-back-chair"}}},"block_order":["938e441d-f9ca-43ce-949e-18757633e991","8b9d0fb1-9932-4c72-823d-5891fcf3ae3c"],"settings":{"full":true,"spacing_both_ends":true,"use_sticky_header":true,"use_sticky_mobile":true,"show_announcement":false,"hide_announcement_mobile":true,"home_page_only":true,"bg_color":"#f4f3f2","text_color":"#6f2d2d","text_hover_color":"#000000","text":"<p>SUMMER SPECIAL OFFER 70% OFF<\/p>","announcement_height":47,"topbar_bg":"#f4f3f2","disable_topbar":false,"disable_topbar_mobile":true,"header_mail":"SUMMER SPECIAL OFFER 70% OFF","header_phone":"","header_contact":"#6f2d2d","header_contact_hover":"#1a1a1a","logo":"shopify:\/\/shop_images\/Nika-logo.png","logo_max_width":200,"menu_align":"logo_left","show_header_social":false,"search_type":"search-icon","enable_predictive_search":true,"social_icon_color":"rgba(0,0,0,0)","social_icon_hover_color":"#ffffff","social_icon_bg":"#ffffff","social_icon_hover_bg":"rgba(0,0,0,0)","show_account":true,"show_header_cart":true,"show_header_wishlist":false,"show_header_compare":false,"icon_color":"#1a1a1a","icon_hover_color":"#6f2d2d","icon_bg":"rgba(0,0,0,0)","icon_hover_bg":"rgba(0,0,0,0)","enable_menu_indicator":true,"pick_menu":"main-menu","show_secondary_menu":false,"secondary_menu":"","header_bg":"#ffffff","menu_color":"#000000","menu_active_color":"#6f2d2d","menu_active_bg":"rgba(0,0,0,0)","mega_menu_bg":"#ffffff","submenu_color":"#282828","submenu_hover_color":"#6b2a2a","font_size":15,"font_size_sub":16,"show_header_currency":false}},"modal-newsletter":{"type":"modal-newsletter","settings":{"enable_newsletter_modal":true,"dt_sc_cookie-expires":4,"dt_sc_cookie-modal-delay":"1000","overlay_background_color":"#1a1a1a","overlay_background_transparency":"0.94","block_text_align":"text-center","dt_sc_modal_bg_image":"shopify:\/\/shop_images\/img-2.png","enable_overlay":false,"background_color":"#ffffff","overlay_transparency":"0.9","form_style":"style-1","form_gap":"15px","dt_sc_cookie_sub_title":"","dt_sc_cookie-modal-title":"GET <span>10%<\/span> OFF","dt_sc_cookie-modal-content":"Subscribe now and receive a discount on your first order","dt_sc_newsletter_additional_content":"Signup for exclusive updates","enable_social_icon":true,"section_title_color":"#1a1a1a","section_sub_title_color":"#1a1a1a","form_bg":"#ffffff","button_bg_color":"#6f2d2d","button_text_color":"#ffffff","button_hover_bg_color":"#1a1a1a","button_hover_text_color":"#ffffff","additional_text_color":"#1a1a1a","social_icon_color":"","social_icon_hover_color":""}},"product-recommendations":{"type":"product-recommendations","settings":{"show_product_recommendations":true,"heading":"Recommended products","heading_position":"text-center"}},"footer":{"type":"footer","blocks":{"b1250184-2166-4342-a227-92ff96e23480":{"type":"logo","settings":{"title":"","text":"Tortor at auctor urna nunc consectetur adipiscing elit, sed do eiusmod tempor incididunt ut labore et dolore magna aliqua causal atmosphere. Curabitur vitae nunc sed.","link_text":"","url":"","footer_btn_color":"#ffffff","footer_btn_bg":"#1a1a1a","footer_btn_hover_color":"#ffffff","footer_btn_hover_bg":"#6f2d2d","logo":"shopify:\/\/shop_images\/Nika-logo.png","footer_logo_height":64,"container_width":24,"column_alignment":"text-start"}},"fc673e94-de81-455f-bc70-636c5e5a8c60":{"type":"menu","settings":{"title":"Service","menu":"footer","container_width":20,"column_alignment":"text-start"}},"28a557d9-cccb-40c8-a425-5693a91b930e":{"type":"menu","settings":{"title":"About Us","menu":"about-us","container_width":20,"column_alignment":"text-start"}},"2078200a-25f5-4070-adf9-8250ec04c9e2":{"type":"menu","settings":{"title":"Apps","menu":"footer-1","container_width":18,"column_alignment":"text-start"}},"d588ba90-3502-439f-a5a1-c2c679ebebf6":{"type":"address","settings":{"title":"Contact","footer_address":"No: 58 A, East Madison Street, Baltimore, MD, USA 4508","footer_contact_no":"0000 - 123 - 456789","office_hours":"","footer_contact_id":"info@example.com","container_width":22,"column_alignment":"text-start"}}},"block_order":["b1250184-2166-4342-a227-92ff96e23480","fc673e94-de81-455f-bc70-636c5e5a8c60","28a557d9-cccb-40c8-a425-5693a91b930e","2078200a-25f5-4070-adf9-8250ec04c9e2","d588ba90-3502-439f-a5a1-c2c679ebebf6"],"settings":{"full":true,"spacing_both_ends":true,"padding":"100,100","top_space":0,"footer_bg_clr":"#ffffff","color_opacity":1,"footer_bg_img":true,"show_footer_title":true,"footer_heading_clr":"#1a1a1a","footer_txt_clr":"#6d6d6d","footer_link_clr":"#6d6d6d","footer_link_hover_clr":"#6f2d2d","footer__bottom_bg":"#ffffff","footer_color":"#6d6d6d","footer_link_hover":"#6f2d2d","color_borders":"#efefef","show_payment_icons":true,"show_copyright":true,"show_social":true,"social_placement":"with_logo","social_style":"inline","newsletter_placement":"default","footer_menu_style":"vertical","enable_inline_footer_menu":false,"footer":"footer","copyright_text":"Design Themes","copyright_link":"#","copyright_link_color":"#6d6d6d","copyright_link_color_hover":"#6f2d2d"}},"gdpr-cookies":{"type":"gdpr-cookies","settings":{"show_gdpr":true,"style":"bottom","enable_box_shadow":false,"text":"Please click Accept Cookies to continue to use the site.","accept":"Accept","decline":"Decline","bg_color":"#f4f3f2","text_color":"#000000","button_bg_color":"#000000","button_text_color":"#ffffff","button_text_hover_color":"#ffffff","button_bg_hover_color":"#6f2d2d","button_padding":"5px 15px 5px 15px"}},"related-products":{"type":"related-products","settings":{"show_related_products":true,"title":"Related products","heading_position":"text-center","grid":"5","rows":"1","enable_slider":true,"enable_auto_height":true,"autoplay":true,"pagination":false,"carousel_pagination_alignment":"center_pagination","carousel_pagination_bottom_alignment":"inside_element","navigation":true,"nav_arrow_position":"navigation-bottom-center","center_nav_arrow_alignment":"inside_container","navigation_button_color":"#206469","navigation_button_icon_color":"#ffffff","navigation_button_hover_color":"#70bdc2","navigation_button_hover_icon_color":"#ffffff","navigation_dot_color":"#206469","navigation_dot_active_color":"#70bdc2","column_gap":"30"}},"recently-viewed-products":{"type":"recently-viewed-products","settings":{"show_product_recently":true,"title":"Recently viewed products","heading_position":"text-center","items_to_show":"4"}},"customer-purchased":{"type":"customer-purchased","blocks":{"a99cf698-9b20-4fae-b092-53ec06ddc104":{"type":"image","settings":{"product":"backrest-cafe-chair","from":"Texas, US","time":"10 minutes ago"}},"9d66bd40-a2ec-4683-a573-704c38a7a0e9":{"type":"image","settings":{"product":"fabric-cocktail-chair","from":"Newyork, US","time":"45 minutes ago"}},"230b0ecb-020f-4c39-bf47-52b587056412":{"type":"image","settings":{"product":"weston-dining-chair","from":"Chennai, India","time":"19 minutes ago"}},"8dbb4b4f-d9ca-4553-b804-4271607154ff":{"type":"image","settings":{"product":"century-modern-chair","from":"Sydney, Australia","time":"27 minutes ago"}}},"block_order":["a99cf698-9b20-4fae-b092-53ec06ddc104","9d66bd40-a2ec-4683-a573-704c38a7a0e9","230b0ecb-020f-4c39-bf47-52b587056412","8dbb4b4f-d9ca-4553-b804-4271607154ff"],"settings":{"display_recent_purchase":true,"placement":"right","text":"Someone recently bought"}},"home-featured-product":{"type":"home-featured-product","settings":{"featured_product":"dirndl-skew","gallery_type":"thumbnails_horizontal","enable_zoom":true,"enable_video_looping":true,"show_variants_swatches":true,"show_product_vendor":true,"show_product_type":true,"show_product_sku":true,"show_product_quantity":true,"display_back_in_stock":true,"show_quantity_selector":true,"show_checkout":true}},"contact":{"type":"contact","settings":{"full":false,"spacing_both_ends":false,"padding":"10,10","margin":"0,0","section_heading":"Contact us","section_sub_heading":"Sub Heading","section_description":"Use this text to share the information which you like!.","section_button_text":"","section_heading_color":"","section_sub_heading_color":"","section_description_color":"","section_button_bg_color":"","section_button_text_color":"","section_button_hover_bg_color":"","section_button_hover_text_color":"","heading_position":"text-center","contact_layout":"left_iconblock_form_inline","enable_gmap":true,"contact_iframe_code":"<iframe width=\"1920\" height=\"578\" style=\"border:0;overflow:hidden;\" src=\"https:\/\/maps.google.co.in\/?ie=UTF8&t=m&ll=-37.823006,144.977388&spn=0.02034,0.042915&z=14&output=embed\"><\/iframe>","enable_contact_info":true,"contactborder_color":"","contact_hvrborder_color":"","icontactheading_color":"","contacticon_bg_color":"","contacticon_color":"","contacticon_hoverbg_color":"","contacticonhover_color":"","contact_phone":true,"contact_module_contact_phonetitle":"Phone","contact_icon_1":"fa fa-phone","contact_phone1":"<b>Toll-Free: <\/b> 0803 - 080 - 3081","contact_phone2":"<b>Fax: <\/b> 0803 - 080 - 3082","contact_module_email":true,"contact_module_contact_title":"Email","contact_icon_2":"fa fa-envelope","contact_module_email1":"mail@example.com","contact_module_email2":"support@somemail.com","contact_module_address":true,"contact_module_address_title":"Address","contact_icon_3":"fa fa-location-arrow","contact_module_address1":"No: 58 A, East Madison Street,","contact_module_address2":"Baltimore, MD, USA\n4508","enable_contact_form":true,"contact_form_title":"Contact Form"}},"password-header":{"type":"password-header","settings":{}},"password-content":{"type":"password-content","settings":{}},"password-footer":{"type":"password-footer","settings":{}},"faq-template":{"type":"faq-template","blocks":{"1b4b54c9-8880-4fe6-9658-1dc17d72ad38":{"type":"icon","settings":{"title":"How will my order be delivered to me?","desc":"Eget dolor morbi non arcu risus quis varius quam quisque. Eleifend donec pretium vulputate sapien nec sagittis aliquam malesuada. Feugiat pretium nibh ipsum consequat nisl vel pretium lectus. Eu volutpat odio facilisis mauris sit amet. Eu non diam phasellus vestibulum. Dictum varius duis at consectetur lorem donec massa sapien. Condimentum mattis pellentesque id nibh tortor id. Fermentum posuere urna nec tincidunt praesent semper."}},"c9ef30d7-2afe-4f1c-bc34-b622971ed9fa":{"type":"class","settings":{"class":"fa fa-home","title":"What do I need to know?","desc":"Marques ispum serum rekoiox querm et dolore magna aliqua consectetur adipiscing elit, sed do eiusmod tempor incididunt ut labore et dolore magna aliqua. Ut enim ad minim veniam, quis nostrud exercitation ullamco laboris nisi ut aliquip ex ea commodo consequat. Duis aute irure dolor in reprehenderit in voluptate velit esse cillum dolore eu fugiat nulla pariatur. Excepteur sint occaecat cupidatat non proident, sunt in culpa qui official."}},"a17a96d6-ab65-47eb-bb6b-01860f112b94":{"type":"class","settings":{"class":"fa fa-home","title":"How will I know if order is placed successfully?","desc":"Duis ultricies lacus sed turpis tincidunt id aliquet risus feugiat. Gravida dictum fusce ut placerat orci. Et leo duis ut diam quam nulla porttitor massa. Ipsum nunc aliquet bibendum enim. Arcu bibendum at varius vel pharetra. Risus nullam eget felis eget nunc lobortis. Ut etiam sit amet nisl purus in. Nibh nisl condimentum id venenatis a condimentum. Dignissim enim sit amet venenatis urna. Mauris rhoncus aenean vel elit. Diam sollicitudin tempor."}},"60494965-108e-44ff-8159-68447fbecf90":{"type":"class","settings":{"class":"fa fa-home","title":"How do I check the status of my order?","desc":"Sagittis eumarques oifficiej qierea volutpat odio facilisis mauris. Amet dictum sit amet justo. Ac orci phasellus egestas tellus rutrum tellus pellentesque eu tincidunt. Diam quis enim lobortis scelerisque fermentum dui faucibus in ornare. Sed id semper risus in hendrerit. Facilisis sed odio morbi quis commodo odio. Sed pulvinar proin gravida hendrerit lectus a. Integer enim neque volutpat ac tincidunt. Quis auctor elit sed vulputate mi."}},"1f590e15-1dfb-4dc4-b5d5-2cac6bcf647e":{"type":"class","settings":{"class":"fa fa-home","title":"Can I cancel my order?","desc":"Imperdiet dui accumsan sit amet nulla. Eget sit amet tellus cras adipiscing enim eu turpis egestas. Faucibus purus in massa tempor. Mi tempus imperdiet nulla malesuada. Lacus sed viverra tellus in hac habitasse. Mauris nunc congue nisi vitae suscipit tellus mauris. Dignissim sodales ut eu sem integer vitae. Aenean euismod elementum nisi quis. A condimentum vitae sapien pellentesque habitant morbi. Tempor id eu nisl nunc mi marques"}}},"block_order":["1b4b54c9-8880-4fe6-9658-1dc17d72ad38","c9ef30d7-2afe-4f1c-bc34-b622971ed9fa","a17a96d6-ab65-47eb-bb6b-01860f112b94","60494965-108e-44ff-8159-68447fbecf90","1f590e15-1dfb-4dc4-b5d5-2cac6bcf647e"],"settings":{"full":false,"spacing_both_ends":false,"section_heading":"","section_sub_heading":"","section_description":"","section_button_text":"","section_button_link":"","section_heading_color":"#000000","section_sub_heading_color":"#000000","section_description_color":"#000000","section_button_bg_color":"#1a1a1a","section_button_text_color":"#ffffff","section_button_hover_bg_color":"#6f2d2d","section_button_hover_text_color":"#ffffff","heading_position":"text-center","block_style":"default-style","text_position":"text-start","border_radius":"0","enable_box_shadow":false,"enable_heading_icons":false,"faq_icon_size":"20","enable_segmented_layout":true,"segmented_layout_gap":"15","faq_heading_color":"#ffffff","faq_heading_bg_color":"#6f2d2d","faq_content_color":"#1a1a1a","faq_content_bg_color":"#ffffff","custom_class_name":""}},"inner-page-overlay-section":{"type":"inner-page-overlay-section","blocks":{"0a08a964-6d51-4d48-af43-5b23545eb901":{"type":"content","settings":{"image":"shopify:\/\/shop_images\/abo04.jpg","title":"In-Door Sofa","sub_title":"","text":"","block_button_text":"Discover Now","block_button_link":"shopify:\/\/collections\/latest-products"}},"4145683e-7576-418c-b041-39a1c7aef9eb":{"type":"content","settings":{"image":"shopify:\/\/shop_images\/abo05.jpg","title":"Out-Door Sofa","sub_title":"","text":"","block_button_text":"Discover Now","block_button_link":"shopify:\/\/collections\/trending-products"}}},"block_order":["0a08a964-6d51-4d48-af43-5b23545eb901","4145683e-7576-418c-b041-39a1c7aef9eb"],"settings":{"enable":true,"full":false,"spacing_both_ends":false,"padding":"30,0","margin":"10,0","show_background_image":false,"background_style":"default","enable_overlay":false,"background_color":"","overlay_transparency":"0.5","section_heading":"","section_sub_heading":"","section_description":"","section_button_text":"Discover Now","section_button_link":"","section_heading_color":"","section_sub_heading_color":"","section_description_color":"","section_button_bg_color":"rgba(0,0,0,0)","section_button_text_color":"","section_button_hover_bg_color":"rgba(0,0,0,0)","section_button_hover_text_color":"","heading_position":"text-center","grid":"2","overlay_style_height":450,"overlay_style_height_laptop":480,"overlay_style_height_mobile":400,"block_bg":"#ffffff","block_heading_color":"#6f2d2d","block_sub_heading_color":"","block_description_color":""}},"inner-page-masonary-overlay-section":{"type":"inner-page-masonary-overlay-section","blocks":{"3c4117f4-c21a-4f52-b622-56ed5fd1bdb8":{"type":"content","settings":{"image":"shopify:\/\/shop_images\/abo10.jpg","use_title":true,"title":"Comfort Zone","buttons_link":"shopify:\/\/collections","sub_title":"","text":""}},"dbf69147-888d-49b5-8d79-231c07f09f08":{"type":"content","settings":{"image":"shopify:\/\/shop_images\/abo11.jpg","use_title":true,"title":"Soft sofa","buttons_link":"shopify:\/\/collections","sub_title":"","text":""}}},"block_order":["3c4117f4-c21a-4f52-b622-56ed5fd1bdb8","dbf69147-888d-49b5-8d79-231c07f09f08"],"settings":{"enable":true,"full":false,"spacing_both_ends":false,"padding":"30,20","margin":"30,20","show_background_image":false,"background_style":"default","enable_overlay":false,"background_color":"rgba(0,0,0,0)","overlay_transparency":"1","section_heading":"Furniture World","section_sub_heading":"","section_description":"Ptaque earum rerum hic tenetur a sapiente delectus, ut aut reiciendis voluptatibus maiores alias consequatur aut","section_button_text":"","section_button_link":"","section_heading_color":"","section_sub_heading_color":"","section_description_color":"","section_button_bg_color":"","section_button_text_color":"","section_button_hover_bg_color":"","section_button_hover_text_color":"","heading_position":"text-center","primary_image":"shopify:\/\/shop_images\/abo09.jpg","use_title":true,"primary_title":"Wooden lamp","primary_sub_title":"","primary_description":"","primary_button_text":"","primary_button_link":"shopify:\/\/collections","main_banner_height":600,"main_banner_height_lap":550,"main_banner_height_tab":500,"main_banner_height_mobile":450,"block_bg":"#ffffff","block_heading_color":"#1a1a1a","block_sub_heading_color":"","block_description_color":"","primary_button_bg_color":"","primary_button_text_color":"","primary_button_hover_bg_color":"","primary_button_hover_text_color":""}},"inner-page-partial-overlay-section":{"type":"inner-page-partial-overlay-section","blocks":{"f9247685-5350-46d3-ba87-7c3f753f1be1":{"type":"content","settings":{"font_icon":"fa fa-lightbulb-o","title":"Heading","text":"Sed vestibulum nulla elementum auctor tincidunt. Aliquam sit amet cursus mauris. Sed vitae mattis ipsum. Vestibulum enim nulla, sollicitudin ac hendrerit nec, tempor quis nisl","price":"$10.99","text_align":"content-left"}},"a6789bfc-6408-46b6-9b7e-a3bbdecfb7d4":{"type":"content","settings":{"font_icon":"fa fa-lightbulb-o","title":"Heading","text":"Sed vestibulum nulla elementum auctor tincidunt. Aliquam sit amet cursus mauris. Sed vitae mattis ipsum. Vestibulum enim nulla, sollicitudin ac hendrerit nec, tempor quis nisl","price":"$10.99","text_align":"content-left"}},"23739f70-e743-4a3f-9a1f-e919ceafe6b1":{"type":"content","settings":{"font_icon":"fa fa-lightbulb-o","title":"Heading","text":"Sed vestibulum nulla elementum auctor tincidunt. Aliquam sit amet cursus mauris. Sed vitae mattis ipsum. Vestibulum enim nulla, sollicitudin ac hendrerit nec, tempor quis nisl","price":"$10.99","text_align":"content-right"}},"a21f3c7a-5ff1-4ee9-bc1b-9dfc25ff4045":{"type":"content","settings":{"font_icon":"fa fa-lightbulb-o","title":"Heading","text":"Sed vestibulum nulla elementum auctor tincidunt. Aliquam sit amet cursus mauris. Sed vitae mattis ipsum. Vestibulum enim nulla, sollicitudin ac hendrerit nec, tempor quis nisl","price":"$10.99","text_align":"content-right"}}},"block_order":["f9247685-5350-46d3-ba87-7c3f753f1be1","a6789bfc-6408-46b6-9b7e-a3bbdecfb7d4","23739f70-e743-4a3f-9a1f-e919ceafe6b1","a21f3c7a-5ff1-4ee9-bc1b-9dfc25ff4045"],"settings":{"enable":true,"full":false,"spacing_both_ends":false,"padding":"10,10","margin":"0,0","show_background_image":false,"background_style":"default","enable_overlay":false,"background_color":"","overlay_transparency":"0.5","section_heading":"inner-page partial overlay section","section_sub_heading":"Sub Heading","section_description":"Use this text to share the information which you like!.","section_button_text":"","section_button_link":"","section_heading_color":"","section_sub_heading_color":"","section_description_color":"","section_button_bg_color":"","section_button_text_color":"","section_button_hover_bg_color":"","section_button_hover_text_color":"","heading_position":"text-center","grid":"2","overlay_style_height":500,"overlay_style_height_laptop":550,"overlay_style_height_tab":600,"overlay_style_height_mobile":650,"block_bg":"","block_heading_color":"","block_description_color":"","block_price_bg_color":"","block_price_color":"","block_icon_color":"","block_icon_bg_color":""}},"inner-page-list-with-image-section":{"type":"inner-page-list-with-image-section","blocks":{"0e85f8d4-6182-41cb-a457-4263abf741ef":{"type":"content","settings":{"sub_title":"EXTREME PERFORMANCE"}},"b1fbaf93-6033-44dc-aa93-2558e9e48419":{"type":"content","settings":{"sub_title":"EXTREME PERFORMANCE"}},"5eb0d6fe-5148-496c-a3f6-3a0cdb1b91f7":{"type":"content","settings":{"sub_title":"EXTREME PERFORMANCE"}},"388916d0-150e-4eb5-8ff9-9580842d79b1":{"type":"content","settings":{"sub_title":"EXTREME PERFORMANCE"}}},"block_order":["0e85f8d4-6182-41cb-a457-4263abf741ef","b1fbaf93-6033-44dc-aa93-2558e9e48419","5eb0d6fe-5148-496c-a3f6-3a0cdb1b91f7","388916d0-150e-4eb5-8ff9-9580842d79b1"],"settings":{"enable":true,"full":false,"spacing_both_ends":false,"padding":"100,100","margin":"100,100","show_background_image":false,"background_style":"default","enable_overlay":true,"background_color":"","overlay_transparency":"0.1","section_heading":"List with image section","section_sub_heading":"Sub Heading","section_description":"Use this text to share the information which you like!.","section_button_text":"","section_button_link":"","section_heading_color":"","section_sub_heading_color":"","section_description_color":"","section_button_bg_color":"","section_button_text_color":"","section_button_hover_bg_color":"","section_button_hover_text_color":"","heading_position":"text-center","title":"Heading","text":"Sed vestibulum nulla elementum auctor tincidunt. Aliquam sit amet cursus mauris. Sed vitae mattis ipsum. Vestibulum enim nulla, sollicitudin ac hendrerit nec, tempor quis nisl","block_heading_color":"","block_description_color":"","block_list_icon_color":"","block_list_color":""}},"inner-page-content-with-image-section":{"type":"inner-page-content-with-image-section","blocks":{"eca2e29f-66b5-4161-a1a9-c2d3c01af5a5":{"type":"content","settings":{"image":"shopify:\/\/shop_images\/image_d3866468-1f07-4101-87f7-baad32cf1f1f.jpg","font_icon":"","title":"Enjoy With Our Presents In Sofa","text":"Nemo enim ipsam voluptatem quia voluptas sit aspernatur aut odit aut fugit, sed quia consequuntur magni dolores eos qui ratione","Block_button_text":"Shop Now","Block_button_link":"shopify:\/\/collections\/best-sellers","reverse_column":true}},"4f4fc34d-bec7-467f-8c2a-d66a3f2be4b6":{"type":"content","settings":{"image":"shopify:\/\/shop_images\/abo02.jpg","font_icon":"","title":"Our Plans To Your Dream","text":"Quis nostrum exercitationem ullam corporis suscipit laboriosam, nisi ut aliquid ex ea commodi consequatur? Quis autem vel","Block_button_text":"Shop Now","Block_button_link":"shopify:\/\/collections\/elegant-products","reverse_column":false}}},"block_order":["eca2e29f-66b5-4161-a1a9-c2d3c01af5a5","4f4fc34d-bec7-467f-8c2a-d66a3f2be4b6"],"settings":{"enable":true,"full":false,"margin":"0,0","background_style":"default","enable_overlay":true,"background_color":"#ffffff","overlay_transparency":"0.1","section_heading":"","section_sub_heading":"","section_description":"","section_button_text":"","section_button_link":"","section_heading_color":"","section_sub_heading_color":"","section_description_color":"","section_button_bg_color":"rgba(0,0,0,0)","section_button_text_color":"#1a1a1a","section_button_hover_bg_color":"","section_button_hover_text_color":"","heading_position":"text-center","block_bg_image":"shopify:\/\/shop_images\/arm-img-2.png","block_bg":"#6f2d2d","block_heading_color":"","block_description_color":"","block_icon_color":""}},"inner-page-image-with-icon-section":{"type":"inner-page-image-with-icon-section","blocks":{"ce7b5ad3-875e-4a77-bf80-b4c716a46f90":{"type":"content","settings":{"font_icon":"fa fa-lightbulb-o","title":"Heading","text":"Sed vestibulum nulla elementum auctor tincidunt. Aliquam sit amet cursus mauris. Sed vitae mattis ipsum. Vestibulum enim nulla, sollicitudin ac hendrerit nec, tempor quis nisl"}},"17993132-11fc-4ee6-baaa-71cee23aa200":{"type":"content","settings":{"font_icon":"fa fa-lightbulb-o","title":"Heading","text":"Sed vestibulum nulla elementum auctor tincidunt. Aliquam sit amet cursus mauris. Sed vitae mattis ipsum. Vestibulum enim nulla, sollicitudin ac hendrerit nec, tempor quis nisl"}},"ce38b171-7135-4dfe-93e3-81fba7225e2a":{"type":"content","settings":{"font_icon":"fa fa-lightbulb-o","title":"Heading","text":"Sed vestibulum nulla elementum auctor tincidunt. Aliquam sit amet cursus mauris. Sed vitae mattis ipsum. Vestibulum enim nulla, sollicitudin ac hendrerit nec, tempor quis nisl"}}},"block_order":["ce7b5ad3-875e-4a77-bf80-b4c716a46f90","17993132-11fc-4ee6-baaa-71cee23aa200","ce38b171-7135-4dfe-93e3-81fba7225e2a"],"settings":{"enable":true,"full":false,"spacing_both_ends":false,"padding":"100,100","margin":"100,100","show_background_image":false,"background_style":"default","enable_overlay":true,"background_color":"","overlay_transparency":"0.1","section_heading":"Image with icon section","section_sub_heading":"Sub Heading","section_description":"Use this text to share the information which you like!.","section_button_text":"","section_button_link":"","section_heading_color":"","section_sub_heading_color":"","section_description_color":"","section_button_bg_color":"","section_button_text_color":"","section_button_hover_bg_color":"","section_button_hover_text_color":"","heading_position":"text-center","grid":"3","block_heading_color":"","block_description_color":"","block_icon_bg_color":"","block_icon_color":"","block_icon_bg_hover_color":"","block_icon_hover_color":""}},"inner-page-image-with-icon-section-type-2":{"type":"inner-page-image-with-icon-section-type-2","settings":{"enable":true,"full":true,"spacing_both_ends":false,"padding":"50,50","margin":"0,0","background_image":"shopify:\/\/shop_images\/abo03_b132fbcf-7a59-4e48-b871-34d377968246.jpg","show_background_image":false,"background_style":"default","enable_overlay":false,"background_color":"","overlay_transparency":"0.5","section_heading":"","section_sub_heading":"","section_description":"","section_button_text":"Read More","section_button_link":"shopify:\/\/collections\/glowing-products","section_heading_color":"","section_sub_heading_color":"","section_description_color":"","section_button_bg_color":"rgba(0,0,0,0)","section_button_text_color":"","section_button_hover_bg_color":"#1a1a1a","section_button_hover_text_color":"","heading_position":"text-center","image":"shopify:\/\/shop_images\/abo03_b132fbcf-7a59-4e48-b871-34d377968246.jpg","main_title":"Your Dream Is Our Growth","sub_title":"Nam libero tempore, cum soluta nobis est eligendi optio cumque nihil impedit quoEt harum quidem rerum facilis est et expedita distinctio. Nam libero tempore, cum soluta nobis est eligendi optio cumque nihil impedit quo","block_heading_color":"#ffffff","block_sub_heading_color":"#ffffff","block_description_color":"#ffffff","block_icon_bg_color":"","block_icon_color":"","block_icon_bg_hover_color":"","block_icon_hover_color":""}},"inner-page-icon-text-section":{"type":"inner-page-icon-text-section","blocks":{"6ed4671d-4f64-4b0a-8ae1-44c5a48376e6":{"type":"content","settings":{"image":"shopify:\/\/shop_images\/icon3_06aac2c7-707a-4e99-8a1e-2aaa0573ed01.png","title":"Furniture Sale","text":"Sed vestibulum nulla elementum auctor tincidunt aliquam sit amet cursus pauris."}},"78019ec0-73ac-4457-bf6e-38479870a3a6":{"type":"content","settings":{"image":"shopify:\/\/shop_images\/icon2_aa3c0764-b16e-45fa-9a98-f1317177dd66.png","title":"Furniture Services","text":"Mollis nunc sed id marques auctor tincidunt aliquam sit amet cursus cauris."}},"ae79a7c3-9e0a-4ba0-8f69-0fd82e92ec79":{"type":"content","settings":{"image":"shopify:\/\/shop_images\/icon1_2750b40b-899c-450e-ac4e-b620c90358b1.png","title":"Antique Furniture","text":"Ultrices dui sapien eget mi auctor tincidunt aliquam sit amet cursus fauria."}},"6791cdc7-7e64-475c-b321-9566ca5e4f82":{"type":"content","settings":{"image":"shopify:\/\/shop_images\/icon4_99f9d047-dfb3-4f83-a26b-70f29927910e.png","title":"Contemprory Lamb","text":"Sed vulputate odio ut enim blan auctor tincidunt aliquam sit amet cursus rauric."}},"4b40e6ae-87d4-494c-a4c2-f3dd9f8d5b2d":{"type":"content","settings":{"image":"shopify:\/\/shop_images\/icon5_5b873cce-8de5-418c-911d-10b78b34d733.png","title":"Luxury Cots","text":"Pellentesque sit amet porttitor auctor tincidunt aliquam sit amet cursus laurio."}},"6b777894-737b-40b9-ae10-aa66d7950689":{"type":"content","settings":{"image":"shopify:\/\/shop_images\/icon6_1bf5e5b6-ab9d-4ecf-a9ba-8d44a2dc251e.png","title":"Vintage Chairs","text":"Risus at ultrices mi tempus imper auctor tincidunt aliquam sit amet cursus saurip."}}},"block_order":["6ed4671d-4f64-4b0a-8ae1-44c5a48376e6","78019ec0-73ac-4457-bf6e-38479870a3a6","ae79a7c3-9e0a-4ba0-8f69-0fd82e92ec79","6791cdc7-7e64-475c-b321-9566ca5e4f82","4b40e6ae-87d4-494c-a4c2-f3dd9f8d5b2d","6b777894-737b-40b9-ae10-aa66d7950689"],"settings":{"enable":true,"full":false,"spacing_both_ends":false,"padding":"50,20","margin":"60,20","show_background_image":true,"background_style":"default","enable_overlay":false,"background_color":"","overlay_transparency":"0.1","section_heading":"","section_sub_heading":"","section_description":"","section_button_text":"","section_button_link":"","section_heading_color":"","section_sub_heading_color":"","section_description_color":"","section_button_bg_color":"","section_button_text_color":"","section_button_hover_bg_color":"","section_button_hover_text_color":"","heading_position":"text-center","column":"three-column","block_heading_color":"#6f2d2d","block_button_link":"","block_description_color":"","block_image_bg_color":"","block_image_bg_hover_color":""}},"inner-page-team-section":{"type":"inner-page-team-section","blocks":{"87423189-7920-4045-99e2-148c25a11979":{"type":"content","settings":{"name":"Name","designation":"Customer support","facebook":"#","twitter":"#","pinterest":"#","youtube":"#"}},"8e98ff50-12a4-4169-8919-91f92bd960a3":{"type":"content","settings":{"name":"Name","designation":"Customer support","facebook":"#","twitter":"#","pinterest":"#","youtube":"#"}},"af12c133-f72e-4a02-a6a1-e161127752eb":{"type":"content","settings":{"name":"Name","designation":"Customer support","facebook":"#","twitter":"#","pinterest":"#","youtube":"#"}},"1568878c-641d-4f2b-8110-53208a8b8555":{"type":"content","settings":{"name":"Name","designation":"Customer support","facebook":"#","twitter":"#","pinterest":"#","youtube":"#"}}},"block_order":["87423189-7920-4045-99e2-148c25a11979","8e98ff50-12a4-4169-8919-91f92bd960a3","af12c133-f72e-4a02-a6a1-e161127752eb","1568878c-641d-4f2b-8110-53208a8b8555"],"settings":{"enable":true,"full":false,"spacing_both_ends":false,"padding":"10,10","margin":"0,0","show_background_image":false,"background_style":"default","enable_overlay":false,"background_color":"","overlay_transparency":"0.5","section_heading":"inner-page our team","section_sub_heading":"Sub Heading","section_description":"Use this text to share the information which you like!.","section_button_text":"","section_button_link":"","section_heading_color":"","section_sub_heading_color":"","section_description_color":"","section_button_bg_color":"","section_button_text_color":"","section_button_hover_bg_color":"","section_button_hover_text_color":"","heading_position":"text-center","column":"four-column","block_heading_color":"","block_designation_color":"","block_bg":"","block_social_icon_bg_color":"","block_social_icon_color":"","block_social_icon_hover_bg_color":"","block_social_icon_hover_color":""}},"inner-page-info-box-section":{"type":"inner-page-info-box-section","settings":{"enable":true,"full":true,"spacing_both_ends":false,"padding":"100,100","margin":"20,0","background_image":"shopify:\/\/shop_images\/bg-img.png","show_background_image":true,"background_style":"default","enable_overlay":false,"background_color":"","overlay_transparency":"0.1","section_heading":"Best Furniture Hub In Town","section_sub_heading":"","section_description":"Lorem ipsum dolor sit amet, consectetur adipiscing elit, sed do eiusmod tempor incididunt ut labore et dolore magna aliqua. Quis ipsum suspendisse ultrices gravida. Risus commodo viverra maecenas accumsan lacus vel facilisis.","section_button_text":"Shop Now","section_button_link":"shopify:\/\/collections\/trending-products","section_heading_color":"#ffffff","section_sub_heading_color":"#ffffff","section_description_color":"#ffffff","section_button_bg_color":"rgba(0,0,0,0)","section_button_text_color":"","section_button_hover_bg_color":"","section_button_hover_text_color":"","heading_position":"text-center","heading":"","sub_heading":"","text":"","button_text":"","button_link":"","block_bg":"","block_border":"","block_heading_color":"","block_sub_heading_color":"","block_description_color":"","block_button_bg_color":"","block_button_text_color":"","block_button_hover_bg_color":"","block_button_hover_text_color":""}},"inner-page-icon-box-section":{"type":"inner-page-icon-box-section","blocks":{"3ed109fc-5e30-443a-a0da-1cf7c1061261":{"type":"content","settings":{"font_icon":"fa fa-lightbulb-o","title":"Heading","text":"Sed vestibulum nulla elementum auctor tincidunt. Aliquam sit amet cursus mauris. Sed vitae mattis ipsum. Vestibulum enim nulla, sollicitudin ac hendrerit nec, tempor quis nisl","reverse_column":false}},"0e21e84e-d959-492e-a039-930f1a6fb3cc":{"type":"content","settings":{"font_icon":"fa fa-lightbulb-o","title":"Heading","text":"Sed vestibulum nulla elementum auctor tincidunt. Aliquam sit amet cursus mauris. Sed vitae mattis ipsum. Vestibulum enim nulla, sollicitudin ac hendrerit nec, tempor quis nisl","reverse_column":false}},"4dfa00c9-68cc-4949-9e86-0a632a06a256":{"type":"content","settings":{"font_icon":"fa fa-lightbulb-o","title":"Heading","text":"Sed vestibulum nulla elementum auctor tincidunt. Aliquam sit amet cursus mauris. Sed vitae mattis ipsum. Vestibulum enim nulla, sollicitudin ac hendrerit nec, tempor quis nisl","reverse_column":false}},"00e516cb-3ddd-465e-bf8d-ff3985d85fe0":{"type":"content","settings":{"font_icon":"fa fa-lightbulb-o","title":"Heading","text":"Sed vestibulum nulla elementum auctor tincidunt. Aliquam sit amet cursus mauris. Sed vitae mattis ipsum. Vestibulum enim nulla, sollicitudin ac hendrerit nec, tempor quis nisl","reverse_column":false}},"b1ef7e73-aab8-41f6-9c7b-317169229202":{"type":"content","settings":{"font_icon":"fa fa-lightbulb-o","title":"Heading","text":"Sed vestibulum nulla elementum auctor tincidunt. Aliquam sit amet cursus mauris. Sed vitae mattis ipsum. Vestibulum enim nulla, sollicitudin ac hendrerit nec, tempor quis nisl","reverse_column":false}},"44225a65-096f-45a7-9674-ead43341d922":{"type":"content","settings":{"font_icon":"fa fa-lightbulb-o","title":"Heading","text":"Sed vestibulum nulla elementum auctor tincidunt. Aliquam sit amet cursus mauris. Sed vitae mattis ipsum. Vestibulum enim nulla, sollicitudin ac hendrerit nec, tempor quis nisl","reverse_column":false}}},"block_order":["3ed109fc-5e30-443a-a0da-1cf7c1061261","0e21e84e-d959-492e-a039-930f1a6fb3cc","4dfa00c9-68cc-4949-9e86-0a632a06a256","00e516cb-3ddd-465e-bf8d-ff3985d85fe0","b1ef7e73-aab8-41f6-9c7b-317169229202","44225a65-096f-45a7-9674-ead43341d922"],"settings":{"enable":true,"full":false,"spacing_both_ends":false,"padding":"10,10","margin":"0,0","show_background_image":false,"background_style":"default","enable_overlay":false,"background_color":"#f5f5f5","overlay_transparency":"0.5","section_heading":"Icon box section","section_sub_heading":"Sub Heading","section_description":"Use this text to share the information which you like!.","section_button_text":"","section_button_link":"","section_heading_color":"","section_sub_heading_color":"","section_description_color":"","section_button_bg_color":"","section_button_text_color":"","section_button_hover_bg_color":"","section_button_hover_text_color":"","heading_position":"text-center","grid":"3","block_heading_color":"","block_description_color":"","block_icon_bg_color":"","block_icon_color":"","block_icon_bg_hover_color":"","block_icon_hover_color":""}},"inner-page-number-counter-section":{"type":"inner-page-number-counter-section","blocks":{"5b187497-011f-40fe-9038-d10d9fafa333":{"type":"class","settings":{"class":"fa fa-plus","title":"Title","text":"Lorem ipsum dolor sit amet","value":"50","value_text":"K"}},"d4932658-17f4-404f-9067-dea98f539f7a":{"type":"class","settings":{"class":"fa fa-minus","title":"Title","text":"Lorem ipsum dolor sit amet","value":"50","value_text":"K"}},"a991868b-226b-4f7c-b6cf-fcd0ca154901":{"type":"class","settings":{"class":"fa fa-home","title":"Title","text":"Lorem ipsum dolor sit amet","value":"50","value_text":"K"}},"3cf774a2-40f5-47bb-9392-29a454783c06":{"type":"class","settings":{"class":"fa fa-cogs","title":"Title","text":"Lorem ipsum dolor sit amet","value":"50","value_text":"K"}}},"block_order":["5b187497-011f-40fe-9038-d10d9fafa333","d4932658-17f4-404f-9067-dea98f539f7a","a991868b-226b-4f7c-b6cf-fcd0ca154901","3cf774a2-40f5-47bb-9392-29a454783c06"],"settings":{"enable":true,"full":false,"spacing_both_ends":false,"padding":"100,100","margin":"100,100","show_background_image":false,"background_style":"default","enable_overlay":true,"background_color":"","overlay_transparency":"0.1","section_heading":"Number Counter","section_sub_heading":"Sub Heading","section_description":"Use this text to share the information which you like!.","section_button_text":"","section_button_link":"","section_heading_color":"","section_sub_heading_color":"","section_description_color":"","section_button_bg_color":"","section_button_text_color":"","section_button_hover_bg_color":"","section_button_hover_text_color":"","heading_position":"text-center","grid":"4","column_gap":"30","counter_style":"grid","vertical_position":"vertical-top","block_text_align":"text-start","reverse_column":false,"enable_boxed":false,"enable_overall_border":false,"border_radius":"0","icon_border_radius":"0px","block_icon_outer_size":"75","block_icon_size":"50","enable_box_shadow":false,"block_bg_color":"","block_icon_border_color":"","block_icon_bg_color":"","block_icon_color":"","block_title_color":"","block_text_color":"","block_value_color":"","block_value_text_color":"","block_border_color":""}},"inner-page-brand-logos":{"type":"inner-page-brand-logos","blocks":{"688a45f9-6fe8-4976-9fcc-c33557293bfd":{"type":"Image","settings":{"image":"shopify:\/\/shop_images\/Brand_logo1_08308b1e-6141-4f7d-aab3-ee4cd6b99002.png","title":"Brand Name","link":""}},"7cca641f-b7f6-4c06-9323-f205d890fcdc":{"type":"Image","settings":{"image":"shopify:\/\/shop_images\/Brand_logo2_fd96d507-ea53-4f8f-8858-30c0f4b8ed6d.png","title":"Brand Name","link":""}},"d8f2ff80-12c9-4ceb-ba90-8e53427b1867":{"type":"Image","settings":{"image":"shopify:\/\/shop_images\/Brand_logo3_218213a2-50b5-4650-b23d-9a3242bf8f73.png","title":"Brand Name","link":""}},"28144626-1aef-4b15-bf48-cbab4b14a341":{"type":"Image","settings":{"image":"shopify:\/\/shop_images\/Brand_logo4_1f255488-c7fe-4328-833a-6ee1f49fe822.png","title":"Brand Name","link":""}},"2d4f7067-da92-443a-b520-c4308dbbee54":{"type":"Image","settings":{"image":"shopify:\/\/shop_images\/Brand_logo5_51b56b25-4ee8-4b58-9340-a18302df10f7.png","title":"Brand Name","link":""}}},"block_order":["688a45f9-6fe8-4976-9fcc-c33557293bfd","7cca641f-b7f6-4c06-9323-f205d890fcdc","d8f2ff80-12c9-4ceb-ba90-8e53427b1867","28144626-1aef-4b15-bf48-cbab4b14a341","2d4f7067-da92-443a-b520-c4308dbbee54"],"settings":{"enable":true,"full":true,"spacing_both_ends":true,"padding":"60,50","margin":"0,20","show_background_image":false,"background_style":"default","enable_overlay":false,"background_color":"","overlay_transparency":"0.1","section_heading":"Our Carpenters","section_sub_heading":"","section_description":"","section_button_text":"","section_button_link":"","section_heading_color":"","section_sub_heading_color":"","section_description_color":"","section_button_bg_color":"","section_button_text_color":"","section_button_hover_bg_color":"","section_button_hover_text_color":"","heading_position":"text-center","grid":"5","block_style":"style-3","enable_box_shadow":false,"column_gap":"30","border_radius":"0","block_border_color":"","block_background_color":"rgba(0,0,0,0)","enable_slider":false,"enable_auto_height":true,"items_per_view":5,"slider_autoplay":1,"dots":false,"carousel_pagination_alignment":"center_pagination","arrows":false,"nav_arrow_position":"navigation-bottom-center","center_nav_arrow_alignment":"outside_container","navigation_button_color":"","navigation_button_icon_color":"","navigation_button_hover_color":"","navigation_button_hover_icon_color":"","navigation_dot_color":"","navigation_dot_active_color":""}},"inner-page-testimonials-section":{"type":"inner-page-testimonials-section","blocks":{"bc0e66ac-1e3d-4f6a-9827-b38dd843d394":{"type":"content","settings":{"quote":"<p>Lorem Ipsum is simply dummy text of the printing and typesetting industry. Lorem Ipsum has been the industry&#x27;s standard dummy text ever since the 1500s, when an unknown printer took a galley of type.<\/p>","author":"Author Name","job":"Author Designation","star":"3"}},"ce438f17-9ea3-48ee-acd5-80fd1e5c97df":{"type":"content","settings":{"quote":"<p>Lorem Ipsum is simply dummy text of the printing and typesetting industry. Lorem Ipsum has been the industry&#x27;s standard dummy text ever since the 1500s, when an unknown printer took a galley of type.<\/p>","author":"Author Name","job":"Author Designation","star":"3"}},"fbaaff31-fba1-4696-a6d6-f5a02ac2e9cf":{"type":"content","settings":{"quote":"<p>Lorem Ipsum is simply dummy text of the printing and typesetting industry. Lorem Ipsum has been the industry&#x27;s standard dummy text ever since the 1500s, when an unknown printer took a galley of type.<\/p>","author":"Author Name","job":"Author Designation","star":"3"}}},"block_order":["bc0e66ac-1e3d-4f6a-9827-b38dd843d394","ce438f17-9ea3-48ee-acd5-80fd1e5c97df","fbaaff31-fba1-4696-a6d6-f5a02ac2e9cf"],"settings":{"enable":true,"full":false,"spacing_both_ends":false,"padding":"100,100","margin":"100,0","show_background_image":false,"background_style":"default","enable_overlay":true,"background_color":"","overlay_transparency":"0.1","section_heading":"Testimonials","section_sub_heading":"Sub Heading","section_description":"Use this text to share the information which you like!.","section_button_text":"","section_button_link":"","section_heading_color":"","section_sub_heading_color":"","section_description_color":"","section_button_bg_color":"","section_button_text_color":"","section_button_hover_bg_color":"","section_button_hover_text_color":"","heading_position":"text-center","grid":"1","block_style":"style_1","boxed_styles":"content_boxed","enable_box_shadow":false,"reverse_column":false,"text_position":"text-start","quote_style":"no-quote-icon","author_info_style":"style_2","border_radius":"0px","boxed_border_radius":"0","column_gap":"30","content_width":"30\/70","lap_content_width":"20\/80","vertical_position":"vertical-top","testimonial_border_color":"","testimonial_background_color":"","testimonial_content_color":"","testimonial_review_color":"","testimonial_author_text_color":"","testimonial_author_designation_color":"","testimonial_author_separator_color":"","testimonial_quote_icon_color":"","enable_slider":true,"enable_auto_height":true,"items_per_view":3,"slider_autoplay":0,"dots":true,"carousel_pagination_alignment":"center_pagination","carousel_pagination_bottom_alignment":"outside_element","arrows":false,"nav_arrow_position":"center-navigation","center_nav_arrow_alignment":"outside_container","navigation_button_color":"","navigation_button_icon_color":"","navigation_button_hover_color":"","navigation_button_hover_icon_color":"","navigation_dot_color":"","navigation_dot_active_color":""}},"1625463344dad1f849":{"type":"slideshow","blocks":{"4c516436-6dbf-4e7a-9a98-247eb52ed300":{"type":"Slider","settings":{"mobile_bg_clr":"","text_alignment":"text-center","content_position":"dt-sc-flex-center","show_image":false,"title_2":"Sub Heading","subheading_color":"","subheading_size":"20","title":"Heading","heading_color":"","heading_size":"54","desc":"Few lines of short description.","desc_color":"","desc_size":"14","button":"Shop Now","link":"","btn_bg_color":"","btn_txt_color":"","btn_hoverbg_color":"","btn_hovertxt_color":"","button_2":"","link_2":"","btn_bg_color_2":"","btn_txt_color_2":"","btn_hoverbg_color_2":"","btn_hovertxt_color_2":"","slide_content_bg":""}},"7a7d1364-f948-4c91-984f-e95ae233b188":{"type":"Slider","settings":{"mobile_bg_clr":"","text_alignment":"text-center","content_position":"dt-sc-flex-center","show_image":false,"title_2":"Sub Heading","subheading_color":"","subheading_size":"20","title":"Heading","heading_color":"","heading_size":"54","desc":"Few lines of short description.","desc_color":"","desc_size":"14","button":"Shop Now","link":"","btn_bg_color":"","btn_txt_color":"","btn_hoverbg_color":"","btn_hovertxt_color":"","button_2":"","link_2":"","btn_bg_color_2":"","btn_txt_color_2":"","btn_hoverbg_color_2":"","btn_hovertxt_color_2":"","slide_content_bg":""}}},"block_order":["4c516436-6dbf-4e7a-9a98-247eb52ed300","7a7d1364-f948-4c91-984f-e95ae233b188"],"settings":{"full":true,"spacing_both_ends":false,"margin":"0,0","slider_height":850,"slider_height_lap":700,"slider_height_tab":600,"slider_height_mobile":350,"content_within_container":false,"enable_box_shadow":false,"border_radius":"0","content_border_radius":"0","autoplay":false,"slideshow_speed":"5000","dots":true,"carousel_pagination_alignment":"center_pagination","carousel_pagination_bottom_alignment":"inside_element","arrows":false,"nav_arrow_position":"navigation-bottom-center","center_nav_arrow_alignment":"outside_container","navigation_button_color":"","navigation_button_icon_color":"","navigation_button_hover_color":"","navigation_button_hover_icon_color":"","navigation_dot_color":"","navigation_dot_active_color":"","custom_class_name":""}},"16254637395b779024":{"type":"home-product-carousel","settings":{"full":false,"spacing_both_ends":false,"padding":"0,0","margin":"100,100","show_background_image":false,"background_style":"default","enable_overlay":false,"background_color":"","overlay_transparency":"0.5","section_heading":"Product Carousel","section_sub_heading":"","section_description":"","section_button_text":"","section_button_link":"","section_heading_color":"","section_sub_heading_color":"","section_description_color":"","section_button_bg_color":"","section_button_text_color":"","section_button_hover_bg_color":"","section_button_hover_text_color":"","heading_position":"text-start","grouped_content_bg":"","grouped_column_gap":"30","grouped_content_padding":"0","group_border_radius":"0","enable_group_box_shadow":false,"reverse_column":false,"content_width":"30\/70","lap_content_width":"35\/65","additional_block_background_color":"","additional_block_box_shadow":false,"additional_content_padding":"0","additional_block_border_radius":"0","enable_main_content":true,"main_block_background_color":"","enable_main_block_box_shadow":false,"main_block_border_radius":"0","main_content_padding":"0","collection":"","column_gap":"30","border_radius":"0","enable_list_view":false,"grid":"4","post_limit":2,"enable_slider":false,"items_per_view":4,"rows":3,"slider_autoplay":0,"enable_auto_height":false,"dots":false,"carousel_pagination_alignment":"center_pagination","carousel_pagination_bottom_alignment":"outside_element","arrows":false,"nav_arrow_position":"navigation-top-right","center_nav_arrow_alignment":"inside_container","navigation_button_color":"","navigation_button_icon_color":"","navigation_button_hover_color":"","navigation_button_hover_icon_color":"","navigation_dot_color":"","navigation_dot_active_color":"","custom_class_name":""}},"16254638834e702403":{"type":"home-grid-banner","blocks":{"16254638834e702403-0":{"type":"content","settings":{"show_image":true,"block_title":"Title","block_sub_title":"","block_description":"Pair text with an image to focus on your chosen product, collection, or blog post. Add details on availability, style, or even provide a review.","block_button_text":"Button","block_button_link":"shopify:\/\/collections\/best-collections","block_text_align":"text-start","content_position":"center-left","reverse_column":false,"block_banner_bg":"","block_content_box_bg":"","block_heading_color":"","block_sub_heading_color":"","block_description_color":"","block_button_bg_color":"","block_button_text_color":"","block_button_hover_bg_color":"","block_button_hover_text_color":"","overlay_style":"use_overlay","overlay_color":"","overlay_opacity":"0.5","rotation_degree":"180"}}},"block_order":["16254638834e702403-0"],"settings":{"full":false,"spacing_both_ends":false,"padding":"0,0","margin":"0,0","show_background_image":false,"background_style":"default","enable_overlay":false,"background_color":"","overlay_transparency":"0.5","section_heading":"","section_sub_heading":"","section_description":"","section_button_text":"","section_button_link":"","section_heading_color":"","section_sub_heading_color":"","section_description_color":"","section_button_bg_color":"","section_button_text_color":"","section_button_hover_bg_color":"","section_button_hover_text_color":"","heading_position":"text-center","block_banner_style":"list","column_gap":"30","grid":"2","border_radius":"0","enable_box_shadow":false,"equal_height":false,"content_width":"50\/50","lap_content_width":"40\/60","overlay_style_height":600,"overlay_style_height_laptop":500,"overlay_style_height_mobile":400,"custom_class_name":""}},"162546445354753e59":{"type":"home-featured-blog","settings":{"full":false,"spacing_both_ends":false,"padding":"100,100","margin":"100,100","show_background_image":false,"background_style":"default","enable_overlay":true,"background_color":"","overlay_transparency":"0.5","section_heading":"Blog Listing","section_sub_heading":"","section_description":"","section_button_text":"","section_button_link":"","section_heading_color":"","section_sub_heading_color":"","section_description_color":"","section_button_bg_color":"","section_button_text_color":"","section_button_hover_bg_color":"","section_button_hover_text_color":"","heading_position":"text-center","blog":"news","blog_show_author":true,"blog_show_date":true,"blog_comments":false,"blog_show_tag":false,"blog_show_button":true,"blog_show_description":true,"enable_blog_icons":false,"block_banner_style":"grid-style","post_limit":1,"grid":"1","text_position":"text-center","enable_box_shadow":false,"vertical_position":"vertical-center","content_width":"50\/50","lap_content_width":"40\/60","overlay_style_height":400,"overlay_style":"use_overlay","overlay_color":"","overlay_opacity":"0.5","rotation_degree":"180","split_blog_layout":false,"split_gap":"30","enable_masonry_grid":false,"main_banner_style":"grid-style","additional_banner_style":"list-style","enable_masonry_reverse":false,"blog_bg_color":"","blog_link_color":"","blog_link_hover_color":"","blog_text_color":"","blog_icon_color":"","blog_button_bg_color":"","blog_button_text_color":"","blog_button_bg_hover_color":"","blog_button_text_hover_color":"","blog_link_color_overlay":"","blog_link_hover_color_overlay":"","blog_text_color_overlay":"","blog_icon_color_overlay":"","blog_button_bg_color_overlay":"","blog_button_text_color_overlay":"","blog_button_bg_hover_color_overlay":"","blog_button_text_hover_color_overlay":"","masonry_content_width":"50\/50","lap_masonry_content_width":"40\/60","enable_slider":false,"enable_auto_height":true,"items_per_view":2,"column_gap":"30","slider_autoplay":0,"dots":true,"carousel_pagination_alignment":"center_pagination","arrows":true,"nav_arrow_position":"center-navigation","center_nav_arrow_alignment":"outside_container","navigation_button_color":"","navigation_button_icon_color":"","navigation_button_hover_color":"","navigation_button_hover_icon_color":"","navigation_dot_color":"","navigation_dot_active_color":"","custom_class_name":""}},"1625464732dee99c61":{"type":"home-masonry-banner","blocks":{"1625464732dee99c61-0":{"type":"content","settings":{"show_image":true,"block_title":"Title","block_sub_title":"Sub title","block_description":"Short description","block_button_text":"","block_button_link":"","block_text_align":"text-center","content_position":"center","image_position":"center","reverse_column":false,"block_banner_bg":"","block_heading_color":"","block_sub_heading_color":"","block_description_color":"","block_button_bg_color":"","block_button_text_color":"","block_button_hover_bg_color":"","block_button_hover_text_color":"","overlay_style":"use_overlay","overlay_color":"","overlay_opacity":"0.5","rotation_degree":"180"}},"1625464732dee99c61-1":{"type":"content","settings":{"show_image":true,"block_title":"Title","block_sub_title":"Sub title","block_description":"Short description","block_button_text":"","block_button_link":"","block_text_align":"text-center","content_position":"center","image_position":"center","reverse_column":false,"block_banner_bg":"","block_heading_color":"","block_sub_heading_color":"","block_description_color":"","block_button_bg_color":"","block_button_text_color":"","block_button_hover_bg_color":"","block_button_hover_text_color":"","overlay_style":"use_overlay","overlay_color":"","overlay_opacity":"0.5","rotation_degree":"180"}}},"block_order":["1625464732dee99c61-0","1625464732dee99c61-1"],"settings":{"full":false,"spacing_both_ends":false,"padding":"0,0","margin":"0,0","show_background_image":false,"background_style":"default","enable_overlay":false,"background_color":"","overlay_transparency":"0.5","section_heading":"Masonry grid banner","section_sub_heading":"Sub Heading","section_description":"Use this text to share the information which you like!.","section_button_text":"","section_button_link":"","heading_position":"text-center","section_heading_color":"","section_sub_heading_color":"","section_description_color":"","section_button_bg_color":"","section_button_text_color":"","section_button_hover_bg_color":"","section_button_hover_text_color":"","main_banner_style":"overlay","block_banner_style":"overlay","reverse_column":false,"column_gap":"30px","enable_box_shadow":false,"border_radius":"0","content_width":"65\/35","lap_content_width":"40\/60","primary_text_align":"text-center","primary_position":"center","primary_title":"Title","primary_sub_title":"Sub title","primary_description":"Short description","primary_button_text":"","primary_button_link":"","primary_banner_bg":"","primary_heading_color":"","primary_sub_heading_color":"","primary_description_color":"","primary_button_bg_color":"","primary_button_text_color":"","primary_button_hover_bg_color":"","primary_button_hover_text_color":"","overlay_style":"use_overlay","overlay_color":"","overlay_opacity":"0.5","rotation_degree":"180","block_style":"style-2","overlay_style_height":300,"overlay_style_height_laptop":550,"overlay_style_height_tab":500,"overlay_style_height_mobile":450,"custom_class_name":""}},"gift_card-logo":{"type":"gift_card-logo","settings":{"logo":"shopify:\/\/shop_images\/thumb-image-new.png","logo_max_width":100}},"home-newsletter":{"type":"home-newsletter","settings":{"full":true,"spacing_both_ends":true,"padding":"70,70","margin":"0,0","show_background_image":true,"background_style":"default","background_color":"#6f2d2d","enable_overlay":true,"overlay_transparency":"1","section_heading":"","section_sub_heading":"Sign Up for Furniture Email","section_description":"Nec dui nunc mattis enim ut tellus sit ernu elementum.","section_button_text":"","section_button_link":"","section_heading_color":"#ffffff","section_sub_heading_color":"#ffffff","section_description_color":"#ffffff","section_button_bg_color":"#6f2d2d","section_button_text_color":"","section_button_hover_bg_color":"","section_button_hover_text_color":"","heading_position":"text-start","section_position":"text-end","newsletter_form_width":"100%","newsletter_description":"","news_style":"default","reverse_column":false,"space_in_between":"15px","newsletter_box_border_color":"#ffffff","newsletter_box_bg_color":"#6f2d2d","newsletter_box_border_focus_color":"#ffffff","newsletter_button_bg_color":"#6f2d2d","newsletter_button_text_color":"#ffffff","newsletter_button_hover_bg_color":"#1a1a1a","newsletter_button_hover_text_color":"#ffffff","newsletter_description_color":"","custom_class_name":""}},"home-featured-blog":{"type":"home-featured-blog","settings":{"full":true,"spacing_both_ends":true,"padding":"10,30","margin":"50,50","show_background_image":false,"background_image":"shopify:\/\/shop_images\/abo06.jpg","background_style":"default","enable_overlay":false,"background_color":"","overlay_transparency":"0.5","section_heading":"Our Carpenters","section_sub_heading":"","section_description":"Lorem ipsum dolor sit amet, consectetur adipiscing elit, sed do eiusmod tempor incididunt ut labore et dolore magna aliqua.","section_button_text":"","section_button_link":"","section_heading_color":"","section_sub_heading_color":"","section_description_color":"","section_button_bg_color":"","section_button_text_color":"","section_button_hover_bg_color":"","section_button_hover_text_color":"","heading_position":"text-center","blog":"sevices-blog","blog_show_author":false,"blog_show_date":false,"blog_comments":false,"blog_show_tag":true,"blog_show_button":false,"blog_show_description":false,"enable_blog_icons":false,"block_banner_style":"grid-style","post_limit":3,"grid":"3","text_position":"text-center","enable_box_shadow":false,"vertical_position":"vertical-center","content_width":"50\/50","lap_content_width":"40\/60","overlay_style_height":400,"overlay_style":"use_overlay","overlay_color":"","overlay_opacity":"0.5","rotation_degree":"180","split_blog_layout":false,"split_gap":"30","enable_masonry_grid":false,"main_banner_style":"grid-style","additional_banner_style":"list-style","enable_masonry_reverse":false,"blog_bg_color":"","blog_link_color":"","blog_link_hover_color":"","blog_text_color":"","blog_icon_color":"","blog_button_bg_color":"","blog_button_text_color":"","blog_button_bg_hover_color":"","blog_button_text_hover_color":"","blog_link_color_overlay":"","blog_link_hover_color_overlay":"","blog_text_color_overlay":"","blog_icon_color_overlay":"","blog_button_bg_color_overlay":"","blog_button_text_color_overlay":"","blog_button_bg_hover_color_overlay":"","blog_button_text_hover_color_overlay":"","masonry_content_width":"50\/50","lap_masonry_content_width":"40\/60","enable_slider":false,"enable_auto_height":true,"items_per_view":2,"column_gap":"30","slider_autoplay":0,"dots":true,"carousel_pagination_alignment":"center_pagination","arrows":true,"nav_arrow_position":"center-navigation","center_nav_arrow_alignment":"outside_container","navigation_button_color":"","navigation_button_icon_color":"","navigation_button_hover_color":"","navigation_button_hover_icon_color":"","navigation_dot_color":"","navigation_dot_active_color":"","custom_class_name":"about-blog-page"}}},"content_for_index":["1625463344dad1f849","16254637395b779024","16254638834e702403","162546445354753e59","1625464732dee99c61"]}}