{"sections":{"16560664730a34fc8a":{"type":"slideshow","blocks":{"ad96b3e3-b1ae-42ac-99f1-2d488c6bbfe2":{"type":"Slider","settings":{"slider_type":"image","video_url":"https:\/\/storage.googleapis.com\/coverr-main\/mp4\/Palm_Trees.mp4","iframe_url":"","mobile_bg_clr":"","text_alignment":"text-center","content_position":"dt-sc-flex-center","block_image":"shopify:\/\/shop_images\/sliderimg03_d37d8985-a841-4363-b97e-da9a40b363a9.jpg","block_image1":"shopify:\/\/shop_images\/sliderimg03.1.jpg","addtional_block_title":"WOMEN'S FASHION","additional_block_title_color":"#d9ddcf","show_image":true,"show_addtional_image":true,"show_content":true,"title_2":"Feel Pretty","subheading_color":"#000000","subheading_size":"24","title":"Crazy Designs","heading_color":"#000000","heading_size":"50","desc":"Proin gravida hendrerit lectus vel risus commodo viverra maecenas accumsan lacus vel adipiscing diam donec adipiscing tristique.","desc_color":"#565e41","desc_size":"14","button":"Shop Now","link":"shopify:\/\/collections\/hot-deals-demo-5","btn_bg_color":"#e9e4de","btn_txt_color":"#565e41","btn_hoverbg_color":"#565e41","btn_hovertxt_color":"#ffffff","button_2":"New Arrivals","link_2":"shopify:\/\/collections\/new-arrivals-demo-5","btn_bg_color_2":"#565e41","btn_txt_color_2":"#ffffff","btn_hoverbg_color_2":"#e9e4de","btn_hovertxt_color_2":"#565e41","slide_bg":"#f0edea","enable_additional_button":true,"additional_image":"shopify:\/\/shop_images\/video-play-icon_f7317cb2-64f7-4580-abd5-e2cf2759e487.png","additional_button_text":"Play Video","additional_button_link":"https:\/\/www.youtube.com\/embed\/zwWLWTHBrU0","additional_button_text_color":"#000000","additional_button_text_hover_color":"#565e41"}},"b8f7ee27-ee45-4f53-ade8-6e1a7aba4b3a":{"type":"Slider","settings":{"slider_type":"image","video_url":"https:\/\/storage.googleapis.com\/coverr-main\/mp4\/Palm_Trees.mp4","iframe_url":"","mobile_bg_clr":"","text_alignment":"text-start","content_position":"dt-sc-flex-center","block_image":"shopify:\/\/shop_images\/sliderimg02_c1158246-4856-4e8f-bd83-9caf9e43db74.jpg","block_image1":"shopify:\/\/shop_images\/sliderimg02.1.jpg","addtional_block_title":"Crazy Fashion","additional_block_title_color":"#d9ddcf","show_image":true,"show_addtional_image":true,"show_content":true,"title_2":"Gorgeous Look","subheading_color":"#000000","subheading_size":"24","title":"Elegant Wear","heading_color":"#000000","heading_size":"54","desc":"Turpis massa tincidunt dui purus ut faucibus pulvinar elementum integer vel risus commodo viverra maecenas accumsan lacus vel.","desc_color":"#000000","desc_size":"14","button":"Shop Now","link":"shopify:\/\/collections\/hot-deals-demo-5","btn_bg_color":"#e9e4de","btn_txt_color":"#565e41","btn_hoverbg_color":"#565e41","btn_hovertxt_color":"#ffffff","button_2":"New Arrivals","link_2":"shopify:\/\/collections\/popular-products-demo-5","btn_bg_color_2":"#565e41","btn_txt_color_2":"#ffffff","btn_hoverbg_color_2":"#e9e4de","btn_hovertxt_color_2":"#565e41","slide_bg":"#f0edea","enable_additional_button":true,"additional_image":"shopify:\/\/shop_images\/video-play-icon_f7317cb2-64f7-4580-abd5-e2cf2759e487.png","additional_button_text":"Play Video","additional_button_link":"https:\/\/www.youtube.com\/embed\/7yJOcpx2UqM","additional_button_text_color":"#000000","additional_button_text_hover_color":"#565e41"}},"dd12b180-7778-46de-8905-18bb81b8c769":{"type":"Slider","settings":{"slider_type":"image","video_url":"https:\/\/storage.googleapis.com\/coverr-main\/mp4\/Palm_Trees.mp4","iframe_url":"","mobile_bg_clr":"","text_alignment":"text-start","content_position":"dt-sc-flex-center","block_image":"shopify:\/\/shop_images\/sliderimg01_082c4b35-a650-4298-8fe5-899fc454fd31.jpg","block_image1":"shopify:\/\/shop_images\/sliderimg01.1.jpg","addtional_block_title":"TRENDING FASHION","additional_block_title_color":"#d9ddcf","show_image":true,"show_addtional_image":true,"show_content":true,"title_2":"Unique Style","subheading_color":"#000000","subheading_size":"24","title":"Stylish Cloth","heading_color":"#000000","heading_size":"50","desc":"Ac feugiat sed lectus vestibulum mattis ullamcorper  id nibh tortor id aliquet lectus. Sed viverra ipsum nunc aliquet bibendum enim facilisis.","desc_color":"#565e41","desc_size":"14","button":"Shop Now","link":"shopify:\/\/collections\/hot-deals-demo-5","btn_bg_color":"#e9e4de","btn_txt_color":"#565e41","btn_hoverbg_color":"#565e41","btn_hovertxt_color":"#ffffff","button_2":"New Arrivals","link_2":"shopify:\/\/collections\/shop-demo-5","btn_bg_color_2":"#565e41","btn_txt_color_2":"#ffffff","btn_hoverbg_color_2":"#e9e4de","btn_hovertxt_color_2":"#565e41","slide_bg":"#f0edea","enable_additional_button":true,"additional_image":"shopify:\/\/shop_images\/video-play-icon_f7317cb2-64f7-4580-abd5-e2cf2759e487.png","additional_button_text":"Play Video","additional_button_link":"https:\/\/www.youtube.com\/embed\/yHQEUiYly8o","additional_button_text_color":"#000000","additional_button_text_hover_color":"#565e41"}}},"block_order":["ad96b3e3-b1ae-42ac-99f1-2d488c6bbfe2","b8f7ee27-ee45-4f53-ade8-6e1a7aba4b3a","dd12b180-7778-46de-8905-18bb81b8c769"],"settings":{"full":true,"spacing_both_ends":false,"margin":"0,0","slider_height":900,"slider_height_lap":700,"slider_height_tab":600,"slider_height_mobile":350,"video-aspect-ratio":"","content_within_container":false,"enable_box_shadow":false,"border_radius":"0","content_border_radius":"0","autoplay":false,"slideshow_speed":"5000","dots":true,"carousel_pagination_alignment":"center_pagination","carousel_pagination_bottom_alignment":"inside_element","arrows":true,"nav_arrow_position":"navigation-bottom-right","center_nav_arrow_alignment":"inside_container","navigation_button_color":"#d9ddcf","navigation_button_icon_color":"#000000","navigation_button_hover_color":"#d9ddcf","navigation_button_hover_icon_color":"#000000","navigation_dot_color":"","navigation_dot_active_color":"","custom_class_name":"custom-grid-slider"}},"165544095096cb780d":{"type":"home-grid-banner","blocks":{"16554409502d5a7534-0":{"type":"content","settings":{"grid_banner_type":"image","show_image_title":false,"block_image_title":"Image title","block_image_title_color":"","block_image":"shopify:\/\/shop_images\/grid01_40b3c9d1-27ab-4422-81d3-b20362b11093.jpg","block_video":"https:\/\/www.w3schools.com\/tags\/mov_bbb.mp4","video_icon_color":"","video_icon_position":"icon-top-right","content_with_icon":false,"video_icon_outer_size":"60px","video_icon_size":"40px","show_image":true,"show_content":true,"block_title":"Jean Dress","block_title_link":"shopify:\/\/collections\/hot-deals-demo-5","block_sub_title":"NEW STYLE","block_description":"","block_button_text":"","block_button_link":"","block_text_align":"text-start","content_position":"bottom-left","reverse_column":false,"block_banner_bg":"#ffffff","block_content_box_bg":"","block_heading_color":"","block_sub_heading_color":"","block_description_color":"","block_button_bg_color":"","block_button_text_color":"","block_button_hover_bg_color":"","block_button_hover_text_color":"","overlay_style":"use_overlay","overlay_color":"rgba(0,0,0,0)","overlay_opacity":"0.5","rotation_degree":"180","block_animation_text":"fadeInLeft"}},"16554409502d5a7534-1":{"type":"content","settings":{"grid_banner_type":"image","show_image_title":false,"block_image_title":"Image title","block_image_title_color":"","block_image":"shopify:\/\/shop_images\/grid03_1526195d-39d9-437c-91d9-baa54e497c88.jpg","block_video":"https:\/\/www.w3schools.com\/tags\/mov_bbb.mp4","video_icon_color":"","video_icon_position":"icon-top-right","content_with_icon":false,"video_icon_outer_size":"60px","video_icon_size":"40px","show_image":true,"show_content":true,"block_title":"Casual Dress","block_title_link":"shopify:\/\/collections\/popular-products-demo-5","block_sub_title":"CLASSY LOOK","block_description":"","block_button_text":"","block_button_link":"","block_text_align":"text-start","content_position":"bottom-left","reverse_column":false,"block_banner_bg":"#ffffff","block_content_box_bg":"","block_heading_color":"","block_sub_heading_color":"","block_description_color":"","block_button_bg_color":"","block_button_text_color":"","block_button_hover_bg_color":"","block_button_hover_text_color":"","overlay_style":"use_overlay","overlay_color":"rgba(0,0,0,0)","overlay_opacity":"0.5","rotation_degree":"180","block_animation_text":"fadeIn"}},"194e501a-aa1c-45de-9d7c-72b75d06d1e3":{"type":"content","settings":{"grid_banner_type":"image","show_image_title":false,"block_image_title":"Image title","block_image_title_color":"","block_image":"shopify:\/\/shop_images\/grid02_78936732-a9c1-4bf4-a998-6679c171da4c.jpg","block_video":"https:\/\/www.w3schools.com\/tags\/mov_bbb.mp4","video_icon_color":"","video_icon_position":"icon-top-right","content_with_icon":false,"video_icon_outer_size":"60px","video_icon_size":"40px","show_image":true,"show_content":true,"block_title":"Party Outfit","block_title_link":"shopify:\/\/collections\/shop-demo-5","block_sub_title":"MODERN STYLE","block_description":"","block_button_text":"","block_button_link":"","block_text_align":"text-start","content_position":"bottom-left","reverse_column":false,"block_banner_bg":"#ffffff","block_content_box_bg":"","block_heading_color":"","block_sub_heading_color":"","block_description_color":"","block_button_bg_color":"","block_button_text_color":"","block_button_hover_bg_color":"","block_button_hover_text_color":"","overlay_style":"use_overlay","overlay_color":"rgba(0,0,0,0)","overlay_opacity":"0.5","rotation_degree":"180","block_animation_text":"fadeInRight"}}},"block_order":["16554409502d5a7534-0","16554409502d5a7534-1","194e501a-aa1c-45de-9d7c-72b75d06d1e3"],"settings":{"full":false,"spacing_both_ends":false,"padding":"0,0","margin":"80,0","show_background_image":false,"background_style":"none","background_size":"auto","enable_overlay":false,"background_color":"","overlay_transparency":"0.5","section_heading":"","section_sub_heading":"","section_description":"","section_button_text":"","section_button_link":"","section_heading_color":"","section_sub_heading_color":"","section_description_color":"","section_button_bg_color":"","section_button_text_color":"","section_button_hover_bg_color":"","section_button_hover_text_color":"","heading_position":"text-center","block_banner_style":"overlay","column_gap":"30","grid":"3","border_radius":"0","enable_box_shadow":false,"equal_height":false,"content_width":"50\/50","lap_content_width":"40\/60","overlay_style_height":460,"overlay_style_height_laptop":460,"overlay_style_height_mobile":450,"custom_class_name":"custom-overlay-banner"}},"16554447971a401730":{"type":"home-featured-product","blocks":{"c5ec8f54-aa35-450c-aa13-43a3faadaa28":{"type":"CMS","settings":{"title":"DETAILS","page_content":"shipping-information"}},"e6d87aaa-d2c1-4dd3-af1b-dc1f001c1422":{"type":"CMS","settings":{"title":"Faq","page_content":"tab-faqs"}},"c4703c7e-d26e-4127-81cd-08a3a4db1ce8":{"type":"CMS","settings":{"title":"SIZE CHART","page_content":"services"}}},"block_order":["c5ec8f54-aa35-450c-aa13-43a3faadaa28","e6d87aaa-d2c1-4dd3-af1b-dc1f001c1422","c4703c7e-d26e-4127-81cd-08a3a4db1ce8"],"settings":{"full":true,"spacing_both_ends":true,"padding":"0,0","margin":"100,0","show_background_image":false,"background_style":"none","background_size":"auto","enable_overlay":false,"background_color":"","overlay_transparency":"0.5","section_heading":"","section_sub_heading":"","section_description":"","section_button_text":"","section_button_link":"","section_heading_color":"","section_sub_heading_color":"","section_description_color":"","section_button_bg_color":"","section_button_text_color":"","section_button_hover_bg_color":"","section_button_hover_text_color":"","heading_position":"text-center","featured_product":"a-line-shorts","gallery_type":"thumbnails_horizontal","vertical_style":"dt-sc-product-vertical-thumb-left","disable_thumbnails":false,"enable_zoom":true,"enable_video_looping":false,"meta-lable-style":"full-width","show_featured_shop_desc":true,"featured_view_desc_truncate":"30","show_variants_swatches":true,"swatch_as":"color","deals_section":true,"show_size_chart":false,"show_product_vendor":false,"show_product_type":false,"show_product_sku":false,"show_product_quantity":true,"display_back_in_stock":false,"show_quantity_selector":true,"reviews":true,"show_checkout":false,"hide_addtocart":false,"product_tab1":true,"product_tab1_heading":"Description","content_background_color":"#f4f1ed"}},"165544733566431beb":{"type":"home-product-carousel","settings":{"full":true,"spacing_both_ends":true,"padding":"0,0","margin":"100,0","show_background_image":false,"background_style":"none","background_size":"auto","enable_overlay":false,"background_color":"","overlay_transparency":"0.5","section_heading":"Modern Designs","section_sub_heading":"Pretty Look","section_description":"","section_button_text":"","section_button_link":"","section_heading_color":"","section_sub_heading_color":"","section_description_color":"","section_button_bg_color":"","section_button_text_color":"","section_button_hover_bg_color":"","section_button_hover_text_color":"","heading_position":"text-center","grouped_content_bg":"","grouped_column_gap":"30","grouped_content_padding":"0","group_border_radius":"","enable_group_box_shadow":false,"reverse_column":false,"content_width":"30\/70","lap_content_width":"35\/65","additional_block_background_color":"","additional_block_box_shadow":false,"additional_content_padding":"0","additional_block_border_radius":"0","enable_main_content":true,"main_block_background_color":"","enable_main_block_box_shadow":false,"main_block_border_radius":"0","main_content_padding":"0","collection":"shop-demo-5","column_gap":"18","border_radius":"0","enable_list_view":false,"grid":"4","post_limit":8,"enable_slider":false,"items_per_view":4,"items_laptop_view":3,"items_tablet_view":2,"items_mobile_view":1,"enable_center_mode":false,"rows":3,"slider_autoplay":0,"enable_auto_height":false,"dots":false,"carousel_pagination_alignment":"center_pagination","carousel_pagination_bottom_alignment":"outside_element","arrows":false,"nav_arrow_position":"navigation-top-right","center_nav_arrow_alignment":"inside_container","navigation_button_color":"","navigation_button_icon_color":"","navigation_button_hover_color":"","navigation_button_hover_icon_color":"","navigation_dot_color":"","navigation_dot_active_color":"","enable_section_collection_button_text":true,"section_collection_button_text":"Shop Now","section_collection_link":"shopify:\/\/collections\/shop-demo-5","custom_class_name":"custom-demo4-product"}},"165476026910bbe237":{"type":"home-brand-logos","blocks":{"16547602694e0bd8ec-0":{"type":"Image","settings":{"image":"shopify:\/\/shop_images\/brand-logo4.png","title":"Brand Name","link":""}},"16547602694e0bd8ec-1":{"type":"Image","settings":{"image":"shopify:\/\/shop_images\/brand-logo3.png","title":"Brand Name","link":""}},"16547602694e0bd8ec-2":{"type":"Image","settings":{"image":"shopify:\/\/shop_images\/brand-logo2.png","title":"Brand Name","link":""}},"16547602694e0bd8ec-3":{"type":"Image","settings":{"image":"shopify:\/\/shop_images\/brand-logo1.png","title":"Brand Name","link":""}}},"block_order":["16547602694e0bd8ec-0","16547602694e0bd8ec-1","16547602694e0bd8ec-2","16547602694e0bd8ec-3"],"settings":{"full":false,"spacing_both_ends":false,"padding":"0,0","margin":"96,20","show_background_image":false,"background_style":"none","background_size":"auto","enable_overlay":false,"background_color":"","overlay_transparency":"0.5","section_heading":"","section_sub_heading":"","section_description":"","section_button_text":"","section_button_link":"","section_heading_color":"","section_sub_heading_color":"","section_description_color":"","section_button_bg_color":"","section_button_text_color":"","section_button_hover_bg_color":"","section_button_hover_text_color":"","heading_position":"text-center","grid":"4","block_style":"style-3","enable_box_shadow":false,"column_gap":"50","border_radius":"0","block_border_color":"rgba(0,0,0,0)","block_background_color":"#f4f4f4","block_hover_background_color":"#eeeceb","block_icon_color":"#000000","block_hover_icon_color":"#565e41","enable_slider":true,"enable_auto_height":true,"items_per_view":4,"items_laptop_view":4,"items_tablet_view":3,"items_mobile_view":1,"enable_center_mode":false,"slider_autoplay":5,"dots":false,"carousel_pagination_alignment":"center_pagination","arrows":false,"nav_arrow_position":"navigation-bottom-center","center_nav_arrow_alignment":"outside_container","navigation_button_color":"","navigation_button_icon_color":"","navigation_button_hover_color":"","navigation_button_hover_icon_color":"","navigation_dot_color":"","navigation_dot_active_color":"","custom_class_name":"custom-brand-logo"}},"1654676858d946e20b":{"type":"home-image-gallery","blocks":{"165467685865eb3b00-0":{"type":"image_image","settings":{"image":"shopify:\/\/shop_images\/insta01_d6586ac9-f97d-4a70-808b-5f9cb6e8983f.jpg","icon_class":"fa fa-instagram","overlay_title":"","link":"\/"}},"165467685865eb3b00-1":{"type":"image_image","settings":{"image":"shopify:\/\/shop_images\/insta02_1a3973f5-014c-44a9-919b-08816b47a09e.jpg","icon_class":"fa fa-instagram","overlay_title":"","link":"\/"}},"165467685865eb3b00-2":{"type":"image_image","settings":{"image":"shopify:\/\/shop_images\/insta03_7f7c9c27-7d65-4aae-a265-8274e6a80b9d.jpg","icon_class":"fa fa-instagram","overlay_title":"","link":"\/"}},"165467685865eb3b00-3":{"type":"image_image","settings":{"image":"shopify:\/\/shop_images\/insta05_277141ac-1ee3-4c4e-a13a-5db51246eed5.jpg","icon_class":"fa fa-instagram","overlay_title":"","link":"\/"}},"165467685865eb3b00-4":{"type":"image_image","settings":{"image":"shopify:\/\/shop_images\/insta04_474556ff-a134-41ad-91e4-c4ea4cd23dea.jpg","icon_class":"fa fa-instagram","overlay_title":"","link":"\/"}},"898e5675-ad3d-4041-a449-b43062312c5e":{"type":"image_image","settings":{"image":"shopify:\/\/shop_images\/insta06_991910e2-b852-490f-8aab-cffbcd205117.jpg","icon_class":"fa fa-instagram","overlay_title":"","link":"\/"}}},"block_order":["165467685865eb3b00-0","165467685865eb3b00-1","165467685865eb3b00-2","165467685865eb3b00-3","165467685865eb3b00-4","898e5675-ad3d-4041-a449-b43062312c5e"],"settings":{"full":true,"spacing_both_ends":true,"padding":"0,0","margin":"70,60","show_background_image":false,"background_style":"none","background_size":"auto","enable_overlay":false,"background_color":"","overlay_transparency":"0.5","section_heading":"@Yourinstagram","section_sub_heading":"Social Share","section_description":"","section_button_text":"","section_button_link":"","section_heading_color":"","section_sub_heading_color":"","section_description_color":"","section_button_bg_color":"","section_button_text_color":"","section_button_hover_bg_color":"","section_button_hover_text_color":"","heading_position":"text-center","grid":"5","column_gap":"15","image_list_text":"Insta Feed","enable_overlay_content":true,"item_height":310,"item_height_laptop":310,"item_height_tab":310,"item_height_mobile":310,"image_link_text_color":"#e6e6e6","image_link_hover_text_color":"","image_overlay_icon_color":"","image_overlay_color":"","icon_size":"24","enable_slider":true,"remove_button_space":false,"enable_auto_height":true,"items_per_view":5,"items_laptop_view":4,"items_tablet_view":3,"items_mobile_view":1,"enable_center_mode":false,"slider_autoplay":5,"dots":false,"carousel_pagination_alignment":"center_pagination","arrows":false,"nav_arrow_position":"center-navigation","center_nav_arrow_alignment":"along_with_container","navigation_button_color":"#ffffff","navigation_button_icon_color":"#000000","navigation_button_hover_color":"#000000","navigation_button_hover_icon_color":"#ffffff","navigation_dot_color":"","navigation_dot_active_color":"","custom_class_name":"custom-image-list"}}},"order":["16560664730a34fc8a","165544095096cb780d","16554447971a401730","165544733566431beb","165476026910bbe237","1654676858d946e20b"]}