{"sections":{"main":{"type":"main-page","settings":{"full":false,"spacing_both_ends":false,"padding":"0,0","margin":"0,0"}},"164967798079f35019":{"type":"inner-page-team-section","blocks":{"6e03c275-1b99-4869-b062-de0da89a4cb6":{"type":"content","settings":{"image":"shopify:\/\/shop_images\/team-4.jpg","name":"Lisy Johnson","designation":"Store Manager","facebook":"#","twitter":"#","pinterest":"#","youtube":"#"}},"97e85b7c-2a62-4579-890a-62f38f1759e9":{"type":"content","settings":{"image":"shopify:\/\/shop_images\/team-3.jpg","name":"Sam Miller","designation":"Human Resource","facebook":"#","twitter":"#","pinterest":"#","youtube":"#"}},"59843cb6-ff92-4992-9f4a-9149963489f2":{"type":"content","settings":{"image":"shopify:\/\/shop_images\/team-2.jpg","name":"Jessica Sena","designation":"Customer support","facebook":"#","twitter":"#","pinterest":"#","youtube":"#"}},"b067623d-1c5d-46f9-8444-462d746f7572":{"type":"content","settings":{"image":"shopify:\/\/shop_images\/team-1.jpg","name":"Liam John","designation":"Quality Control","facebook":"#","twitter":"#","pinterest":"#","youtube":"#"}}},"block_order":["6e03c275-1b99-4869-b062-de0da89a4cb6","97e85b7c-2a62-4579-890a-62f38f1759e9","59843cb6-ff92-4992-9f4a-9149963489f2","b067623d-1c5d-46f9-8444-462d746f7572"],"settings":{"enable":true,"full":false,"spacing_both_ends":false,"padding":"0,0","margin":"0,0","show_background_image":false,"background_style":"default","enable_overlay":false,"background_color":"","overlay_transparency":"0.5","section_heading":"Our Team","section_sub_heading":"","section_description":"","section_button_text":"","section_button_link":"","section_heading_color":"","section_sub_heading_color":"","section_description_color":"","section_button_bg_color":"","section_button_text_color":"","section_button_hover_bg_color":"","section_button_hover_text_color":"","heading_position":"text-center","column":"four-column","block_heading_color":"","block_designation_color":"","block_bg":"","block_social_icon_bg_color":"","block_social_icon_color":"","block_social_icon_hover_bg_color":"","block_social_icon_hover_color":""}}},"order":["main","164967798079f35019"]}