{"sections":{"main":{"type":"product-template-3d-object","blocks":{"bd5fe641-75f6-4c13-999c-d0be32e3bc87":{"type":"title","settings":{}},"7c9c1efb-83bb-46b0-abe9-7c4951265cf4":{"type":"price","settings":{}},"f14720d8-dc3c-44a3-8bfa-cea5cf644d9d":{"type":"text","disabled":true,"settings":{"text":"{{ product.metafields.descriptors.subtitle.value }}"}},"db797c60-1d3c-4034-b55d-151ec5cae2d7":{"type":"deal","settings":{}},"19be33f4-40db-451a-b5c2-40daa748ac9a":{"type":"fbt","settings":{}},"cb874c94-c1ed-44c9-a5d6-a12bc6093239":{"type":"vendor","disabled":true,"settings":{}},"22c4f5eb-0a61-4ed2-865c-ec6f809e783c":{"type":"notify-form","disabled":true,"settings":{}},"c0548d06-402e-4234-9a58-03c52a7d6c74":{"type":"type","disabled":true,"settings":{}},"f26a6ae3-78b7-4d9f-885e-fcbc49deba02":{"type":"menu","settings":{"title":"Custom Menu","linklist":"collection"}},"2ff9f47d-7f11-4be0-b8ec-143624b3ca83":{"type":"collection","settings":{"title":"","collection":"best-collections","limit":3}},"14952b1f-8a11-46fc-93bc-26529aab775e":{"type":"carousel","settings":{"title":"","collection":"best-sellers","limit":5}},"f9c96d80-5ab7-4354-839a-07c60d24aabc":{"type":"badge","settings":{"image":"shopify:\/\/shop_images\/trust_img2_360x_2d128093-d67c-4f1e-821d-f74cc97cfb86.png","badge_label":"100% Secured Payment"}},"cad3ad3e-6913-4865-a804-9c9d16146aca":{"type":"social-sharing","settings":{}}},"block_order":["bd5fe641-75f6-4c13-999c-d0be32e3bc87","7c9c1efb-83bb-46b0-abe9-7c4951265cf4","f14720d8-dc3c-44a3-8bfa-cea5cf644d9d","db797c60-1d3c-4034-b55d-151ec5cae2d7","19be33f4-40db-451a-b5c2-40daa748ac9a","cb874c94-c1ed-44c9-a5d6-a12bc6093239","22c4f5eb-0a61-4ed2-865c-ec6f809e783c","c0548d06-402e-4234-9a58-03c52a7d6c74","f26a6ae3-78b7-4d9f-885e-fcbc49deba02","2ff9f47d-7f11-4be0-b8ec-143624b3ca83","14952b1f-8a11-46fc-93bc-26529aab775e","f9c96d80-5ab7-4354-839a-07c60d24aabc","cad3ad3e-6913-4865-a804-9c9d16146aca"],"settings":{"full":false,"spacing_both_ends":false,"padding":"0,0","margin":"0,0","gallery_type":"thumbnails_horizontal","vertical_style":"dt-sc-product-vertical-thumb-right","enable_zoom":true,"zoom_type":"inner","enable_video_looping":true,"meta-lable-style":"one-half","reviews":false,"show_variants_swatches":true,"swatch_as":"color","show_product_quantity":true,"display_back_in_stock":true,"show_quantity_selector":true,"show_checkout":true,"hide_addtocart":false,"show_wishlist":true,"show_share_buttons":true,"tab_position":"bottom","tab_style":"tab","product_tab1":true,"product_tab1_heading":"Description","product_tab2":true,"product_tab2_heading":"Shipping Infomation","page_content":"shipping-infomation","product_tab3":true,"product_tab3_heading":"Reviews","enable_enquiry":true,"enable_sticky_cart":true,"show_adv_product":true,"choose_label":"Choose style","collection":"advanced-product-tagging"}},"product-recommendations":{"type":"product-recommendations","settings":{"full":false,"spacing_both_ends":false,"padding":"0,0","margin":"0,0","heading":"Recommended products","heading_position":"text-center"}}},"order":["main","product-recommendations"]}