{"current":{"favicon":"shopify:\/\/shop_images\/fav-trendx.png","preloader_enable":true,"preloader":"shopify:\/\/shop_images\/Trendz-60fps.gif","box_layout":false,"enable_scroll_to_top":true,"enable_rtl":false,"container_width":1475,"tab_container_width":960,"fullwidth_gap":5,"gutter_width":30,"overall_border_radius":0,"header_font":"lato_n7","h1_size":60,"h2_size":50,"h3_size":36,"h4_size":30,"h5_size":24,"h6_size":20,"base_font":"work_sans_n3","type_base_size":16,"type_base_size_tablet":16,"type_base_size_tablet_mobile":14,"heading_line_height":1.3,"body_line_height":1.6,"additional_font":"twentieth_century_n4","type_additional_size":20,"custom_font_script_1":"@import url('https:\/\/fonts.googleapis.com\/css2?family=Lato:wght@300;400;700;900&display=swap');","custom_font_family_1":"'Lato', sans-serif;","custom_font_script_2":"@import url('https:\/\/fonts.googleapis.com\/css2?family=Work+Sans:ital,wght@0,300;0,400;0,500;0,600;1,700&display=swap');","custom_font_family_2":"'Work Sans', sans-serif;","custom_font_script_3":"","custom_font_family_3":"","primary_color":"#565e41","secondary_color":"#000000","tertiary_color":"#d9ddcf","body_bg_color":"#ffffff","body_text_color":"#000000","overlay_color":"#e8e9e5","link_color":"#000000","link_hover_color":"#565e41","heading_color":"#000000","border_color":"#bfbfbf","product_bg_color":"#ffffff","product_text_color":"#181818","product_title_color":"#181818","product_title_hover_color":"#565e41","vendor_color":"#000000","sale_color":"#565e41","new_color":"#404631","discount_color":"#3b7300","soldout_color":"#a60811","button_bg_color":"#565e41","button_text_color":"#ffffff","button_bg_hover_color":"#000000","button_text_hover_color":"#ffffff","button_border_width":0,"button_border_radius":0,"button_padding":"14px 46px 14px 46px","gradient":"linear-gradient(90deg, rgba(86, 94, 65, 1) 61%, rgba(82, 94, 66, 1) 63%, rgba(86, 94, 65, 0) 85%)","gradient_hover":"linear-gradient(-90deg, rgba(86, 94, 65, 1) 69%, rgba(86, 94, 65, 0) 76%)","blog_bg_color":"#d9ddcf","blog_link_color":"#565e41","blog_link_hover_color":"#000000","blog_text_color":"#1a1a1a","blog_icon_color":"#565e41","blog_button_bg_color":"#565e41","blog_button_text_color":"#ffffff","blog_button_bg_hover_color":"#000000","blog_button_text_hover_color":"#ffffff","blog_link_color_overlay":"#ffffff","blog_link_hover_color_overlay":"#ffffff","blog_text_color_overlay":"#ffffff","blog_icon_color_overlay":"#ffffff","blog_button_bg_color_overlay":"#565e41","blog_button_bg_hover_color_overlay":"#000000","blog_border_radius":0,"blog_gutter_width":30,"form_bg":"#d9ddcf","input_padding":"12px 20px 12px 20px","title_image_enable":false,"title_image_position":"place_on_bottom","use_breadcrumb":true,"breadcrumb_image":"shopify:\/\/shop_images\/colored-pencils-piled-up-on-a-black-background.jpg","color_image_overlay":"rgba(0,0,0,0)","breadcrumb_text_color":"#000000","breadcrumb_text_hover_color":"#000000","breadcrumb_style":"center","image_overlay_opacity":85,"breadcrumb_padding_top":25,"breadcrumb_padding_bottom":20,"breadcrumb_margin_bottom":50,"enable_quick_view":false,"meta-lable-style":"one-half","show_product_swatches":true,"show_quick_shop_product_link":true,"show_quick_shop_desc":true,"use_aspect_ratio":"off","thumb_aspect_ratio":"1\/1","collections_show_sale_circle":true,"collections_show_sold_out_circle":true,"secondary_image_use":true,"offer_price_enable":true,"collections_show_new_circle":false,"display_vendor":false,"truncated_description":false,"excerpt_count":"20","enable_add_cart":true,"item_aignment":"content-center","product_button_style":"button","icon_alignment":"icon-right","enable_compare":false,"enable_wishlist":false,"display_color_variant":false,"show_mixed_swatch":false,"display_item_size":true,"product_review":false,"product_gap":30,"enable_timer":true,"timer_button_bg":"#565e41","sidebar_width":360,"product_page_sidebar":"full-width","product_sidebar_mobile":false,"collection_sidebar_use":"left-sidebar","collection_sidebar_mobile":false,"blog_page_sidebar":"left-sidebar","blog_sidebar_mobile":false,"cart_notes_enable":false,"ajax_cart_method":"drawer","search_grid":"3","search_results_per_page":"8","social_twitter_link":"#","social_facebook_link":"#","social_pinterest_link":"#","social_google_plus_link":"","social_instagram_link":"#","social_tumblr_link":"","social_youtube_link":"","social_vimeo_link":"","social_rss_link":"","social_linkedin_link":"","social_sharing_count":false,"share_facebook":true,"share_twitter":true,"share_pinterest":true,"share_google":true,"enable_free_shipping":true,"cart_goal_range":"USD[10], INR[761], GBP[7], CAD[12]","text":"Just","text1":"away from Free Shipping","enable_this":true,"enable_fake_visitors":false,"min_count":10,"max_count":100,"fake_heading":"People are viewing this right now","enable_fake_sales":false,"minqty":10,"maxqty":100,"password_bg_color":"#d9ddcf","password_bg_img":"shopify:\/\/shop_images\/modern-jewelry-and-accessories-on-display.jpg","password_logo":"shopify:\/\/shop_images\/logo_df4838be-603d-4065-9272-f858351713a6.png","logo_txt_color":"#000000","pwd_header_color":"#565e41","pwd_show_share_buttons":false,"pwd_newsletter_enable":true,"pwd_newsletter_form_heading_clr":"#000000","pwd_newsletter_inpt_bg":"#ffffff","pwd_newsletter_btn_bg":"#565e41","pwd_newsletter_btn_hoverbg":"#000000","pwd_newsletter_btn_hovertxt":"#ffffff","pwd_placeholder_txt":"#000000","social_title_clr":"#000000","social_icon_clr":"#000000","social__icon_hoverclr":"#000000","checkout_logo_image":"shopify:\/\/shop_images\/trendx_85079a7b-735e-49d6-8a68-9ba49564819a.png","checkout_logo_position":"center","checkout_logo_size":"small","checkout_body_background_color":"rgba(0,0,0,0)","checkout_sidebar_background_color":"rgba(0,0,0,0)","checkout_accent_color":"#565e41","checkout_button_color":"#565e41","sidebar_title_bg":"rgba(0,0,0,0)","sidebar_title_border":"#565e41","show_wislist":true,"timer":"903710998572@10\/24\/2022_00:00:00","gradient_button_bg_color":"linear-gradient(270deg, rgba(49, 202, 209, 1) 66%, rgba(249, 208, 163, 1) 100%)","sidebar_style":"grid","animae_enable":true,"favicon_enable":true,"enable_collection_sidebar":true,"enable_boxed":true,"breadcrumb_bg_image":true,"boxed_bg_color":"#ce5252","count_down_enable":true,"count_down_collections":true,"home_productdeal_time":"24 May","enable_color_swatch":true,"show_prt_quickview_desc":false,"show_smart_checkout":true,"social_sharing_style":"normal","sections":{"header":{"type":"header","blocks":{"564c9f11-5d4d-4a8b-b7ca-ef0414753f9c":{"type":"promo_banner","settings":{"enable_custom_width":false,"custom_megamenu_width":75,"mega_1":"Shop","mega_columns":"five-column","row_reverse":false,"image_1":"shopify:\/\/shop_images\/trndzmegmenu2.gif","title_1":"","button_1":"","link_1":"","title_2":"","button_2":"","link_2":""}},"d71de6b8-c7a7-41cf-a666-d49eeb3be8af":{"type":"promo_banner","settings":{"enable_custom_width":false,"custom_megamenu_width":75,"mega_1":"Products","mega_columns":"five-column","row_reverse":false,"image_1":"shopify:\/\/shop_images\/trndzmegmenu1.gif","title_1":"","button_1":"","link_1":"","title_2":"","button_2":"","link_2":""}},"80f4e5a7-1dd9-42c2-8c7c-1558f35bd1c2":{"type":"brands","disabled":true,"settings":{"mega_1":"Products","mega_columns":"four-column","row_reverse":false,"link_1":"","link_2":"","link_3":"","link_4":"","link_5":"","link_6":"","link_7":"","link_8":"","link_9":"","link_10":""}},"57e64a97-4526-462d-a088-892d198fb4ae":{"type":"product","disabled":true,"settings":{"mega_1":"","mega_columns":"five-column","row_reverse":false,"product1":"1-template-default","product2":"3-template-gallery-style","product3":"2-template-carousel-style","product4":"07-product-with-left-thumb"}},"9a293b0b-5169-4de3-b9e6-78bcfd01de73":{"type":"promo_image","disabled":true,"settings":{"mega_1":"","mega_columns":"five-column","row_reverse":false,"image_1":"shopify:\/\/shop_images\/grid02_f0b6db6e-983e-41e1-bf64-ce367ea727eb.jpg","title_1":"Test","button_1":"click here","link_1":"shopify:\/\/collections","image_2":"shopify:\/\/shop_images\/grid01_d4edbf2a-27f6-44cf-b71d-903bfa10d5c1.jpg","title_2":"","button_2":"","link_2":"","title_3":"","button_3":"","link_3":"","title_4":"","button_4":"","link_4":""}},"a9f862ee-0cab-435a-9f51-d84c47f5b72f":{"type":"promo_banner","settings":{"enable_custom_width":true,"custom_megamenu_width":40,"mega_1":"Home","mega_columns":"double-quarter-one-half","row_reverse":true,"image_1":"shopify:\/\/shop_images\/trendz-megmenu-gif.gif","title_1":"","button_1":"","link_1":"","title_2":"","button_2":"","link_2":""}}},"block_order":["564c9f11-5d4d-4a8b-b7ca-ef0414753f9c","d71de6b8-c7a7-41cf-a666-d49eeb3be8af","80f4e5a7-1dd9-42c2-8c7c-1558f35bd1c2","57e64a97-4526-462d-a088-892d198fb4ae","9a293b0b-5169-4de3-b9e6-78bcfd01de73","a9f862ee-0cab-435a-9f51-d84c47f5b72f"],"settings":{"full":true,"spacing_both_ends":true,"use_sticky_header":true,"use_sticky_mobile":true,"transparent_header":false,"show_announcement":true,"hide_announcement_mobile":true,"home_page_only":true,"bg_color":"#565e41","text_color":"#ffffff","text_hover_color":"#000000","text":"<p>40% Off: Catch the Last Day of Insider Sale! <a href=\"\/collections\" title=\"All collections\">Shop Now<\/a><\/p>","announcement_height":40,"topbar_bg":"#565e41","disable_topbar":true,"disable_topbar_mobile":false,"header_mail":"sample@example.com","header_phone":"9876543210","header_contact":"#ffffff","header_contact_hover":"#d9ddcf","logo":"shopify:\/\/shop_images\/trendx_85079a7b-735e-49d6-8a68-9ba49564819a.png","logo_max_width":150,"menu_align":"logo_center","show_mobile_as_default":false,"mobile_screen_width":"1340","show_header_social":false,"search_type":"search-icon","enable_predictive_search":true,"social_icon_color":"#565e41","social_icon_hover_color":"#ffffff","social_icon_bg":"#ffffff","social_icon_hover_bg":"#000000","show_account":true,"show_header_cart":true,"show_header_wishlist":true,"show_header_compare":false,"icon_color":"#000000","icon_hover_color":"#565e41","icon_bg":"rgba(0,0,0,0)","icon_hover_bg":"rgba(0,0,0,0)","dropdown_style":"default_dropdown","custom_nav_width":900,"custom_nav_width_lap":800,"custom_nav_width_tab":700,"enable_menu_indicator":true,"pick_menu":"main-menu","show_secondary_menu":false,"secondary_menu":"","header_bg":"#ffffff","menu_color":"#000000","menu_active_color":"#565e41","menu_active_bg":"rgba(0,0,0,0)","mega_menu_bg":"#ffffff","submenu_color":"#000000","submenu_hover_color":"#565e41","menu_bottom_bg":"#d9ddcf","menu_bottom_border":"#d9ddcf","font_size":16,"font_size_sub":16,"show_header_currency":true,"enable_sale":false,"sale_txt":"Sale","sale_tags":"shop","enable_new":false,"new_txt":"New","new_tags":"Pages","enable_hot":false,"hot_txt":"Hot","hot_tags":"Products"}},"modal-newsletter":{"type":"modal-newsletter","settings":{"enable_newsletter_modal":true,"modal_popup_width":"600px","dt_sc_cookie-expires":4,"dt_sc_cookie-modal-delay":"1000","overlay_background_color":"#000000","overlay_background_transparency":"0.8","block_text_align":"text-center","dt_sc_modal_bg_image":"shopify:\/\/shop_images\/img1.jpg","enable_overlay":true,"background_color":"#ffffff","overlay_transparency":"0.75","form_style":"style-6","form_gap":"15px","dt_sc_cookie_sub_title":"","dt_sc_cookie-modal-title":"Get 10% Off on your first order","dt_sc_cookie-modal-content":"Subscribe now and receive a discount on your first order","dt_sc_newsletter_additional_content":"","enable_social_icon":false,"section_title_color":"#000000","section_sub_title_color":"#000000","form_bg":"#ffffff","button_bg_color":"","button_text_color":"","button_hover_bg_color":"","button_hover_text_color":"","additional_text_color":"","social_icon_color":"#000000","social_icon_hover_color":"#565e41"}},"product-recommendations":{"type":"product-recommendations","settings":{"heading":"Recommended products","heading_position":"text-center"}},"footer":{"type":"footer","blocks":{"40cc8690-9f76-4648-82d9-1632b26486a0":{"type":"logo","settings":{"title":"","text":"Semper eget duis at tellus eget lorem dolor sed viverra ipsum molestie at elementum eu facilisis sed viverra accumsan in nisl nisi scelerisque eu.","link_text":"","url":"","footer_btn_color":"#565e41","footer_btn_bg":"#565e41","footer_btn_hover_color":"#565e41","footer_btn_hover_bg":"#565e41","logo":"shopify:\/\/shop_images\/footer-logo_985cfae7-e48b-4004-b92c-6211a46f2887.png","footer_logo_height":110,"container_width":38,"column_alignment":"text-start"}},"28a557d9-cccb-40c8-a425-5693a91b930e":{"type":"menu","settings":{"title":"Information","menu":"footer","container_width":15,"column_alignment":"text-start","footer_menu_style":"vertical"}},"ff1cd180-8405-4c93-99c7-8f59c34d098f":{"type":"menu","settings":{"title":"Support","menu":"help","container_width":18,"column_alignment":"text-start","footer_menu_style":"vertical"}},"2728052a-adc8-4453-9719-d7c87f986506":{"type":"menu","settings":{"title":"Connect with us","menu":"follow-us","container_width":15,"column_alignment":"text-start","footer_menu_style":"vertical"}},"18c7ada1-65d8-48dc-8bf1-a6498c2bd590":{"type":"menu","settings":{"title":"Help","menu":"support","container_width":16,"column_alignment":"text-start","footer_menu_style":"vertical"}}},"block_order":["40cc8690-9f76-4648-82d9-1632b26486a0","28a557d9-cccb-40c8-a425-5693a91b930e","ff1cd180-8405-4c93-99c7-8f59c34d098f","2728052a-adc8-4453-9719-d7c87f986506","18c7ada1-65d8-48dc-8bf1-a6498c2bd590"],"settings":{"full":true,"spacing_both_ends":true,"padding":"85,52","top_space":80,"footer_bg_clr":"#565e41","color_opacity":1,"footer_bg_img":false,"segmented_bg_clr":"#000000","show_footer_title":true,"footer_heading_clr":"#ffffff","footer_txt_clr":"#ffffff","footer_link_clr":"#ffffff","footer_link_hover_clr":"#000000","footer__bottom_bg":"#565e41","footer_color":"#ffffff","footer_link_hover":"#000000","color_borders":"#ffffff","show_payment_icons":true,"show_copyright":true,"show_social":true,"social_placement":"with_newsletter","social_style":"inline","newsletter_placement":"default","payment_placement":"with_logo","enable_inline_footer_menu":true,"footer":"footer-bottom-menu","copyright_text":"Design Themes","copyright_link":"\/","copyright_link_color":"#ffffff","copyright_link_color_hover":"#000000"}},"gdpr-cookies":{"type":"gdpr-cookies","settings":{"show_gdpr":true,"style":"left","enable_box_shadow":false,"text":"Please click Accept Cookies to continue to use the site.","accept":"Accept","decline":"Decline","bg_color":"#d9ddcf","text_color":"#000000","button_bg_color":"#565e41","button_text_color":"#ffffff","button_text_hover_color":"#ffffff","button_bg_hover_color":"#000000","button_padding":"5px 15px"}},"related-products":{"type":"related-products","settings":{"show_related_products":true,"title":"Related products","heading_position":"text-center","grid":"5","rows":"1","enable_slider":true,"enable_auto_height":true,"autoplay":true,"pagination":false,"carousel_pagination_alignment":"center_pagination","carousel_pagination_bottom_alignment":"inside_element","navigation":true,"nav_arrow_position":"navigation-bottom-center","center_nav_arrow_alignment":"inside_container","navigation_button_color":"#565e41","navigation_button_icon_color":"#ffffff","navigation_button_hover_color":"#000000","navigation_button_hover_icon_color":"#ffffff","navigation_dot_color":"#565e41","navigation_dot_active_color":"#000000","column_gap":"30"}},"customer-purchased":{"type":"customer-purchased","blocks":{"a99cf698-9b20-4fae-b092-53ec06ddc104":{"type":"image","settings":{"product":"kids-siran-dress","time":"10 minutes ago"}},"9d66bd40-a2ec-4683-a573-704c38a7a0e9":{"type":"image","settings":{"product":"kids-stake-dress","time":"45 minutes ago"}},"230b0ecb-020f-4c39-bf47-52b587056412":{"type":"image","settings":{"product":"ritzy-kids-dress","time":"19 minutes ago"}},"8dbb4b4f-d9ca-4553-b804-4271607154ff":{"type":"image","settings":{"product":"floral-hastler-dress","time":"27 minutes ago"}}},"block_order":["a99cf698-9b20-4fae-b092-53ec06ddc104","9d66bd40-a2ec-4683-a573-704c38a7a0e9","230b0ecb-020f-4c39-bf47-52b587056412","8dbb4b4f-d9ca-4553-b804-4271607154ff"],"settings":{"display_recent_purchase":true,"placement":"left","text":"Someone recently bought"}},"home-featured-product":{"type":"home-featured-product","settings":{"featured_product":"1-template-default","gallery_type":"thumbnails_horizontal","enable_zoom":true,"enable_video_looping":true,"show_variants_swatches":true,"show_product_vendor":true,"show_product_type":true,"show_product_sku":true,"show_product_quantity":true,"display_back_in_stock":true,"show_quantity_selector":true,"show_checkout":true}},"contact":{"type":"contact","settings":{"full":false,"spacing_both_ends":false,"padding":"10,10","margin":"0,0","section_heading":"Contact us","section_sub_heading":"Sub Heading","section_description":"Use this text to share the information which you like!.","section_button_text":"","section_heading_color":"","section_sub_heading_color":"","section_description_color":"","section_button_bg_color":"","section_button_text_color":"","section_button_hover_bg_color":"","section_button_hover_text_color":"","heading_position":"text-center","contact_layout":"left_iconblock_form_inline","enable_gmap":true,"contact_iframe_code":"<iframe width=\"1920\" height=\"578\" style=\"border:0;overflow:hidden;\" src=\"https:\/\/maps.google.co.in\/?ie=UTF8&t=m&ll=-37.823006,144.977388&spn=0.02034,0.042915&z=14&output=embed\"><\/iframe>","enable_contact_info":true,"contactborder_color":"","contact_hvrborder_color":"","icontactheading_color":"","contacticon_bg_color":"","contacticon_color":"","contacticon_hoverbg_color":"","contacticonhover_color":"","contact_phone":true,"contact_module_contact_phonetitle":"Phone","contact_icon_1":"fa fa-phone","contact_phone1":"<b>Toll-Free: <\/b> 0803 - 080 - 3081","contact_phone2":"<b>Fax: <\/b> 0803 - 080 - 3082","contact_module_email":true,"contact_module_contact_title":"Email","contact_icon_2":"fa fa-envelope","contact_module_email1":"mail@example.com","contact_module_email2":"support@somemail.com","contact_module_address":true,"contact_module_address_title":"Address","contact_icon_3":"fa fa-location-arrow","contact_module_address1":"No: 58 A, East Madison Street,","contact_module_address2":"Baltimore, MD, USA\n4508","enable_contact_form":true,"contact_form_title":"Contact Form"}},"password-header":{"type":"password-header","settings":{}},"password-content":{"type":"password-content","settings":{}},"password-footer":{"type":"password-footer","settings":{}},"inner-page-overlay-section":{"type":"inner-page-overlay-section","blocks":{"0a08a964-6d51-4d48-af43-5b23545eb901":{"type":"content","settings":{"image":"shopify:\/\/shop_images\/woman-in-park-afternoon.jpeg","title":"Heading","sub_title":"Sub Heading","text":"Sed vestibulum nulla elementum auctor tincidunt. Aliquam sit amet cursus mauris. Sed vitae mattis ipsum. Vestibulum enim nulla, sollicitudin ac hendrerit nec, tempor quis nisl"}},"4145683e-7576-418c-b041-39a1c7aef9eb":{"type":"content","settings":{"image":"shopify:\/\/shop_images\/woman-in-park-afternoon.jpeg","title":"Heading","sub_title":"Sub Heading","text":"Sed vestibulum nulla elementum auctor tincidunt. Aliquam sit amet cursus mauris. Sed vitae mattis ipsum. Vestibulum enim nulla, sollicitudin ac hendrerit nec, tempor quis nisl"}}},"block_order":["0a08a964-6d51-4d48-af43-5b23545eb901","4145683e-7576-418c-b041-39a1c7aef9eb"],"settings":{"enable":true,"full":false,"spacing_both_ends":false,"padding":"10,10","margin":"0,0","show_background_image":false,"background_style":"default","enable_overlay":false,"background_color":"","overlay_transparency":"0.5","section_heading":"inner-page overlay section","section_sub_heading":"Sub Heading","section_description":"Use this text to share the information which you like!.","section_button_text":"","section_button_link":"","section_heading_color":"","section_sub_heading_color":"","section_description_color":"","section_button_bg_color":"","section_button_text_color":"","section_button_hover_bg_color":"","section_button_hover_text_color":"","heading_position":"text-center","grid":"5","overlay_style_height":600,"overlay_style_height_laptop":500,"overlay_style_height_mobile":400,"block_bg":"","block_heading_color":"","block_sub_heading_color":"","block_description_color":""}},"inner-page-masonary-overlay-section":{"type":"inner-page-masonary-overlay-section","blocks":{"3c4117f4-c21a-4f52-b622-56ed5fd1bdb8":{"type":"content","settings":{"image":"shopify:\/\/shop_images\/woman-in-park-afternoon.jpeg","title":"Heading","sub_title":"Sub Heading","text":"Sed vestibulum nulla elementum auctor tincidunt. Aliquam sit amet cursus mauris. Sed vitae mattis ipsum. Vestibulum enim nulla, sollicitudin ac hendrerit nec, tempor quis nisl"}},"dbf69147-888d-49b5-8d79-231c07f09f08":{"type":"content","settings":{"image":"shopify:\/\/shop_images\/woman-in-park-afternoon.jpeg","title":"Heading","sub_title":"Sub Heading","text":"Sed vestibulum nulla elementum auctor tincidunt. Aliquam sit amet cursus mauris. Sed vitae mattis ipsum. Vestibulum enim nulla, sollicitudin ac hendrerit nec, tempor quis nisl"}}},"block_order":["3c4117f4-c21a-4f52-b622-56ed5fd1bdb8","dbf69147-888d-49b5-8d79-231c07f09f08"],"settings":{"enable":true,"full":false,"spacing_both_ends":false,"padding":"100,100","margin":"100,100","show_background_image":false,"background_style":"default","enable_overlay":true,"background_color":"#565e41","overlay_transparency":"0.1","section_heading":"inner-page overlay section","section_sub_heading":"Sub Heading","section_description":"Use this text to share the information which you like!.","section_button_text":"","section_button_link":"","section_heading_color":"","section_sub_heading_color":"","section_description_color":"","section_button_bg_color":"","section_button_text_color":"","section_button_hover_bg_color":"","section_button_hover_text_color":"","heading_position":"text-center","primary_image":"shopify:\/\/shop_images\/woman-in-park-afternoon.jpeg","primary_title":"Title","primary_sub_title":"Sub title","primary_description":"Short description","primary_button_text":"","primary_button_link":"","main_banner_height":600,"main_banner_height_lap":550,"main_banner_height_tab":500,"main_banner_height_mobile":450,"block_bg":"","block_heading_color":"","block_sub_heading_color":"","block_description_color":"","primary_button_bg_color":"","primary_button_text_color":"","primary_button_hover_bg_color":"","primary_button_hover_text_color":""}},"inner-page-partial-overlay-section":{"type":"inner-page-partial-overlay-section","blocks":{"f9247685-5350-46d3-ba87-7c3f753f1be1":{"type":"content","settings":{"image":"shopify:\/\/shop_images\/woman-in-park-afternoon.jpeg","font_icon":"fa fa-lightbulb-o","title":"Heading","text":"Sed vestibulum nulla elementum auctor tincidunt. Aliquam sit amet cursus mauris. Sed vitae mattis ipsum. Vestibulum enim nulla, sollicitudin ac hendrerit nec, tempor quis nisl","price":"$10.99","text_align":"content-left"}},"a6789bfc-6408-46b6-9b7e-a3bbdecfb7d4":{"type":"content","settings":{"image":"shopify:\/\/shop_images\/woman-in-park-afternoon.jpeg","font_icon":"fa fa-lightbulb-o","title":"Heading","text":"Sed vestibulum nulla elementum auctor tincidunt. Aliquam sit amet cursus mauris. Sed vitae mattis ipsum. Vestibulum enim nulla, sollicitudin ac hendrerit nec, tempor quis nisl","price":"$10.99","text_align":"content-left"}},"23739f70-e743-4a3f-9a1f-e919ceafe6b1":{"type":"content","settings":{"image":"shopify:\/\/shop_images\/woman-in-park-afternoon.jpeg","font_icon":"fa fa-lightbulb-o","title":"Heading","text":"Sed vestibulum nulla elementum auctor tincidunt. Aliquam sit amet cursus mauris. Sed vitae mattis ipsum. Vestibulum enim nulla, sollicitudin ac hendrerit nec, tempor quis nisl","price":"$10.99","text_align":"content-right"}},"a21f3c7a-5ff1-4ee9-bc1b-9dfc25ff4045":{"type":"content","settings":{"image":"shopify:\/\/shop_images\/woman-in-park-afternoon.jpeg","font_icon":"fa fa-lightbulb-o","title":"Heading","text":"Sed vestibulum nulla elementum auctor tincidunt. Aliquam sit amet cursus mauris. Sed vitae mattis ipsum. Vestibulum enim nulla, sollicitudin ac hendrerit nec, tempor quis nisl","price":"$10.99","text_align":"content-right"}}},"block_order":["f9247685-5350-46d3-ba87-7c3f753f1be1","a6789bfc-6408-46b6-9b7e-a3bbdecfb7d4","23739f70-e743-4a3f-9a1f-e919ceafe6b1","a21f3c7a-5ff1-4ee9-bc1b-9dfc25ff4045"],"settings":{"enable":true,"full":false,"spacing_both_ends":false,"padding":"10,10","margin":"0,0","show_background_image":false,"background_style":"default","enable_overlay":false,"background_color":"","overlay_transparency":"0.5","section_heading":"inner-page partial overlay section","section_sub_heading":"Sub Heading","section_description":"Use this text to share the information which you like!.","section_button_text":"","section_button_link":"","section_heading_color":"","section_sub_heading_color":"","section_description_color":"","section_button_bg_color":"","section_button_text_color":"","section_button_hover_bg_color":"","section_button_hover_text_color":"","heading_position":"text-center","grid":"2","overlay_style_height":500,"overlay_style_height_laptop":550,"overlay_style_height_tab":600,"overlay_style_height_mobile":650,"block_bg":"","block_heading_color":"","block_description_color":"","block_price_bg_color":"","block_price_color":"","block_icon_color":"","block_icon_bg_color":""}},"inner-page-list-with-image-section":{"type":"inner-page-list-with-image-section","blocks":{"db918014-b52f-40ba-a490-e373871cdd31":{"type":"content","settings":{"sub_title":"Extreme Performance"}},"a622fd04-6936-4748-9677-545e085429a7":{"type":"content","settings":{"sub_title":"Extreme Performance"}},"771569b2-c0bb-475f-b048-fe9918f013fe":{"type":"content","settings":{"sub_title":"Extreme Performance"}},"ef2ce8e6-c6cf-46dd-aa6d-87d4d3ec8dfd":{"type":"content","settings":{"sub_title":"Extreme Performance"}},"e9dd0b5a-6569-4fd5-a441-0206d1d6e4d1":{"type":"content","settings":{"sub_title":"Extreme Performance"}}},"block_order":["db918014-b52f-40ba-a490-e373871cdd31","a622fd04-6936-4748-9677-545e085429a7","771569b2-c0bb-475f-b048-fe9918f013fe","ef2ce8e6-c6cf-46dd-aa6d-87d4d3ec8dfd","e9dd0b5a-6569-4fd5-a441-0206d1d6e4d1"],"settings":{"enable":true,"full":false,"spacing_both_ends":false,"padding":"100,100","margin":"100,100","show_background_image":false,"background_style":"default","enable_overlay":true,"background_color":"","overlay_transparency":"0.1","section_heading":"List with image section","section_sub_heading":"Sub Heading","section_description":"Use this text to share the information which you like!.","section_button_text":"","section_button_link":"","section_heading_color":"","section_sub_heading_color":"","section_description_color":"","section_button_bg_color":"","section_button_text_color":"","section_button_hover_bg_color":"","section_button_hover_text_color":"","heading_position":"text-center","middle_image":"shopify:\/\/shop_images\/woman-in-park-afternoon.jpeg","title":"Heading","text":"Sed vestibulum nulla elementum auctor tincidunt. Aliquam sit amet cursus mauris. Sed vitae mattis ipsum. Vestibulum enim nulla, sollicitudin ac hendrerit nec, tempor quis nisl","block_heading_color":"","block_description_color":"","block_list_icon_color":"","block_list_color":""}},"inner-page-content-with-image-section":{"type":"inner-page-content-with-image-section","blocks":{"eca2e29f-66b5-4161-a1a9-c2d3c01af5a5":{"type":"content","settings":{"image":"shopify:\/\/shop_images\/woman-in-park-afternoon.jpeg","font_icon":"fa fa-lightbulb-o","title":"Heading","text":"Sed vestibulum nulla elementum auctor tincidunt. Aliquam sit amet cursus mauris. Sed vitae mattis ipsum. Vestibulum enim nulla, sollicitudin ac hendrerit nec, tempor quis nisl","reverse_column":false}},"4bdd8e8a-ef7f-4ad9-9d8a-d5fd43d8383d":{"type":"content","settings":{"image":"shopify:\/\/shop_images\/hotspot-image.jpg","font_icon":"fa fa-lightbulb-o","title":"Heading","text":"Sed vestibulum nulla elementum auctor tincidunt. Aliquam sit amet cursus mauris. Sed vitae mattis ipsum. Vestibulum enim nulla, sollicitudin ac hendrerit nec, tempor quis nisl","reverse_column":true}},"935a8cd4-eac1-44a8-a002-ad2872f4709e":{"type":"content","settings":{"image":"shopify:\/\/shop_images\/grocery-shelves-with-food.jpg","font_icon":"fa fa-lightbulb-o","title":"Heading","text":"Sed vestibulum nulla elementum auctor tincidunt. Aliquam sit amet cursus mauris. Sed vitae mattis ipsum. Vestibulum enim nulla, sollicitudin ac hendrerit nec, tempor quis nisl","reverse_column":false}}},"block_order":["eca2e29f-66b5-4161-a1a9-c2d3c01af5a5","4bdd8e8a-ef7f-4ad9-9d8a-d5fd43d8383d","935a8cd4-eac1-44a8-a002-ad2872f4709e"],"settings":{"enable":true,"full":false,"spacing_both_ends":false,"padding":"10,10","margin":"0,0","show_background_image":false,"background_style":"default","enable_overlay":false,"background_color":"","overlay_transparency":"0.5","section_heading":"List with image section 2","section_sub_heading":"Sub Heading","section_description":"Use this text to share the information which you like!.","section_button_text":"","section_button_link":"","section_heading_color":"","section_sub_heading_color":"","section_description_color":"","section_button_bg_color":"","section_button_text_color":"","section_button_hover_bg_color":"","section_button_hover_text_color":"","heading_position":"text-center","block_bg_image":"shopify:\/\/shop_images\/pattern-leaf.png","block_bg":"","block_heading_color":"","block_description_color":"","block_icon_color":""}},"inner-page-image-with-icon-section":{"type":"inner-page-image-with-icon-section","blocks":{"ce7b5ad3-875e-4a77-bf80-b4c716a46f90":{"type":"content","settings":{"font_icon":"fa fa-lightbulb-o","title":"Heading","text":"Sed vestibulum nulla elementum auctor tincidunt. Aliquam sit amet cursus mauris. Sed vitae mattis ipsum. Vestibulum enim nulla, sollicitudin ac hendrerit nec, tempor quis nisl"}},"17993132-11fc-4ee6-baaa-71cee23aa200":{"type":"content","settings":{"font_icon":"fa fa-lightbulb-o","title":"Heading","text":"Sed vestibulum nulla elementum auctor tincidunt. Aliquam sit amet cursus mauris. Sed vitae mattis ipsum. Vestibulum enim nulla, sollicitudin ac hendrerit nec, tempor quis nisl"}},"ce38b171-7135-4dfe-93e3-81fba7225e2a":{"type":"content","settings":{"font_icon":"fa fa-lightbulb-o","title":"Heading","text":"Sed vestibulum nulla elementum auctor tincidunt. Aliquam sit amet cursus mauris. Sed vitae mattis ipsum. Vestibulum enim nulla, sollicitudin ac hendrerit nec, tempor quis nisl"}}},"block_order":["ce7b5ad3-875e-4a77-bf80-b4c716a46f90","17993132-11fc-4ee6-baaa-71cee23aa200","ce38b171-7135-4dfe-93e3-81fba7225e2a"],"settings":{"enable":true,"full":false,"spacing_both_ends":false,"padding":"100,100","margin":"100,100","show_background_image":false,"background_style":"default","enable_overlay":true,"background_color":"","overlay_transparency":"0.1","section_heading":"Image with icon section","section_sub_heading":"Sub Heading","section_description":"Use this text to share the information which you like!.","section_button_text":"","section_button_link":"","section_heading_color":"","section_sub_heading_color":"","section_description_color":"","section_button_bg_color":"","section_button_text_color":"","section_button_hover_bg_color":"","section_button_hover_text_color":"","heading_position":"text-center","grid":"3","image":"shopify:\/\/shop_images\/woman-in-park-afternoon.jpeg","block_heading_color":"","block_description_color":"","block_icon_bg_color":"","block_icon_color":"","block_icon_bg_hover_color":"","block_icon_hover_color":""}},"inner-page-image-with-icon-section-type-2":{"type":"inner-page-image-with-icon-section-type-2","blocks":{"5ff26465-8491-4577-bc08-08762ac3cabc":{"type":"content","settings":{"font_icon":"fa fa-lightbulb-o","title":"Heading","text":"Sed vestibulum nulla elementum auctor tincidunt. Aliquam sit amet cursus mauris. Sed vitae mattis ipsum. Vestibulum enim nulla, sollicitudin ac hendrerit nec, tempor quis nisl"}},"f23db09e-9afd-441a-ae13-d7b5996ca327":{"type":"content","settings":{"font_icon":"fa fa-lightbulb-o","title":"Heading","text":"Sed vestibulum nulla elementum auctor tincidunt. Aliquam sit amet cursus mauris. Sed vitae mattis ipsum. Vestibulum enim nulla, sollicitudin ac hendrerit nec, tempor quis nisl"}},"4935a70f-cefe-483d-98eb-70636ede9f91":{"type":"content","settings":{"font_icon":"fa fa-lightbulb-o","title":"Heading","text":"Sed vestibulum nulla elementum auctor tincidunt. Aliquam sit amet cursus mauris. Sed vitae mattis ipsum. Vestibulum enim nulla, sollicitudin ac hendrerit nec, tempor quis nisl"}}},"block_order":["5ff26465-8491-4577-bc08-08762ac3cabc","f23db09e-9afd-441a-ae13-d7b5996ca327","4935a70f-cefe-483d-98eb-70636ede9f91"],"settings":{"enable":true,"full":false,"spacing_both_ends":false,"padding":"10,10","margin":"0,0","show_background_image":false,"background_style":"default","enable_overlay":false,"background_color":"","overlay_transparency":"0.5","section_heading":"Image with icon section type 2","section_sub_heading":"Sub Heading","section_description":"Use this text to share the information which you like!.","section_button_text":"","section_button_link":"","section_heading_color":"","section_sub_heading_color":"","section_description_color":"","section_button_bg_color":"","section_button_text_color":"","section_button_hover_bg_color":"","section_button_hover_text_color":"","heading_position":"text-center","image":"shopify:\/\/shop_images\/woman-in-park-afternoon.jpeg","main_title":"Heading","sub_title":"Sed vestibulum nulla elementum auctor tincidunt. Aliquam sit amet cursus mauris. Sed vitae mattis ipsum.","block_heading_color":"","block_description_color":"","block_icon_bg_color":"","block_icon_color":"","block_icon_bg_hover_color":"","block_icon_hover_color":""}},"inner-page-icon-text-section":{"type":"inner-page-icon-text-section","blocks":{"6ed4671d-4f64-4b0a-8ae1-44c5a48376e6":{"type":"content","settings":{"image":"shopify:\/\/shop_images\/brand-5.png","title":"Heading","text":"Sed vestibulum nulla elementum auctor tincidunt aliquam sit amet cursus mauris"}},"78019ec0-73ac-4457-bf6e-38479870a3a6":{"type":"content","settings":{"image":"shopify:\/\/shop_images\/brand-3.png","title":"Heading","text":"Sed vestibulum nulla elementum auctor tincidunt aliquam sit amet cursus mauris"}},"ae79a7c3-9e0a-4ba0-8f69-0fd82e92ec79":{"type":"content","settings":{"image":"shopify:\/\/shop_images\/brand-4.png","title":"Heading","text":"Sed vestibulum nulla elementum auctor tincidunt aliquam sit amet cursus mauris"}},"6791cdc7-7e64-475c-b321-9566ca5e4f82":{"type":"content","settings":{"image":"shopify:\/\/shop_images\/brand-6.png","title":"Heading","text":"Sed vestibulum nulla elementum auctor tincidunt aliquam sit amet cursus mauris"}}},"block_order":["6ed4671d-4f64-4b0a-8ae1-44c5a48376e6","78019ec0-73ac-4457-bf6e-38479870a3a6","ae79a7c3-9e0a-4ba0-8f69-0fd82e92ec79","6791cdc7-7e64-475c-b321-9566ca5e4f82"],"settings":{"enable":true,"full":false,"spacing_both_ends":false,"padding":"100,100","margin":"100,100","background_image":"shopify:\/\/shop_images\/place.jpg","show_background_image":true,"background_style":"default","enable_overlay":true,"background_color":"","overlay_transparency":"0.1","section_heading":"Icon with text","section_sub_heading":"Sub Heading","section_description":"Use this text to share the information which you like!.","section_button_text":"","section_button_link":"","section_heading_color":"","section_sub_heading_color":"","section_description_color":"","section_button_bg_color":"","section_button_text_color":"","section_button_hover_bg_color":"","section_button_hover_text_color":"","heading_position":"text-center","column":"four-column","block_heading_color":"","block_description_color":"","block_image_bg_color":"","block_image_bg_hover_color":""}},"inner-page-team-section":{"type":"inner-page-team-section","blocks":{"87423189-7920-4045-99e2-148c25a11979":{"type":"content","settings":{"image":"shopify:\/\/shop_images\/support-block-image.jpg","name":"Name","designation":"Customer support","facebook":"#","twitter":"#","pinterest":"#","youtube":"#"}},"8e98ff50-12a4-4169-8919-91f92bd960a3":{"type":"content","settings":{"image":"shopify:\/\/shop_images\/support-block-image.jpg","name":"Name","designation":"Customer support","facebook":"#","twitter":"#","pinterest":"#","youtube":"#"}},"af12c133-f72e-4a02-a6a1-e161127752eb":{"type":"content","settings":{"image":"shopify:\/\/shop_images\/support-block-image.jpg","name":"Name","designation":"Customer support","facebook":"#","twitter":"#","pinterest":"#","youtube":"#"}},"1568878c-641d-4f2b-8110-53208a8b8555":{"type":"content","settings":{"image":"shopify:\/\/shop_images\/support-block-image.jpg","name":"Name","designation":"Customer support","facebook":"#","twitter":"#","pinterest":"#","youtube":"#"}}},"block_order":["87423189-7920-4045-99e2-148c25a11979","8e98ff50-12a4-4169-8919-91f92bd960a3","af12c133-f72e-4a02-a6a1-e161127752eb","1568878c-641d-4f2b-8110-53208a8b8555"],"settings":{"enable":true,"full":false,"spacing_both_ends":false,"padding":"10,10","margin":"0,0","show_background_image":false,"background_style":"default","enable_overlay":false,"background_color":"","overlay_transparency":"0.5","section_heading":"inner-page our team","section_sub_heading":"Sub Heading","section_description":"Use this text to share the information which you like!.","section_button_text":"","section_button_link":"","section_heading_color":"","section_sub_heading_color":"","section_description_color":"","section_button_bg_color":"","section_button_text_color":"","section_button_hover_bg_color":"","section_button_hover_text_color":"","heading_position":"text-center","column":"four-column","block_heading_color":"","block_designation_color":"","block_bg":"","block_social_icon_bg_color":"","block_social_icon_color":"","block_social_icon_hover_bg_color":"","block_social_icon_hover_color":""}},"inner-page-info-box-section":{"type":"inner-page-info-box-section","settings":{"enable":true,"full":false,"spacing_both_ends":false,"padding":"100,100","margin":"100,100","show_background_image":false,"background_style":"default","enable_overlay":true,"background_color":"","overlay_transparency":"0.1","section_heading":"Custom Info Box","section_sub_heading":"Sub Heading","section_description":"Use this text to share the information which you like!.","section_button_text":"","section_button_link":"","section_heading_color":"","section_sub_heading_color":"","section_description_color":"","section_button_bg_color":"","section_button_text_color":"","section_button_hover_bg_color":"","section_button_hover_text_color":"","heading_position":"text-center","heading":"Join Us :","sub_heading":"let's get our hands dirty","text":"Etiam sit amet orci eget eros faucibus tincidunt. Duis leo. Sed fringilla mauris sit amet nibh. Donec sodales sagittis magna.","button_text":"Shop Now","button_link":"shopify:\/\/collections","block_bg":"","block_border":"","block_heading_color":"","block_sub_heading_color":"","block_description_color":"","block_button_bg_color":"","block_button_text_color":"","block_button_hover_bg_color":"","block_button_hover_text_color":""}},"inner-page-icon-box-section":{"type":"inner-page-icon-box-section","blocks":{"3ed109fc-5e30-443a-a0da-1cf7c1061261":{"type":"content","settings":{"font_icon":"fa fa-lightbulb-o","title":"Heading","text":"Sed vestibulum nulla elementum auctor tincidunt. Aliquam sit amet cursus mauris. Sed vitae mattis ipsum. Vestibulum enim nulla, sollicitudin ac hendrerit nec, tempor quis nisl","reverse_column":false}},"0e21e84e-d959-492e-a039-930f1a6fb3cc":{"type":"content","settings":{"font_icon":"fa fa-lightbulb-o","title":"Heading","text":"Sed vestibulum nulla elementum auctor tincidunt. Aliquam sit amet cursus mauris. Sed vitae mattis ipsum. Vestibulum enim nulla, sollicitudin ac hendrerit nec, tempor quis nisl","reverse_column":false}},"4dfa00c9-68cc-4949-9e86-0a632a06a256":{"type":"content","settings":{"font_icon":"fa fa-lightbulb-o","title":"Heading","text":"Sed vestibulum nulla elementum auctor tincidunt. Aliquam sit amet cursus mauris. Sed vitae mattis ipsum. Vestibulum enim nulla, sollicitudin ac hendrerit nec, tempor quis nisl","reverse_column":false}},"00e516cb-3ddd-465e-bf8d-ff3985d85fe0":{"type":"content","settings":{"font_icon":"fa fa-lightbulb-o","title":"Heading","text":"Sed vestibulum nulla elementum auctor tincidunt. Aliquam sit amet cursus mauris. Sed vitae mattis ipsum. Vestibulum enim nulla, sollicitudin ac hendrerit nec, tempor quis nisl","reverse_column":false}},"b1ef7e73-aab8-41f6-9c7b-317169229202":{"type":"content","settings":{"font_icon":"fa fa-lightbulb-o","title":"Heading","text":"Sed vestibulum nulla elementum auctor tincidunt. Aliquam sit amet cursus mauris. Sed vitae mattis ipsum. Vestibulum enim nulla, sollicitudin ac hendrerit nec, tempor quis nisl","reverse_column":false}},"44225a65-096f-45a7-9674-ead43341d922":{"type":"content","settings":{"font_icon":"fa fa-lightbulb-o","title":"Heading","text":"Sed vestibulum nulla elementum auctor tincidunt. Aliquam sit amet cursus mauris. Sed vitae mattis ipsum. Vestibulum enim nulla, sollicitudin ac hendrerit nec, tempor quis nisl","reverse_column":false}}},"block_order":["3ed109fc-5e30-443a-a0da-1cf7c1061261","0e21e84e-d959-492e-a039-930f1a6fb3cc","4dfa00c9-68cc-4949-9e86-0a632a06a256","00e516cb-3ddd-465e-bf8d-ff3985d85fe0","b1ef7e73-aab8-41f6-9c7b-317169229202","44225a65-096f-45a7-9674-ead43341d922"],"settings":{"enable":true,"full":false,"spacing_both_ends":false,"padding":"10,10","margin":"0,0","show_background_image":false,"background_style":"default","enable_overlay":false,"background_color":"#f5f5f5","overlay_transparency":"0.5","section_heading":"Icon box section","section_sub_heading":"Sub Heading","section_description":"Use this text to share the information which you like!.","section_button_text":"","section_button_link":"","section_heading_color":"","section_sub_heading_color":"","section_description_color":"","section_button_bg_color":"","section_button_text_color":"","section_button_hover_bg_color":"","section_button_hover_text_color":"","heading_position":"text-center","grid":"3","block_heading_color":"","block_description_color":"","block_icon_bg_color":"","block_icon_color":"","block_icon_bg_hover_color":"","block_icon_hover_color":""}},"inner-page-number-counter-section":{"type":"inner-page-number-counter-section","blocks":{"5b187497-011f-40fe-9038-d10d9fafa333":{"type":"class","settings":{"class":"fa fa-plus","title":"Title","text":"Lorem ipsum dolor sit amet","value":"50","value_text":"K"}},"d4932658-17f4-404f-9067-dea98f539f7a":{"type":"class","settings":{"class":"fa fa-minus","title":"Title","text":"Lorem ipsum dolor sit amet","value":"50","value_text":"K"}},"a991868b-226b-4f7c-b6cf-fcd0ca154901":{"type":"class","settings":{"class":"fa fa-home","title":"Title","text":"Lorem ipsum dolor sit amet","value":"50","value_text":"K"}},"3cf774a2-40f5-47bb-9392-29a454783c06":{"type":"class","settings":{"class":"fa fa-cogs","title":"Title","text":"Lorem ipsum dolor sit amet","value":"50","value_text":"K"}}},"block_order":["5b187497-011f-40fe-9038-d10d9fafa333","d4932658-17f4-404f-9067-dea98f539f7a","a991868b-226b-4f7c-b6cf-fcd0ca154901","3cf774a2-40f5-47bb-9392-29a454783c06"],"settings":{"enable":true,"full":false,"spacing_both_ends":false,"padding":"100,100","margin":"100,100","show_background_image":false,"background_style":"default","enable_overlay":true,"background_color":"","overlay_transparency":"0.1","section_heading":"Number Counter","section_sub_heading":"Sub Heading","section_description":"Use this text to share the information which you like!.","section_button_text":"","section_button_link":"","section_heading_color":"","section_sub_heading_color":"","section_description_color":"","section_button_bg_color":"","section_button_text_color":"","section_button_hover_bg_color":"","section_button_hover_text_color":"","heading_position":"text-center","grid":"4","column_gap":"30","counter_style":"grid","vertical_position":"vertical-top","block_text_align":"text-start","reverse_column":false,"enable_boxed":false,"enable_overall_border":false,"border_radius":"0","icon_border_radius":"0px","block_icon_outer_size":"75","block_icon_size":"50","enable_box_shadow":false,"block_bg_color":"","block_icon_border_color":"","block_icon_bg_color":"","block_icon_color":"","block_title_color":"","block_text_color":"","block_value_color":"","block_value_text_color":"","block_border_color":""}},"inner-page-brand-logos":{"type":"inner-page-brand-logos","blocks":{"688a45f9-6fe8-4976-9fcc-c33557293bfd":{"type":"Image","settings":{"image":"shopify:\/\/shop_images\/brand-5.png","title":"Brand Name","link":""}},"7cca641f-b7f6-4c06-9323-f205d890fcdc":{"type":"Image","settings":{"image":"shopify:\/\/shop_images\/brand-6.png","title":"Brand Name","link":""}},"d8f2ff80-12c9-4ceb-ba90-8e53427b1867":{"type":"Image","settings":{"image":"shopify:\/\/shop_images\/brand-3.png","title":"Brand Name","link":""}},"28144626-1aef-4b15-bf48-cbab4b14a341":{"type":"Image","settings":{"title":"Brand Name","link":""}},"2d4f7067-da92-443a-b520-c4308dbbee54":{"type":"Image","settings":{"title":"Brand Name","link":""}},"096757bd-86cd-49a3-9269-1d84abc3da03":{"type":"Image","settings":{"title":"Brand Name","link":""}}},"block_order":["688a45f9-6fe8-4976-9fcc-c33557293bfd","7cca641f-b7f6-4c06-9323-f205d890fcdc","d8f2ff80-12c9-4ceb-ba90-8e53427b1867","28144626-1aef-4b15-bf48-cbab4b14a341","2d4f7067-da92-443a-b520-c4308dbbee54","096757bd-86cd-49a3-9269-1d84abc3da03"],"settings":{"enable":true,"full":false,"spacing_both_ends":false,"padding":"","margin":"","show_background_image":false,"background_style":"default","enable_overlay":false,"background_color":"","overlay_transparency":"0.1","section_heading":"Brand logos","section_sub_heading":"Sub Heading","section_description":"Use this text to share the information which you like!.","section_button_text":"","section_button_link":"","section_heading_color":"","section_sub_heading_color":"","section_description_color":"","section_button_bg_color":"","section_button_text_color":"","section_button_hover_bg_color":"","section_button_hover_text_color":"","heading_position":"text-center","grid":"3","block_style":"style-3","enable_box_shadow":false,"column_gap":"30","border_radius":"0","block_border_color":"","block_background_color":"rgba(0,0,0,0)","enable_slider":true,"enable_auto_height":true,"items_per_view":4,"slider_autoplay":0,"dots":true,"carousel_pagination_alignment":"center_pagination","arrows":true,"nav_arrow_position":"navigation-bottom-center","center_nav_arrow_alignment":"outside_container","navigation_button_color":"","navigation_button_icon_color":"","navigation_button_hover_color":"","navigation_button_hover_icon_color":"","navigation_dot_color":"","navigation_dot_active_color":""}},"inner-page-testimonials-section":{"type":"inner-page-testimonials-section","blocks":{"bc0e66ac-1e3d-4f6a-9827-b38dd843d394":{"type":"content","settings":{"quote":"<p>Lorem Ipsum is simply dummy text of the printing and typesetting industry. Lorem Ipsum has been the industry&#x27;s standard dummy text ever since the 1500s, when an unknown printer took a galley of type.<\/p>","icon":"shopify:\/\/shop_images\/support-block-image.jpg","author":"Author Name","job":"Author Designation","star":"3"}},"ce438f17-9ea3-48ee-acd5-80fd1e5c97df":{"type":"content","settings":{"quote":"<p>Lorem Ipsum is simply dummy text of the printing and typesetting industry. Lorem Ipsum has been the industry&#x27;s standard dummy text ever since the 1500s, when an unknown printer took a galley of type.<\/p>","icon":"shopify:\/\/shop_images\/support-block-image.jpg","author":"Author Name","job":"Author Designation","star":"3"}},"fbaaff31-fba1-4696-a6d6-f5a02ac2e9cf":{"type":"content","settings":{"quote":"<p>Lorem Ipsum is simply dummy text of the printing and typesetting industry. Lorem Ipsum has been the industry&#x27;s standard dummy text ever since the 1500s, when an unknown printer took a galley of type.<\/p>","author":"Author Name","job":"Author Designation","star":"3"}}},"block_order":["bc0e66ac-1e3d-4f6a-9827-b38dd843d394","ce438f17-9ea3-48ee-acd5-80fd1e5c97df","fbaaff31-fba1-4696-a6d6-f5a02ac2e9cf"],"settings":{"enable":true,"full":false,"spacing_both_ends":false,"padding":"100,100","margin":"100,0","show_background_image":false,"background_style":"default","enable_overlay":true,"background_color":"","overlay_transparency":"0.1","section_heading":"Testimonials","section_sub_heading":"Sub Heading","section_description":"Use this text to share the information which you like!.","section_button_text":"","section_button_link":"","section_heading_color":"","section_sub_heading_color":"","section_description_color":"","section_button_bg_color":"","section_button_text_color":"","section_button_hover_bg_color":"","section_button_hover_text_color":"","heading_position":"text-center","grid":"1","block_style":"style_1","boxed_styles":"content_boxed","enable_box_shadow":false,"reverse_column":false,"text_position":"text-start","quote_style":"no-quote-icon","author_info_style":"style_2","border_radius":"0px","boxed_border_radius":"0","column_gap":"30","content_width":"30\/70","lap_content_width":"20\/80","vertical_position":"vertical-top","testimonial_border_color":"","testimonial_background_color":"","testimonial_content_color":"","testimonial_review_color":"","testimonial_author_text_color":"","testimonial_author_designation_color":"","testimonial_author_separator_color":"","testimonial_quote_icon_color":"","enable_slider":true,"enable_auto_height":true,"items_per_view":3,"slider_autoplay":0,"dots":true,"carousel_pagination_alignment":"center_pagination","carousel_pagination_bottom_alignment":"outside_element","arrows":false,"nav_arrow_position":"center-navigation","center_nav_arrow_alignment":"outside_container","navigation_button_color":"","navigation_button_icon_color":"","navigation_button_hover_color":"","navigation_button_hover_icon_color":"","navigation_dot_color":"","navigation_dot_active_color":""}},"1625463344dad1f849":{"type":"slideshow","blocks":{"4c516436-6dbf-4e7a-9a98-247eb52ed300":{"type":"Slider","settings":{"mobile_bg_clr":"","text_alignment":"text-center","content_position":"dt-sc-flex-center","show_image":false,"title_2":"Sub Heading","subheading_color":"","subheading_size":"20","title":"Heading","heading_color":"","heading_size":"54","desc":"Few lines of short description.","desc_color":"","desc_size":"14","button":"Shop Now","link":"","btn_bg_color":"","btn_txt_color":"","btn_hoverbg_color":"","btn_hovertxt_color":"","button_2":"","link_2":"","btn_bg_color_2":"","btn_txt_color_2":"","btn_hoverbg_color_2":"","btn_hovertxt_color_2":"","slide_content_bg":""}},"7a7d1364-f948-4c91-984f-e95ae233b188":{"type":"Slider","settings":{"mobile_bg_clr":"","text_alignment":"text-center","content_position":"dt-sc-flex-center","show_image":false,"title_2":"Sub Heading","subheading_color":"","subheading_size":"20","title":"Heading","heading_color":"","heading_size":"54","desc":"Few lines of short description.","desc_color":"","desc_size":"14","button":"Shop Now","link":"","btn_bg_color":"","btn_txt_color":"","btn_hoverbg_color":"","btn_hovertxt_color":"","button_2":"","link_2":"","btn_bg_color_2":"","btn_txt_color_2":"","btn_hoverbg_color_2":"","btn_hovertxt_color_2":"","slide_content_bg":""}}},"block_order":["4c516436-6dbf-4e7a-9a98-247eb52ed300","7a7d1364-f948-4c91-984f-e95ae233b188"],"settings":{"full":true,"spacing_both_ends":false,"margin":"0,0","slider_height":850,"slider_height_lap":700,"slider_height_tab":600,"slider_height_mobile":350,"content_within_container":false,"enable_box_shadow":false,"border_radius":"0","content_border_radius":"0","autoplay":false,"slideshow_speed":"5000","dots":true,"carousel_pagination_alignment":"center_pagination","carousel_pagination_bottom_alignment":"inside_element","arrows":false,"nav_arrow_position":"navigation-bottom-center","center_nav_arrow_alignment":"outside_container","navigation_button_color":"","navigation_button_icon_color":"","navigation_button_hover_color":"","navigation_button_hover_icon_color":"","navigation_dot_color":"","navigation_dot_active_color":"","custom_class_name":""}},"16254637395b779024":{"type":"home-product-carousel","settings":{"full":false,"spacing_both_ends":false,"padding":"0,0","margin":"100,100","show_background_image":false,"background_style":"default","enable_overlay":false,"background_color":"","overlay_transparency":"0.5","section_heading":"Product Carousel","section_sub_heading":"","section_description":"","section_button_text":"","section_button_link":"","section_heading_color":"","section_sub_heading_color":"","section_description_color":"","section_button_bg_color":"","section_button_text_color":"","section_button_hover_bg_color":"","section_button_hover_text_color":"","heading_position":"text-start","grouped_content_bg":"","grouped_column_gap":"30","grouped_content_padding":"0","group_border_radius":"0","enable_group_box_shadow":false,"reverse_column":false,"content_width":"30\/70","lap_content_width":"35\/65","additional_block_background_color":"","additional_block_box_shadow":false,"additional_content_padding":"0","additional_block_border_radius":"0","enable_main_content":true,"main_block_background_color":"","enable_main_block_box_shadow":false,"main_block_border_radius":"0","main_content_padding":"0","collection":"","column_gap":"30","border_radius":"0","enable_list_view":false,"grid":"4","post_limit":2,"enable_slider":false,"items_per_view":4,"rows":3,"slider_autoplay":0,"enable_auto_height":false,"dots":false,"carousel_pagination_alignment":"center_pagination","carousel_pagination_bottom_alignment":"outside_element","arrows":false,"nav_arrow_position":"navigation-top-right","center_nav_arrow_alignment":"inside_container","navigation_button_color":"","navigation_button_icon_color":"","navigation_button_hover_color":"","navigation_button_hover_icon_color":"","navigation_dot_color":"","navigation_dot_active_color":"","custom_class_name":""}},"162546445354753e59":{"type":"home-featured-blog","settings":{"full":false,"spacing_both_ends":false,"padding":"100,100","margin":"100,100","show_background_image":false,"background_style":"default","enable_overlay":true,"background_color":"","overlay_transparency":"0.5","section_heading":"Blog Listing","section_sub_heading":"","section_description":"","section_button_text":"","section_button_link":"","section_heading_color":"","section_sub_heading_color":"","section_description_color":"","section_button_bg_color":"","section_button_text_color":"","section_button_hover_bg_color":"","section_button_hover_text_color":"","heading_position":"text-center","blog":"news","blog_show_author":true,"blog_show_date":true,"blog_comments":false,"blog_show_tag":false,"blog_show_button":true,"blog_show_description":true,"enable_blog_icons":false,"block_banner_style":"grid-style","post_limit":1,"grid":"1","text_position":"text-center","enable_box_shadow":false,"vertical_position":"vertical-center","content_width":"50\/50","lap_content_width":"40\/60","overlay_style_height":400,"overlay_style":"use_overlay","overlay_color":"","overlay_opacity":"0.5","rotation_degree":"180","split_blog_layout":false,"split_gap":"30","enable_masonry_grid":false,"main_banner_style":"grid-style","additional_banner_style":"list-style","enable_masonry_reverse":false,"blog_bg_color":"","blog_link_color":"","blog_link_hover_color":"","blog_text_color":"","blog_icon_color":"","blog_button_bg_color":"","blog_button_text_color":"","blog_button_bg_hover_color":"","blog_button_text_hover_color":"","blog_link_color_overlay":"","blog_link_hover_color_overlay":"","blog_text_color_overlay":"","blog_icon_color_overlay":"","blog_button_bg_color_overlay":"","blog_button_text_color_overlay":"","blog_button_bg_hover_color_overlay":"","blog_button_text_hover_color_overlay":"","masonry_content_width":"50\/50","lap_masonry_content_width":"40\/60","enable_slider":false,"enable_auto_height":true,"items_per_view":2,"column_gap":"30","slider_autoplay":0,"dots":true,"carousel_pagination_alignment":"center_pagination","arrows":true,"nav_arrow_position":"center-navigation","center_nav_arrow_alignment":"outside_container","navigation_button_color":"","navigation_button_icon_color":"","navigation_button_hover_color":"","navigation_button_hover_icon_color":"","navigation_dot_color":"","navigation_dot_active_color":"","custom_class_name":""}},"1625464732dee99c61":{"type":"home-masonry-banner","blocks":{"1625464732dee99c61-0":{"type":"content","settings":{"show_image":true,"block_title":"Title","block_sub_title":"Sub title","block_description":"Short description","block_button_text":"","block_button_link":"","block_text_align":"text-center","content_position":"center","image_position":"center","reverse_column":false,"block_banner_bg":"","block_heading_color":"","block_sub_heading_color":"","block_description_color":"","block_button_bg_color":"","block_button_text_color":"","block_button_hover_bg_color":"","block_button_hover_text_color":"","overlay_style":"use_overlay","overlay_color":"","overlay_opacity":"0.5","rotation_degree":"180"}},"1625464732dee99c61-1":{"type":"content","settings":{"show_image":true,"block_title":"Title","block_sub_title":"Sub title","block_description":"Short description","block_button_text":"","block_button_link":"","block_text_align":"text-center","content_position":"center","image_position":"center","reverse_column":false,"block_banner_bg":"","block_heading_color":"","block_sub_heading_color":"","block_description_color":"","block_button_bg_color":"","block_button_text_color":"","block_button_hover_bg_color":"","block_button_hover_text_color":"","overlay_style":"use_overlay","overlay_color":"","overlay_opacity":"0.5","rotation_degree":"180"}}},"block_order":["1625464732dee99c61-0","1625464732dee99c61-1"],"settings":{"full":false,"spacing_both_ends":false,"padding":"0,0","margin":"0,0","show_background_image":false,"background_style":"default","enable_overlay":false,"background_color":"","overlay_transparency":"0.5","section_heading":"Masonry grid banner","section_sub_heading":"Sub Heading","section_description":"Use this text to share the information which you like!.","section_button_text":"","section_button_link":"","heading_position":"text-center","section_heading_color":"","section_sub_heading_color":"","section_description_color":"","section_button_bg_color":"","section_button_text_color":"","section_button_hover_bg_color":"","section_button_hover_text_color":"","main_banner_style":"overlay","reverse_column":false,"column_gap":"30px","enable_box_shadow":false,"border_radius":"0","content_width":"65\/35","lap_content_width":"40\/60","primary_text_align":"text-center","primary_position":"center","primary_title":"Title","primary_sub_title":"Sub title","primary_description":"Short description","primary_button_text":"","primary_button_link":"","primary_banner_bg":"","primary_heading_color":"","primary_sub_heading_color":"","primary_description_color":"","primary_button_bg_color":"","primary_button_text_color":"","primary_button_hover_bg_color":"","primary_button_hover_text_color":"","overlay_style":"use_overlay","overlay_color":"","overlay_opacity":"0.5","rotation_degree":"180","block_style":"style-2","overlay_style_height":300,"overlay_style_height_laptop":550,"overlay_style_height_tab":500,"overlay_style_height_mobile":450,"custom_class_name":""}},"gift_card-logo":{"type":"gift_card-logo","settings":{"logo":"shopify:\/\/shop_images\/thumb-image-new.png","logo_max_width":100}},"faq-template-1":{"type":"faq-template-1","blocks":{"e1a2fa1e-be78-4bc9-a3f7-70d80f1be39b":{"type":"icon","settings":{"icon":"shopify:\/\/shop_images\/thumb-image-new.png","title":"Heading","desc":"Lorem ipsum dolor sit amet"}},"857eea99-7589-4517-a0d4-aca53402bfc0":{"type":"icon","settings":{"icon":"shopify:\/\/shop_images\/video-mask.png","title":"Heading","desc":"Lorem ipsum dolor sit amet"}},"b848418e-c273-496e-8046-df3cd5a2bf7e":{"type":"class","settings":{"class":"fa fa-home","title":"Heading","desc":"Lorem ipsum dolor sit amet"}},"d15e4963-2706-4682-9c98-b70fd4e102e3":{"type":"class","settings":{"class":"fa fa-gear","title":"Heading","desc":"Lorem ipsum dolor sit amet"}}},"block_order":["e1a2fa1e-be78-4bc9-a3f7-70d80f1be39b","857eea99-7589-4517-a0d4-aca53402bfc0","b848418e-c273-496e-8046-df3cd5a2bf7e","d15e4963-2706-4682-9c98-b70fd4e102e3"],"settings":{"full":false,"spacing_both_ends":false,"padding":"0,0","margin":"0,100","background_image":"shopify:\/\/shop_images\/background-04.jpg","show_background_image":true,"background_style":"parallax","background_size":"repeat","enable_overlay":true,"background_color":"","overlay_transparency":"0","section_heading":"FAQ Block","section_sub_heading":"","section_description":"Use this text to share the information which you like!.","section_button_text":"","section_button_link":"","section_heading_color":"","section_sub_heading_color":"","section_description_color":"","section_button_bg_color":"","section_button_text_color":"","section_button_hover_bg_color":"","section_button_hover_text_color":"","heading_position":"text-center","block_style":"default-style","text_position":"text-start","border_radius":"0","enable_box_shadow":true,"enable_heading_icons":true,"faq_icon_size":"30","enable_segmented_layout":false,"segmented_layout_gap":"15","faq_heading_color":"","faq_heading_bg_color":"","faq_content_color":"","faq_content_bg_color":"","custom_class_name":""}},"faq-template-2":{"type":"faq-template-2","blocks":{"18d3f5b5-bd2e-41f2-a4e5-e889658f12f7":{"type":"text","settings":{}},"95608e7d-70cf-4983-8b39-6745bb529d26":{"type":"text","settings":{}}},"block_order":["18d3f5b5-bd2e-41f2-a4e5-e889658f12f7","95608e7d-70cf-4983-8b39-6745bb529d26"],"settings":{"full":false,"spacing_both_ends":false,"padding":"0,100","margin":"0,0","show_background_image":true,"background_image":"shopify:\/\/shop_images\/background-04.jpg","background_style":"parallax","background_size":"repeat","enable_overlay":true,"background_color":"#ffffff","overlay_transparency":"0","section_heading":"FAQ Block","section_sub_heading":"","section_description":"Use this text to share the information which you like!.","section_button_text":"","section_button_link":"","section_heading_color":"","section_sub_heading_color":"","section_description_color":"","section_button_bg_color":"","section_button_text_color":"","section_button_hover_bg_color":"","section_button_hover_text_color":"","heading_position":"text-center"}},"portfolio-1":{"type":"portfolio-1","blocks":{"4003c2ac-b603-4fdb-a0fd-3535e4a35de6":{"type":"tab","settings":{"image":"shopify:\/\/shop_images\/low-view-of-young-woman-sat-on-swing.jpg","iframe":"https:\/\/www.youtube.com\/watch?v=rH1OKD_ZSIw","tag":"1","title":"Title","text":"","link":""}},"acae49f3-24b6-4872-bac0-192e1c5c6c7c":{"type":"tab","settings":{"image":"shopify:\/\/shop_images\/colored-pencils-piled-up-on-a-black-background.jpg","iframe":"https:\/\/www.youtube.com\/watch?v=rH1OKD_ZSIw","tag":"2","title":"Title","text":"","link":""}},"a450b212-aeaa-467e-9e71-d4a5d336efca":{"type":"tab","settings":{"image":"shopify:\/\/shop_images\/woman-cross-legged-with-her-eyes-closed.jpg","iframe":"https:\/\/www.youtube.com\/watch?v=rH1OKD_ZSIw","tag":"3","title":"Title","text":"","link":""}},"de195532-0c25-47ee-a313-120f554bc9f4":{"type":"tab","settings":{"image":"shopify:\/\/shop_images\/notice-board-with-a-motivational-phrase.jpg","iframe":"https:\/\/www.youtube.com\/watch?v=rH1OKD_ZSIw","tag":"4","title":"Title","text":"","link":""}},"f5ba892d-390a-4f27-bca6-587d37d4bf47":{"type":"tab","settings":{"image":"shopify:\/\/shop_images\/golden-autumn-leaves.jpg","iframe":"https:\/\/www.youtube.com\/watch?v=rH1OKD_ZSIw","tag":"1","title":"Title","text":"","link":""}},"8746f540-b65d-4b97-acd2-176d08b407f1":{"type":"tab","settings":{"image":"shopify:\/\/shop_images\/model-laughs-barefoot.jpg","iframe":"https:\/\/www.youtube.com\/watch?v=rH1OKD_ZSIw","tag":"2,1","title":"Title","text":"","link":""}}},"block_order":["4003c2ac-b603-4fdb-a0fd-3535e4a35de6","acae49f3-24b6-4872-bac0-192e1c5c6c7c","a450b212-aeaa-467e-9e71-d4a5d336efca","de195532-0c25-47ee-a313-120f554bc9f4","f5ba892d-390a-4f27-bca6-587d37d4bf47","8746f540-b65d-4b97-acd2-176d08b407f1"],"settings":{"full":false,"spacing_both_ends":false,"padding":"0,0","margin":"0,0","show_background_image":false,"background_style":"none","background_size":"auto","enable_overlay":false,"background_color":"#ffffff","overlay_transparency":"0.5","section_heading":"Portfolio","section_sub_heading":"Sub Heading","section_description":"Use this text to share the information which you like!.","section_button_text":"","section_button_link":"","section_heading_color":"","section_sub_heading_color":"","section_description_color":"","section_button_bg_color":"","section_button_text_color":"","section_button_hover_bg_color":"","section_button_hover_text_color":"","heading_position":"text-center","enable_filter":"enable","shop_by_tags_list":"1, 2, 3, 4","grid":"3","gallery_spacing":15,"isotope_overlay_color":"","isotope_title_color":"#ffffff","isotope_description_color":"","isotope_icon_bg_color":"","isotope_icon_color":"","isotope_icon_hover_bg_color":"","isotope_icon_hover_color":"","custom_class_name":""}},"portfolio-2":{"type":"portfolio-2","settings":{"full":false,"spacing_both_ends":false,"padding":"0,0","margin":"0,0","show_background_image":false,"background_style":"none","background_size":"auto","enable_overlay":false,"background_color":"","overlay_transparency":"0.5","section_heading":"Portfolio Listing","section_sub_heading":"Sub Heading","section_description":"Use this text to share the information which you like!.","section_button_text":"","section_button_link":"","section_heading_color":"","section_sub_heading_color":"","section_description_color":"","section_button_bg_color":"","section_button_text_color":"","section_button_hover_bg_color":"","section_button_hover_text_color":"","heading_position":"text-center","blog":"news","blog_show_author":true,"blog_show_date":true,"blog_comments":false,"blog_show_tag":false,"blog_show_button":true,"blog_show_description":true,"enable_blog_icons":false,"block_banner_style":"grid-style","post_limit":6,"grid":"2","text_position":"text-center","enable_box_shadow":false,"vertical_position":"vertical-center","overlay_style_height":400,"overlay_style":"use_overlay","overlay_color":"","overlay_opacity":"0.5","rotation_degree":"180","blog_bg_color":"","blog_link_color":"","blog_link_hover_color":"","blog_text_color":"","blog_icon_color":"","blog_button_bg_color":"","blog_button_text_color":"","blog_button_bg_hover_color":"","blog_button_text_hover_color":"","blog_link_color_overlay":"","blog_link_hover_color_overlay":"","blog_text_color_overlay":"","blog_icon_color_overlay":"","blog_button_bg_color_overlay":"","blog_button_text_color_overlay":"","blog_button_bg_hover_color_overlay":"","blog_button_text_hover_color_overlay":"","enable_auto_height":true,"items_per_view":2,"column_gap":"30","custom_class_name":""}},"inner-page-layout-1":{"type":"inner-page-layout-1","settings":{"full":true,"spacing_both_ends":true,"padding":"100,100","margin":"100,100","show_background_image":true,"background_image":"shopify:\/\/shop_images\/confident-young-woman.jpg","background_style":"none","background_size":"auto","enable_overlay":false,"background_color":"","overlay_transparency":"0.5","section_heading":"Contact us","section_sub_heading":"Sub Heading","section_description":"Use this text to share the information which you like!.","section_button_text":"","section_button_link":"","section_heading_color":"","section_sub_heading_color":"","section_description_color":"","section_button_bg_color":"","section_button_text_color":"","section_button_hover_bg_color":"","section_button_hover_text_color":"","heading_position":"text-center"}}},"content_for_index":["1625463344dad1f849","16254637395b779024","162546445354753e59","1625464732dee99c61"]}}