{"sections":{"16557086408a802aad":{"type":"slideshow","blocks":{"9de1c34d-abd7-4d6a-bebd-29fd3934a073":{"type":"Slider","settings":{"image":"shopify:\/\/shop_images\/demo-5-A_4cfed0db-9323-42a8-b6d6-f288539c6c22.gif","desktop_bg_clr":"","mobile_image":"shopify:\/\/shop_images\/Demo-5-slider-01-mobile.gif","mobile_bg_clr":"#f3eeeb","show_bg_text":false,"bg_text":"fashion Tees","bg_text_clr":"","text_alignment":"text-start","content_position":"dt-sc-flex-center","show_image":false,"title_2":"Classy Collections","subheading_color":"","subheading_size":"30","title":"Fabulous & Stylish <span>Denim<\/span>","heading_color":"#000000","show_additional_color":true,"additional_color":"#83c6e2","heading_size":"50","show_additional_text":false,"additional_text":"","additional_text_color":"","show_additional_text_shadow":true,"additional_text_shadow_color":"","additional_text_size":"54","show_custom_text":false,"custom_text1":"","custom_text2":"","custom_text_color":"","desc":"Amet volutpat consequat mauris nunc congue","desc_color":"#49443e","desc_size":"16","button":"Shop Now","link":"shopify:\/\/collections\/best-sellers-demo-6","btn_bg_color":"#d6a6ad","btn_txt_color":"#000000","btn_hoverbg_color":"#d6a6ad","btn_hovertxt_color":"#000000","button_2":"","link_2":"","btn_bg_color_2":"","btn_txt_color_2":"","btn_hoverbg_color_2":"","btn_hovertxt_color_2":"","slide_content_bg":"rgba(0,0,0,0)"}},"dc37178b-8e04-4536-8590-980ab50c02d0":{"type":"Slider","settings":{"image":"shopify:\/\/shop_images\/Demo_5_slider-02.gif","desktop_bg_clr":"","mobile_image":"shopify:\/\/shop_images\/Demo-5-slider-02-mobile.gif","mobile_bg_clr":"#f3eeeb","show_bg_text":false,"bg_text":"fashion Tees","bg_text_clr":"","text_alignment":"text-start","content_position":"center-left","show_image":false,"title_2":"Modern Collections","subheading_color":"","subheading_size":"30","title":"Luxious & Famous<span> <br> Clothes <br><\/span>","heading_color":"#000000","show_additional_color":true,"additional_color":"#83c6e2","heading_size":"54","show_additional_text":false,"additional_text":"","additional_text_color":"","show_additional_text_shadow":true,"additional_text_shadow_color":"","additional_text_size":"54","show_custom_text":false,"custom_text1":"","custom_text2":"","custom_text_color":"","desc":"Gerst volutpat consequat mauris nunc congue","desc_color":"#000000","desc_size":"16","button":"Shop Now","link":"shopify:\/\/collections\/latest-products-demo-6","btn_bg_color":"#d6a6ad","btn_txt_color":"#000000","btn_hoverbg_color":"#d6a6ad","btn_hovertxt_color":"#000000","button_2":"","link_2":"","btn_bg_color_2":"","btn_txt_color_2":"","btn_hoverbg_color_2":"","btn_hovertxt_color_2":"","slide_content_bg":"rgba(0,0,0,0)"}},"4dbd51e9-cb78-42cc-83c6-84965016dc70":{"type":"Slider","settings":{"image":"shopify:\/\/shop_images\/Demo_5_slider-03.gif","desktop_bg_clr":"","mobile_image":"shopify:\/\/shop_images\/Demo-5-slider-03-mobile.gif","mobile_bg_clr":"#f3eeeb","show_bg_text":false,"bg_text":"fashion Tees","bg_text_clr":"","text_alignment":"text-center","content_position":"dt-sc-flex-center","show_image":false,"title_2":"Famous Collections","subheading_color":"","subheading_size":"30","title":"Gorgeous Fashion <span>Designs <\/span>","heading_color":"#000000","show_additional_color":true,"additional_color":"#83c6e2","heading_size":"54","show_additional_text":false,"additional_text":"","additional_text_color":"","show_additional_text_shadow":true,"additional_text_shadow_color":"","additional_text_size":"54","show_custom_text":false,"custom_text1":"","custom_text2":"","custom_text_color":"","desc":"Phutes volutpat consequat mauris nunc congue","desc_color":"","desc_size":"16","button":"Shop Now","link":"shopify:\/\/collections\/pretty-products-demo-6","btn_bg_color":"","btn_txt_color":"","btn_hoverbg_color":"","btn_hovertxt_color":"","button_2":"","link_2":"","btn_bg_color_2":"","btn_txt_color_2":"","btn_hoverbg_color_2":"","btn_hovertxt_color_2":"","slide_content_bg":"rgba(0,0,0,0)"}}},"block_order":["9de1c34d-abd7-4d6a-bebd-29fd3934a073","dc37178b-8e04-4536-8590-980ab50c02d0","4dbd51e9-cb78-42cc-83c6-84965016dc70"],"settings":{"full":true,"spacing_both_ends":false,"margin":"0,0","slider_height":850,"slider_height_lap":660,"slider_height_tab":660,"slider_height_mobile":610,"content_within_container":false,"enable_box_shadow":false,"border_radius":"0","content_border_radius":"0","autoplay":false,"slideshow_speed":"5000","dots":false,"carousel_pagination_alignment":"center_pagination","carousel_pagination_bottom_alignment":"inside_element","arrows":false,"nav_arrow_position":"navigation-bottom-center","center_nav_arrow_alignment":"inside_container","navigation_button_color":"","navigation_button_icon_color":"","navigation_button_hover_color":"","navigation_button_hover_icon_color":"","navigation_dot_color":"","navigation_dot_active_color":"","show_support_block":true,"support_block_alignment":"right_support_block","support_block_txt_1":"Free Delivery","support_block_img_1":"shopify:\/\/shop_images\/icon-3_4aa0e857-d496-4fb5-adc7-71165bddad4b.png","support_block_txt_2":"Security Guarantee","support_block_img_2":"shopify:\/\/shop_images\/icon-2_fc350b3e-b12f-427c-bffc-6dcaa08faf54.png","support_block_txt_3":"Easy Returns","support_block_img_3":"shopify:\/\/shop_images\/icon-1_d2e0589f-0b08-46dd-86fe-fe82898497ef.png","support_block_icon_clr":"#000000","support_block_hover_icon_clr":"#000000","support_block_text_clr":"#000000","support_block_hover_text_clr":"#000000","custom_class_name":"demo-5-custom-slider"}},"165578645567ab780e":{"type":"home-grid-banner","blocks":{"165578645565218ff6-0":{"type":"content","settings":{"show_image":false,"block_title":"Latest Collections","underline_color":"","block_sub_title":"Fancy Tops","block_description":"Fames ac turpis egestas integer eget aliquet nibh praesent tristique. Facilisis mauris sit amet massa vitae tortor condimentum. Et sollicitudin ac orci phasellus egestas tellus rutrum tellus. Sed pulvinar proin gravida hendrerit lectus a. Semper viverra nam libero justo laoreet sit amet cursus sit.","show_scroll_txt":false,"block_scroll_txt":"Scroll Text","block_button_text":"Shop Now","block_button_link":"shopify:\/\/collections\/hot-deals-demo-6","use_title_link":false,"enable_button_link_2":false,"block_button_text_2":"","block_button_link_2":"","enable_tag":false,"tag_text":"","block_text_align":"text-start","content_position":"center","reverse_column":false,"block_banner_bg":"rgba(0,0,0,0)","block_content_box_bg":"","block_heading_color":"","block_sub_heading_color":"","scroll_txt_color":"","block_description_color":"","block_button_bg_color":"#d6a6ad","block_button_text_color":"#000000","block_button_hover_bg_color":"#d6a6ad","block_button_hover_text_color":"#000000","block_button_bg_color_2":"","block_button_text_color_2":"","block_button_hover_bg_color_2":"","block_button_hover_text_color_2":"","overlay_style":"use_overlay","overlay_color":"","overlay_opacity":"0.5","rotation_degree":"180"}},"165578645565218ff6-1":{"type":"content","settings":{"block_image":"shopify:\/\/shop_images\/grid01_6a560811-f3a0-4753-8741-c81592df9e6c.png","show_image":true,"block_title":"Women Casuals","underline_color":"","block_sub_title":"","block_description":"","show_scroll_txt":false,"block_scroll_txt":"Scroll Text","block_button_text":"","block_button_link":"","use_title_link":false,"enable_button_link_2":false,"block_button_text_2":"","block_button_link_2":"","enable_tag":false,"tag_text":"","block_text_align":"text-center","content_position":"center","reverse_column":false,"block_banner_bg":"rgba(0,0,0,0)","block_content_box_bg":"","block_heading_color":"","block_sub_heading_color":"","scroll_txt_color":"","block_description_color":"","block_button_bg_color":"","block_button_text_color":"","block_button_hover_bg_color":"","block_button_hover_text_color":"","block_button_bg_color_2":"","block_button_text_color_2":"","block_button_hover_bg_color_2":"","block_button_hover_text_color_2":"","overlay_style":"use_overlay","overlay_color":"#d7d7d7","overlay_opacity":"","rotation_degree":"180"}}},"block_order":["165578645565218ff6-0","165578645565218ff6-1"],"settings":{"full":true,"spacing_both_ends":false,"padding":"150,0","margin":"0,0","show_background_image":false,"background_style":"none","background_size":"auto","enable_overlay":false,"background_color":"","overlay_transparency":"0.5","section_heading":"","section_sub_heading":"","section_description":"","section_button_text":"","section_button_link":"","section_heading_color":"","section_sub_heading_color":"","section_description_color":"","section_button_bg_color":"","section_button_text_color":"","section_button_hover_bg_color":"","section_button_hover_text_color":"","heading_position":"text-center","block_banner_style":"grid","column_gap":"30","grid":"2","border_radius":"0","enable_box_shadow":false,"equal_height":false,"content_width":"50\/50","lap_content_width":"40\/60","overlay_style_height":600,"overlay_style_height_laptop":500,"overlay_style_height_mobile":400,"custom_class_name":"demo-5-custom-grid-one"}},"16557928334856d3d2":{"type":"home-featured-collection","blocks":{"1655792833985fe46b-0":{"type":"collection","settings":{"collection":"popular-products-demo-6","collection_text":"Women's Dress","collection_sub_text":"Starts at $10.00","enable_custom_img_height":false,"block_img_height":400,"block_button_text":"Shop Now","block_text_align":"text-center","content_position":"center","reverse_column":false,"block_banner_bg":"rgba(0,0,0,0)","block_content_box_bg":"","block_heading_color":"","block_heading_hover_color":"","block_subheading_color":"","block_sub_heading_color":"","block_description_color":"","block_button_bg_color":"","block_button_text_color":"","block_button_hover_bg_color":"","block_button_hover_text_color":"","overlay_style":"use_gradient_overlay","overlay_color":"","overlay_opacity":"0","rotation_degree":"180"}},"1655792833985fe46b-1":{"type":"collection","settings":{"collection":"hot-deals-demo-6","collection_text":"Winter Shirts","collection_sub_text":"Starts at $11.00","enable_custom_img_height":false,"block_img_height":400,"block_button_text":"Shop Now","block_text_align":"text-center","content_position":"center","reverse_column":false,"block_banner_bg":"rgba(0,0,0,0)","block_content_box_bg":"","block_heading_color":"","block_heading_hover_color":"","block_subheading_color":"","block_sub_heading_color":"","block_description_color":"","block_button_bg_color":"","block_button_text_color":"","block_button_hover_bg_color":"","block_button_hover_text_color":"","overlay_style":"use_gradient_overlay","overlay_color":"","overlay_opacity":"0","rotation_degree":"180"}},"f0ae407a-975d-4053-98f9-65d443e978c5":{"type":"collection","settings":{"collection":"shop-demo-6","collection_text":"Kid's Dress","collection_sub_text":"Starts at $15.00","enable_custom_img_height":false,"block_img_height":400,"block_button_text":"Shop Now","block_text_align":"text-center","content_position":"center","reverse_column":false,"block_banner_bg":"rgba(0,0,0,0)","block_content_box_bg":"","block_heading_color":"","block_heading_hover_color":"","block_subheading_color":"","block_sub_heading_color":"","block_description_color":"","block_button_bg_color":"","block_button_text_color":"","block_button_hover_bg_color":"","block_button_hover_text_color":"","overlay_style":"use_gradient_overlay","overlay_color":"","overlay_opacity":"0","rotation_degree":"180"}},"87faece2-a9ae-482f-a27d-c531ddb194b5":{"type":"collection","settings":{"collection":"best-sellers-demo-6","collection_text":"Jean Dress","collection_sub_text":"Starts at $12.00","enable_custom_img_height":false,"block_img_height":400,"block_button_text":"Shop Now","block_text_align":"text-center","content_position":"center","reverse_column":false,"block_banner_bg":"rgba(0,0,0,0)","block_content_box_bg":"","block_heading_color":"","block_heading_hover_color":"","block_subheading_color":"","block_sub_heading_color":"","block_description_color":"","block_button_bg_color":"","block_button_text_color":"","block_button_hover_bg_color":"","block_button_hover_text_color":"","overlay_style":"use_gradient_overlay","overlay_color":"","overlay_opacity":"0","rotation_degree":"180"}},"44c2fdfc-1795-49c7-9616-288299abe1ad":{"type":"collection","settings":{"collection":"trending-products-demo-6","collection_text":"Short Jean","collection_sub_text":"Starts at $15.00","enable_custom_img_height":false,"block_img_height":400,"block_button_text":"Shop Now","block_text_align":"text-center","content_position":"center","reverse_column":false,"block_banner_bg":"rgba(0,0,0,0)","block_content_box_bg":"","block_heading_color":"","block_heading_hover_color":"","block_subheading_color":"","block_sub_heading_color":"","block_description_color":"","block_button_bg_color":"","block_button_text_color":"","block_button_hover_bg_color":"","block_button_hover_text_color":"","overlay_style":"use_gradient_overlay","overlay_color":"","overlay_opacity":"0","rotation_degree":"180"}}},"block_order":["1655792833985fe46b-0","1655792833985fe46b-1","f0ae407a-975d-4053-98f9-65d443e978c5","87faece2-a9ae-482f-a27d-c531ddb194b5","44c2fdfc-1795-49c7-9616-288299abe1ad"],"settings":{"full":true,"spacing_both_ends":false,"padding":"0,0","margin":"-300,50","show_background_image":false,"background_style":"none","background_size":"auto","enable_overlay":false,"background_color":"","overlay_transparency":"0.5","section_heading":"","section_sub_heading":"","section_description":"","section_button_text":"","section_button_link":"","section_heading_color":"","section_sub_heading_color":"","section_description_color":"","section_button_bg_color":"","section_button_text_color":"","section_button_hover_bg_color":"","section_button_hover_text_color":"","heading_position":"text-center","grid":"4","block_banner_style":"grid","column_gap":"50","equal_height":false,"overlay_style_height":"400","enable_box_shadow":false,"border_radius":"0","enable_items_count":false,"enable_title":true,"enable_sub_title":true,"enable_collection_desc":false,"enable_collection_button":false,"content_width":"50\/50","lap_content_width":"35\/65","enable_slider":true,"enable_auto_height":false,"slider_autoplay":0,"items_per_view":4,"items_laptop_view":3,"items_tablet_view":2,"items_mobile_landscape_view":1,"items_mobile_view":1,"enable_center_mode":false,"dots":false,"carousel_pagination_alignment":"center_pagination","arrows":true,"nav_arrow_position":"bottom","center_nav_arrow_alignment":"outside_container","navigation_button_color":"rgba(0,0,0,0)","navigation_button_icon_color":"#000000","navigation_button_hover_color":"rgba(0,0,0,0)","navigation_button_hover_icon_color":"","navigation_dot_color":"","navigation_dot_active_color":"","custom_class_name":"demo-5-collection"}},"165708496505beb680":{"type":"home-product-carousel","blocks":{"f6c40f67-f73f-4aa4-a054-dee84577e103":{"type":"banner","settings":{"block_image":"shopify:\/\/shop_images\/grid04_93669c52-53ba-4b2f-850e-a47faf77d6f2.jpg","show_image":true,"block_title":"20% off on Jeans","block_sub_title":"","block_description":"","block_button_text":"Explore","block_button_link":"shopify:\/\/collections\/popular-products-demo-6","block_banner_style":"overlay","block_text_align":"text-start","grid_banner_box_shadow":false,"grid_banner_border_radius":"0","overlay_style_height":"510","content_position":"bottom-left","enable_offer_tag":true,"offer_title":"Winter Outfits","show_icon":true,"offer_icon":"shopify:\/\/shop_images\/Fire-animation-1.gif","grid_banner_heading_color":"","grid_banner_sub_heading_color":"","grid_banner_description_color":"","grid_banner_button_bg_color":"rgba(0,0,0,0)","grid_banner_button_text_color":"#000000","grid_banner_button_hover_bg_color":"rgba(0,0,0,0)","grid_banner_button_hover_text_color":"#000000","grid_banner_content_bg":"rgba(0,0,0,0)","banner_image_overlay_style":"with-overlay","banner_image_overlay_color":"#d6a6ad","banner_image_overlay_opacity":"0.5","banner_image_rotation_degree":"180"}}},"block_order":["f6c40f67-f73f-4aa4-a054-dee84577e103"],"settings":{"full":true,"spacing_both_ends":true,"padding":"100,0","margin":"100,0","show_background_image":false,"background_style":"none","background_size":"auto","enable_overlay":true,"background_color":"#bee1e6","overlay_transparency":"0.5","show_style_image":false,"section_heading":"Unique Collections","section_sub_heading":"Western Wears","section_description":"","section_button_text":"","section_button_link":"","section_heading_color":"","section_sub_heading_color":"","section_description_color":"","section_button_bg_color":"","section_button_text_color":"","section_button_hover_bg_color":"","section_button_hover_text_color":"","heading_position":"text-center","grouped_content_bg":"rgba(0,0,0,0)","grouped_column_gap":"10","grouped_content_padding":"0","group_border_radius":"","enable_group_box_shadow":false,"reverse_column":false,"content_width":"26\/74","lap_content_width":"30\/70","additional_block_background_color":"rgba(0,0,0,0)","additional_block_box_shadow":false,"additional_content_padding":"0","additional_block_border_radius":"0","enable_main_content":true,"main_block_background_color":"rgba(0,0,0,0)","enable_main_block_box_shadow":false,"main_block_border_radius":"0","main_content_padding":"0","collection":"popular-products-demo-6","column_gap":"0","border_radius":"0","enable_list_view":false,"grid":"3","enable_additional_button":false,"additional_button_text":"Explore","additional_button_link":"","additional_button_background_color":"","additional_button_color":"","additional_button_hover_background_color":"","additional_button_hover_color":"","post_limit":3,"enable_slider":false,"items_per_view":4,"items_laptop_view":3,"items_tablet_view":2,"items_mobile_view":1,"rows":1,"slider_autoplay":0,"enable_auto_height":false,"dots":false,"carousel_pagination_alignment":"center_pagination","carousel_pagination_bottom_alignment":"outside_element","arrows":false,"nav_arrow_position":"navigation-top-right","center_nav_arrow_alignment":"inside_container","navigation_button_color":"","navigation_button_icon_color":"","navigation_button_hover_color":"","navigation_button_hover_icon_color":"","navigation_dot_color":"","navigation_dot_active_color":"","custom_class_name":"demo-2-custom-product-carousel  demo-6-custom-product-carousel"}},"1657084955235b8ffa":{"type":"home-product-carousel","blocks":{"bd9e6a26-fe1f-4693-b532-ce84b95dd426":{"type":"banner","settings":{"block_image":"shopify:\/\/shop_images\/grid03_c0332e27-78dd-4419-b1da-b98819d935bf.jpg","show_image":true,"block_title":"Tone Jeans","block_sub_title":"","block_description":"","block_button_text":"Explore","block_button_link":"shopify:\/\/collections\/best-sellers-demo-6","block_banner_style":"overlay","block_text_align":"text-center","grid_banner_box_shadow":false,"grid_banner_border_radius":"0","overlay_style_height":"510","content_position":"center","enable_offer_tag":false,"offer_title":"","show_icon":false,"grid_banner_heading_color":"","grid_banner_sub_heading_color":"","grid_banner_description_color":"","grid_banner_button_bg_color":"rgba(0,0,0,0)","grid_banner_button_text_color":"#000000","grid_banner_button_hover_bg_color":"rgba(0,0,0,0)","grid_banner_button_hover_text_color":"#000000","grid_banner_content_bg":"rgba(0,0,0,0)","banner_image_overlay_style":"with-overlay","banner_image_overlay_color":"#d6a6ad","banner_image_overlay_opacity":"0.5","banner_image_rotation_degree":"180"}}},"block_order":["bd9e6a26-fe1f-4693-b532-ce84b95dd426"],"settings":{"full":true,"spacing_both_ends":true,"padding":"40,100","margin":"0,0","show_background_image":false,"background_style":"none","background_size":"auto","enable_overlay":true,"background_color":"#bee1e6","overlay_transparency":".5","show_style_image":false,"section_heading":"","section_sub_heading":"","section_description":"","section_button_text":"","section_button_link":"","section_heading_color":"","section_sub_heading_color":"","section_description_color":"","section_button_bg_color":"","section_button_text_color":"","section_button_hover_bg_color":"","section_button_hover_text_color":"","heading_position":"text-center","grouped_content_bg":"rgba(0,0,0,0)","grouped_column_gap":"10","grouped_content_padding":"0","group_border_radius":"","enable_group_box_shadow":false,"reverse_column":true,"content_width":"25\/75","lap_content_width":"30\/70","additional_block_background_color":"rgba(0,0,0,0)","additional_block_box_shadow":false,"additional_content_padding":"0","additional_block_border_radius":"0","enable_main_content":true,"main_block_background_color":"rgba(0,0,0,0)","enable_main_block_box_shadow":false,"main_block_border_radius":"0","main_content_padding":"0","collection":"hot-deals-demo-6","column_gap":"0","border_radius":"0","enable_list_view":false,"grid":"3","enable_additional_button":true,"additional_button_text":"Shop Now","additional_button_link":"shopify:\/\/collections\/shop-demo-6","additional_button_background_color":"#d6a6ad","additional_button_color":"#000000","additional_button_hover_background_color":"#d6a6ad","additional_button_hover_color":"#000000","post_limit":3,"enable_slider":false,"items_per_view":4,"items_laptop_view":3,"items_tablet_view":2,"items_mobile_view":1,"rows":3,"slider_autoplay":0,"enable_auto_height":false,"dots":false,"carousel_pagination_alignment":"center_pagination","carousel_pagination_bottom_alignment":"outside_element","arrows":false,"nav_arrow_position":"navigation-top-right","center_nav_arrow_alignment":"inside_container","navigation_button_color":"","navigation_button_icon_color":"","navigation_button_hover_color":"","navigation_button_hover_icon_color":"","navigation_dot_color":"","navigation_dot_active_color":"","custom_class_name":"demo-2-custom-product-carousel demo-2-custom-two demo-6-custom-product-carousel"}},"1655803192ca7ceb71":{"type":"home-grid-banner","blocks":{"1655803192ab60b90f-0":{"type":"content","settings":{"block_image":"shopify:\/\/shop_images\/grid02_fb0d381b-1a10-4828-af2d-3af34cc82626.png","show_image":true,"block_title":"Mens Casuals","underline_color":"","block_sub_title":"","block_description":"","show_scroll_txt":false,"block_scroll_txt":"Scroll Text","block_button_text":"","block_button_link":"","use_title_link":false,"enable_button_link_2":false,"block_button_text_2":"","block_button_link_2":"","enable_tag":false,"tag_text":"","block_text_align":"text-center","content_position":"center","reverse_column":false,"block_banner_bg":"rgba(0,0,0,0)","block_content_box_bg":"","block_heading_color":"","block_sub_heading_color":"","scroll_txt_color":"","block_description_color":"","block_button_bg_color":"","block_button_text_color":"","block_button_hover_bg_color":"","block_button_hover_text_color":"","block_button_bg_color_2":"","block_button_text_color_2":"","block_button_hover_bg_color_2":"","block_button_hover_text_color_2":"","overlay_style":"use_overlay","overlay_color":"#f2eeed","overlay_opacity":"0","rotation_degree":"180"}},"1655803192ab60b90f-1":{"type":"content","settings":{"show_image":false,"block_title":"Designer Collections","underline_color":"","block_sub_title":"Comfy Design","block_description":"Elementum nibh tellus molestie nunc non. Quam vulputate dignissim suspendisse in est ante in nibh. Nunc mattis enim ut tellus elementum. Mi in nulla posuere sollicitudin aliquam ultrices sagittis orci. Non tellus orci ac auctor. Diam maecenas sed enim ut sem viverra aliquet eget sit.","show_scroll_txt":false,"block_scroll_txt":"Scroll Text","block_button_text":"Explore","block_button_link":"shopify:\/\/collections\/best-sellers-demo-6","use_title_link":false,"enable_button_link_2":false,"block_button_text_2":"","block_button_link_2":"","enable_tag":false,"tag_text":"","block_text_align":"text-start","content_position":"center","reverse_column":false,"block_banner_bg":"rgba(0,0,0,0)","block_content_box_bg":"","block_heading_color":"","block_sub_heading_color":"","scroll_txt_color":"","block_description_color":"","block_button_bg_color":"#d6a6ad","block_button_text_color":"#000000","block_button_hover_bg_color":"#d6a6ad","block_button_hover_text_color":"#000000","block_button_bg_color_2":"","block_button_text_color_2":"","block_button_hover_bg_color_2":"","block_button_hover_text_color_2":"","overlay_style":"use_overlay","overlay_color":"","overlay_opacity":"0.5","rotation_degree":"180"}}},"block_order":["1655803192ab60b90f-0","1655803192ab60b90f-1"],"settings":{"full":true,"spacing_both_ends":false,"padding":"100,50","margin":"0,0","show_background_image":false,"background_style":"none","background_size":"auto","enable_overlay":false,"background_color":"","overlay_transparency":"0.5","section_heading":"","section_sub_heading":"","section_description":"","section_button_text":"","section_button_link":"","section_heading_color":"","section_sub_heading_color":"","section_description_color":"","section_button_bg_color":"","section_button_text_color":"","section_button_hover_bg_color":"","section_button_hover_text_color":"","heading_position":"text-center","block_banner_style":"grid","column_gap":"30","grid":"2","border_radius":"0","enable_box_shadow":false,"equal_height":false,"content_width":"50\/50","lap_content_width":"40\/60","overlay_style_height":600,"overlay_style_height_laptop":500,"overlay_style_height_mobile":400,"custom_class_name":"demo-5-custom-grid-two"}},"16558690997177010c":{"type":"home-featured-collection","blocks":{"165586909876aeb724-0":{"type":"collection","settings":{"collection":"famous-products-demo-6","collection_text":"Casual Jean","collection_sub_text":"Starts at $25.00","enable_custom_img_height":false,"block_img_height":400,"block_button_text":"Shop Now","block_text_align":"text-center","content_position":"center","reverse_column":false,"block_banner_bg":"rgba(0,0,0,0)","block_content_box_bg":"","block_heading_color":"","block_heading_hover_color":"","block_subheading_color":"","block_sub_heading_color":"","block_description_color":"","block_button_bg_color":"","block_button_text_color":"","block_button_hover_bg_color":"","block_button_hover_text_color":"","overlay_style":"use_gradient_overlay","overlay_color":"","overlay_opacity":"0","rotation_degree":"180"}},"165586909876aeb724-1":{"type":"collection","settings":{"collection":"new-arrivals-demo-6","collection_text":"Jean Tracks","collection_sub_text":"Starts at $20.00","enable_custom_img_height":false,"block_img_height":400,"block_button_text":"Shop Now","block_text_align":"text-center","content_position":"center","reverse_column":false,"block_banner_bg":"rgba(0,0,0,0)","block_content_box_bg":"","block_heading_color":"","block_heading_hover_color":"","block_subheading_color":"","block_sub_heading_color":"","block_description_color":"","block_button_bg_color":"","block_button_text_color":"","block_button_hover_bg_color":"","block_button_hover_text_color":"","overlay_style":"use_gradient_overlay","overlay_color":"","overlay_opacity":"0","rotation_degree":"180"}},"153b74c3-d31e-419d-b12e-8f29f3c65caa":{"type":"collection","settings":{"collection":"pretty-products-demo-6","collection_text":"Winter Dress","collection_sub_text":"Starts at $29.00","enable_custom_img_height":false,"block_img_height":400,"block_button_text":"Shop Now","block_text_align":"text-center","content_position":"center","reverse_column":false,"block_banner_bg":"rgba(0,0,0,0)","block_content_box_bg":"","block_heading_color":"","block_heading_hover_color":"","block_subheading_color":"","block_sub_heading_color":"","block_description_color":"","block_button_bg_color":"","block_button_text_color":"","block_button_hover_bg_color":"","block_button_hover_text_color":"","overlay_style":"use_gradient_overlay","overlay_color":"","overlay_opacity":"0","rotation_degree":"180"}},"6c526402-77c6-43f9-acc7-9d8db3b5a897":{"type":"collection","settings":{"collection":"trendy-products-dmeo-6","collection_text":"Modern Shirt","collection_sub_text":"Starts at $16.00","enable_custom_img_height":false,"block_img_height":400,"block_button_text":"Shop Now","block_text_align":"text-center","content_position":"center","reverse_column":false,"block_banner_bg":"rgba(0,0,0,0)","block_content_box_bg":"","block_heading_color":"","block_heading_hover_color":"","block_subheading_color":"","block_sub_heading_color":"","block_description_color":"","block_button_bg_color":"","block_button_text_color":"","block_button_hover_bg_color":"","block_button_hover_text_color":"","overlay_style":"use_gradient_overlay","overlay_color":"","overlay_opacity":"0","rotation_degree":"180"}},"f5493849-0617-49a2-80b7-364ef9d94830":{"type":"collection","settings":{"collection":"latest-products-demo-6","collection_text":"Kid's Jean","collection_sub_text":"Starts at $18.00","enable_custom_img_height":false,"block_img_height":400,"block_button_text":"Shop Now","block_text_align":"text-center","content_position":"center","reverse_column":false,"block_banner_bg":"rgba(0,0,0,0)","block_content_box_bg":"","block_heading_color":"","block_heading_hover_color":"","block_subheading_color":"","block_sub_heading_color":"","block_description_color":"","block_button_bg_color":"","block_button_text_color":"","block_button_hover_bg_color":"","block_button_hover_text_color":"","overlay_style":"use_gradient_overlay","overlay_color":"","overlay_opacity":"0","rotation_degree":"180"}}},"block_order":["165586909876aeb724-0","165586909876aeb724-1","153b74c3-d31e-419d-b12e-8f29f3c65caa","6c526402-77c6-43f9-acc7-9d8db3b5a897","f5493849-0617-49a2-80b7-364ef9d94830"],"settings":{"full":true,"spacing_both_ends":false,"padding":"0,0","margin":"-130,50","show_background_image":false,"background_style":"none","background_size":"auto","enable_overlay":false,"background_color":"","overlay_transparency":"0.5","section_heading":"","section_sub_heading":"","section_description":"","section_button_text":"","section_button_link":"","section_heading_color":"","section_sub_heading_color":"","section_description_color":"","section_button_bg_color":"","section_button_text_color":"","section_button_hover_bg_color":"","section_button_hover_text_color":"","heading_position":"text-center","grid":"2","block_banner_style":"grid","column_gap":"30","equal_height":false,"overlay_style_height":"400","enable_box_shadow":false,"border_radius":"0","enable_items_count":false,"enable_title":true,"enable_sub_title":true,"enable_collection_desc":false,"enable_collection_button":false,"content_width":"50\/50","lap_content_width":"35\/65","enable_slider":true,"enable_auto_height":false,"slider_autoplay":0,"items_per_view":4,"items_laptop_view":3,"items_tablet_view":2,"items_mobile_landscape_view":1,"items_mobile_view":1,"enable_center_mode":false,"dots":false,"carousel_pagination_alignment":"center_pagination","arrows":true,"nav_arrow_position":"bottom","center_nav_arrow_alignment":"outside_container","navigation_button_color":"rgba(0,0,0,0)","navigation_button_icon_color":"#000000","navigation_button_hover_color":"rgba(0,0,0,0)","navigation_button_hover_icon_color":"#000000","navigation_dot_color":"","navigation_dot_active_color":"","custom_class_name":"demo-5-custom-collection"}},"1657089963bb667834":{"type":"home-testimonial","blocks":{"165708996338ff8728-0":{"type":"content","settings":{"quote":"<p>‘’ Vitae sapien pellentesque habitant morbi tristique senectus et auctor urna nunc. ‘’<\/p>","icon":"shopify:\/\/shop_images\/test04_79abe3fa-8066-467c-b7c0-f6ccc3ec4ddc.jpg","author":"Lenda Lena","job":"Professor","star":"0","content_bg_color":"#f4e9d4"}},"f9692401-c4c3-4bcd-8eb1-8e3f6bb790ef":{"type":"content","settings":{"quote":"<p>‘’Ullamcorper velit sed ullamcorper morbi tincidunt ornare massa egettu. ‘’<\/p>","icon":"shopify:\/\/shop_images\/test03_829832c6-b4ac-45a3-b3de-c325b898ea70.jpg","author":"Sandra Hendry","job":"Developer","star":"0","content_bg_color":"#bee1e6"}},"9ee14117-b95b-4f70-be23-19ed889686fc":{"type":"content","settings":{"quote":"<p>‘’ Nibh nisl condimentum id venenatis a condimentum vitae eget egesta. ‘’<\/p>","icon":"shopify:\/\/shop_images\/test05_28abb4f1-37a5-4440-bdaa-d41e5835bf4d.jpg","author":"Chandelle","job":"Choreographer","star":"0","content_bg_color":"#f3a298"}}},"block_order":["165708996338ff8728-0","f9692401-c4c3-4bcd-8eb1-8e3f6bb790ef","9ee14117-b95b-4f70-be23-19ed889686fc"],"settings":{"full":false,"spacing_both_ends":false,"padding":"100,100","margin":"100,0","show_background_image":false,"background_style":"none","background_size":"auto","enable_overlay":true,"background_color":"#bee1e6","overlay_transparency":".5","section_heading":"Our Clients","section_sub_heading":"Get In Touch","section_description":"Try our new customers","section_button_text":"","section_button_link":"","section_heading_color":"","text_underline_color":"rgba(0,0,0,0)","section_sub_heading_color":"","section_description_color":"","section_button_bg_color":"","section_button_text_color":"","section_button_hover_bg_color":"","section_button_hover_text_color":"","heading_position":"text-center","grid":"1","block_style":"style_3","boxed_styles":"default","enable_box_shadow":false,"reverse_column":false,"text_position":"text-center","quote_icon":"shopify:\/\/shop_images\/quote-icon.png","quote_style":"quote-icon-in-content","author_info_style":"style_2","border_radius":"30px 0px 30px 30px","boxed_border_radius":"30px 0px 30px 30px","column_gap":"30","content_width":"30\/70","lap_content_width":"20\/80","tab_content_width":"30\/70","vertical_position":"vertical-center","testimonial_border_color":"","testimonial_background_color":"","testimonial_content_color":"","testimonial_review_color":"","testimonial_author_text_color":"#000000","testimonial_author_designation_color":"#000000","testimonial_author_separator_color":"","testimonial_quote_icon_color":"#000000","enable_slider":true,"enable_auto_height":true,"items_per_view":3,"slider_autoplay":0,"dots":true,"carousel_pagination_alignment":"custom_pagination","arrows":true,"nav_arrow_position":"navigation-top-right","center_nav_arrow_alignment":"outside_container","navigation_button_color":"rgba(0,0,0,0)","navigation_button_icon_color":"#000000","navigation_button_hover_color":"rgba(0,0,0,0)","navigation_button_hover_icon_color":"#666666","navigation_dot_color":"#d2d2d2","navigation_dot_active_color":"#000000","custom_class_name":"demo-4-custom-html-two"}},"1657090475a330c4e9":{"type":"home-image-gallery","blocks":{"1657090475469ab13d-0":{"type":"image_image","settings":{"image":"shopify:\/\/shop_images\/insta01_834f3eb8-62d2-4076-8321-819017f00647.jpg","show_icon":true,"icon":"fa fa-instagram","link":"https:\/\/www.instagram.com\/p\/CgjPpgdp3Pl\/?utm_source=ig_web_copy_link"}},"1657090475469ab13d-1":{"type":"image_image","settings":{"image":"shopify:\/\/shop_images\/insta02_181c2406-8111-43f1-9978-00dcdf921f10.jpg","show_icon":true,"icon":"fa fa-instagram","link":"https:\/\/www.instagram.com\/p\/CgjPrGuJyaH\/?utm_source=ig_web_copy_link"}},"1657090475469ab13d-2":{"type":"image_image","settings":{"image":"shopify:\/\/shop_images\/insta03_a72b2aca-90d9-4709-a3f6-f014af7c9850.jpg","show_icon":true,"icon":"fa fa-instagram","link":"https:\/\/www.instagram.com\/p\/CgjPt8HpDrY\/?utm_source=ig_web_copy_link"}},"1657090475469ab13d-3":{"type":"image_image","settings":{"image":"shopify:\/\/shop_images\/insta04_9ed4552f-7bc8-41ae-abfb-7be828dc4550.jpg","show_icon":true,"icon":"fa fa-instagram","link":"https:\/\/www.instagram.com\/p\/CgjPwRfpj0r\/?utm_source=ig_web_copy_link"}},"1657090475469ab13d-4":{"type":"image_image","settings":{"image":"shopify:\/\/shop_images\/insta05_10bb8814-c79d-41e6-8448-3f1d28614155.jpg","show_icon":true,"icon":"fa fa-instagram","link":"https:\/\/www.instagram.com\/p\/CgjPyUxpPOG\/?utm_source=ig_web_copy_link"}},"1657090475469ab13d-5":{"type":"image_image","settings":{"image":"shopify:\/\/shop_images\/insta06_d362920b-8fad-4d5f-b0a5-9a6f8cf30ad7.jpg","show_icon":true,"icon":"fa fa-instagram","link":"https:\/\/www.instagram.com\/p\/CgjP228MG06\/?utm_source=ig_web_copy_link"}},"1657090475469ab13d-6":{"type":"image_image","settings":{"image":"shopify:\/\/shop_images\/insta07_ad8942ac-e0fc-4173-b3e6-6db9e63de9d9.jpg","show_icon":true,"icon":"fa fa-instagram","link":"https:\/\/www.instagram.com\/p\/CgjP4Y1s3xA\/?utm_source=ig_web_copy_link"}}},"block_order":["1657090475469ab13d-0","1657090475469ab13d-1","1657090475469ab13d-2","1657090475469ab13d-3","1657090475469ab13d-4","1657090475469ab13d-5","1657090475469ab13d-6"],"settings":{"full":true,"spacing_both_ends":true,"padding":"80,0","margin":"0,0","background_image":"shopify:\/\/shop_images\/testimonial-2-bg.png","show_background_image":true,"background_style":"parallax","background_size":"auto","enable_overlay":false,"background_color":"","overlay_transparency":"0.5","section_heading":"Best Instagram Updates","section_sub_heading":"Check out our post","section_description":"","section_button_text":"","section_button_link":"","section_heading_color":"","text_underline_color":"rgba(0,0,0,0)","section_sub_heading_color":"","section_description_color":"","section_button_bg_color":"","section_button_text_color":"","section_button_hover_bg_color":"","section_button_hover_text_color":"","heading_position":"text-center","grid":"6","column_gap":"15","image_list_text":"","image_list_link":"","item_height":360,"item_height_laptop":320,"item_height_tab":310,"item_height_mobile":290,"image_link_bg_color":"","image_overlay_color":"#d6d6d6","image_link_text_color":"","image_link_hover_bg_color":"","image_link_hover_text_color":"#b7b7b7","enable_slider":true,"remove_button_space":true,"enable_auto_height":true,"items_per_view":6,"slider_autoplay":0,"dots":false,"carousel_pagination_alignment":"center_pagination","arrows":false,"nav_arrow_position":"navigation-top-right","center_nav_arrow_alignment":"outside_container","navigation_button_color":"#f2eeed","navigation_button_icon_color":"#92a8b4","navigation_button_hover_color":"#dcdcdc","navigation_button_hover_icon_color":"#c4cbcf","navigation_dot_color":"","navigation_dot_active_color":"","custom_class_name":"demo-1-image-list  custom-instagram demo-3-custom-instagram"}},"1657090488ee11634f":{"type":"home-brand-logos","blocks":{"1657090488b653b34d-0":{"type":"Image","settings":{"image":"shopify:\/\/shop_images\/brlog01_3ab9a1b0-4e82-4725-9b0a-5e6e7f26c0dc.png","title":"Brand Name","link":""}},"1657090488b653b34d-1":{"type":"Image","settings":{"image":"shopify:\/\/shop_images\/brlog02_4f84f240-ef9d-4ced-bd59-c463893b372a.png","title":"Brand Name","link":""}},"1657090488b653b34d-2":{"type":"Image","settings":{"image":"shopify:\/\/shop_images\/brlog03_d9214d1e-289e-487f-bd7f-f45485c4ea34.png","title":"Brand Name","link":""}},"1657090488b653b34d-3":{"type":"Image","settings":{"image":"shopify:\/\/shop_images\/brlog04_97267fde-bbd2-4ad4-ac54-ffb7b23c8ade.png","title":"Brand Name","link":""}},"1657090488b653b34d-4":{"type":"Image","settings":{"image":"shopify:\/\/shop_images\/brlog05_44a2a88f-d56b-49ac-865b-50ce70873436.png","title":"Brand Name","link":""}},"799de804-3bae-48d6-aeef-f0a9d647d584":{"type":"Image","settings":{"image":"shopify:\/\/shop_images\/brlog07_e3e65f07-01e5-44d0-963d-eec7c50fac7e.png","title":"Brand Name","link":""}}},"block_order":["1657090488b653b34d-0","1657090488b653b34d-1","1657090488b653b34d-2","1657090488b653b34d-3","1657090488b653b34d-4","799de804-3bae-48d6-aeef-f0a9d647d584"],"settings":{"full":false,"spacing_both_ends":false,"padding":"100,100","margin":"0,-100","show_background_image":false,"background_style":"none","background_size":"cover","enable_overlay":false,"background_color":"","overlay_transparency":"0.5","section_heading":"","section_sub_heading":"","section_description":"","section_button_text":"","section_button_link":"","section_heading_color":"","section_sub_heading_color":"","section_description_color":"","section_button_bg_color":"","section_button_text_color":"","section_button_hover_bg_color":"","section_button_hover_text_color":"","heading_position":"text-center","grid":"5","block_style":"style-1","enable_box_shadow":false,"column_gap":"10","border_radius":"0","swipe_on_mobile":false,"block_border_color":"","block_background_color":"","enable_slider":true,"enable_auto_height":true,"items_per_view":5,"slider_autoplay":0,"dots":false,"carousel_pagination_alignment":"center_pagination","arrows":true,"nav_arrow_position":"center-navigation","center_nav_arrow_alignment":"outside_container","navigation_button_color":"rgba(0,0,0,0)","navigation_button_icon_color":"#000000","navigation_button_hover_color":"rgba(0,0,0,0)","navigation_button_hover_icon_color":"#878787","navigation_dot_color":"","navigation_dot_active_color":"","custom_class_name":"custom-brand-logo"}}},"order":["16557086408a802aad","165578645567ab780e","16557928334856d3d2","165708496505beb680","1657084955235b8ffa","1655803192ca7ceb71","16558690997177010c","1657089963bb667834","1657090475a330c4e9","1657090488ee11634f"]}