{"sections":{"16498143138365ee98":{"type":"section-slideshow-v1","blocks":{"1649814313925ea607-0":{"type":"slideshow","settings":{"select_position_content":"left","select_textalign_content":"left","block_title_top1":"Style Destination","color_block_title_top1":"#111111","effect_title1":"bounce","block_title_top":"Unwind the beauty","color_block_title_top":"#010101","effect_title":"bounce","block_title_top2":"It is a long established fact that a will be distracted by the readable <br>content a page when will looking  at its layout","color_block_title_top2":"#111111","effect_title2":"bounce","block_buton":"SHOP NOW","color_block_button":"#111111","color_border_button":"#111111","bg_button":"","color_hover_button":"#111111","color_hover_text":"#ffffff","block_url":"shopify:\/\/collections\/all","effect_title3":"bounce","ena_slide_video":false,"url_ytb_video":"","block_banerimage":"shopify:\/\/shop_images\/s6.jpg"}},"1649814313925ea607-1":{"type":"slideshow","settings":{"select_position_content":"center","select_textalign_content":"center","block_title_top1":"Style Destination","color_block_title_top1":"#e5e5e5","effect_title1":"bounce","block_title_top":"Imagine Queen you","color_block_title_top":"#ffffff","effect_title":"bounce","block_title_top2":"It is a long established fact that a will be distracted by the readable <br>content a page when will looking  at its layout","color_block_title_top2":"#e5e5e5","effect_title2":"bounce","block_buton":"SHOP NOW","color_block_button":"#ffffff","color_border_button":"#ffffff","bg_button":"","color_hover_button":"#ffffff","color_hover_text":"#000000","block_url":"shopify:\/\/collections\/all","effect_title3":"bounce","ena_slide_video":false,"url_ytb_video":"","block_banerimage":"shopify:\/\/shop_images\/s7.jpg"}}},"block_order":["1649814313925ea607-0","1649814313925ea607-1"],"settings":{"margin_top":"","margin_bottom":""}},"1649814696b9f0180b":{"type":"section-banner-v6","settings":{"img_banner1":"shopify:\/\/shop_images\/ba12.jpg","url_banner1":"shopify:\/\/collections\/all","title_1":"Skincare","url_button1":"shopify:\/\/collections\/all","img_banner2":"shopify:\/\/shop_images\/ba11.jpg","url_banner2":"shopify:\/\/collections\/all","title_2":"Makeup","url_button2":"shopify:\/\/collections\/all","img_banner3":"shopify:\/\/shop_images\/ba13.jpg","url_banner3":"shopify:\/\/collections\/all","title_3":"Hair & Body","url_button3":"shopify:\/\/collections\/all","color_title":"#000000","color_btn_hover":"#ffffff","bg_btn":"#ffffff","bg_btn_hover":"#ee7b7b","margin_top":"","margin_bottom":""}},"1649904086188afa93":{"type":"section-product-v3","settings":{"title_heading":"Best Seller","color_title":"#222","sub_title":"Best Seller Product This Week!","color_sub_title":"#666666","select_collection":"new-1","products_limit":8,"margin_top":"","margin_bottom":""}},"16497500007e33779c":{"type":"section-banner-v5","settings":{"ena_padding_top":true,"ena_container":true,"select_pos":"left","margin_top":"","margin_bottom":"","bg_banner":"#ffffff","title_banner":"Welcome to Enzani","color_title":"#000000","sub_title_banner":"Lorem ipsum dolor sit amet, consectetur adipiscing elit, sed do eiusmod tempor incididunt ut labore et dolore magna aliqua","color_sub_title":"#000000","button_banner":"SHOP NOW","color_btn":"#ffffff","bg_btn":"#000000","color_btn_hover":"#000000","url_banner":"shopify:\/\/collections\/all","img_banner_right":"shopify:\/\/shop_images\/m5-img-2.png"}},"16497514731121efe9":{"type":"section-banner-v5","settings":{"ena_padding_top":true,"ena_container":true,"select_pos":"right","margin_top":"","margin_bottom":"","bg_banner":"#ffffff","title_banner":"Unwind the beauty","color_title":"#000000","sub_title_banner":"Lorem ipsum dolor sit amet, consectetur adipiscing elit, sed do eiusmod tempor incididunt ut labore et dolore magna aliqua","color_sub_title":"#000000","button_banner":"SHOP NOW","color_btn":"#ffffff","bg_btn":"#000000","color_btn_hover":"#000000","url_banner":"shopify:\/\/collections\/all","img_banner_right":"shopify:\/\/shop_images\/m5-img-3.png"}},"164990410550b70f72":{"type":"section-product-v1","settings":{"title_heading":"Hot Deal","color_title":"#222","sub-title1":"Don't Miss Today's Featured Deals","select_collection":"frontpage","products_limit":4,"margin_top":"","margin_bottom":""}},"16498158652d511331":{"type":"section-banner-v12","settings":{"image_banner1":"shopify:\/\/shop_images\/ba15.jpg","banner_url1":"shopify:\/\/collections\/all","bg_info":"#000000","section_title":"Collection Bakery","color_title":"#ffffff","sub_title":"JUST FOR YOU","color_sub_title":"#ffffff","button_name1":"CAKES COLLECTION","color_button1":"#ffffff","button_url1":"shopify:\/\/collections\/all","button_name2":"BREAD COLLECTION","color_button2":"#ffffff","button_url2":"shopify:\/\/collections\/all","image_banner2":"shopify:\/\/shop_images\/ba14.jpg","banner_url2":"shopify:\/\/collections\/all","margin_top":"","margin_bottom":""}},"1649739729c857e473":{"type":"section-instagram-v3","settings":{"title_content":"#Instagram","link_insta":"#enzani","ins_userid":"","ins_access_token":"3672948962.0f64772.430edb7f711e4665b59777c54d1ed9ce","ins_limit_number":"6","item_icon":"fa fa-instagram","margin_top":"","margin_bottom":""}}},"order":["16498143138365ee98","1649814696b9f0180b","1649904086188afa93","16497500007e33779c","16497514731121efe9","164990410550b70f72","16498158652d511331","1649739729c857e473"]}