{"sections":{"16498318435e6b1a14":{"type":"section-slideshow-v5","blocks":{"16498318436d9b22d0-1":{"type":"slide","settings":{"img_slider":"shopify:\/\/shop_images\/s11.jpg","slider_title":"face cream","title_color":"#111111","slider_sub_title":"Nutrients and health benefits","sub_title_color":"#676767","slider_button":"SHOP NOW","color_button":"#ffffff","bg_color_button":"#222222","button_url":"shopify:\/\/collections\/all","color_button_hover":"#ffffff","bg_color_button_hover":"#ee7b7b"}},"16498318436d9b22d0-0":{"type":"slide","settings":{"img_slider":"shopify:\/\/shop_images\/s8.jpg","slider_title":"new blush","title_color":"#111111","slider_sub_title":"Nutrients and health benefits","sub_title_color":"#676767","slider_button":"Shop Now","color_button":"#ffffff","bg_color_button":"#111111","button_url":"shopify:\/\/collections\/all","color_button_hover":"#ffffff","bg_color_button_hover":"#ee7b7b"}}},"block_order":["16498318436d9b22d0-1","16498318436d9b22d0-0"],"settings":{"margin_top":"","margin_bottom":"","img_banner1":"shopify:\/\/shop_images\/s9.jpg","slider_title_right":"New lipstick","url_banner1":"shopify:\/\/collections\/all","img_banner2":"shopify:\/\/shop_images\/s10.jpg","slider_title_right2":"eyebrow pencil","url_banner2":"shopify:\/\/collections\/all","title_color_right":"#111111","color_hover_right":"#343434"}},"1649833253fa77a911":{"type":"section-service-v2","blocks":{"16498332538f8e7a7d-0":{"type":"service","settings":{"block_number":"1","bg_banner":"#ffffff","color_number":"#ffffff","img_icon":"shopify:\/\/shop_images\/2.png","block_title":"FREE SHIPPING","block_content":"For all order over $99"}},"16498332538f8e7a7d-1":{"type":"service","settings":{"block_number":"2","bg_banner":"#ffffff","color_number":"#ffffff","img_icon":"shopify:\/\/shop_images\/1.png","block_title":"DELIVERY ON TIME","block_content":"Definition and measurement"}},"16498332538f8e7a7d-2":{"type":"service","settings":{"block_number":"3","bg_banner":"#ffffff","color_number":"#ffffff","img_icon":"shopify:\/\/shop_images\/4.png","block_title":"SECURE PAMENT","block_content":"100% secure payment"}},"a7a13d2f-8a4f-40c9-ab62-12b57a78d81d":{"type":"service","settings":{"block_number":"1","bg_banner":"#ffffff","color_number":"#ffffff","img_icon":"shopify:\/\/shop_images\/3.png","block_title":"SHIPPING & RETURN","block_content":"Photography online website"}}},"block_order":["16498332538f8e7a7d-0","16498332538f8e7a7d-1","16498332538f8e7a7d-2","a7a13d2f-8a4f-40c9-ab62-12b57a78d81d"],"settings":{"margin_top":"","margin_bottom":""}},"1649832135115873d9":{"type":"section-banner-v11","settings":{"select_pos":"left","img_banner1":"shopify:\/\/shop_images\/ba20.jpg","title_banner":"Sleeping cream","color_title":"#000000","sub_title":"It is a long established fact that a reader <br> will be distractedby the readable","color_sub_title":"#111111","button_1":"SHOP NOW","color_btn":"#ffffff","bg_btn":"#000000","color_btn_hover":"#000000","bg_btn_hover":"#ffffff","url_button1":"shopify:\/\/collections\/all","margin_top":"","margin_bottom":""}},"1649903972191ec860":{"type":"section-product-v3","settings":{"title_heading":"Best Seller","color_title":"#222","sub_title":"Best Seller Product This Week!","color_sub_title":"#666666","select_collection":"new","products_limit":8,"margin_top":"","margin_bottom":""}},"1649834075eb487a6b":{"type":"section-banner-v8","blocks":{"7aad193a-9a0d-4574-b190-1ba507d823a9":{"type":"banner","settings":{"img_banner1":"shopify:\/\/shop_images\/ba16.jpg","url_video1":"https:\/\/vimeo.com\/326951659"}},"fe37ad42-82a0-4a70-8970-e8e209236111":{"type":"banner","settings":{"img_banner1":"shopify:\/\/shop_images\/ba18.jpg","url_video1":"https:\/\/vimeo.com\/326951659"}},"942cfdb9-6df9-42ed-9efb-70cb23448633":{"type":"banner","settings":{"img_banner1":"shopify:\/\/shop_images\/ba17.jpg","url_video1":"https:\/\/vimeo.com\/326951659"}}},"block_order":["7aad193a-9a0d-4574-b190-1ba507d823a9","fe37ad42-82a0-4a70-8970-e8e209236111","942cfdb9-6df9-42ed-9efb-70cb23448633"],"settings":{"enable-img_title":true}},"164990399130ff574e":{"type":"section-product-v1","settings":{"title_heading":"Hot Deal","color_title":"#222","sub-title1":"Don't Miss Today's Featured Deals","select_collection":"new","products_limit":4,"margin_top":"","margin_bottom":""}},"164983418333a66f0a":{"type":"section-blog-v1","settings":{"margin_top":"","margin_bottom":"","bg_section":"#ffffff","section_title":"Our Blogs","color_title":"#222222","select_blog":"news","blogs_limit":3,"enable_category":true,"enable_date":true,"enable_title":true,"enable_excerpt":true,"ena_btn_readmore":true,"text_btn":"READ MORE"}}},"order":["16498318435e6b1a14","1649833253fa77a911","1649832135115873d9","1649903972191ec860","1649834075eb487a6b","164990399130ff574e","164983418333a66f0a"]}