{"sections":{"slideshow":{"type":"slideshow","blocks":{"2b9978d5-8157-4e84-82c6-7f924a86adec":{"type":"Slider","settings":{"image":"shopify:\/\/shop_images\/carpenter-banner.png","mobile_image":"shopify:\/\/shop_images\/mob-1.jpg","mobile_bg_clr":"","text_alignment":"text-start","content_position":"center-left","show_image":false,"title_2":"Best Carpenter’s Company","subheading_color":"#ffffff","subheading_size":"30","title":"Professional & Quality <br>  Carpenter Service","heading_color":"#c08c4d","heading_size":"50","desc":"Nisi scelerisque eu ultrices vitae auctor eu augue utac habitasse platea dict.<br>\nGravida arcu ac tortor dignissim convallis aenean et tortor at.","desc_color":"#ececec","desc_size":"24","button":"READ MORE","link":"shopify:\/\/collections\/best-sellers","btn_bg_color":"#c08c4d","btn_txt_color":"#ffffff","btn_hoverbg_color":"","btn_hovertxt_color":"","button_2":"","link_2":"","btn_bg_color_2":"","btn_txt_color_2":"","btn_hoverbg_color_2":"","btn_hovertxt_color_2":"","slide_content_bg":"rgba(0,0,0,0)"}},"278ae9bf-7526-468a-b43c-302d1764a917":{"type":"Slider","settings":{"image":"shopify:\/\/shop_images\/slider-2.jpg","mobile_image":"shopify:\/\/shop_images\/mob-2.jpg","mobile_bg_clr":"","text_alignment":"text-end","content_position":"center-right","show_image":false,"title_2":"Woodworker Hand Tool","subheading_color":"#ffffff","subheading_size":"30","title":"Woodwork that shows Our best standard","heading_color":"#c08c4d","heading_size":"50","desc":"Resi scelerisque eu ultrices vitae auctor eu augue ut ac habitasse platea dicta.<br>\nGravida arcu ac tortor dignissim convallis aenean et tortor at.","desc_color":"#ececec","desc_size":"24","button":"Read More","link":"shopify:\/\/collections\/special-products","btn_bg_color":"#c08c4d","btn_txt_color":"#ffffff","btn_hoverbg_color":"","btn_hovertxt_color":"","button_2":"","link_2":"","btn_bg_color_2":"","btn_txt_color_2":"","btn_hoverbg_color_2":"","btn_hovertxt_color_2":"","slide_content_bg":""}},"5d768b0f-7f43-434e-96f5-a40462abaa71":{"type":"Slider","settings":{"image":"shopify:\/\/shop_images\/slider-3.jpg","mobile_image":"shopify:\/\/shop_images\/mob-3.jpg","mobile_bg_clr":"","text_alignment":"text-start","content_position":"center-left","show_image":false,"title_2":"Fine Carpenter Tools","subheading_color":"#ffffff","subheading_size":"30","title":"Complete furnishing with best quality","heading_color":"#c08c4d","heading_size":"50","desc":"Aesi scelerisque eu ultrices vitae auctor eu augue uac habitasse platea dicte.<br>\nGravida arcu ac tortor dignissim convallis aenean et tortor at.","desc_color":"#ececec","desc_size":"24","button":"Read More","link":"shopify:\/\/collections\/elegant-products","btn_bg_color":"#c08c4d","btn_txt_color":"#ffffff","btn_hoverbg_color":"","btn_hovertxt_color":"","button_2":"","link_2":"","btn_bg_color_2":"","btn_txt_color_2":"","btn_hoverbg_color_2":"","btn_hovertxt_color_2":"","slide_content_bg":""}}},"block_order":["2b9978d5-8157-4e84-82c6-7f924a86adec","278ae9bf-7526-468a-b43c-302d1764a917","5d768b0f-7f43-434e-96f5-a40462abaa71"],"settings":{"full":true,"spacing_both_ends":false,"margin":"0,0","slider_height":750,"slider_height_lap":700,"slider_height_tab":650,"slider_height_mobile":500,"content_within_container":true,"enable_box_shadow":false,"border_radius":"0","content_border_radius":"0","autoplay":false,"slideshow_speed":"5000","dots":true,"carousel_pagination_alignment":"center_pagination","carousel_pagination_bottom_alignment":"outside_element","arrows":true,"nav_arrow_position":"center-navigation","center_nav_arrow_alignment":"inside_container","navigation_button_color":"rgba(0,0,0,0)","navigation_button_icon_color":"#c08c4d","navigation_button_hover_color":"","navigation_button_hover_icon_color":"#ffffff","navigation_dot_color":"#ffffff","navigation_dot_active_color":"#c08c4d","custom_class_name":"banner-slide"}},"163221575460b474e8":{"type":"home-grid-banner","blocks":{"8ab1b807-5cc6-4f93-b259-201e357b2620":{"type":"content","settings":{"block_image":"shopify:\/\/shop_images\/carpenter-grid-1.png","show_image":true,"block_title":"Wooden toolbox","block_button_link1":"","block_sub_title":"Hot List","block_description":"","block_button_text":"shop now","block_button_link":"shopify:\/\/collections\/best-sellers","block_text_align":"text-start","content_position":"center-left","reverse_column":false,"block_banner_bg":"rgba(0,0,0,0)","block_content_box_bg":"rgba(0,0,0,0)","block_heading_color":"#c08c4d","block_sub_heading_color":"#252a35","block_description_color":"","block_button_bg_color":"","block_button_text_color":"#252a35","block_button_hover_bg_color":"","block_button_hover_text_color":"#c08c4d","overlay_style":"use_overlay","overlay_color":"","overlay_opacity":"0.5","rotation_degree":"180"}},"d312ff5f-d161-4b08-a054-666a2b6188a3":{"type":"content","settings":{"block_image":"shopify:\/\/shop_images\/carpenter-grid-2.png","show_image":true,"block_title":"Circular Saw  & Tools","block_button_link1":"","block_sub_title":"Deal of the day","block_description":"","block_button_text":"shop now","block_button_link":"shopify:\/\/collections\/elegant-products","block_text_align":"text-start","content_position":"center-left","reverse_column":false,"block_banner_bg":"rgba(0,0,0,0)","block_content_box_bg":"","block_heading_color":"#7c120f","block_sub_heading_color":"#252a35","block_description_color":"","block_button_bg_color":"","block_button_text_color":"#252a35","block_button_hover_bg_color":"","block_button_hover_text_color":"#7c120f","overlay_style":"use_overlay","overlay_color":"","overlay_opacity":"0.5","rotation_degree":"180"}},"d2e29fc4-e18a-4b35-bf3a-c0b631b94d3d":{"type":"content","settings":{"block_image":"shopify:\/\/shop_images\/carpenter-grid-3.png","show_image":true,"block_title":"Carpenter Tools","block_button_link1":"","block_sub_title":"Summer Offer","block_description":"","block_button_text":"shop now","block_button_link":"shopify:\/\/collections\/new-arrivals","block_text_align":"text-start","content_position":"center-left","reverse_column":false,"block_banner_bg":"rgba(0,0,0,0)","block_content_box_bg":"","block_heading_color":"#252a35","block_sub_heading_color":"#252a35","block_description_color":"","block_button_bg_color":"","block_button_text_color":"#252a35","block_button_hover_bg_color":"","block_button_hover_text_color":"#b4672a","overlay_style":"use_overlay","overlay_color":"","overlay_opacity":"0.5","rotation_degree":"180"}},"b4c48ea1-5ae6-4e69-9235-a6443ca87a4f":{"type":"content","settings":{"block_image":"shopify:\/\/shop_images\/carpenter-grid-4.png","show_image":true,"block_title":"Hand saw  on wood","block_button_link1":"","block_sub_title":"New Arrival","block_description":"","block_button_text":"shop now","block_button_link":"shopify:\/\/collections\/special-products","block_text_align":"text-start","content_position":"center-left","reverse_column":false,"block_banner_bg":"rgba(0,0,0,0)","block_content_box_bg":"","block_heading_color":"#252a35","block_sub_heading_color":"#252a35","block_description_color":"","block_button_bg_color":"","block_button_text_color":"#252a35","block_button_hover_bg_color":"","block_button_hover_text_color":"#fec728","overlay_style":"use_overlay","overlay_color":"","overlay_opacity":"0.5","rotation_degree":"180"}}},"block_order":["8ab1b807-5cc6-4f93-b259-201e357b2620","d312ff5f-d161-4b08-a054-666a2b6188a3","d2e29fc4-e18a-4b35-bf3a-c0b631b94d3d","b4c48ea1-5ae6-4e69-9235-a6443ca87a4f"],"settings":{"full":true,"spacing_both_ends":false,"padding":"10,50","margin":"0,0","show_background_image":false,"background_style":"default","enable_overlay":false,"background_color":"","overlay_transparency":"0.5","section_heading":"","section_sub_heading":"","section_description":"","section_button_text":"","section_button_link":"","section_heading_color":"","section_sub_heading_color":"","section_description_color":"","section_button_bg_color":"","section_button_text_color":"","section_button_hover_bg_color":"","section_button_hover_text_color":"","heading_position":"text-center","block_banner_style":"overlay","column_gap":"10","grid":"4","border_radius":"0","enable_box_shadow":false,"equal_height":false,"content_width":"50\/50","lap_content_width":"40\/60","overlay_style_height":350,"overlay_style_height_laptop":280,"overlay_style_height_mobile":300,"custom_class_name":"grid-banner-section"}},"16305701682495e701":{"type":"home-product-carousel","settings":{"full":false,"spacing_both_ends":false,"padding":"0,0","margin":"50,0","show_background_image":false,"background_style":"default","enable_overlay":false,"background_color":"","overlay_transparency":"0.5","section_heading":"Featured Products","section_sub_heading":"Woodworking Tools","section_description":"","section_button_text":"","section_button_link":"","section_heading_color":"#2d2a2a","section_sub_heading_color":"#989898","section_description_color":"","section_button_bg_color":"","section_button_text_color":"","section_button_hover_bg_color":"","section_button_hover_text_color":"","heading_position":"text-center","grouped_content_bg":"rgba(0,0,0,0)","grouped_column_gap":"30","grouped_content_padding":"0","group_border_radius":"0","enable_group_box_shadow":false,"reverse_column":false,"content_width":"30\/70","lap_content_width":"35\/65","additional_block_background_color":"","additional_block_box_shadow":false,"additional_content_padding":"0","additional_block_border_radius":"0","enable_main_content":true,"main_block_background_color":"rgba(0,0,0,0)","enable_main_block_box_shadow":false,"main_block_border_radius":"0","main_content_padding":"0","collection":"best-sellers","column_gap":"20","border_radius":"0","enable_list_view":false,"grid":"4","post_limit":8,"enable_slider":false,"items_per_view":4,"rows":2,"slider_autoplay":0,"enable_auto_height":false,"dots":false,"carousel_pagination_alignment":"center_pagination","carousel_pagination_bottom_alignment":"outside_element","arrows":false,"nav_arrow_position":"navigation-top-right","center_nav_arrow_alignment":"inside_container","navigation_button_color":"","navigation_button_icon_color":"","navigation_button_hover_color":"","navigation_button_hover_icon_color":"","navigation_dot_color":"","navigation_dot_active_color":"","custom_class_name":"product-section"}},"16373085000d21177d":{"type":"slideshow","blocks":{"7271d99c-2f96-4ff1-bb22-b2f619236434":{"type":"Slider","settings":{"image":"shopify:\/\/shop_images\/carpenter-banner-2.png","mobile_image":"shopify:\/\/shop_images\/carpenter-banner-2.png","mobile_bg_clr":"rgba(0,0,0,0)","text_alignment":"text-center","content_position":"dt-sc-flex-center","show_image":false,"title_2":"Power Tools You Should Own","subheading_color":"#ffffff","subheading_size":"24","title":"Enjoy the best quality and features made by our team.","heading_color":"#ffffff","heading_size":"40","desc":"","desc_color":"","desc_size":"14","button":"Shop Now","link":"shopify:\/\/collections\/best-sellers","btn_bg_color":"#ffffff","btn_txt_color":"#000000","btn_hoverbg_color":"","btn_hovertxt_color":"#ffffff","button_2":"View More","link_2":"shopify:\/\/collections\/elegant-products","btn_bg_color_2":"","btn_txt_color_2":"#ffffff","btn_hoverbg_color_2":"#ffffff","btn_hovertxt_color_2":"#000000","slide_content_bg":""}}},"block_order":["7271d99c-2f96-4ff1-bb22-b2f619236434"],"settings":{"full":true,"spacing_both_ends":false,"margin":"50,50","slider_height":590,"slider_height_lap":500,"slider_height_tab":450,"slider_height_mobile":300,"content_within_container":false,"enable_box_shadow":false,"border_radius":"0","content_border_radius":"0","autoplay":false,"slideshow_speed":"5000","dots":false,"carousel_pagination_alignment":"center_pagination","carousel_pagination_bottom_alignment":"inside_element","arrows":false,"nav_arrow_position":"navigation-bottom-center","center_nav_arrow_alignment":"inside_container","navigation_button_color":"","navigation_button_icon_color":"","navigation_button_hover_color":"","navigation_button_hover_icon_color":"","navigation_dot_color":"","navigation_dot_active_color":"","custom_class_name":"banner-section"}},"1632297753a7228f08":{"type":"home-featured-blog","settings":{"full":false,"spacing_both_ends":false,"padding":"0,0","margin":"50,50","show_background_image":false,"background_style":"default","enable_overlay":false,"background_color":"","overlay_transparency":"0.5","section_heading":"Carpenters Blog","section_sub_heading":"LATEST WOOD WORK NEWS","section_description":"","section_button_text":"","section_button_link":"","section_heading_color":"#2d2a2a","section_sub_heading_color":"#989898","section_description_color":"","section_button_bg_color":"","section_button_text_color":"","section_button_hover_bg_color":"","section_button_hover_text_color":"","heading_position":"text-center","blog":"news","blog_show_author":true,"blog_show_date":true,"blog_comments":false,"blog_show_tag":false,"blog_show_button":true,"blog_show_description":false,"enable_blog_icons":false,"block_banner_style":"grid-style","post_limit":4,"grid":"4","text_position":"text-center","enable_box_shadow":false,"vertical_position":"vertical-center","content_width":"50\/50","lap_content_width":"40\/60","overlay_style_height":400,"overlay_style":"use_overlay","overlay_color":"","overlay_opacity":"0.5","rotation_degree":"180","split_blog_layout":false,"split_gap":"30","enable_masonry_grid":false,"main_banner_style":"grid-style","additional_banner_style":"list-style","enable_masonry_reverse":false,"blog_bg_color":"#ffffff","blog_link_color":"#1b1919","blog_link_hover_color":"#c08c4d","blog_text_color":"#6f6f6f","blog_icon_color":"#6f6f6f","blog_button_bg_color":"rgba(0,0,0,0)","blog_button_text_color":"#1b1919","blog_button_bg_hover_color":"#707070","blog_button_text_hover_color":"#ffffff","blog_link_color_overlay":"","blog_link_hover_color_overlay":"","blog_text_color_overlay":"","blog_icon_color_overlay":"","blog_button_bg_color_overlay":"","blog_button_text_color_overlay":"","blog_button_bg_hover_color_overlay":"","blog_button_text_hover_color_overlay":"","masonry_content_width":"50\/50","lap_masonry_content_width":"40\/60","enable_slider":false,"enable_auto_height":true,"items_per_view":2,"column_gap":"30","slider_autoplay":0,"dots":true,"carousel_pagination_alignment":"center_pagination","arrows":true,"nav_arrow_position":"center-navigation","center_nav_arrow_alignment":"outside_container","navigation_button_color":"","navigation_button_icon_color":"","navigation_button_hover_color":"","navigation_button_hover_icon_color":"","navigation_dot_color":"","navigation_dot_active_color":"","custom_class_name":"blog-section"}},"1634037516e4b5c1ef":{"type":"home-brand-logos","blocks":{"1634037516e4b5c1ef-0":{"type":"Image","settings":{"image":"shopify:\/\/shop_images\/brlog1.png","title":"Brand Name","link":""}},"1634037516e4b5c1ef-1":{"type":"Image","settings":{"image":"shopify:\/\/shop_images\/brlog2.png","title":"Brand Name","link":""}},"1634037516e4b5c1ef-2":{"type":"Image","settings":{"image":"shopify:\/\/shop_images\/brlog3.png","title":"Brand Name","link":""}},"1634037516e4b5c1ef-3":{"type":"Image","settings":{"image":"shopify:\/\/shop_images\/brlog4.png","title":"Brand Name","link":""}},"1634037516e4b5c1ef-4":{"type":"Image","settings":{"image":"shopify:\/\/shop_images\/brlog5.png","title":"Brand Name","link":""}},"4245194d-e1cd-4e19-890a-076ab199d03d":{"type":"Image","settings":{"image":"shopify:\/\/shop_images\/brlog6.png","title":"Brand Name","link":""}},"9e188a8e-7695-407d-8861-8619d26fcb43":{"type":"Image","settings":{"image":"shopify:\/\/shop_images\/brlog7.png","title":"Brand Name","link":""}}},"block_order":["1634037516e4b5c1ef-0","1634037516e4b5c1ef-1","1634037516e4b5c1ef-2","1634037516e4b5c1ef-3","1634037516e4b5c1ef-4","4245194d-e1cd-4e19-890a-076ab199d03d","9e188a8e-7695-407d-8861-8619d26fcb43"],"settings":{"full":false,"spacing_both_ends":false,"padding":"50,0","margin":"0,0","show_background_image":false,"background_style":"default","enable_overlay":true,"background_color":"#f9f9f9","overlay_transparency":"1","section_heading":"","section_sub_heading":"","section_description":"","section_button_text":"","section_button_link":"","section_heading_color":"","section_sub_heading_color":"","section_description_color":"","section_button_bg_color":"","section_button_text_color":"","section_button_hover_bg_color":"","section_button_hover_text_color":"","heading_position":"text-center","grid":"4","block_style":"style-1","enable_box_shadow":false,"column_gap":"30","border_radius":"0","block_border_color":"","block_background_color":"#f9f9f9","enable_slider":false,"enable_auto_height":true,"items_per_view":4,"slider_autoplay":0,"dots":true,"carousel_pagination_alignment":"center_pagination","arrows":true,"nav_arrow_position":"navigation-bottom-center","center_nav_arrow_alignment":"outside_container","navigation_button_color":"","navigation_button_icon_color":"","navigation_button_hover_color":"","navigation_button_hover_icon_color":"","navigation_dot_color":"","navigation_dot_active_color":"","custom_class_name":"brand-logo-section"}}},"order":["slideshow","163221575460b474e8","16305701682495e701","16373085000d21177d","1632297753a7228f08","1634037516e4b5c1ef"]}