{"sections":{"main":{"type":"main-page","settings":{}},"163308515912b8af82":{"type":"home-faq-block","blocks":{"163308515912b8af82-0":{"type":"icon","settings":{"title":"Heading","desc":"Lorem ipsum dolor sit amet"}},"163308515912b8af82-1":{"type":"class","settings":{"class":"fa fa-home","title":"Heading","desc":"Lorem ipsum dolor sit amet"}},"163308515912b8af82-2":{"type":"icon","settings":{"title":"Heading","desc":"Lorem ipsum dolor sit amet"}},"163308515912b8af82-3":{"type":"class","settings":{"class":"fa fa-home","title":"Heading","desc":"Lorem ipsum dolor sit amet"}},"163308515912b8af82-4":{"type":"icon","settings":{"title":"Heading","desc":"Lorem ipsum dolor sit amet"}}},"block_order":["163308515912b8af82-0","163308515912b8af82-1","163308515912b8af82-2","163308515912b8af82-3","163308515912b8af82-4"],"settings":{"full":false,"spacing_both_ends":false,"padding":"0,0","margin":"0,0","show_background_image":false,"background_style":"default","enable_overlay":false,"background_color":"#f5f5f5","overlay_transparency":"0.5","section_heading":"FAQ Block","section_sub_heading":"Sub Heading","section_description":"Use this text to share the information which you like!.","section_button_text":"","section_button_link":"","section_heading_color":"","section_sub_heading_color":"","section_description_color":"","section_button_bg_color":"","section_button_text_color":"","section_button_hover_bg_color":"","section_button_hover_text_color":"","heading_position":"text-center","block_style":"default-style","text_position":"text-start","border_radius":"0","enable_box_shadow":false,"enable_heading_icons":false,"faq_icon_size":"30","enable_segmented_layout":false,"segmented_layout_gap":"15","faq_heading_color":"","faq_heading_bg_color":"","faq_content_color":"","faq_content_bg_color":"","custom_class_name":""}}},"order":["main","163308515912b8af82"]}