{"sections":{"main":{"type":"contact","settings":{"full":false,"spacing_both_ends":false,"padding":"0,0","margin":"0,0","section_heading":"","section_sub_heading":"","section_description":"","section_button_text":"","section_button_link":"","section_heading_color":"","section_sub_heading_color":"","section_description_color":"","section_button_bg_color":"","section_button_text_color":"","section_button_hover_bg_color":"","section_button_hover_text_color":"","heading_position":"text-center","contact_layout":"block_layout","enable_gmap":true,"contact_iframe_code":"<iframe src=\"https:\/\/www.google.com\/maps\/embed?pb=!1m18!1m12!1m3!1d2151.8953151236788!2d-76.594469144014!3d39.29948782962428!2m3!1f0!2f0!3f0!3m2!1i1024!2i768!4f13.1!3m3!1m2!1s0x89c804623821edc1%3A0x770e526ae2246d1a!2sE%20Madison%20St%2C%20Baltimore%2C%20MD%2C%20USA!5e0!3m2!1sen!2sin!4v1634538885766!5m2!1sen!2sin\" width=\"100%\" height=\"578\" style=\"border:0;\" allowfullscreen=\"\" loading=\"lazy\"><\/iframe>","enable_contact_info":true,"contactborder_color":"","contact_hvrborder_color":"#c08c4d","icontactheading_color":"#2d2a2a","contacticon_bg_color":"#2d2a2a","contacticon_color":"#ffffff","contacticon_hoverbg_color":"#c08c4d","contacticonhover_color":"#ffffff","contact_phone":true,"contact_module_contact_phonetitle":"Phone","contact_icon_1":"fa fa-phone","contact_phone1":"<b>Toll-Free: <\/b> 000 - 123 - 456789","contact_phone2":"<b>Fax: <\/b> 000 - 123 - 456789","contact_module_email":true,"contact_module_contact_title":"Email","contact_icon_2":"fa fa-envelope","contact_module_email1":"info@example.com","contact_module_email2":"support@example.com","contact_module_address":true,"contact_module_address_title":"Address","contact_icon_3":"fa fa-location-arrow","contact_module_address1":"No: 58 A, East Madison Street,","contact_module_address2":"Baltimore, MD, USA 4508","enable_contact_form":true,"contact_form_title":"Contact Form"}}},"order":["main"]}