{"sections":{"1655696361c1e48120":{"type":"slideshow","blocks":{"c8a25f96-22bd-4552-bba3-a8979f06e438":{"type":"Slider","settings":{"image":"shopify:\/\/shop_images\/dem.png","desktop_bg_clr":"#f6f6f6","mobile_image":"shopify:\/\/shop_images\/demomobl51.png","mobile_bg_clr":"#bee1e6","show_bg_text":true,"bg_text":"design clothes","bg_text_clr":"#ededed","text_alignment":"text-center","content_position":"dt-sc-flex-center","show_image":false,"title_2":"","subheading_color":"","subheading_size":"20","title":"Exclusive Fashion","heading_color":"","show_additional_color":false,"additional_color":"","heading_size":"40","show_additional_text":false,"additional_text":"","additional_text_color":"","show_additional_text_shadow":true,"additional_text_shadow_color":"","additional_text_size":"54","show_custom_text":true,"custom_text1":"Her","custom_text2":"Him","custom_text_color":"#000000","desc":"Dis parturient montes nascetur ridiculus mus","desc_color":"#49443e","desc_size":"16","button":"Shop Now","link":"shopify:\/\/collections\/best-sellers-demo-5","btn_bg_color":"#d6a6ad","btn_txt_color":"#000000","btn_hoverbg_color":"#d6a6ad","btn_hovertxt_color":"#000000","button_2":"","link_2":"","btn_bg_color_2":"","btn_txt_color_2":"","btn_hoverbg_color_2":"","btn_hovertxt_color_2":"","slide_content_bg":"#ffffff"}},"a3962e46-593b-4e44-80a4-3cdeea9ebefc":{"type":"Slider","settings":{"image":"shopify:\/\/shop_images\/sdsdgh_930e0ee0-5bde-4693-999c-127e9d8e4bc8.jpg","desktop_bg_clr":"#f6f6f6","mobile_image":"shopify:\/\/shop_images\/demomobl5-3_b04a8ac5-a3cf-426b-b8eb-7603e942adc2.png","mobile_bg_clr":"#bee1e6","show_bg_text":true,"bg_text":"fashion Tees","bg_text_clr":"#ededed","text_alignment":"text-center","content_position":"dt-sc-flex-center","show_image":false,"title_2":"","subheading_color":"","subheading_size":"20","title":"Trendy Fabrics","heading_color":"","show_additional_color":false,"additional_color":"","heading_size":"54","show_additional_text":false,"additional_text":"","additional_text_color":"","show_additional_text_shadow":true,"additional_text_shadow_color":"","additional_text_size":"54","show_custom_text":true,"custom_text1":"Her","custom_text2":"Him","custom_text_color":"#000000","desc":"Eds parturient montes nascetur ridiculus mus","desc_color":"","desc_size":"16","button":"Shop Now","link":"shopify:\/\/collections\/hot-deals-demo-5","btn_bg_color":"#d6a6ad","btn_txt_color":"#000000","btn_hoverbg_color":"#d6a6ad","btn_hovertxt_color":"#000000","button_2":"","link_2":"","btn_bg_color_2":"","btn_txt_color_2":"","btn_hoverbg_color_2":"","btn_hovertxt_color_2":"","slide_content_bg":"#ffffff"}},"d8b84408-093c-442b-a020-3160fbc54fc9":{"type":"Slider","settings":{"image":"shopify:\/\/shop_images\/sdsd_a7c325a3-1de6-4ecd-ad09-fe1c40e66ed1.jpg","desktop_bg_clr":"#f6f6f6","mobile_image":"shopify:\/\/shop_images\/demomobl52_65f1e843-53b3-4bbf-a813-c9cc79c0ebad.png","mobile_bg_clr":"#bee1e6","show_bg_text":true,"bg_text":"fashion Tees","bg_text_clr":"#ededed","text_alignment":"text-center","content_position":"dt-sc-flex-center","show_image":false,"title_2":"","subheading_color":"","subheading_size":"20","title":"Smart Clothes","heading_color":"","show_additional_color":false,"additional_color":"","heading_size":"54","show_additional_text":false,"additional_text":"","additional_text_color":"","show_additional_text_shadow":true,"additional_text_shadow_color":"","additional_text_size":"54","show_custom_text":true,"custom_text1":"Her","custom_text2":"Him","custom_text_color":"#000000","desc":"Gres parturient montes nascetur ridiculus mus","desc_color":"","desc_size":"16","button":"Shop Now","link":"shopify:\/\/collections\/shop-demo-5","btn_bg_color":"#d6a6ad","btn_txt_color":"#000000","btn_hoverbg_color":"#d6a6ad","btn_hovertxt_color":"#000000","button_2":"","link_2":"","btn_bg_color_2":"","btn_txt_color_2":"","btn_hoverbg_color_2":"","btn_hovertxt_color_2":"","slide_content_bg":"#ffffff"}},"4d01bc62-7dd4-48e6-a886-096ed1d70dbd":{"type":"Slider","disabled":true,"settings":{"desktop_bg_clr":"","mobile_bg_clr":"","show_bg_text":false,"bg_text":"fashion Tees","bg_text_clr":"","text_alignment":"text-center","content_position":"dt-sc-flex-center","show_image":false,"title_2":"Sub Heading","subheading_color":"","subheading_size":"20","title":"Heading","heading_color":"","show_additional_color":false,"additional_color":"","heading_size":"54","show_additional_text":false,"additional_text":"","additional_text_color":"","show_additional_text_shadow":true,"additional_text_shadow_color":"","additional_text_size":"54","show_custom_text":false,"custom_text1":"","custom_text2":"","custom_text_color":"","desc":"Few lines of short description.","desc_color":"","desc_size":"14","button":"Shop Now","link":"","btn_bg_color":"","btn_txt_color":"","btn_hoverbg_color":"","btn_hovertxt_color":"","button_2":"Shop Now","link_2":"","btn_bg_color_2":"","btn_txt_color_2":"","btn_hoverbg_color_2":"","btn_hovertxt_color_2":"","slide_content_bg":""}}},"block_order":["c8a25f96-22bd-4552-bba3-a8979f06e438","a3962e46-593b-4e44-80a4-3cdeea9ebefc","d8b84408-093c-442b-a020-3160fbc54fc9","4d01bc62-7dd4-48e6-a886-096ed1d70dbd"],"settings":{"full":true,"spacing_both_ends":false,"margin":"0,0","slider_height":750,"slider_height_lap":620,"slider_height_tab":640,"slider_height_mobile":400,"content_within_container":false,"enable_box_shadow":false,"border_radius":"0","content_border_radius":"0","autoplay":false,"slideshow_speed":"5000","dots":false,"carousel_pagination_alignment":"center_pagination","carousel_pagination_bottom_alignment":"inside_element","arrows":false,"nav_arrow_position":"navigation-bottom-center","center_nav_arrow_alignment":"inside_container","navigation_button_color":"","navigation_button_icon_color":"","navigation_button_hover_color":"","navigation_button_hover_icon_color":"","navigation_dot_color":"","navigation_dot_active_color":"","show_support_block":false,"support_block_alignment":"left_support_block","support_block_txt_1":"","support_block_txt_2":"","support_block_txt_3":"","support_block_icon_clr":"","support_block_hover_icon_clr":"","support_block_text_clr":"","support_block_hover_text_clr":"","custom_class_name":"demo-4-custom-slider"}},"1655279462ba78d59e":{"type":"home-featured-collection","blocks":{"16552794626b3233a2-0":{"type":"collection","settings":{"collection":"new-arrivals-demo-5","collection_text":"For Women","collection_sub_text":"Trousers & Capris","enable_custom_img_height":false,"block_img_height":400,"block_button_text":"Shop Now","block_text_align":"text-start","content_position":"bottom-left","reverse_column":false,"block_banner_bg":"rgba(0,0,0,0)","block_content_box_bg":"rgba(0,0,0,0)","block_heading_color":"#ffffff","block_heading_hover_color":"#d1d1d1","block_subheading_color":"#ffffff","block_sub_heading_color":"rgba(0,0,0,0)","block_description_color":"","block_button_bg_color":"rgba(0,0,0,0)","block_button_text_color":"rgba(0,0,0,0)","block_button_hover_bg_color":"","block_button_hover_text_color":"","overlay_style":"use_overlay","overlay_color":"#000000","overlay_opacity":".4","rotation_degree":"180"}},"06bc43e9-e0c9-4386-8f23-cdaed6519403":{"type":"collection","settings":{"collection":"best-sellers-demo-5","collection_text":"For Girls","collection_sub_text":"Jeans & Shirt","enable_custom_img_height":false,"block_img_height":400,"block_button_text":"Shop Now","block_text_align":"text-start","content_position":"bottom-left","reverse_column":false,"block_banner_bg":"rgba(0,0,0,0)","block_content_box_bg":"","block_heading_color":"#ffffff","block_heading_hover_color":"#d1d1d1","block_subheading_color":"#ffffff","block_sub_heading_color":"","block_description_color":"","block_button_bg_color":"","block_button_text_color":"","block_button_hover_bg_color":"","block_button_hover_text_color":"","overlay_style":"use_overlay","overlay_color":"#000000","overlay_opacity":"0.4","rotation_degree":"180"}},"fbd454bc-458a-4d83-acab-1347db1a110c":{"type":"collection","settings":{"collection":"hot-deals-demo-5","collection_text":"For Boys","collection_sub_text":"Shirt & Pant","enable_custom_img_height":false,"block_img_height":400,"block_button_text":"Shop Now","block_text_align":"text-start","content_position":"bottom-left","reverse_column":false,"block_banner_bg":"rgba(0,0,0,0)","block_content_box_bg":"","block_heading_color":"#ffffff","block_heading_hover_color":"#d1d1d1","block_subheading_color":"#ffffff","block_sub_heading_color":"","block_description_color":"","block_button_bg_color":"","block_button_text_color":"","block_button_hover_bg_color":"","block_button_hover_text_color":"","overlay_style":"use_overlay","overlay_color":"#000000","overlay_opacity":".4","rotation_degree":"180"}},"1facfbdd-fddf-4f38-9847-d3035c255438":{"type":"collection","settings":{"collection":"popular-products-demo-5","collection_text":"For Men","collection_sub_text":"Coat & T-Shirt","enable_custom_img_height":false,"block_img_height":400,"block_button_text":"Shop Now","block_text_align":"text-start","content_position":"bottom-left","reverse_column":false,"block_banner_bg":"rgba(0,0,0,0)","block_content_box_bg":"","block_heading_color":"#ffffff","block_heading_hover_color":"#d1d1d1","block_subheading_color":"#ffffff","block_sub_heading_color":"","block_description_color":"","block_button_bg_color":"","block_button_text_color":"","block_button_hover_bg_color":"","block_button_hover_text_color":"","overlay_style":"use_overlay","overlay_color":"#000000","overlay_opacity":".4","rotation_degree":"180"}}},"block_order":["16552794626b3233a2-0","06bc43e9-e0c9-4386-8f23-cdaed6519403","fbd454bc-458a-4d83-acab-1347db1a110c","1facfbdd-fddf-4f38-9847-d3035c255438"],"settings":{"full":true,"spacing_both_ends":true,"padding":"100,0","margin":"0,0","show_background_image":false,"background_style":"none","background_size":"auto","enable_overlay":false,"background_color":"","overlay_transparency":"0.5","section_heading":"Latest Collections","section_sub_heading":"New Trends","section_description":"","section_button_text":"","section_button_link":"","section_heading_color":"","section_sub_heading_color":"","section_description_color":"","section_button_bg_color":"","section_button_text_color":"","section_button_hover_bg_color":"","section_button_hover_text_color":"","heading_position":"text-center","grid":"4","block_banner_style":"overlay","column_gap":"30","equal_height":false,"overlay_style_height":"645","enable_box_shadow":false,"border_radius":"0","enable_items_count":false,"enable_title":true,"enable_sub_title":true,"enable_collection_desc":true,"enable_collection_button":false,"content_width":"50\/50","lap_content_width":"35\/65","enable_slider":false,"enable_auto_height":true,"slider_autoplay":0,"items_per_view":4,"items_laptop_view":3,"items_tablet_view":2,"items_mobile_landscape_view":1,"items_mobile_view":1,"enable_center_mode":false,"dots":true,"carousel_pagination_alignment":"center_pagination","arrows":true,"nav_arrow_position":"center-navigation","center_nav_arrow_alignment":"outside_container","navigation_button_color":"","navigation_button_icon_color":"","navigation_button_hover_color":"","navigation_button_hover_icon_color":"","navigation_dot_color":"","navigation_dot_active_color":"","custom_class_name":"demo-4-custom-collection"}},"16552820314b3f43fe":{"type":"home-grid-banner","blocks":{"1655282031dab80f6a-0":{"type":"content","settings":{"block_image":"shopify:\/\/shop_images\/grid02.png","show_image":true,"block_title":"<span>Divine With Most Innovative<\/span> Fashion Clothes","underline_color":"","block_sub_title":"Explore The Best Quality Designs","block_description":"","show_scroll_txt":true,"block_scroll_txt":"Women’s Clothes","block_button_text":"Shop Now","block_button_link":"shopify:\/\/collections\/hot-deals-demo-5","use_title_link":false,"enable_button_link_2":false,"block_button_text_2":"","block_button_link_2":"","enable_tag":false,"tag_text":"","block_text_align":"text-end","content_position":"top-right","reverse_column":false,"block_banner_bg":"#effdff","block_content_box_bg":"","block_heading_color":"","block_sub_heading_color":"","scroll_txt_color":"#e2fafd","block_description_color":"","block_button_bg_color":"#d6a6ad","block_button_text_color":"#000000","block_button_hover_bg_color":"#d6a6ad","block_button_hover_text_color":"#000000","block_button_bg_color_2":"","block_button_text_color_2":"","block_button_hover_bg_color_2":"","block_button_hover_text_color_2":"","overlay_style":"use_overlay","overlay_color":"#e1e1e1","overlay_opacity":"0","rotation_degree":"180"}}},"block_order":["1655282031dab80f6a-0"],"settings":{"full":false,"spacing_both_ends":false,"padding":"100,0","margin":"0,0","show_background_image":false,"background_style":"none","background_size":"auto","enable_overlay":false,"background_color":"","overlay_transparency":"0.5","section_heading":"","section_sub_heading":"","section_description":"","section_button_text":"","section_button_link":"","section_heading_color":"","section_sub_heading_color":"","section_description_color":"","section_button_bg_color":"","section_button_text_color":"","section_button_hover_bg_color":"","section_button_hover_text_color":"","heading_position":"text-center","block_banner_style":"overlay","column_gap":"30","grid":"1","border_radius":"0","enable_box_shadow":false,"equal_height":false,"content_width":"50\/50","lap_content_width":"40\/60","overlay_style_height":800,"overlay_style_height_laptop":620,"overlay_style_height_mobile":450,"custom_class_name":"demo-4-custom-overlay-banner"}},"1656329016e878e1d5":{"type":"home-product-carousel","settings":{"full":true,"spacing_both_ends":true,"padding":"100,0","margin":"0,0","show_background_image":false,"background_style":"none","background_size":"auto","enable_overlay":false,"background_color":"","overlay_transparency":"0.5","show_style_image":false,"section_heading":"Modern Collections","section_sub_heading":"New Products","section_description":"","section_button_text":"","section_button_link":"","section_heading_color":"","section_sub_heading_color":"","section_description_color":"","section_button_bg_color":"","section_button_text_color":"","section_button_hover_bg_color":"","section_button_hover_text_color":"","heading_position":"text-center","grouped_content_bg":"","grouped_column_gap":"30","grouped_content_padding":"0","group_border_radius":"","enable_group_box_shadow":false,"reverse_column":false,"content_width":"25\/75","lap_content_width":"35\/65","additional_block_background_color":"","additional_block_box_shadow":false,"additional_content_padding":"0","additional_block_border_radius":"0","enable_main_content":true,"main_block_background_color":"","enable_main_block_box_shadow":false,"main_block_border_radius":"0","main_content_padding":"0","collection":"shop-demo-5","column_gap":"30","border_radius":"0","enable_list_view":false,"grid":"4","enable_additional_button":true,"additional_button_text":"Explore","additional_button_link":"shopify:\/\/collections","additional_button_background_color":"","additional_button_color":"","additional_button_hover_background_color":"","additional_button_hover_color":"","post_limit":8,"enable_slider":false,"items_per_view":4,"items_laptop_view":3,"items_tablet_view":2,"items_mobile_view":1,"rows":3,"slider_autoplay":0,"enable_auto_height":false,"dots":false,"carousel_pagination_alignment":"center_pagination","carousel_pagination_bottom_alignment":"outside_element","arrows":false,"nav_arrow_position":"navigation-top-right","center_nav_arrow_alignment":"inside_container","navigation_button_color":"","navigation_button_icon_color":"","navigation_button_hover_color":"","navigation_button_hover_icon_color":"","navigation_dot_color":"","navigation_dot_active_color":"","custom_class_name":"custom-collection-section"}},"1655283734fe5e50a1":{"type":"home-grid-banner","blocks":{"165528373366e38a4e-0":{"type":"content","settings":{"block_image":"shopify:\/\/shop_images\/grid01.png","show_image":true,"block_title":"<span>Collect your tees <br> explore <\/span> design clothes","underline_color":"","block_sub_title":"Special offers on Men’s t-shirts","block_description":"","show_scroll_txt":true,"block_scroll_txt":"Men’s clothes","block_button_text":"Shop Now","block_button_link":"shopify:\/\/collections\/shop-demo-5","use_title_link":false,"enable_button_link_2":false,"block_button_text_2":"","block_button_link_2":"","enable_tag":false,"tag_text":"","block_text_align":"text-start","content_position":"top-left","reverse_column":false,"block_banner_bg":"#effdff","block_content_box_bg":"","block_heading_color":"","block_sub_heading_color":"","scroll_txt_color":"#e2fafd","block_description_color":"","block_button_bg_color":"#d6a6ad","block_button_text_color":"#000000","block_button_hover_bg_color":"#d6a6ad","block_button_hover_text_color":"#000000","block_button_bg_color_2":"","block_button_text_color_2":"","block_button_hover_bg_color_2":"","block_button_hover_text_color_2":"","overlay_style":"use_overlay","overlay_color":"#e1e1e1","overlay_opacity":"0","rotation_degree":"180"}}},"block_order":["165528373366e38a4e-0"],"settings":{"full":false,"spacing_both_ends":false,"padding":"100,0","margin":"0,0","show_background_image":false,"background_style":"none","background_size":"auto","enable_overlay":false,"background_color":"","overlay_transparency":"0.5","section_heading":"","section_sub_heading":"","section_description":"","section_button_text":"","section_button_link":"","section_heading_color":"","section_sub_heading_color":"","section_description_color":"","section_button_bg_color":"","section_button_text_color":"","section_button_hover_bg_color":"","section_button_hover_text_color":"","heading_position":"text-center","block_banner_style":"overlay","column_gap":"30","grid":"1","border_radius":"0","enable_box_shadow":false,"equal_height":false,"content_width":"50\/50","lap_content_width":"40\/60","overlay_style_height":800,"overlay_style_height_laptop":620,"overlay_style_height_mobile":450,"custom_class_name":"demo-4-custom-overlay-banner demo-4-custom-overlay-2"}},"16569252026e581d54":{"type":"home-testimonial","blocks":{"165692520242d4a511-0":{"type":"content","settings":{"quote":"<p>‘’ Aliquam purus sit amet luctus venenatis lectus magna fringilla urna yhres. ‘’<\/p>","icon":"shopify:\/\/shop_images\/test04_89217d49-218b-472d-bded-fc363bb70753.jpg","author":"Lenda Lena","job":"Customer","star":"0","content_bg_color":"#f4e9d4"}},"d05c8244-071a-45d8-80ae-794939e7890f":{"type":"content","settings":{"quote":"<p>‘’ Verquam purus sit amet luctus venenatis lectus magna fringilla urna yhres. ‘’<\/p>","icon":"shopify:\/\/shop_images\/test03_abd4b0b0-8303-4a1f-84ab-d67ea54ce228.jpg","author":"Roselin","job":"Director","star":"0","content_bg_color":"#bee1e6"}},"51b00f39-2692-4f47-9459-60e3ed29a429":{"type":"content","settings":{"quote":"<p>‘’Seduam purus sit amet luctus venenatis lectus magna fringilla urna yhres. ‘’<\/p>","icon":"shopify:\/\/shop_images\/test05_2b2395da-b028-4081-9047-f257350bd86a.jpg","author":"Angelia","job":"CEO","star":"0","content_bg_color":"#f3a298"}}},"block_order":["165692520242d4a511-0","d05c8244-071a-45d8-80ae-794939e7890f","51b00f39-2692-4f47-9459-60e3ed29a429"],"settings":{"full":false,"spacing_both_ends":false,"padding":"100,20","margin":"0,0","show_background_image":true,"background_image":"shopify:\/\/shop_images\/testimonial-bg.png","background_style":"parallax","background_size":"cover","enable_overlay":false,"background_color":"","overlay_transparency":"0.5","section_heading":"Our Clients","section_sub_heading":"Get In Touch","section_description":"Tell a Feedback About Our Products","section_button_text":"","section_button_link":"","section_heading_color":"","text_underline_color":"rgba(0,0,0,0)","section_sub_heading_color":"","section_description_color":"","section_button_bg_color":"","section_button_text_color":"","section_button_hover_bg_color":"","section_button_hover_text_color":"","heading_position":"text-center","grid":"3","block_style":"style_3","boxed_styles":"default","enable_box_shadow":false,"reverse_column":false,"text_position":"text-center","quote_icon":"shopify:\/\/shop_images\/testimonial-quote.png","quote_style":"quote-icon-in-content","author_info_style":"style_2","border_radius":"30px 0px 30px 30px","boxed_border_radius":"0","column_gap":"10","content_width":"30\/70","lap_content_width":"20\/80","tab_content_width":"30\/70","vertical_position":"vertical-top","testimonial_border_color":"","testimonial_background_color":"","testimonial_content_color":"#000000","testimonial_review_color":"","testimonial_author_text_color":"#000000","testimonial_author_designation_color":"","testimonial_author_separator_color":"","testimonial_quote_icon_color":"#000000","enable_slider":true,"enable_auto_height":true,"items_per_view":3,"slider_autoplay":0,"dots":true,"carousel_pagination_alignment":"custom_pagination","arrows":true,"nav_arrow_position":"navigation-top-right","center_nav_arrow_alignment":"outside_container","navigation_button_color":"rgba(0,0,0,0)","navigation_button_icon_color":"#000000","navigation_button_hover_color":"rgba(0,0,0,0)","navigation_button_hover_icon_color":"#aaaaaa","navigation_dot_color":"#aaaaaa","navigation_dot_active_color":"#000000","custom_class_name":"custom-testimonial-demo-5"}},"1656928456f6d7389c":{"type":"home-image-gallery","blocks":{"1656928456f603d650-4":{"type":"image_image","settings":{"image":"shopify:\/\/shop_images\/insta01_def3658d-e2c3-4937-a0c1-ea2bb95d30cd.jpg","show_icon":true,"icon":"fa fa-instagram","link":"https:\/\/www.instagram.com\/p\/CgjPnCvpmNQ\/?utm_source=ig_web_copy_link"}},"1656928456f603d650-1":{"type":"image_image","settings":{"image":"shopify:\/\/shop_images\/insta02_0bcbde91-16cd-4f28-a3f4-b7fcfcb36e6b.jpg","show_icon":true,"icon":"fa fa-instagram","link":"https:\/\/www.instagram.com\/p\/CgjPY5nJ4EU\/?utm_source=ig_web_copy_link"}},"1656928456f603d650-0":{"type":"image_image","settings":{"image":"shopify:\/\/shop_images\/insta03_0d063e4c-7d3d-4e6e-948f-dad8533d853b.jpg","show_icon":true,"icon":"fa fa-instagram","link":"https:\/\/www.instagram.com\/p\/CgjPanlJj1L\/?utm_source=ig_web_copy_link"}},"1656928456f603d650-2":{"type":"image_image","settings":{"image":"shopify:\/\/shop_images\/insta04_07320a2e-6439-4835-b79b-2c99a1091fe8.jpg","show_icon":true,"icon":"fa fa-instagram","link":"https:\/\/www.instagram.com\/p\/CgjPdpRJhWQ\/?utm_source=ig_web_copy_link"}},"1656928456f603d650-3":{"type":"image_image","settings":{"image":"shopify:\/\/shop_images\/insta05_0959f5d9-c9ed-461f-af39-34d584a13c4d.jpg","show_icon":true,"icon":"fa fa-instagram","link":"https:\/\/www.instagram.com\/p\/CgjPfZPpvNu\/?utm_source=ig_web_copy_link"}},"eea0623b-7e38-4cb4-a6ca-aa1fd2a0e373":{"type":"image_image","settings":{"image":"shopify:\/\/shop_images\/insta06_81d03340-f752-427c-9f60-652890dcef5b.jpg","show_icon":true,"icon":"fa fa-instagram","link":"https:\/\/www.instagram.com\/p\/CgjPhGNJX8k\/?utm_source=ig_web_copy_link"}},"767dc51a-9d5b-4113-9b22-d96c8b9b6eae":{"type":"image_image","settings":{"image":"shopify:\/\/shop_images\/insta07_49c98a70-f8fe-4092-bebb-cd6ee9e5dce8.jpg","show_icon":false,"icon":"fa fa-instagram","link":"https:\/\/www.instagram.com\/p\/CgjPjb-JHhB\/?utm_source=ig_web_copy_link"}}},"block_order":["1656928456f603d650-4","1656928456f603d650-1","1656928456f603d650-0","1656928456f603d650-2","1656928456f603d650-3","eea0623b-7e38-4cb4-a6ca-aa1fd2a0e373","767dc51a-9d5b-4113-9b22-d96c8b9b6eae"],"settings":{"full":true,"spacing_both_ends":true,"padding":"80,30","margin":"0,0","background_image":"shopify:\/\/shop_images\/testimonial-2-bg.png","show_background_image":true,"background_style":"parallax","background_size":"auto","enable_overlay":false,"background_color":"","overlay_transparency":"0.5","section_heading":"Best Instagram Updates","section_sub_heading":"Check out our post","section_description":"Check out the updates & like our insta page","section_button_text":"","section_button_link":"","section_heading_color":"","text_underline_color":"rgba(0,0,0,0)","section_sub_heading_color":"","section_description_color":"","section_button_bg_color":"","section_button_text_color":"","section_button_hover_bg_color":"","section_button_hover_text_color":"","heading_position":"text-center","grid":"6","column_gap":"20","image_list_text":"","image_list_link":"","item_height":360,"item_height_laptop":320,"item_height_tab":310,"item_height_mobile":290,"image_link_bg_color":"","image_overlay_color":"#f3efec","image_link_text_color":"","image_link_hover_bg_color":"","image_link_hover_text_color":"#000000","enable_slider":true,"remove_button_space":false,"enable_auto_height":true,"items_per_view":6,"slider_autoplay":3,"dots":false,"carousel_pagination_alignment":"right_pagination","arrows":false,"nav_arrow_position":"navigation-top-right","center_nav_arrow_alignment":"outside_container","navigation_button_color":"","navigation_button_icon_color":"","navigation_button_hover_color":"","navigation_button_hover_icon_color":"","navigation_dot_color":"","navigation_dot_active_color":"","custom_class_name":"demo-1-image-list"}},"1656930026e31e78d4":{"type":"home-support-block","blocks":{"46732fe4-059a-4419-9d41-4d767be03724":{"type":"icon","settings":{"icon":"shopify:\/\/shop_images\/icon02_228b8155-07a3-4534-ad58-dd013d84928c.png","title":"Fast Delivery","desc":"Free Deliveries on all Orders","link_text":"View More","link":"","text_underline_color":"rgba(0,0,0,0)","icon_bg_color":""}},"d29520c2-e188-4bb1-bd65-076db346b820":{"type":"icon","settings":{"icon":"shopify:\/\/shop_images\/icon03_7b216214-3cbc-4ae5-8624-c28198203c4f.png","title":"Easy Returns","desc":"Easy Excahnge Policies","link_text":"View More","link":"","text_underline_color":"rgba(0,0,0,0)","icon_bg_color":""}},"83a99705-deb5-4ad1-a9f7-654e11109441":{"type":"icon","settings":{"icon":"shopify:\/\/shop_images\/icon01_2fbafe59-786d-40b6-8703-6b986a09f1a5.png","title":"High Quality","desc":"Deliver Best Products","link_text":"View More","link":"","text_underline_color":"rgba(0,0,0,0)","icon_bg_color":""}},"798a5ff3-b9f9-4875-ac77-48d23d50a693":{"type":"icon","settings":{"icon":"shopify:\/\/shop_images\/icon04_58ed0080-c809-421c-b4b8-a398ad4fdece.png","title":"Secure Guarantee","desc":"Guarantee For All Products","link_text":"View More","link":"","text_underline_color":"rgba(0,0,0,0)","icon_bg_color":""}}},"block_order":["46732fe4-059a-4419-9d41-4d767be03724","d29520c2-e188-4bb1-bd65-076db346b820","83a99705-deb5-4ad1-a9f7-654e11109441","798a5ff3-b9f9-4875-ac77-48d23d50a693"],"settings":{"full":false,"spacing_both_ends":false,"padding":"60,0","margin":"0,-30","show_background_image":true,"background_image":"shopify:\/\/shop_images\/testimonial-2-bg.png","background_style":"parallax","background_size":"cover","enable_overlay":false,"background_color":"","overlay_transparency":"0.5","section_heading":"","section_sub_heading":"","section_description":"","section_button_text":"","section_button_link":"","section_heading_color":"","section_sub_heading_color":"","section_description_color":"","section_button_bg_color":"","section_button_text_color":"","section_button_hover_bg_color":"","section_button_hover_text_color":"","heading_position":"text-center","text_position":"text-center","block_style":"default-style","grid":"4","enable_grid_style":true,"vertical_position":"position-default","reverse_column":false,"border_radius":"0px","icon_border_radius":"0px","enable_box_shadow":false,"block_icon_outer_size":"100px","block_icon_size":"100px","slide_on_mobile":true,"block_border_color":"","block_bg":"","block_icon_bg":"rgba(0,0,0,0)","block_icon_border_color":"rgba(0,0,0,0)","block_heading_color":"","block_description_color":"","block_button_bg_color":"","block_button_text_color":"","block_button_hover_bg_color":"","block_button_hover_text_color":"","custom_class_name":"demo-4-custom-support"}}},"order":["1655696361c1e48120","1655279462ba78d59e","16552820314b3f43fe","1656329016e878e1d5","1655283734fe5e50a1","16569252026e581d54","1656928456f6d7389c","1656930026e31e78d4"]}