{"sections":{"main":{"type":"main-blog-template","blocks":{"e647a523-a5ba-4008-bc31-a8f436883b14":{"type":"articles","settings":{"title":"Recent Articles","show_description":true,"limit":2}},"0732544a-d1ac-41bc-a4f9-a987643eedff":{"type":"tags","settings":{"title":"Tags","limit":5}},"36666774-1fbe-4764-9edb-5b1feb77f99d":{"type":"image","settings":{"title":"Promo image","image":"shopify:\/\/shop_images\/donutsprom.jpg","link_text":"Shop Now","link":"\/"}}},"block_order":["e647a523-a5ba-4008-bc31-a8f436883b14","0732544a-d1ac-41bc-a4f9-a987643eedff","36666774-1fbe-4764-9edb-5b1feb77f99d"],"settings":{"full":true,"spacing_both_ends":true,"padding":"0,0","margin":"0,0","blog_results_per_page":6,"blog_show_author":true,"blog_show_date":true,"blog_comments":true,"blog_show_tag":true,"blog_show_button":false,"blog_show_description":true,"enable_blog_icons":false,"block_banner_style":"grid-style","grid":"3","text_position":"text-start","column_gap":"30","enable_box_shadow":false,"content_width":"50\/50","lap_content_width":"40\/60","vertical_position":"vertical-top","overlay_style_height":"400","overlay_style":"use_overlay","overlay_color":"rgba(0,0,0,0)","overlay_opacity":"0.5","rotation_degree":"180","split_blog_layout":false,"split_gap":"30"}}},"order":["main"]}