{"sections":{"main":{"type":"collection-template-2-column","blocks":{"1d21977b-6a32-4139-95b8-7b13512f782d":{"type":"menu","settings":{"filter_title":"Custom Menu","linklist":"collection"}},"42b500f2-612f-47c7-bb2e-32d40dca5768":{"type":"carousel","settings":{"title":"Best sellers","collection":"best-collections","limit":5}},"c46d821f-34df-4d7e-afed-7f3cfe4f37c4":{"type":"collection_filter","settings":{}},"3950add5-9b20-4c25-b7b3-24730c37cd71":{"type":"image","settings":{"title":"Heading","image":"shopify:\/\/shop_images\/support-block-image.jpg","link_text":"Shop Now","link":""}},"a9cc54e2-d40e-48a9-ab7a-efa80baabcfc":{"type":"collection","settings":{"title":"","collection":"best-collections","limit":2}}},"block_order":["1d21977b-6a32-4139-95b8-7b13512f782d","42b500f2-612f-47c7-bb2e-32d40dca5768","c46d821f-34df-4d7e-afed-7f3cfe4f37c4","3950add5-9b20-4c25-b7b3-24730c37cd71","a9cc54e2-d40e-48a9-ab7a-efa80baabcfc"],"settings":{"full":false,"spacing_both_ends":false,"padding":"0,0","margin":"0,0","show_collection_image":false,"collections_sort_enable":true,"collections_view_enable":true,"grid":"3","rows":"5"}}},"order":["main"]}