{"sections":{"1626870276b398a0aa":{"type":"home-grid-banner","disabled":true,"blocks":{"1626870276b398a0aa-0":{"type":"content","settings":{"grid_banner_type":"image","block_image":"shopify:\/\/shop_images\/hotspot-image_247545f2-6cfe-4078-ba3d-dd0a2d52e0b2.jpg","block_video":"https:\/\/www.w3schools.com\/tags\/mov_bbb.mp4","show_image":true,"show_content":true,"block_title":"","block_sub_title":"","block_description":"","block_button_text":"","block_button_link":"","block_text_align":"text-center","content_position":"center","reverse_column":false,"block_banner_bg":"","block_content_box_bg":"","block_heading_color":"","block_sub_heading_color":"","block_description_color":"","block_button_bg_color":"","block_button_text_color":"","block_button_hover_bg_color":"","block_button_hover_text_color":"","overlay_style":"use_overlay","overlay_color":"","overlay_opacity":"0.5","rotation_degree":"180"}}},"block_order":["1626870276b398a0aa-0"],"settings":{"full":false,"spacing_both_ends":false,"padding":"20,20","margin":"0,0","show_background_image":false,"background_style":"default","background_size":"auto","enable_overlay":false,"background_color":"","overlay_transparency":"0.5","section_heading":"","section_sub_heading":"","section_description":"","section_button_text":"","section_button_link":"","section_heading_color":"","section_sub_heading_color":"","section_description_color":"","section_button_bg_color":"","section_button_text_color":"","section_button_hover_bg_color":"","section_button_hover_text_color":"","heading_position":"text-center","block_banner_style":"grid","column_gap":"30","grid":"1","border_radius":"0","enable_box_shadow":false,"equal_height":false,"content_width":"50\/50","lap_content_width":"40\/60","overlay_style_height":390,"overlay_style_height_laptop":500,"overlay_style_height_mobile":400,"custom_class_name":""}},"main":{"type":"collection-template-full-width","blocks":{"1d21977b-6a32-4139-95b8-7b13512f782d":{"type":"menu","settings":{"filter_title":"Custom Menu","linklist":"collection"}},"42b500f2-612f-47c7-bb2e-32d40dca5768":{"type":"carousel","settings":{"title":"Best sellers","collection":"best-collections","limit":5}},"c46d821f-34df-4d7e-afed-7f3cfe4f37c4":{"type":"collection_filter","settings":{}},"3950add5-9b20-4c25-b7b3-24730c37cd71":{"type":"image","settings":{"title":"Heading","image":"shopify:\/\/shop_images\/support-block-image.jpg","link_text":"Shop Now","link":""}},"a9cc54e2-d40e-48a9-ab7a-efa80baabcfc":{"type":"collection","settings":{"title":"","collection":"best-collections","limit":2}}},"block_order":["1d21977b-6a32-4139-95b8-7b13512f782d","42b500f2-612f-47c7-bb2e-32d40dca5768","c46d821f-34df-4d7e-afed-7f3cfe4f37c4","3950add5-9b20-4c25-b7b3-24730c37cd71","a9cc54e2-d40e-48a9-ab7a-efa80baabcfc"],"settings":{"full":true,"spacing_both_ends":true,"padding":"0,0","margin":"0,0","show_collection_image":false,"collections_sort_enable":true,"collections_view_enable":true,"grid":"3","rows":"5"}}},"order":["1626870276b398a0aa","main"]}