{"sections":{"main":{"type":"main-collection-template","blocks":{"4afe737c-35ed-432f-9c8a-f944ac644d37":{"type":"menu","settings":{"filter_title":"Category","linklist":"category"}},"c1f14e69-83d1-4c5d-b400-b6466f295358":{"type":"collection_filter","settings":{}},"29bfbc1b-3c14-4598-bc93-0a77e4e0a6d3":{"type":"collection","settings":{"title":"New Arrivals","collection":"recent-products","limit":3}}},"block_order":["4afe737c-35ed-432f-9c8a-f944ac644d37","c1f14e69-83d1-4c5d-b400-b6466f295358","29bfbc1b-3c14-4598-bc93-0a77e4e0a6d3"],"settings":{"full":false,"spacing_both_ends":false,"padding":"30,0","margin":"0,0","show_collection_image":true,"banner_position":"with-in-container","show_excerpt":true,"show_sub_collection":true,"items":"3","collections_sort_enable":true,"collections_view_enable":false,"enable_items_per_page":true,"collections_custom_cols":false,"pagination":"numbers","grid":"3","rows":"4","filter_type":"vertical"}}},"order":["main"]}