{"sections":{"16484715585d0b75d2":{"type":"slideshow","blocks":{"7e33837d-b447-4031-9b6f-97da7a46ad45":{"type":"Slider","settings":{"slider_type":"image","image":"shopify:\/\/shop_images\/slider01.jpg","mobile_image":"shopify:\/\/shop_images\/cake3.jpg","video_url":"https:\/\/storage.googleapis.com\/coverr-main\/mp4\/Palm_Trees.mp4","iframe_url":"","mobile_bg_clr":"#694d3e","text_alignment":"text-start","content_position":"center-left","show_image":false,"show_content":true,"title_2":"","subheading_color":"#f87660","subheading_size":"20","title":"A Delicious <span>Choco Chip <\/span> Cake","heading_color":"#dfdede","heading_size":"80","desc":"Delicious cakes for all occasions","desc_color":"#dfdede","desc_size":"33","button":"Shop now","link":"shopify:\/\/collections\/best-sellings","btn_bg_color":"rgba(0,0,0,0)","btn_txt_color":"#dfdede","btn_hoverbg_color":"#f87660","btn_hovertxt_color":"#ffffff","button_2":"","link_2":"","btn_bg_color_2":"#ffffff","btn_txt_color_2":"#4bd5e2","btn_hoverbg_color_2":"#ff679a","btn_hovertxt_color_2":"#ffffff","slide_content_bg":"rgba(0,0,0,0)"}},"e715716c-75cc-4a0a-8879-b94d5e117d33":{"type":"Slider","settings":{"slider_type":"image","image":"shopify:\/\/shop_images\/2.jpg","mobile_image":"shopify:\/\/shop_images\/cake1.jpg","video_url":"https:\/\/storage.googleapis.com\/coverr-main\/mp4\/Palm_Trees.mp4","iframe_url":"","mobile_bg_clr":"","text_alignment":"text-end","content_position":"center-right","show_image":false,"show_content":true,"title_2":"","subheading_color":"#f87660","subheading_size":"20","title":"Snicker <span>Fused Chocolate<\/span> Cake","heading_color":"#dfdede","heading_size":"80","desc":"All Special desserts &amp; popular cake","desc_color":"#dfdede","desc_size":"33","button":"Shop Now","link":"shopify:\/\/collections\/elegant-products","btn_bg_color":"","btn_txt_color":"","btn_hoverbg_color":"","btn_hovertxt_color":"","button_2":"","link_2":"","btn_bg_color_2":"","btn_txt_color_2":"","btn_hoverbg_color_2":"","btn_hovertxt_color_2":"","slide_content_bg":"rgba(0,0,0,0)"}},"336355ff-bae6-4ada-ab46-2fdc5674ef59":{"type":"Slider","settings":{"slider_type":"image","image":"shopify:\/\/shop_images\/3.jpg","mobile_image":"shopify:\/\/shop_images\/cake2.jpg","video_url":"https:\/\/storage.googleapis.com\/coverr-main\/mp4\/Palm_Trees.mp4","iframe_url":"","mobile_bg_clr":"","text_alignment":"text-start","content_position":"center-left","show_image":false,"show_content":true,"title_2":"","subheading_color":"#f87660","subheading_size":"20","title":"Chocolate <span>Truffle Fruit<\/span> Cake","heading_color":"#dfdede","heading_size":"80","desc":"Silky choco truffle chocolate flakes","desc_color":"#dfdede","desc_size":"33","button":"Shop Now","link":"shopify:\/\/collections\/new-arrivals","btn_bg_color":"","btn_txt_color":"","btn_hoverbg_color":"","btn_hovertxt_color":"","button_2":"","link_2":"","btn_bg_color_2":"","btn_txt_color_2":"","btn_hoverbg_color_2":"","btn_hovertxt_color_2":"","slide_content_bg":"rgba(0,0,0,0)"}}},"block_order":["7e33837d-b447-4031-9b6f-97da7a46ad45","e715716c-75cc-4a0a-8879-b94d5e117d33","336355ff-bae6-4ada-ab46-2fdc5674ef59"],"settings":{"full":true,"spacing_both_ends":false,"margin":"0,0","slider_height":1070,"slider_height_lap":850,"slider_height_tab":700,"slider_height_mobile":500,"video-aspect-ratio":"","button":"Contact us","link":"shopify:\/\/pages\/contact","btn_bg_color":"#ff679a","btn_txt_color":"#ffffff","btn_hoverbg_color":"#ff679a","btn_hovertxt_color":"#ffffff","button_2":"order now","link_2":"shopify:\/\/collections\/elegant-products","btn_bg_color_2":"#4bd5e2","btn_txt_color_2":"#ffffff","btn_hoverbg_color_2":"#ff679a","btn_hovertxt_color_2":"#ffffff","content_within_container":false,"enable_box_shadow":false,"border_radius":"0","content_border_radius":"0","autoplay":false,"slideshow_speed":"5000","dots":false,"carousel_pagination_alignment":"center_pagination","carousel_pagination_bottom_alignment":"inside_element","arrows":false,"nav_arrow_position":"center-navigation","center_nav_arrow_alignment":"inside_container","navigation_button_color":"","navigation_button_icon_color":"","navigation_button_hover_color":"","navigation_button_hover_icon_color":"","navigation_dot_color":"rgba(0,0,0,0)","navigation_dot_active_color":"#ffffff","custom_class_name":""}},"16541744395d995d24":{"type":"home-specification-block","blocks":{"a0943993-5bb2-4685-b841-81f49dd56e63":{"type":"icon","settings":{"icon":"shopify:\/\/shop_images\/icon02_16730ac9-232f-47a7-96f0-a0ab7a08864e.png","title":"Anniversary cakes","use_title":true,"desc":"Dictum varius duis at consectetur lorem donec massa sapien velit scec.","link_text":"","link":"shopify:\/\/collections","reverse_column":true}},"b284f79d-d362-4799-b96f-aed61bb37f99":{"type":"icon","settings":{"icon":"shopify:\/\/shop_images\/icon04_d6957543-2856-486b-8e7c-87ffcc28d7ee.png","title":"Party cakes","use_title":true,"desc":"Euismod lacinia at quis risus. Dolor sit amet consectetur adipiscing elit duis tristique.","link_text":"","link":"shopify:\/\/collections","reverse_column":true}},"0ba7dcbc-6cae-4d1e-a862-57a91f2a6cba":{"type":"icon","settings":{"icon":"shopify:\/\/shop_images\/icon01_0614a1fe-c0e9-4eae-9dd8-03b4ad583eaf.png","title":"Valentine's day cakes","use_title":true,"desc":"Dolor sit amet consectetur adipiscing elit duis. Maecenas ultricies mi eget.","link_text":"","link":"shopify:\/\/collections","reverse_column":true}},"76562765-148a-49a8-8d5b-db647ed6970f":{"type":"icon","settings":{"icon":"shopify:\/\/shop_images\/icon05_60cc73a3-348e-4c1e-b22a-b35d9fff6b13.png","title":"Birthday cakes","use_title":true,"desc":"Neque ornare aenean euismod elementum nisi. Venenatis a condimentum.","link_text":"","link":"shopify:\/\/collections","reverse_column":false}},"7a934f16-93e4-4280-9e19-639c37ec8e04":{"type":"icon","settings":{"icon":"shopify:\/\/shop_images\/icon06_35c82acd-e24f-4290-a248-a7475a481a04.png","title":"Wedding cakes","use_title":true,"desc":"Quis viverra nibh cras pulvinar mattis nunc. Bibendum ut tristique et eg.","link_text":"","link":"shopify:\/\/collections","reverse_column":false}},"ffac71a2-ea74-4a14-a25b-fea523e739ca":{"type":"icon","settings":{"icon":"shopify:\/\/shop_images\/icon03_afb01a1a-3519-445e-94be-96e7b20eba1f.png","title":"Regular cakes","use_title":true,"desc":"Aliquam eleifend mi in nulla posuere sollicitudin aliquam. Turpis egestas pretium aene.","link_text":"","link":"shopify:\/\/collections","reverse_column":false}}},"block_order":["a0943993-5bb2-4685-b841-81f49dd56e63","b284f79d-d362-4799-b96f-aed61bb37f99","0ba7dcbc-6cae-4d1e-a862-57a91f2a6cba","76562765-148a-49a8-8d5b-db647ed6970f","7a934f16-93e4-4280-9e19-639c37ec8e04","ffac71a2-ea74-4a14-a25b-fea523e739ca"],"settings":{"full":true,"spacing_both_ends":true,"padding":"80,0","margin":"0,0","show_background_image":false,"background_style":"none","background_size":"auto","enable_overlay":true,"background_color":"#e26d5c","overlay_transparency":"1","section_heading":"Special Cakes","section_sub_heading":"Little Cake Kingdom","section_description":"","section_button_text":"","section_button_link":"","section_heading_color":"#ffffff","section_sub_heading_color":"#ffffff","section_description_color":"","section_button_bg_color":"","section_button_text_color":"","section_button_hover_bg_color":"","section_button_hover_text_color":"#84dcc6","heading_position":"text-center","column_gap":"30px","vertical_position":"position-vertical-center","content_width":"25\/70","content_width_lap":"40\/60","content_width_tab":"35\/65","enable_image":true,"primary_image":"shopify:\/\/shop_images\/bgimg01_61087a73-ab50-4f84-ace2-1e9aad5cfb38.png","primary_title":"","primary_sub_title":"","primary_description":"","primary_button_text":"","primary_button_link":"","main_banner_style":"overlay","primary_text_align":"text-center","primary_position":"center","overlay_style_height":"700","border_radius":"","enable_box_shadow":false,"overlay_style":"use_overlay","overlay_color":"rgba(0,0,0,0)","overlay_opacity":"0.5","rotation_degree":"180","primary_banner_bg":"rgba(0,0,0,0)","primary_heading_color":"#ffffff","primary_sub_heading_color":"#ffffff","primary_description_color":"#ffffff","primary_button_bg_color":"","primary_button_text_color":"","primary_button_hover_bg_color":"#84dcc6","primary_button_hover_text_color":"rgba(0,0,0,0)","specification_block_style":"default","block_icon_size":"80px","icon_border_radius":"50%","specification_style":"style1","block_icon_outer_size":"80px","additional_heading":"Additional Block Headng","additional_sub_heading":"Sub Heading","additional_description":"Use this text to share the information which you like!.","additional_heading_position":"text-start","block_icon_bg":"rgba(0,0,0,0)","block_icon_color":"#ffffff","block_heading_color":"#ffffff","block_heading_hover_color":"#84dcc6","block_description_color":"#ffffff","block_button_bg_color":"","block_button_text_color":"","block_button_hover_bg_color":"#ffffff","block_button_hover_text_color":"","additional_heading_color":"","additional_sub_heading_color":"","additional_description_color":"","custom_class_name":""}},"16548553645c48bc8a":{"type":"home-grid-banner","blocks":{"1654855364967adc93-1":{"type":"content","settings":{"grid_banner_type":"image","block_image":"shopify:\/\/shop_images\/grid02.jpg","block_video":"https:\/\/www.w3schools.com\/tags\/mov_bbb.mp4","video_icon_color":"","video_icon_position":"icon-top-right","content_with_icon":false,"video_icon_outer_size":"60px","video_icon_size":"40px","show_image":true,"show_content":true,"offer_title":"","block_title":"Delightful taste","use_title":true,"block_sub_title":"Cup Cake","block_description":"Tasty cake always brings good mood.","block_button_text":"Shop now","block_button_link":"shopify:\/\/collections\/elegant-products","block_text_align":"text-start","content_position":"center-left","reverse_column":false,"block_banner_bg":"rgba(0,0,0,0)","block_content_box_bg":"rgba(0,0,0,0)","block_heading_color":"#df3b44","block_heading_hover_color":"#e26d5c","block_sub_heading_color":"#ffffff","block_description_color":"#ffffff","block_button_bg_color":"rgba(0,0,0,0)","block_button_text_color":"#ffffff","block_button_hover_bg_color":"#e26d5c","block_button_hover_text_color":"#ffffff","overlay_style":"use_overlay","overlay_color":"rgba(0,0,0,0)","overlay_opacity":"0.5","rotation_degree":"180"}},"1654855364967adc93-0":{"type":"content","settings":{"grid_banner_type":"image","block_image":"shopify:\/\/shop_images\/grid01.jpg","block_video":"https:\/\/www.w3schools.com\/tags\/mov_bbb.mp4","video_icon_color":"","video_icon_position":"icon-top-right","content_with_icon":false,"video_icon_outer_size":"60px","video_icon_size":"40px","show_image":true,"show_content":true,"offer_title":"40% off","block_title":"Enjoy the cake!","use_title":true,"block_sub_title":"Donut","block_description":"Good cakes for fun full parties.","block_button_text":"Shop now","block_button_link":"shopify:\/\/collections\/trendy-collections","block_text_align":"text-start","content_position":"center-left","reverse_column":false,"block_banner_bg":"rgba(0,0,0,0)","block_content_box_bg":"rgba(0,0,0,0)","block_heading_color":"#df3b44","block_heading_hover_color":"#e26d5c","block_sub_heading_color":"#ffffff","block_description_color":"#ffffff","block_button_bg_color":"rgba(0,0,0,0)","block_button_text_color":"#ffffff","block_button_hover_bg_color":"#e26d5c","block_button_hover_text_color":"#ffffff","overlay_style":"use_overlay","overlay_color":"rgba(0,0,0,0)","overlay_opacity":"0.5","rotation_degree":"180"}}},"block_order":["1654855364967adc93-1","1654855364967adc93-0"],"settings":{"full":true,"spacing_both_ends":false,"padding":"100,0","margin":"0,0","show_background_image":false,"background_style":"none","background_size":"auto","enable_overlay":false,"background_color":"#ffe66d","overlay_transparency":"0","section_heading":"Designer cakes","section_sub_heading":"Delicious","section_description":"","section_button_text":"","section_button_link":"","section_heading_color":"#ffffff","section_sub_heading_color":"","section_description_color":"","section_button_bg_color":"","section_button_text_color":"","section_button_hover_bg_color":"","section_button_hover_text_color":"","heading_position":"text-center","block_banner_style":"overlay","column_gap":"10","grid":"2","border_radius":"0","enable_box_shadow":false,"equal_height":false,"content_width":"50\/50","lap_content_width":"50\/50","overlay_style_height":530,"overlay_style_height_laptop":450,"overlay_style_height_mobile":400,"custom_class_name":""}},"1654855395bd8cc105":{"type":"home-deal-banner","settings":{"full":true,"spacing_both_ends":false,"padding":"150,150","margin":"10,0","show_background_image":true,"background_image":"shopify:\/\/shop_images\/banner01_dfd670c8-5020-43bc-a7d0-a8c44551900b.jpg","background_style":"fixed","background_size":"cover","enable_overlay":true,"background_color":"#ffe66d","overlay_transparency":"1","section_heading":"","section_sub_heading":"","section_description":"","section_button_text":"","section_button_link":"","heading_position":"text-center","section_heading_color":"","section_sub_heading_color":"","section_description_color":"","section_button_bg_color":"","section_button_text_color":"","section_button_hover_bg_color":"","section_button_hover_text_color":"","show_image":false,"block_title":"On eggless","block_sub_title":"GREAT OFFERS","block_description":"SAVE UP TO 60%","deal_end_date":"","deals_border_radius":"0","block_button_text":"Shop now","block_button_link":"shopify:\/\/collections\/best-sellings","block_text_align":"text-center","title_color":"#343434","sub_title_color":"#343434","description_color":"#343434","button_bg_color":"","button_text_color":"#343434","button_hover_bg_color":"#343434","button_hover_text_color":"#ffffff","deals_section_bg_color":"","deals_section_timer_color":"","deals_section_timer_duration_color":"","custom_class_name":""}},"16481947033cff8e5d":{"type":"home-product-carousel","settings":{"full":false,"spacing_both_ends":false,"padding":"120,100","margin":"0,0","show_background_image":true,"background_style":"none","background_size":"auto","enable_overlay":true,"background_color":"#ffe66d","overlay_transparency":"1","section_heading":"Dessert Cakes","section_sub_heading":"Wonderful Tastest","section_description":"","section_button_text":"","section_button_link":"","section_heading_color":"#343434","section_sub_heading_color":"#343434","section_description_color":"#343434","section_button_bg_color":"","section_button_text_color":"","section_button_hover_bg_color":"#c24043","section_button_hover_text_color":"","heading_position":"text-center","grouped_content_bg":"","grouped_column_gap":"30","grouped_content_padding":"0","group_border_radius":"","enable_group_box_shadow":false,"reverse_column":false,"content_width":"50\/50","lap_content_width":"50\/50","additional_block_background_color":"","additional_block_box_shadow":false,"additional_content_padding":"0","additional_block_border_radius":"0","enable_main_content":true,"main_block_background_color":"","enable_main_block_box_shadow":false,"main_block_border_radius":"0","main_content_padding":"0","collection":"best-sellings","column_gap":"30","border_radius":"0","enable_list_view":false,"grid":"4","post_limit":2,"enable_slider":true,"items_per_view":4,"items_laptop_view":2,"items_tablet_view":2,"items_mobile_view":1,"enable_center_mode":false,"rows":1,"slider_autoplay":0,"enable_auto_height":false,"dots":false,"carousel_pagination_alignment":"center_pagination","carousel_pagination_bottom_alignment":"outside_element","arrows":true,"nav_arrow_position":"center-navigation","center_nav_arrow_alignment":"inside_container","navigation_button_color":"#ffffff","navigation_button_icon_color":"#f87660","navigation_button_hover_color":"#f87660","navigation_button_hover_icon_color":"#ffffff","navigation_dot_color":"","navigation_dot_active_color":"","custom_class_name":""}},"165485553595afd95e":{"type":"home-isotope-gallery","blocks":{"4c4b0b51-2f0d-442c-88ea-1a23914a79b2":{"type":"tab","settings":{"image":"shopify:\/\/shop_images\/grid03.jpg","tag":"Donuts","title":"Banana Donuts","link":"shopify:\/\/collections","text":"Accumsan sit amet nulla facilisi morbi tempus iaculis urna."}},"272c7390-52b1-43a8-94ff-9295aa06b149":{"type":"tab","settings":{"image":"shopify:\/\/shop_images\/grid08.jpg","tag":"Cup Cake","title":"Cup Cake","link":"shopify:\/\/collections","text":"At erat pellentesque adipiscing commodo elit at semper auctor."}},"cf9b0d64-e53c-4ce8-9410-537e893ee439":{"type":"tab","settings":{"image":"shopify:\/\/shop_images\/grid05.jpg","tag":"Donuts","title":"Special Donuts","link":"shopify:\/\/collections","text":"Aliquam nulla facilisi cras fermentum odio eu interdum velit."}},"5cb35002-dcdf-4c35-a602-c7e0c1ec2045":{"type":"tab","settings":{"image":"shopify:\/\/shop_images\/grid09.jpg","tag":"Cakes","title":"Black Forest","link":"shopify:\/\/collections","text":"Morbi leo urna molestie at elementum eu facilisis sed odio."}},"588c2987-8f24-4d85-971e-fe1ba1a16c1c":{"type":"tab","settings":{"image":"shopify:\/\/shop_images\/grid04.jpg","tag":"Cakes","title":"Birthday Cakes","link":"","text":"Posuere sollicitudin aliquam ultrices sagittis orci a scelerisque puru."}},"2234e1d8-0b6b-48c0-b226-c583e9b52267":{"type":"tab","settings":{"image":"shopify:\/\/shop_images\/grid06.jpg","tag":"Cup Cake","title":"Icecream Cakes","link":"shopify:\/\/collections","text":"Nulla porttitor massa id neque aliquam vestibulum accumsan in."}},"4cb3ceb4-358b-4293-a65e-f17e2d1f6079":{"type":"tab","settings":{"image":"shopify:\/\/shop_images\/grid10.jpg","tag":"Cakes","title":"Slice Cake","link":"shopify:\/\/collections","text":"Molestie ac feugiat sed lectus vestibulum mattis ullamcorper velit."}},"8c7eb7c0-7ef0-444e-afca-1ecb341ca354":{"type":"tab","settings":{"image":"shopify:\/\/shop_images\/grid07.jpg","tag":"Bakery item","title":"Fruit Cakes","link":"shopify:\/\/collections","text":"Diam phasellus vestibulum lorem sed risus ultricies tristique nulla."}}},"block_order":["4c4b0b51-2f0d-442c-88ea-1a23914a79b2","272c7390-52b1-43a8-94ff-9295aa06b149","cf9b0d64-e53c-4ce8-9410-537e893ee439","5cb35002-dcdf-4c35-a602-c7e0c1ec2045","588c2987-8f24-4d85-971e-fe1ba1a16c1c","2234e1d8-0b6b-48c0-b226-c583e9b52267","4cb3ceb4-358b-4293-a65e-f17e2d1f6079","8c7eb7c0-7ef0-444e-afca-1ecb341ca354"],"settings":{"full":true,"spacing_both_ends":false,"padding":"0,0","margin":"0,0","show_background_image":false,"background_style":"none","background_size":"auto","enable_overlay":true,"background_color":"#84dcc6","overlay_transparency":"1","section_heading":"Excited Varieties","section_sub_heading":"Our Special","section_description":"","section_button_text":"","section_button_link":"","section_heading_color":"#343434","section_sub_heading_color":"#343434","section_description_color":"#343434","section_button_bg_color":"","section_button_text_color":"","section_button_hover_bg_color":"","section_button_hover_text_color":"","heading_position":"text-center","shop_by_tags_list":"Cup Cake, Donuts, Cakes","custom_class_name":""}},"16543197328863c2ad":{"type":"home-product-carousel","settings":{"full":false,"spacing_both_ends":false,"padding":"100,100","margin":"0,0","show_background_image":true,"background_style":"none","background_size":"auto","enable_overlay":true,"background_color":"#e26d5c","overlay_transparency":"1","section_heading":"Fresh Cream Cakes","section_sub_heading":"Creative Cakes","section_description":"","section_button_text":"","section_button_link":"","section_heading_color":"#ffffff","section_sub_heading_color":"#ffffff","section_description_color":"","section_button_bg_color":"","section_button_text_color":"","section_button_hover_bg_color":"#5a2f96","section_button_hover_text_color":"","heading_position":"text-center","grouped_content_bg":"","grouped_column_gap":"30","grouped_content_padding":"0","group_border_radius":"","enable_group_box_shadow":false,"reverse_column":false,"content_width":"100\/100","lap_content_width":"100\/100","additional_block_background_color":"","additional_block_box_shadow":false,"additional_content_padding":"0","additional_block_border_radius":"0","enable_main_content":true,"main_block_background_color":"","enable_main_block_box_shadow":false,"main_block_border_radius":"0","main_content_padding":"0","collection":"recent-products","column_gap":"30","border_radius":"0","enable_list_view":false,"grid":"4","post_limit":4,"enable_slider":true,"items_per_view":4,"items_laptop_view":3,"items_tablet_view":2,"items_mobile_view":1,"enable_center_mode":false,"rows":2,"slider_autoplay":0,"enable_auto_height":false,"dots":false,"carousel_pagination_alignment":"center_pagination","carousel_pagination_bottom_alignment":"outside_element","arrows":false,"nav_arrow_position":"navigation-top-right","center_nav_arrow_alignment":"inside_container","navigation_button_color":"","navigation_button_icon_color":"","navigation_button_hover_color":"","navigation_button_hover_icon_color":"","navigation_dot_color":"","navigation_dot_active_color":"","custom_class_name":""}},"16548555560bbe7004":{"type":"inner-page-team-section","blocks":{"677ca934-42ad-48ca-bfad-badd5d30b753":{"type":"content","settings":{"image":"shopify:\/\/shop_images\/team04.jpg","name":"Oliver","designation":"Dessert Chef","facebook":"#","twitter":"#","pinterest":"#","youtube":"#"}},"9cb2040d-2c50-446c-a683-9c0af9debb26":{"type":"content","settings":{"image":"shopify:\/\/shop_images\/team03.jpg","name":"Angel","designation":"Cake Baker","facebook":"#","twitter":"#","pinterest":"#","youtube":"#"}},"d711ce61-2e6c-434f-b4a5-efef71f5ea7d":{"type":"content","settings":{"image":"shopify:\/\/shop_images\/team01.jpg","name":"James","designation":"Delivery Support","facebook":"#","twitter":"#","pinterest":"#","youtube":"#"}},"dd3d60f2-1763-445d-a2f1-d9f3277c1d3a":{"type":"content","settings":{"image":"shopify:\/\/shop_images\/team02.jpg","name":"Cathirin","designation":"Customer support","facebook":"#","twitter":"#","pinterest":"#","youtube":"#"}},"c4da3a35-a469-4b10-bb5c-d854e0f5c819":{"type":"content","settings":{"image":"shopify:\/\/shop_images\/team03_e4e3f5a6-76f0-408d-9ac2-ffe496fc6169.jpg","name":"Rebeca","designation":"Manager","facebook":"#","twitter":"#","pinterest":"#","youtube":"#"}},"3cdce888-733a-4b0e-a933-4032f8e2d20a":{"type":"content","settings":{"image":"shopify:\/\/shop_images\/team06.jpg","name":"Alexandra","designation":"CEO","facebook":"#","twitter":"#","pinterest":"#","youtube":"#"}}},"block_order":["677ca934-42ad-48ca-bfad-badd5d30b753","9cb2040d-2c50-446c-a683-9c0af9debb26","d711ce61-2e6c-434f-b4a5-efef71f5ea7d","dd3d60f2-1763-445d-a2f1-d9f3277c1d3a","c4da3a35-a469-4b10-bb5c-d854e0f5c819","3cdce888-733a-4b0e-a933-4032f8e2d20a"],"settings":{"enable":true,"full":true,"spacing_both_ends":false,"padding":"0,0","margin":"0,0","show_background_image":true,"background_style":"default","enable_overlay":false,"background_color":"","overlay_transparency":"0.5","section_heading":"Meet the team","section_sub_heading":"Our Team","section_description":"","section_button_text":"","section_button_link":"","section_heading_color":"#ffffff","section_sub_heading_color":"#ffffff","section_description_color":"#ffffff","section_button_bg_color":"","section_button_text_color":"","section_button_hover_bg_color":"","section_button_hover_text_color":"","heading_position":"text-center","column":"six-column","block_heading_color":"#ffffff","block_designation_color":"#d2d0d0","block_bg":"#000000","block_social_icon_bg_color":"rgba(0,0,0,0)","block_social_icon_color":"#d2d0d0","block_social_icon_hover_bg_color":"rgba(0,0,0,0)","block_social_icon_hover_color":"#e26d5c"}},"1654336925c509c587":{"type":"home-testimonial","blocks":{"165433692522d3ac96-0":{"type":"content","settings":{"quote":"<p>Purus semper eget duis at. Amet nulla facilisi morbi tempus iaculis urna id volutpat.<\/p>","icon":"shopify:\/\/shop_images\/test02_55ba137b-622a-4ab8-8a05-c89010020a40.jpg","author":"Hema Thomas","job":"CEO","star":"4"}},"d1fa23f4-639a-470a-9f88-509f45f31ef3":{"type":"content","settings":{"quote":"<p>Nibh mauris cursus mattis molestie a iaculis. Donec massa sapien faucibus et molestie ac.<\/p>","icon":"shopify:\/\/shop_images\/test01_f33fe9dd-cf42-430f-b858-9d3a84d72784.jpg","author":"Jems Alon","job":"Manager","star":"5"}},"23059c40-b77b-4f2f-8348-b9f646623016":{"type":"content","settings":{"quote":"<p>Bibh mauris cursus mattis molestie a iaculis. Donec massa sapien faucibus et molestie ac.<\/p>","icon":"shopify:\/\/shop_images\/test04_93dc9ce1-f3fe-4cd0-aa1d-3e740d8b5efe.jpg","author":"Gatherine Mark","job":"Operating Officer","star":"3"}},"a07d22ae-54a5-4835-a825-ddae028cf967":{"type":"content","settings":{"quote":"<p>Ultricies mi quis hendrerit dolor. Nibh sit amet commodo nulla facilisi nullam vehicula.<\/p>","icon":"shopify:\/\/shop_images\/test03_3b77b137-4604-4168-820e-e40b8a58630f.jpg","author":"Alexnder","job":"Financial Officer","star":"3"}}},"block_order":["165433692522d3ac96-0","d1fa23f4-639a-470a-9f88-509f45f31ef3","23059c40-b77b-4f2f-8348-b9f646623016","a07d22ae-54a5-4835-a825-ddae028cf967"],"settings":{"full":false,"spacing_both_ends":false,"padding":"100,100","margin":"0,0","show_background_image":false,"background_style":"none","background_size":"auto","enable_overlay":false,"background_color":"#694d3e","overlay_transparency":"1","section_heading":"What client say","section_sub_heading":"Testimonial","section_description":"","section_button_text":"","section_button_link":"","section_heading_color":"#ffffff","section_sub_heading_color":"#ffffff","section_description_color":"","section_button_bg_color":"","section_button_text_color":"","section_button_hover_bg_color":"","section_button_hover_text_color":"","heading_position":"text-center","grid":"1","block_style":"style_3","boxed_styles":"default","enable_box_shadow":false,"reverse_column":false,"text_position":"text-center","quote_style":"no-quote-icon","author_info_style":"style_2","border_radius":"50%","boxed_border_radius":"0","column_gap":"150","content_width":"30\/70","lap_content_width":"20\/80","vertical_position":"vertical-top","testimonial_border_color":"","testimonial_background_color":"","testimonial_content_color":"#ffffff","testimonial_review_color":"#f5ba2d","testimonial_author_text_color":"#ffffff","testimonial_author_designation_color":"#ffffff","testimonial_author_separator_color":"rgba(0,0,0,0)","testimonial_quote_icon_color":"","enable_slider":true,"enable_auto_height":true,"items_per_view":3,"items_laptop_view":2,"items_tablet_view":2,"items_mobile_view":1,"enable_center_mode":false,"slider_autoplay":0,"dots":false,"carousel_pagination_alignment":"center_pagination","carousel_pagination_bottom_alignment":"outside_element","arrows":true,"nav_arrow_position":"center-navigation","center_nav_arrow_alignment":"outside_container","navigation_button_color":"#ffffff","navigation_button_icon_color":"#f76d3c","navigation_button_hover_color":"#fff64f","navigation_button_hover_icon_color":"#f76d3c","navigation_dot_color":"","navigation_dot_active_color":"","custom_class_name":""}},"1654344025e2796207":{"type":"home-image-gallery","blocks":{"165434402573d11a68-0":{"type":"image_image","settings":{"image":"shopify:\/\/shop_images\/insta06.jpg","icon_class":"fa fa-instagram","overlay_title":"Image Title","link":"https:\/\/www.instagram.com\/accounts\/login\/?next=\/p\/CfYa0r-MiWq\/"}},"165434402573d11a68-1":{"type":"image_image","settings":{"image":"shopify:\/\/shop_images\/insta05.jpg","icon_class":"fa fa-instagram","overlay_title":"","link":"https:\/\/www.instagram.com\/accounts\/login\/?next=\/p\/CfYa4D-MgL7\/"}},"165434402573d11a68-2":{"type":"image_image","settings":{"image":"shopify:\/\/shop_images\/insta04.jpg","icon_class":"fa fa-instagram","overlay_title":"","link":"https:\/\/www.instagram.com\/imagehuntersnew2022\/?hl=en"}},"165434402573d11a68-3":{"type":"image_image","settings":{"image":"shopify:\/\/shop_images\/insta03.jpg","icon_class":"fa fa-instagram","overlay_title":"","link":"https:\/\/www.instagram.com\/p\/CfYa9xtMaSc\/?hl=en"}},"165434402573d11a68-4":{"type":"image_image","settings":{"image":"shopify:\/\/shop_images\/insta02.jpg","icon_class":"fa fa-instagram","overlay_title":"","link":"https:\/\/www.instagram.com\/accounts\/login\/?next=\/p\/CfYg8BfsjC2\/"}},"33c564d7-7107-4d1a-96bc-eb7700a48572":{"type":"image_image","settings":{"image":"shopify:\/\/shop_images\/insta01.jpg","icon_class":"fa fa-instagram","overlay_title":"","link":"https:\/\/www.instagram.com\/p\/CfYbDKGpDk3\/?hl=en"}}},"block_order":["165434402573d11a68-0","165434402573d11a68-1","165434402573d11a68-2","165434402573d11a68-3","165434402573d11a68-4","33c564d7-7107-4d1a-96bc-eb7700a48572"],"settings":{"full":true,"spacing_both_ends":false,"padding":"0,0","margin":"0,0","show_background_image":false,"background_style":"none","background_size":"auto","enable_overlay":false,"background_color":"","overlay_transparency":"0.5","section_heading":"","section_sub_heading":"","section_description":"","section_button_text":"instagram","section_button_link":"https:\/\/www.instagram.com\/imagehuntersnew2022\/?hl=en","section_heading_color":"","section_sub_heading_color":"","section_description_color":"","section_button_bg_color":"#efefee","section_button_text_color":"#343434","section_button_hover_bg_color":"#ff679a","section_button_hover_text_color":"#ffffff","heading_position":"text-center","grid":"6","column_gap":"0","image_list_text":"","image_list_link":"","enable_overlay_content":false,"item_height":320,"item_height_laptop":300,"item_height_tab":250,"item_height_mobile":250,"image_link_bg_color":"","image_link_text_color":"","image_link_hover_bg_color":"","image_link_hover_text_color":"","image_overlay_icon_color":"","image_overlay_color":"#d43149","icon_size":"24","enable_slider":false,"remove_button_space":false,"enable_auto_height":true,"items_per_view":4,"items_laptop_view":3,"items_tablet_view":2,"items_mobile_view":1,"enable_center_mode":false,"slider_autoplay":0,"dots":true,"carousel_pagination_alignment":"center_pagination","arrows":true,"nav_arrow_position":"navigation-bottom-center","center_nav_arrow_alignment":"outside_container","navigation_button_color":"","navigation_button_icon_color":"","navigation_button_hover_color":"","navigation_button_hover_icon_color":"","navigation_dot_color":"","navigation_dot_active_color":"","custom_class_name":""}}},"order":["16484715585d0b75d2","16541744395d995d24","16548553645c48bc8a","1654855395bd8cc105","16481947033cff8e5d","165485553595afd95e","16543197328863c2ad","16548555560bbe7004","1654336925c509c587","1654344025e2796207"]}