{"sections":{"main":{"type":"main-page","settings":{"full":false,"spacing_both_ends":false,"padding":"0,0","margin":"0,0"}},"16496844761696fd1d":{"type":"home-advanced-testimonial","blocks":{"1649684476c1d731ad-0":{"type":"content","settings":{"quote":"<p>Lorem Ipsum is simply dummy text of the printing and typesetting industry. Lorem Ipsum has been the industry's standard dummy text ever since the 1500s, when an unknown printer took a galley of type.<\/p>","icon":"shopify:\/\/shop_images\/team-1.jpg","author":"Author Name","job":"Author Designation","star":"3"}},"1649684476c1d731ad-1":{"type":"content","settings":{"quote":"<p>Lorem Ipsum is simply dummy text of the printing and typesetting industry. Lorem Ipsum has been the industry's standard dummy text ever since the 1500s, when an unknown printer took a galley of type.<\/p>","icon":"shopify:\/\/shop_images\/team-2.jpg","author":"Author Name","job":"Author Designation","star":"3"}},"1649684476c1d731ad-2":{"type":"content","settings":{"quote":"<p>Lorem Ipsum is simply dummy text of the printing and typesetting industry. Lorem Ipsum has been the industry's standard dummy text ever since the 1500s, when an unknown printer took a galley of type.<\/p>","icon":"shopify:\/\/shop_images\/team-4.jpg","author":"Author Name","job":"Author Designation","star":"3"}},"1649684476c1d731ad-3":{"type":"content","settings":{"quote":"<p>Lorem Ipsum is simply dummy text of the printing and typesetting industry. Lorem Ipsum has been the industry's standard dummy text ever since the 1500s, when an unknown printer took a galley of type.<\/p>","icon":"shopify:\/\/shop_images\/team-3.jpg","author":"Author Name","job":"Author Designation","star":"3"}},"1649684476c1d731ad-4":{"type":"content","settings":{"quote":"<p>Lorem Ipsum is simply dummy text of the printing and typesetting industry. Lorem Ipsum has been the industry's standard dummy text ever since the 1500s, when an unknown printer took a galley of type.<\/p>","icon":"shopify:\/\/shop_images\/team-4.jpg","author":"Author Name","job":"Author Designation","star":"3"}}},"block_order":["1649684476c1d731ad-0","1649684476c1d731ad-1","1649684476c1d731ad-2","1649684476c1d731ad-3","1649684476c1d731ad-4"],"settings":{"full":false,"spacing_both_ends":false,"padding":"0,80","margin":"0,0","show_background_image":false,"background_style":"none","background_size":"auto","enable_overlay":false,"background_color":"","overlay_transparency":"0.5","section_heading":"Advanced Testimonials","section_sub_heading":"","section_description":"","section_button_text":"","section_button_link":"","section_heading_color":"","section_sub_heading_color":"","section_description_color":"","section_button_bg_color":"","section_button_text_color":"","section_button_hover_bg_color":"","section_button_hover_text_color":"","heading_position":"text-center","text_position":"text-start","border_radius":"0px","boxed_border_radius":"0","enable_box_shadow":false,"testimonial_content_width":50,"testimonial_content_width_lap":65,"testimonial_content_width_tab":80,"testimonial_content_color":"","testimonial_content_bg_color":"","testimonial_ratings_color":"","testimonial_author_color":"","testimonial_author_designation_color":"","testimonial_author_separator_color":"","testimonial_quote_icon_color":"","items_per_view":3,"dots":true,"navigation_button_color":"","navigation_button_icon_color":"","navigation_button_hover_color":"","navigation_button_hover_icon_color":"","arrows":true,"navigation_dot_color":"","navigation_dot_active_color":""}},"1649683386c46f44d2":{"type":"home-advanced-testimonial","blocks":{"1649683386e60e613e-2":{"type":"content","settings":{"quote":"<p>Lorem Ipsum is simply dummy text of the printing and typesetting industry. Lorem Ipsum has been the industry's standard dummy text ever since the 1500s, when an unknown printer took a galley of type.<\/p>","icon":"shopify:\/\/shop_images\/team-4.jpg","author":"Author Name","job":"Author Designation","star":"3"}},"1649683386e60e613e-0":{"type":"content","settings":{"quote":"<p>Lorem Ipsum is simply dummy text of the printing and typesetting industry. Lorem Ipsum has been the industry's standard dummy text ever since the 1500s, when an unknown printer took a galley of type.<\/p>","icon":"shopify:\/\/shop_images\/team-3.jpg","author":"Author Name","job":"Author Designation","star":"3"}},"1649683386e60e613e-4":{"type":"content","settings":{"quote":"<p>Lorem Ipsum is simply dummy text of the printing and typesetting industry. Lorem Ipsum has been the industry's standard dummy text ever since the 1500s, when an unknown printer took a galley of type.<\/p>","icon":"shopify:\/\/shop_images\/team-4.jpg","author":"Author Name","job":"Author Designation","star":"3"}},"1649683386e60e613e-1":{"type":"content","settings":{"quote":"<p>Lorem Ipsum is simply dummy text of the printing and typesetting industry. Lorem Ipsum has been the industry's standard dummy text ever since the 1500s, when an unknown printer took a galley of type.<\/p>","icon":"shopify:\/\/shop_images\/team-2.jpg","author":"Author Name","job":"Author Designation","star":"3"}},"1649683386e60e613e-3":{"type":"content","settings":{"quote":"<p>Lorem Ipsum is simply dummy text of the printing and typesetting industry. Lorem Ipsum has been the industry's standard dummy text ever since the 1500s, when an unknown printer took a galley of type.<\/p>","icon":"shopify:\/\/shop_images\/team-1.jpg","author":"Author Name","job":"Author Designation","star":"3"}}},"block_order":["1649683386e60e613e-2","1649683386e60e613e-0","1649683386e60e613e-4","1649683386e60e613e-1","1649683386e60e613e-3"],"settings":{"full":false,"spacing_both_ends":false,"padding":"0,0","margin":"0,0","show_background_image":false,"background_style":"none","background_size":"auto","enable_overlay":false,"background_color":"","overlay_transparency":"0.5","section_heading":"Advanced Testimonials With Quotes","section_sub_heading":"","section_description":"","section_button_text":"","section_button_link":"","section_heading_color":"","section_sub_heading_color":"","section_description_color":"","section_button_bg_color":"","section_button_text_color":"","section_button_hover_bg_color":"","section_button_hover_text_color":"","heading_position":"text-center","text_position":"text-center","quote_icon":"shopify:\/\/shop_images\/quote-icon-2.png","border_radius":"0px","boxed_border_radius":"0","enable_box_shadow":true,"testimonial_content_width":50,"testimonial_content_width_lap":65,"testimonial_content_width_tab":80,"testimonial_content_color":"","testimonial_content_bg_color":"","testimonial_ratings_color":"","testimonial_author_color":"","testimonial_author_designation_color":"","testimonial_author_separator_color":"","testimonial_quote_icon_color":"","items_per_view":3,"dots":true,"navigation_button_color":"","navigation_button_icon_color":"","navigation_button_hover_color":"","navigation_button_hover_icon_color":"","arrows":true,"navigation_dot_color":"","navigation_dot_active_color":""}}},"order":["main","16496844761696fd1d","1649683386c46f44d2"]}