{"sections":{"main":{"type":"about-us","settings":{}},"16546694197ad06151":{"type":"home-specification-block","blocks":{"42620ad0-a374-4694-914f-46318de1bdcc":{"type":"icon","settings":{"icon":"shopify:\/\/shop_images\/abo-icon-1_4dbc0470-cd89-44c8-8e7a-c125dd33374f.png","title":"Cup Cakes","use_title":true,"desc":"Diam quis enim lobortis scelerisque fermentum ortor aliquam sedes","link_text":"","link":"","reverse_column":false}},"71cf427a-f14f-410a-a7a6-c92803892794":{"type":"icon","settings":{"icon":"shopify:\/\/shop_images\/abo-icon-2_e2eb83c0-0051-48d2-9726-0ad0d892b59b.png","title":"Ice Cream","use_title":true,"desc":"Wades quis enim lobortis scelerisque fermentum ortor aliquam sedes","link_text":"","link":"shopify:\/\/collections","reverse_column":false}},"ec864e5b-deae-4e70-b468-42c566ec8d65":{"type":"icon","settings":{"icon":"shopify:\/\/shop_images\/abo-icon-3_12f8ca6d-a6de-43d1-8381-7f212eb3c115.png","title":"Sweet Candy","use_title":true,"desc":"Ujes quis enim lobortis scelerisque fermentum ortor aliquam sedes","link_text":"","link":"shopify:\/\/collections","reverse_column":false}},"063ca9a6-4989-4ba1-8149-c66daa99c1ab":{"type":"icon","settings":{"icon":"shopify:\/\/shop_images\/abo-icon-4_3bf62281-0054-4e9f-91f6-71f93ec033f8.png","title":"Choco Cake","use_title":true,"desc":"Ebnhs quis enim lobortis scelerisque fermentum ortor aliquam sedes","link_text":"","link":"shopify:\/\/collections","reverse_column":false}},"6b6a446d-2fdb-432e-8b1b-5a5721874e84":{"type":"icon","settings":{"icon":"shopify:\/\/shop_images\/abo-icon-5_490d2c8f-9d84-4bfc-a42c-459ae24b5e2a.png","title":"Stick Lolipop","use_title":true,"desc":"Rhnse quis enim lobortis scelerisque fermentum ortor aliquam sedes","link_text":"","link":"shopify:\/\/collections","reverse_column":false}},"2bb201af-fb05-47f5-865e-4e0de5ce7c98":{"type":"icon","settings":{"icon":"shopify:\/\/shop_images\/abo-icon-6_2728cf34-f4a3-4c1a-b423-92a0892d82ca.png","title":"Choco Donut","use_title":true,"desc":"Acbes quis enim lobortis scelerisque fermentum ortor aliquam sedes","link_text":"","link":"shopify:\/\/collections","reverse_column":false}}},"block_order":["42620ad0-a374-4694-914f-46318de1bdcc","71cf427a-f14f-410a-a7a6-c92803892794","ec864e5b-deae-4e70-b468-42c566ec8d65","063ca9a6-4989-4ba1-8149-c66daa99c1ab","6b6a446d-2fdb-432e-8b1b-5a5721874e84","2bb201af-fb05-47f5-865e-4e0de5ce7c98"],"settings":{"full":true,"spacing_both_ends":true,"padding":"0,100","margin":"0,0","show_background_image":true,"background_style":"none","background_size":"auto","enable_overlay":false,"background_color":"rgba(0,0,0,0)","overlay_transparency":"0.5","section_heading":"Cake and Pastry","section_sub_heading":"Traditionally Baked","section_description":"","section_button_text":"","section_button_link":"","section_heading_color":"","section_sub_heading_color":"","section_description_color":"","section_button_bg_color":"","section_button_text_color":"","section_button_hover_bg_color":"#84dcc6","section_button_hover_text_color":"#ffffff","heading_position":"text-center","column_gap":"30px","vertical_position":"position-vertical-center","content_width":"25\/70","content_width_lap":"40\/60","content_width_tab":"35\/65","enable_image":true,"primary_image":"shopify:\/\/shop_images\/bgimg01_b50449f6-bf62-4a05-8470-68cb773e92d7.png","primary_title":"","primary_sub_title":"","primary_description":"","primary_button_text":"","primary_button_link":"","main_banner_style":"overlay","primary_text_align":"text-center","primary_position":"center","overlay_style_height":"700","border_radius":"0","enable_box_shadow":false,"overlay_style":"use_overlay","overlay_color":"rgba(0,0,0,0)","overlay_opacity":"0.5","rotation_degree":"180","primary_banner_bg":"rgba(0,0,0,0)","primary_heading_color":"#ffffff","primary_sub_heading_color":"#ffffff","primary_description_color":"#ffffff","primary_button_bg_color":"","primary_button_text_color":"","primary_button_hover_bg_color":"#84dcc6","primary_button_hover_text_color":"","specification_block_style":"default","block_icon_size":"80px","icon_border_radius":"50%","specification_style":"style1","block_icon_outer_size":"80px","additional_heading":"Additional Block Headng","additional_sub_heading":"Sub Heading","additional_description":"Use this text to share the information which you like!.","additional_heading_position":"text-start","block_icon_bg":"rgba(0,0,0,0)","block_icon_color":"#ffffff","block_heading_color":"#ffffff","block_heading_hover_color":"#84dcc6","block_description_color":"#ffffff","block_button_bg_color":"","block_button_text_color":"","block_button_hover_bg_color":"#84dcc6","block_button_hover_text_color":"#ffffff","additional_heading_color":"","additional_sub_heading_color":"","additional_description_color":"","custom_class_name":""}},"16552795029b4989a8":{"type":"home-deal-banner","settings":{"full":true,"spacing_both_ends":false,"padding":"150,150","margin":"0,0","show_background_image":true,"background_image":"shopify:\/\/shop_images\/grid01_266a5c5d-a7da-4873-9f5c-6800cf6a0460.jpg","background_style":"none","background_size":"cover","enable_overlay":true,"background_color":"#ffe66d","overlay_transparency":"0.5","section_heading":"","section_sub_heading":"","section_description":"","section_button_text":"","section_button_link":"","heading_position":"text-center","section_heading_color":"","section_sub_heading_color":"","section_description_color":"","section_button_bg_color":"","section_button_text_color":"","section_button_hover_bg_color":"","section_button_hover_text_color":"","show_image":false,"block_title":"Women's day <span>sale<\/span>","block_sub_title":"SPECIAL OFFER","block_description":"UPTO 40% OFF  SALE","deal_end_date":"","deals_border_radius":"0","block_button_text":"Shop now","block_button_link":"shopify:\/\/collections\/elegant-products","block_text_align":"text-center","title_color":"#343434","sub_title_color":"#343434","description_color":"#343434","button_bg_color":"","button_text_color":"#343434","button_hover_bg_color":"#343434","button_hover_text_color":"#ffffff","deals_section_bg_color":"","deals_section_timer_color":"","deals_section_timer_duration_color":"","custom_class_name":""}},"165527950965144ec7":{"type":"home-testimonial","blocks":{"165527950949358766-0":{"type":"content","settings":{"quote":"<p>Rhuese ipsum dolor sit amet, ctetur adipiscing elit, sed do. Lorem ipsum dolor sit amet.<\/p>","icon":"shopify:\/\/shop_images\/test03_3b77b137-4604-4168-820e-e40b8a58630f.jpg","author":"Sakira Kent K. John","job":"Professor","star":"4"}},"ad251eec-7285-49e0-b1ed-6ab9c65fd8fb":{"type":"content","settings":{"quote":"<p>Telues ipsum dolor sit amet, ctetur adipiscing elit, sed do. Lorem ipsum dolor sit amet.<\/p>","icon":"shopify:\/\/shop_images\/test02_55ba137b-622a-4ab8-8a05-c89010020a40.jpg","author":"Hemanta M.Gomes","job":"Director","star":"5"}},"cf8463ad-18cc-40f4-9925-d8307ebf07e0":{"type":"content","settings":{"quote":"<p>Eheses ipsum dolor sit amet, ctetur adipiscing elit, sed do.Lorem ipsum dolor sit amet.<\/p>","icon":"shopify:\/\/shop_images\/test01_f33fe9dd-cf42-430f-b858-9d3a84d72784.jpg","author":"Alexnder N. Flowers","job":"CEO","star":"3"}},"c56e8ee7-381c-403c-b0cc-722f76cc7429":{"type":"content","settings":{"quote":"<p>Kheses ipsum dolor sit amet, ctetur adipiscing elit, sed do.Lorem ipsum dolor sit amet.<\/p>","icon":"shopify:\/\/shop_images\/test04_93dc9ce1-f3fe-4cd0-aa1d-3e740d8b5efe.jpg","author":"Hellan","job":"Manager","star":"3"}}},"block_order":["165527950949358766-0","ad251eec-7285-49e0-b1ed-6ab9c65fd8fb","cf8463ad-18cc-40f4-9925-d8307ebf07e0","c56e8ee7-381c-403c-b0cc-722f76cc7429"],"settings":{"full":false,"spacing_both_ends":false,"padding":"100,100","margin":"0,0","show_background_image":false,"background_style":"none","background_size":"auto","enable_overlay":false,"background_color":"","overlay_transparency":"0.5","section_heading":"Sweet Reviews","section_sub_heading":"Our Customers","section_description":"","section_button_text":"","section_button_link":"","section_heading_color":"#ffffff","section_sub_heading_color":"#ffffff","section_description_color":"","section_button_bg_color":"","section_button_text_color":"","section_button_hover_bg_color":"","section_button_hover_text_color":"","heading_position":"text-center","grid":"1","block_style":"style_3","boxed_styles":"default","enable_box_shadow":false,"reverse_column":false,"text_position":"text-center","quote_style":"no-quote-icon","author_info_style":"style_2","border_radius":"50%","boxed_border_radius":"0","column_gap":"150","content_width":"30\/70","lap_content_width":"20\/80","vertical_position":"vertical-top","testimonial_border_color":"rgba(0,0,0,0)","testimonial_background_color":"rgba(0,0,0,0)","testimonial_content_color":"#ffffff","testimonial_review_color":"#ffe66d","testimonial_author_text_color":"#ffffff","testimonial_author_designation_color":"#ffffff","testimonial_author_separator_color":"rgba(0,0,0,0)","testimonial_quote_icon_color":"","enable_slider":true,"enable_auto_height":true,"items_per_view":3,"items_laptop_view":2,"items_tablet_view":1,"items_mobile_view":1,"enable_center_mode":false,"slider_autoplay":0,"dots":false,"carousel_pagination_alignment":"center_pagination","carousel_pagination_bottom_alignment":"outside_element","arrows":true,"nav_arrow_position":"center-navigation","center_nav_arrow_alignment":"outside_container","navigation_button_color":"#ffffff","navigation_button_icon_color":"#694d3e","navigation_button_hover_color":"#e26d5c","navigation_button_hover_icon_color":"#ffffff","navigation_dot_color":"","navigation_dot_active_color":"","custom_class_name":""}},"1655279907d9a768d1":{"type":"inner-page-team-section","blocks":{"ba1b328a-f150-4b6b-b32d-a726d6e2ba64":{"type":"content","settings":{"image":"shopify:\/\/shop_images\/team04.jpg","name":"John","designation":"Dessert Chef","facebook":"#","twitter":"#","pinterest":"#","youtube":"#"}},"94246f09-0d23-48d6-82aa-9bd72fa23618":{"type":"content","settings":{"image":"shopify:\/\/shop_images\/team03.jpg","name":"Roselin","designation":"Customer Support","facebook":"#","twitter":"#","pinterest":"#","youtube":"#"}},"ce617094-a4e9-4f31-864d-26430730c94d":{"type":"content","settings":{"image":"shopify:\/\/shop_images\/team01.jpg","name":"Newlin","designation":"Head Chef","facebook":"#","twitter":"#","pinterest":"#","youtube":"#"}},"20a450b2-529a-42cb-b9f6-8e23c5f38ef1":{"type":"content","settings":{"image":"shopify:\/\/shop_images\/team02.jpg","name":"Juslin","designation":"Director","facebook":"#","twitter":"#","pinterest":"#","youtube":"#"}},"2973acb4-8be5-4a24-861b-a7bc2ff97d98":{"type":"content","settings":{"image":"shopify:\/\/shop_images\/team06.jpg","name":"Marry","designation":"Station Chef","facebook":"#","twitter":"#","pinterest":"#","youtube":"#"}},"d07e5d47-f2b5-4424-a89d-dab45fd25f57":{"type":"content","settings":{"image":"shopify:\/\/shop_images\/team03_e4e3f5a6-76f0-408d-9ac2-ffe496fc6169.jpg","name":"Stephen","designation":"Pastry Chef","facebook":"#","twitter":"#","pinterest":"#","youtube":"#"}}},"block_order":["ba1b328a-f150-4b6b-b32d-a726d6e2ba64","94246f09-0d23-48d6-82aa-9bd72fa23618","ce617094-a4e9-4f31-864d-26430730c94d","20a450b2-529a-42cb-b9f6-8e23c5f38ef1","2973acb4-8be5-4a24-861b-a7bc2ff97d98","d07e5d47-f2b5-4424-a89d-dab45fd25f57"],"settings":{"enable":true,"full":true,"spacing_both_ends":false,"padding":"0,0","margin":"0,0","show_background_image":false,"background_style":"default","enable_overlay":false,"background_color":"","overlay_transparency":"0.5","section_heading":"Meet the team","section_sub_heading":"Our Team","section_description":"","section_button_text":"","section_button_link":"","section_heading_color":"","section_sub_heading_color":"","section_description_color":"","section_button_bg_color":"","section_button_text_color":"","section_button_hover_bg_color":"","section_button_hover_text_color":"","heading_position":"text-center","column":"six-column","block_heading_color":"#ffffff","block_designation_color":"#ffffff","block_bg":"#000000","block_social_icon_bg_color":"rgba(0,0,0,0)","block_social_icon_color":"#ffffff","block_social_icon_hover_bg_color":"rgba(0,0,0,0)","block_social_icon_hover_color":"#e26d5c"}},"1658291698cf974a20":{"type":"home-video-banner","disabled":true,"settings":{"full":false,"spacing_both_ends":false,"padding":"0,0","margin":"0,0","show_background_image":false,"background_style":"none","background_size":"auto","enable_overlay":false,"background_color":"","overlay_transparency":"0.5","section_heading":"Video Banner","section_sub_heading":"Sub Heading","section_description":"Use this text to share the information which you like!.","section_button_text":"","section_button_link":"","section_heading_color":"","section_sub_heading_color":"","section_description_color":"","section_button_bg_color":"","section_button_text_color":"","section_button_hover_bg_color":"","section_button_hover_text_color":"","heading_position":"text-center","block_title":"Title","block_sub_title":"Sub title","block_description":"Short description","block_button_text":"","block_button_link":"","content_position":"center","block_text_align":"text-center","layout_style":"default","reverse_column":false,"show_image":true,"video_format":"video","video_url":"https:\/\/storage.googleapis.com\/coverr-main\/mp4\/Palm_Trees.mp4","iframe_url":"https:\/\/www.youtube.com\/embed\/JJMPKgyCoSY","video_height":"500","overlay_style":"with-overlay","enable_box_shadow":false,"border_radius":"0","banner_heading_color":"","banner_sub_heading_color":"","banner_description_color":"","banner_button_bg_color":"","banner_button_text_color":"","banner_button_hover_bg_color":"","banner_button_hover_text_color":"","video_overlay_color":"","video_overlay_transparency":"0.5","icon_bg_color":"","icon_color":"","icon_bg_color_hover":"","icon_color_hover":"","custom_class_name":""}},"16582917397b87debf":{"type":"home-newsletter","disabled":true,"settings":{"full":false,"spacing_both_ends":false,"padding":"0,0","margin":"0,0","show_background_image":false,"background_style":"none","background_size":"auto","background_color":"","enable_overlay":false,"overlay_transparency":"0.5","section_heading":"Newsletter","section_sub_heading":"Sub Heading","section_description":"Use this text to share the information which you like!.","section_button_text":"","section_button_link":"","section_heading_color":"","section_sub_heading_color":"","section_description_color":"","section_button_bg_color":"","section_button_text_color":"","section_button_hover_bg_color":"","section_button_hover_text_color":"","heading_position":"text-center","section_position":"text-center","newsletter_form_width":"65%","newsletter_description":"Few lines of short description goes here...","news_style":"default","reverse_column":false,"space_in_between":"10px","newsletter_box_border_color":"","newsletter_box_bg_color":"","newsletter_box_border_focus_color":"","newsletter_button_bg_color":"","newsletter_button_text_color":"","newsletter_button_hover_bg_color":"","newsletter_button_hover_text_color":"","newsletter_description_color":"","custom_class_name":""}},"1658291777d314e07e":{"type":"home-masonry-banner","disabled":true,"blocks":{"1658291776e85e3536-0":{"type":"content","settings":{"grid_banner_type":"image","block_video":"https:\/\/www.w3schools.com\/tags\/mov_bbb.mp4","video_icon_color":"","video_icon_position":"icon-top-right","content_with_icon":false,"video_icon_outer_size":"60px","video_icon_size":"40px","show_image":true,"show_content":true,"block_title":"Title","block_sub_title":"Sub title","block_description":"Short description","block_button_text":"","block_button_link":"","block_text_align":"text-center","content_position":"center","image_position":"center","reverse_column":false,"block_banner_bg":"","block_heading_color":"","block_sub_heading_color":"","block_description_color":"","block_button_bg_color":"","block_button_text_color":"","block_button_hover_bg_color":"","block_button_hover_text_color":"","overlay_style":"use_overlay","overlay_color":"","overlay_opacity":"0.5","rotation_degree":"180"}},"1658291776e85e3536-1":{"type":"content","settings":{"grid_banner_type":"image","block_video":"https:\/\/www.w3schools.com\/tags\/mov_bbb.mp4","video_icon_color":"","video_icon_position":"icon-top-right","content_with_icon":false,"video_icon_outer_size":"60px","video_icon_size":"40px","show_image":true,"show_content":true,"block_title":"Title","block_sub_title":"Sub title","block_description":"Short description","block_button_text":"","block_button_link":"","block_text_align":"text-center","content_position":"center","image_position":"center","reverse_column":false,"block_banner_bg":"","block_heading_color":"","block_sub_heading_color":"","block_description_color":"","block_button_bg_color":"","block_button_text_color":"","block_button_hover_bg_color":"","block_button_hover_text_color":"","overlay_style":"use_overlay","overlay_color":"","overlay_opacity":"0.5","rotation_degree":"180"}}},"block_order":["1658291776e85e3536-0","1658291776e85e3536-1"],"settings":{"full":false,"spacing_both_ends":false,"padding":"0,0","margin":"0,0","show_background_image":false,"background_style":"none","background_size":"auto","enable_overlay":false,"background_color":"","overlay_transparency":"0.5","section_heading":"Masonry grid banner","section_sub_heading":"Sub Heading","section_description":"Use this text to share the information which you like!.","section_button_text":"","section_button_link":"","heading_position":"text-center","section_heading_color":"","section_sub_heading_color":"","section_description_color":"","section_button_bg_color":"","section_button_text_color":"","section_button_hover_bg_color":"","section_button_hover_text_color":"","main_banner_style":"overlay","block_banner_style":"overlay","reverse_column":false,"column_gap":"30px","enable_box_shadow":false,"border_radius":"0","content_width":"65\/35","lap_content_width":"40\/60","primary_text_align":"text-center","primary_position":"center","primary_image":"shopify:\/\/shop_images\/bgimg01_b50449f6-bf62-4a05-8470-68cb773e92d7.png","primary_title":"Title","primary_sub_title":"Sub title","primary_description":"Short description","primary_button_text":"","primary_button_link":"","primary_banner_bg":"","primary_banner_content_bg":"","primary_heading_color":"","primary_sub_heading_color":"","primary_description_color":"","primary_button_bg_color":"","primary_button_text_color":"","primary_button_hover_bg_color":"","primary_button_hover_text_color":"","primary_content_overlay_opacity":"0.5","overlay_style":"use_overlay","overlay_color":"","overlay_opacity":"0.5","rotation_degree":"180","block_style":"style-2","overlay_style_height":600,"overlay_style_height_laptop":550,"overlay_style_height_tab":500,"overlay_style_height_mobile":450,"custom_class_name":""}},"16582921032b704a77":{"type":"home-number-counter","disabled":true,"blocks":{"16582921034afe3906-0":{"type":"class","settings":{"class":"fa fa-plus","title":"Title","text":"Lorem ipsum dolor sit amet","value":"50","value_text":"K"}},"16582921034afe3906-1":{"type":"class","settings":{"class":"fa fa-plus","title":"Title","text":"Lorem ipsum dolor sit amet","value":"50","value_text":"K"}},"16582921034afe3906-2":{"type":"class","settings":{"class":"fa fa-plus","title":"Title","text":"Lorem ipsum dolor sit amet","value":"50","value_text":"K"}},"16582921034afe3906-3":{"type":"class","settings":{"class":"fa fa-plus","title":"Title","text":"Lorem ipsum dolor sit amet","value":"50","value_text":"K"}}},"block_order":["16582921034afe3906-0","16582921034afe3906-1","16582921034afe3906-2","16582921034afe3906-3"],"settings":{"full":false,"spacing_both_ends":false,"padding":"0,0","margin":"0,0","show_background_image":false,"background_style":"none","background_size":"auto","enable_overlay":false,"background_color":"","overlay_transparency":"0.5","section_heading":"Number Counter","section_sub_heading":"Sub Heading","section_description":"Use this text to share the information which you like!.","section_button_text":"","section_button_link":"","section_heading_color":"","section_sub_heading_color":"","section_description_color":"","section_button_bg_color":"","section_button_text_color":"","section_button_hover_bg_color":"","section_button_hover_text_color":"","heading_position":"text-center","grid":"4","column_gap":"30","counter_style":"grid","vertical_position":"vertical-top","block_text_align":"text-start","reverse_column":false,"enable_boxed":false,"enable_overall_border":false,"border_radius":"0","icon_border_radius":"0px","block_icon_outer_size":"75","block_icon_size":"50","enable_box_shadow":false,"block_bg_color":"","block_icon_border_color":"","block_icon_bg_color":"","block_icon_color":"","block_title_color":"","block_text_color":"","block_value_color":"","block_value_text_color":"","block_border_color":"","custom_class_name":""}}},"order":["main","16546694197ad06151","16552795029b4989a8","165527950965144ec7","1655279907d9a768d1","1658291698cf974a20","16582917397b87debf","1658291777d314e07e","16582921032b704a77"]}