{"sections":{"main":{"type":"main-page","settings":{"full":false,"spacing_both_ends":false,"padding":"0,0","margin":"0,0"}},"16546620517959adae":{"type":"home-pricing-list","blocks":{"1654662050d9e05aa5-0":{"type":"icon","settings":{"icon":"shopify:\/\/shop_images\/grid03.png","title":"Orange mint","desc":"Kale, Spinach, Probiotics, Spirulina, Ginger, Mint, Blueberries, Strawberies, Banana, Juiced apple<span>380 | 490 cal<\/span>","link_text":"$10.99","link":""}},"1654662050d9e05aa5-1":{"type":"icon","settings":{"icon":"shopify:\/\/shop_images\/grid04.png","title":"Tomato janet","desc":"Kale, Spinach, Probiotics, Spirulina, Ginger, Mint, Blueberries, Strawberies, Banana, Juiced apple<span>380 | 490 cal<\/span>","link_text":"$10.99","link":""}},"1654662050d9e05aa5-2":{"type":"icon","settings":{"icon":"shopify:\/\/shop_images\/grid05.png","title":"Apple pro","desc":"Kale, Spinach, Probiotics, Spirulina, Ginger, Mint, Blueberries, Strawberies, Banana, Juiced apple<span>380 | 490 cal<\/span>","link_text":"$10.99","link":""}},"3f02a9f0-bf34-4fdb-8d4a-36393bf4f4e2":{"type":"icon","settings":{"icon":"shopify:\/\/shop_images\/grid06.png","title":"Pineapple coco","desc":"Kale, Spinach, Probiotics, Spirulina, Ginger, Mint, Blueberries, Strawberies, Banana, Juiced apple<span>380 | 490 cal<\/span>","link_text":"$10.99","link":""}},"439a034d-e196-462a-9f56-035f75794561":{"type":"icon","settings":{"icon":"shopify:\/\/shop_images\/grid03.png","title":"Carrot smoothie","desc":"Kale, Spinach, Probiotics, Spirulina, Ginger, Mint, Blueberries, Strawberies, Banana, Juiced apple<span>380 | 490 cal<\/span>","link_text":"$10.99","link":""}},"69e3c4ed-dc9b-445f-b9b4-bdd26294fb20":{"type":"icon","settings":{"icon":"shopify:\/\/shop_images\/grid05.png","title":"Banana juice","desc":"Kale, Spinach, Probiotics, Spirulina, Ginger, Mint, Blueberries, Strawberies, Banana, Juiced apple<span>380 | 490 cal<\/span>","link_text":"$10.99","link":""}}},"block_order":["1654662050d9e05aa5-0","1654662050d9e05aa5-1","1654662050d9e05aa5-2","3f02a9f0-bf34-4fdb-8d4a-36393bf4f4e2","439a034d-e196-462a-9f56-035f75794561","69e3c4ed-dc9b-445f-b9b4-bdd26294fb20"],"settings":{"full":false,"spacing_both_ends":false,"padding":"0,0","margin":"0,0","after_image":"shopify:\/\/shop_images\/bgimg24.pnggreen.png","show_background_image":false,"image_1":"shopify:\/\/shop_images\/our_process_img.png","image_2":"shopify:\/\/shop_images\/bgimg13.png","image_3":"shopify:\/\/shop_images\/bgimg14.png","background_style":"default","enable_overlay":true,"background_color":"#b4c817","overlay_transparency":"1","section_heading":"Our menu list","section_sub_heading":"Our Delicious Menu","section_description":"","section_button_text":"","section_button_link":"","section_heading_color":"#ffffff","section_sub_heading_color":"#ffffff","section_description_color":"#ffffff","section_button_bg_color":"","section_button_text_color":"","section_button_hover_bg_color":"","section_button_hover_text_color":"","heading_position":"text-center","text_position":"text-start","block_style":"default-style","grid":"2","enable_grid_style":false,"vertical_position":"position-vertical-center","reverse_column":false,"border_radius":"0px","icon_border_radius":"0px","enable_box_shadow":false,"block_icon_outer_size":"150px","block_icon_size":"150px","block_border_color":"#ffffff","block_bg":"rgba(0,0,0,0)","block_icon_bg":"rgba(0,0,0,0)","block_icon_border_color":"rgba(0,0,0,0)","block_heading_color":"#ffffff","block_description_color":"#ffffff","block_button_bg_color":"rgba(0,0,0,0)","block_button_text_color":"rgba(0,0,0,0)","block_button_hover_bg_color":"rgba(0,0,0,0)","block_button_hover_text_color":"rgba(0,0,0,0)","custom_class_name":"orange_bg"}},"16546607380b9ce54a":{"type":"home-video-banner","settings":{"full":true,"spacing_both_ends":false,"padding":"0,0","margin":"0,0","after_image":"shopify:\/\/shop_images\/bgimg24_cbb1f652-bd06-4b12-9047-5d203f04e32b.png","show_background_image":false,"background_style":"none","background_size":"auto","enable_overlay":true,"background_color":"#f5ba2d","overlay_transparency":"1","section_heading":"","section_sub_heading":"","section_description":"","section_button_text":"","section_button_link":"","section_heading_color":"#ffffff","section_sub_heading_color":"#ffffff","section_description_color":"#ffffff","section_button_bg_color":"","section_button_text_color":"","section_button_hover_bg_color":"","section_button_hover_text_color":"","heading_position":"text-center","block_title":"Juice made with passion","block_sub_title":"What we do","block_description":"","block_button_text":"","block_button_link":"","content_position":"center","block_text_align":"text-center","layout_style":"default","reverse_column":false,"block_image":"shopify:\/\/shop_images\/Fariyta.jpg","show_image":true,"video_format":"modal","video_icon":"shopify:\/\/shop_images\/video_icon_9f96c6be-e7d7-435f-ac43-844a1c4d7900.png","video_url":"https:\/\/storage.googleapis.com\/coverr-main\/mp4\/Palm_Trees.mp4","iframe_url":"https:\/\/www.youtube.com\/embed\/JJMPKgyCoSY","video_height":"1100","overlay_style":"with-overlay","enable_box_shadow":false,"border_radius":"0","banner_heading_color":"#ffffff","banner_sub_heading_color":"#ffffff","banner_description_color":"#ffffff","banner_button_bg_color":"","banner_button_text_color":"","banner_button_hover_bg_color":"","banner_button_hover_text_color":"","video_overlay_color":"rgba(0,0,0,0)","video_overlay_transparency":"0.5","icon_bg_color":"","icon_color":"#ffffff","icon_bg_color_hover":"rgba(0,0,0,0)","icon_color_hover":"rgba(0,0,0,0)","custom_class_name":"orange_bg"}},"16546620572f9113f4":{"type":"home-testimonial","blocks":{"165466205707914304-0":{"type":"content","settings":{"quote":"<p>Lorem ipsum dolor sit amet, ctetur adipiscing elit, sed do. Lorem ipsum dolor sit amet.<\/p>","icon":"shopify:\/\/shop_images\/testi02.jpg","author":"Sakira Kent K. John","job":"Smoothie lover","star":"4"}},"e17f1790-0678-46b0-b442-3f127eeee0eb":{"type":"content","settings":{"quote":"<p>Lorem ipsum dolor sit amet, ctetur adipiscing elit, sed do. Lorem ipsum dolor sit amet.<\/p>","icon":"shopify:\/\/shop_images\/testi03.jpg","author":"Hemanta M.Gomes","job":"Smoothie lover","star":"5"}},"2294e8a7-1064-42b3-ad51-278fc7a7bfad":{"type":"content","settings":{"quote":"<p>Lorem ipsum dolor sit amet, ctetur adipiscing elit, sed do.Lorem ipsum dolor sit amet.<\/p>","icon":"shopify:\/\/shop_images\/testi01.jpg","author":"Alexnder N. Flowers","job":"Smoothie lover","star":"3"}}},"block_order":["165466205707914304-0","e17f1790-0678-46b0-b442-3f127eeee0eb","2294e8a7-1064-42b3-ad51-278fc7a7bfad"],"settings":{"full":false,"spacing_both_ends":false,"padding":"100,100","margin":"0,0","after_image":"shopify:\/\/shop_images\/blue_starw.png","show_background_image":true,"background_image":"shopify:\/\/shop_images\/orange_img.png","background_style":"none","background_size":"auto","enable_overlay":true,"background_color":"#f76d3c","overlay_transparency":"1","section_heading":"What client say","section_sub_heading":"Testimonial","section_description":"","section_button_text":"","section_button_link":"","section_heading_color":"#ffffff","section_sub_heading_color":"#ffffff","section_description_color":"#ffffff","section_button_bg_color":"","section_button_text_color":"","section_button_hover_bg_color":"","section_button_hover_text_color":"","heading_position":"text-center","grid":"1","block_style":"style_3","boxed_styles":"default","enable_box_shadow":false,"reverse_column":false,"text_position":"text-center","quote_style":"no-quote-icon","author_info_style":"style_2","border_radius":"50%","boxed_border_radius":"0","column_gap":"150","content_width":"30\/70","lap_content_width":"20\/80","vertical_position":"vertical-top","testimonial_border_color":"rgba(0,0,0,0)","testimonial_background_color":"rgba(0,0,0,0)","testimonial_content_color":"#ffffff","testimonial_review_color":"#f5ba2d","testimonial_author_text_color":"#ffffff","testimonial_author_designation_color":"#ffffff","testimonial_author_separator_color":"rgba(0,0,0,0)","testimonial_quote_icon_color":"","enable_slider":true,"enable_auto_height":true,"items_per_view":3,"items_laptop_view":2,"items_tablet_view":2,"items_mobile_view":1,"enable_center_mode":false,"slider_autoplay":0,"dots":false,"carousel_pagination_alignment":"center_pagination","carousel_pagination_bottom_alignment":"outside_element","arrows":true,"nav_arrow_position":"center-navigation","center_nav_arrow_alignment":"outside_container","navigation_button_color":"#ffffff","navigation_button_icon_color":"#f76d3c","navigation_button_hover_color":"#fff64f","navigation_button_hover_icon_color":"#f76d3c","navigation_dot_color":"","navigation_dot_active_color":"","custom_class_name":""}}},"order":["main","16546620517959adae","16546607380b9ce54a","16546620572f9113f4"]}