{"sections":{"16578852754e3cef56":{"type":"faq-template-2","blocks":{"a8a9d764-db13-4b40-9a43-1fe41a32b3e6":{"type":"text","settings":{"question":"How will my order be delivered to me?","description":"Kilres ipsum dolor sit amet conse ctetur adipisicing elit, sed do eiusmod tempor incididunt ut labore et dolore magna aliqua. Ut enim ad minim veniam, quis nostrud exercitation ullamco laboris nisi ut aliquip ex ea commodo consequat. Duis aute irure dolor in reprehenderit in voluptate velit esse cillum dolore eu fugiat."}},"88e721af-6b52-4bdc-8bca-e2cd8e47833b":{"type":"text","settings":{"question":"What do I need to know?","description":"Ghese npsum dolor sit amet conse ctetur adipisicing elit, sed do eiusmod tempor incididunt ut labore et dolore magna aliqua. Ut enim ad minim veniam, quis nostrud exercitation ullamco laboris nisi ut aliquip ex ea commodo consequat. Duis aute irure dolor in reprehenderit in voluptate velit esse cillum dolore eu fugiat."}},"e755edec-6a3b-4a3d-b0c3-b56509e026ea":{"type":"text","settings":{"question":"How will I know if order is placed successfully?","description":"Platea dictumst vestibulum rhoncus est pellentesque elit ullamcorper dignissim cras. Iaculis at erat pellentesque adipiscing commodo elit. Praesent semper feugiat nibh sed pulvinar proin gravida hendrerit lectus.Tellus rutrum tellus pellentesque eu tincidunt. Eget lorem dolor sed viverra."}},"ca6350fd-454d-4f66-ab87-52cf2e5be4a3":{"type":"text","settings":{"question":"How do I check the status of my order?","description":"Nunc faucibus a pellentesque sit amet porttitor. At in tellus integer feugiat. Id leo in vitae turpis massa sed elementum tempus egestas. Ultrices mi tempus imperdiet nulla malesuada pellentesque.Elementum facilisis leo vel fringilla est ullamcorper eget nulla. Cursus vitae congue mauris rhoncus aenean vel elit scelerisque mauris."}},"f14c65d3-2b55-41dc-ab5d-46b51a358216":{"type":"text","settings":{"question":"Can I cancel my order?","description":"Natoque penatibus et magnis dis parturient montes nascetur. Nisl pretium fusce id velit ut tortor pretium. Et leo duis ut diam. A lacus vestibulum sed arcu non odio euismod. Maecenas sed enim ut sem viverra aliquet eget sit. Volutpat lacus laoreet non curabitur gravida arcu ac."}}},"block_order":["a8a9d764-db13-4b40-9a43-1fe41a32b3e6","88e721af-6b52-4bdc-8bca-e2cd8e47833b","e755edec-6a3b-4a3d-b0c3-b56509e026ea","ca6350fd-454d-4f66-ab87-52cf2e5be4a3","f14c65d3-2b55-41dc-ab5d-46b51a358216"],"settings":{"full":false,"spacing_both_ends":false,"padding":"0,0","margin":"0,0","show_background_image":false,"background_style":"none","background_size":"auto","enable_overlay":false,"background_color":"","overlay_transparency":"0.5","section_heading":"Listed Questions & Answers","section_sub_heading":"Find Out More","section_description":"Elementum tempus egestas  aniqs  era sit sed sed risus!","section_button_text":"","section_button_link":"","section_heading_color":"","section_sub_heading_color":"","section_description_color":"","section_button_bg_color":"","section_button_text_color":"","section_button_hover_bg_color":"","section_button_hover_text_color":"","heading_position":"text-center","grid":"1"}}},"order":["16578852754e3cef56"]}