{"sections":{"main":{"type":"main-page","settings":{"full":false,"spacing_both_ends":false,"padding":"0,0","margin":"0,0"}},"1649409237f56ec1ae":{"type":"home-image-gallery","blocks":{"1649409237f7599609-0":{"type":"image_image","settings":{"image":"shopify:\/\/shop_images\/model-laughs-barefoot.jpg","icon_class":"fa fa-instagram","overlay_title":"Shop the Look","link":""}},"1649409237f7599609-1":{"type":"image_image","settings":{"image":"shopify:\/\/shop_images\/aged-map-with-worn-paper-corners.jpg","icon_class":"fa fa-instagram","overlay_title":"Shop the Look","link":""}},"1649409237f7599609-2":{"type":"image_image","settings":{"image":"shopify:\/\/shop_images\/model-laughs-barefoot.jpg","icon_class":"fa fa-instagram","overlay_title":"Shop the Look","link":""}},"1649409237f7599609-3":{"type":"image_image","settings":{"image":"shopify:\/\/shop_images\/aged-map-with-worn-paper-corners.jpg","icon_class":"fa fa-instagram","overlay_title":"Shop the Look","link":""}}},"block_order":["1649409237f7599609-0","1649409237f7599609-1","1649409237f7599609-2","1649409237f7599609-3"],"settings":{"full":false,"spacing_both_ends":false,"padding":"0,100","margin":"0,0","show_background_image":false,"background_style":"none","background_size":"auto","enable_overlay":false,"background_color":"","overlay_transparency":"0.5","section_heading":"Image list","section_sub_heading":"","section_description":"","section_button_text":"","section_button_link":"","section_heading_color":"","section_sub_heading_color":"","section_description_color":"","section_button_bg_color":"","section_button_text_color":"","section_button_hover_bg_color":"","section_button_hover_text_color":"","heading_position":"text-center","grid":"4","column_gap":"30","image_list_text":"","image_list_link":"","enable_overlay_content":true,"item_height":300,"item_height_laptop":300,"item_height_tab":300,"item_height_mobile":300,"image_link_bg_color":"","image_link_text_color":"","image_link_hover_bg_color":"","image_link_hover_text_color":"","image_overlay_icon_color":"","image_overlay_color":"","icon_size":"24","enable_slider":false,"remove_button_space":false,"enable_auto_height":true,"items_per_view":4,"items_laptop_view":3,"items_tablet_view":2,"items_mobile_view":1,"enable_center_mode":false,"slider_autoplay":0,"dots":true,"carousel_pagination_alignment":"center_pagination","arrows":true,"nav_arrow_position":"navigation-bottom-center","center_nav_arrow_alignment":"outside_container","navigation_button_color":"","navigation_button_icon_color":"","navigation_button_hover_color":"","navigation_button_hover_icon_color":"","navigation_dot_color":"","navigation_dot_active_color":"","custom_class_name":""}},"164940538821781c77":{"type":"home-image-gallery","blocks":{"1649405388c717ba3d-0":{"type":"image_image","settings":{"image":"shopify:\/\/shop_images\/model-laughs-barefoot.jpg","icon_class":"","overlay_title":"","link":""}},"1649405388c717ba3d-1":{"type":"image_image","settings":{"image":"shopify:\/\/shop_images\/aged-map-with-worn-paper-corners.jpg","icon_class":"","overlay_title":"","link":""}},"1649405388c717ba3d-2":{"type":"image_image","settings":{"image":"shopify:\/\/shop_images\/model-laughs-barefoot.jpg","icon_class":"","overlay_title":"","link":""}},"1649405388c717ba3d-3":{"type":"image_image","settings":{"image":"shopify:\/\/shop_images\/aged-map-with-worn-paper-corners.jpg","icon_class":"","overlay_title":"","link":""}}},"block_order":["1649405388c717ba3d-0","1649405388c717ba3d-1","1649405388c717ba3d-2","1649405388c717ba3d-3"],"settings":{"full":false,"spacing_both_ends":false,"padding":"0,100","margin":"0,0","show_background_image":false,"background_style":"none","background_size":"auto","enable_overlay":false,"background_color":"","overlay_transparency":"0.5","section_heading":"Image List(With Button)","section_sub_heading":"","section_description":"","section_button_text":"","section_button_link":"","section_heading_color":"","section_sub_heading_color":"","section_description_color":"","section_button_bg_color":"","section_button_text_color":"","section_button_hover_bg_color":"","section_button_hover_text_color":"","heading_position":"text-center","grid":"4","column_gap":"30","image_list_text":"Shop Now","image_list_link":"#","enable_overlay_content":false,"item_height":300,"item_height_laptop":300,"item_height_tab":300,"item_height_mobile":300,"image_link_bg_color":"","image_link_text_color":"","image_link_hover_bg_color":"","image_link_hover_text_color":"","image_overlay_icon_color":"","image_overlay_color":"","icon_size":"24","enable_slider":false,"remove_button_space":false,"enable_auto_height":true,"items_per_view":4,"items_laptop_view":3,"items_tablet_view":2,"items_mobile_view":1,"enable_center_mode":false,"slider_autoplay":0,"dots":true,"carousel_pagination_alignment":"center_pagination","arrows":true,"nav_arrow_position":"navigation-bottom-center","center_nav_arrow_alignment":"outside_container","navigation_button_color":"","navigation_button_icon_color":"","navigation_button_hover_color":"","navigation_button_hover_icon_color":"","navigation_dot_color":"","navigation_dot_active_color":"","custom_class_name":""}},"16494094961175a983":{"type":"home-image-gallery","blocks":{"164940949539c3e853-1":{"type":"image_image","settings":{"image":"shopify:\/\/shop_images\/model-laughs-barefoot.jpg","icon_class":"fa fa-instagram","overlay_title":"Shop the Look","link":""}},"164940949539c3e853-2":{"type":"image_image","settings":{"image":"shopify:\/\/shop_images\/aged-map-with-worn-paper-corners.jpg","icon_class":"fa fa-instagram","overlay_title":"Shop the Look","link":""}},"164940949539c3e853-3":{"type":"image_image","settings":{"image":"shopify:\/\/shop_images\/model-laughs-barefoot.jpg","icon_class":"fa fa-instagram","overlay_title":"Shop the Look","link":""}},"164940949539c3e853-4":{"type":"image_image","settings":{"image":"shopify:\/\/shop_images\/aged-map-with-worn-paper-corners.jpg","icon_class":"fa fa-instagram","overlay_title":"Shop the Look","link":""}},"6bcd2d5b-2806-48ac-b054-d9528ebfa6e9":{"type":"image_image","settings":{"image":"shopify:\/\/shop_images\/model-laughs-barefoot.jpg","icon_class":"fa fa-instagram","overlay_title":"Shop the Look","link":""}}},"block_order":["164940949539c3e853-1","164940949539c3e853-2","164940949539c3e853-3","164940949539c3e853-4","6bcd2d5b-2806-48ac-b054-d9528ebfa6e9"],"settings":{"full":false,"spacing_both_ends":false,"padding":"0,30","margin":"0,0","show_background_image":false,"background_style":"none","background_size":"auto","enable_overlay":false,"background_color":"","overlay_transparency":"0.5","section_heading":"Image List Carousel","section_sub_heading":"","section_description":"","section_button_text":"","section_button_link":"","section_heading_color":"","section_sub_heading_color":"","section_description_color":"","section_button_bg_color":"","section_button_text_color":"","section_button_hover_bg_color":"","section_button_hover_text_color":"","heading_position":"text-center","grid":"4","column_gap":"30","image_list_text":"","image_list_link":"","enable_overlay_content":true,"item_height":300,"item_height_laptop":300,"item_height_tab":300,"item_height_mobile":300,"image_link_bg_color":"","image_link_text_color":"","image_link_hover_bg_color":"","image_link_hover_text_color":"","image_overlay_icon_color":"","image_overlay_color":"","icon_size":"24","enable_slider":true,"remove_button_space":false,"enable_auto_height":true,"items_per_view":4,"items_laptop_view":3,"items_tablet_view":2,"items_mobile_view":1,"enable_center_mode":false,"slider_autoplay":0,"dots":true,"carousel_pagination_alignment":"center_pagination","arrows":true,"nav_arrow_position":"center-navigation","center_nav_arrow_alignment":"outside_container","navigation_button_color":"","navigation_button_icon_color":"","navigation_button_hover_color":"","navigation_button_hover_icon_color":"","navigation_dot_color":"","navigation_dot_active_color":"","custom_class_name":""}}},"order":["main","1649409237f56ec1ae","164940538821781c77","16494094961175a983"]}