{"sections":{"main":{"type":"main-page","settings":{"full":false,"spacing_both_ends":false,"padding":"0,0","margin":"0,0"}},"164949539727d1cd69":{"type":"home-product-tab","blocks":{"86fbd3a6-7aed-4116-9b5e-3de4d00d6ce8":{"type":"tab","settings":{"tab":"best-collections","block_title":"Best Collection"}},"dcd5d76a-c710-4659-8139-cf1a1d5be01a":{"type":"tab","settings":{"tab":"best-sellers","block_title":"Featured Collection"}},"3027d0b0-bca1-4cbf-b876-b362a1db8bd0":{"type":"tab","settings":{"tab":"recent-products","block_title":"Sale Offer"}}},"block_order":["86fbd3a6-7aed-4116-9b5e-3de4d00d6ce8","dcd5d76a-c710-4659-8139-cf1a1d5be01a","3027d0b0-bca1-4cbf-b876-b362a1db8bd0"],"settings":{"full":true,"spacing_both_ends":true,"padding":"0,80","margin":"0,0","show_background_image":false,"background_style":"none","background_size":"auto","enable_overlay":false,"background_color":"","overlay_transparency":"0.5","section_heading":"Product Tab (Style 1)","section_sub_heading":"","section_description":"","section_button_text":"","section_button_link":"","section_heading_color":"","section_sub_heading_color":"","section_description_color":"","section_button_bg_color":"","section_button_text_color":"","section_button_hover_bg_color":"","section_button_hover_text_color":"","heading_position":"text-center","content_width":"30\/70","lap_content_width":"35\/65","grouped_content_bg":"","grouped_column_gap":"30","grouped_content_padding":"0","group_border_radius":"0","enable_group_box_shadow":false,"reverse_column":false,"enable_additional_content":false,"additional_block_background_color":"","additional_block_box_shadow":false,"additional_content_padding":"0","additional_block_border_radius":"0","enable_main_content":true,"main_block_background_color":"","enable_main_block_box_shadow":false,"main_block_border_radius":"0","main_content_padding":"0","enable_list_view":false,"grid":"1","post_limit":4,"column_gap":"30","border_radius":"","tab_style":"style-1","tab_alignment":"text-center","tab_link_bg_color":"","tab_link_color":"","tab_link_bg_hover_color":"","tab_link_hover_text_color":"","tab_content_bg_color":"","tab_content_border_color":"","enable_slider":false,"items_per_view":4,"items_laptop_view":3,"items_tablet_view":2,"items_mobile_view":1,"enable_center_mode":false,"rows":3,"enable_autoplay":true,"slider_autoplay":1,"dots":false,"carousel_pagination_alignment":"center_pagination","carousel_pagination_bottom_alignment":"outside_element","arrows":false,"nav_arrow_position":"navigation-top-right","center_nav_arrow_alignment":"inside_container","navigation_button_color":"","navigation_button_icon_color":"","navigation_button_hover_color":"","navigation_button_hover_icon_color":"","navigation_dot_color":"","navigation_dot_active_color":"","custom_class_name":""}},"16494954359e80b28b":{"type":"home-product-tab","blocks":{"00d72839-6c37-49b1-aecd-393aa502d586":{"type":"tab","settings":{"tab":"best-sellers","block_title":"Best Seller"}},"0abdedb3-402b-4d3e-a6f6-ddc3d865863d":{"type":"tab","settings":{"tab":"best-collections","block_title":"Best Collections"}},"1c63a4ea-69b2-4299-ab17-ced35e42f375":{"type":"tab","settings":{"tab":"bundle-903710998572","block_title":"Sale Offer"}}},"block_order":["00d72839-6c37-49b1-aecd-393aa502d586","0abdedb3-402b-4d3e-a6f6-ddc3d865863d","1c63a4ea-69b2-4299-ab17-ced35e42f375"],"settings":{"full":true,"spacing_both_ends":true,"padding":"0,80","margin":"0,0","show_background_image":false,"background_style":"none","background_size":"auto","enable_overlay":false,"background_color":"","overlay_transparency":"0.5","section_heading":"Product Tab(Style 2)","section_sub_heading":"","section_description":"","section_button_text":"","section_button_link":"","section_heading_color":"","section_sub_heading_color":"","section_description_color":"","section_button_bg_color":"","section_button_text_color":"","section_button_hover_bg_color":"","section_button_hover_text_color":"","heading_position":"text-center","content_width":"30\/70","lap_content_width":"35\/65","grouped_content_bg":"","grouped_column_gap":"30","grouped_content_padding":"0","group_border_radius":"0","enable_group_box_shadow":false,"reverse_column":false,"enable_additional_content":false,"additional_block_background_color":"","additional_block_box_shadow":false,"additional_content_padding":"0","additional_block_border_radius":"0","enable_main_content":true,"main_block_background_color":"","enable_main_block_box_shadow":false,"main_block_border_radius":"0","main_content_padding":"0","enable_list_view":false,"grid":"4","post_limit":4,"column_gap":"30","border_radius":"","tab_style":"style-2","tab_alignment":"text-center","tab_link_bg_color":"","tab_link_color":"","tab_link_bg_hover_color":"","tab_link_hover_text_color":"","tab_content_bg_color":"","tab_content_border_color":"","enable_slider":false,"items_per_view":4,"items_laptop_view":3,"items_tablet_view":2,"items_mobile_view":1,"enable_center_mode":false,"rows":3,"enable_autoplay":true,"slider_autoplay":1,"dots":false,"carousel_pagination_alignment":"center_pagination","carousel_pagination_bottom_alignment":"outside_element","arrows":false,"nav_arrow_position":"navigation-top-right","center_nav_arrow_alignment":"inside_container","navigation_button_color":"","navigation_button_icon_color":"","navigation_button_hover_color":"","navigation_button_hover_icon_color":"","navigation_dot_color":"","navigation_dot_active_color":"","custom_class_name":""}},"164949544620c0414a":{"type":"home-product-tab","blocks":{"6f1f8009-5071-4098-94bf-4c5207dac2d6":{"type":"tab","settings":{"tab":"best-sellers","block_title":"Sale Offer"}},"2a2ac3fd-9b13-4e56-83f7-6ae82f81943a":{"type":"tab","settings":{"tab":"best-collections","block_title":"Best Seller"}},"5637d3fa-981a-47e7-9a35-8d8596b99cb6":{"type":"banner","settings":{"block_image":"shopify:\/\/shop_images\/Mask_Group_23_680x_1.png","show_image":true,"block_title":"03 Template Gallery style","block_sub_title":"","block_description":"It is a long established fact that a reader will be distracted by the readable content of a page when looking at its layout.","block_button_text":"","block_button_link":"","block_banner_style":"grid","overlay_style_height":"400","block_text_align":"text-center","content_position":"center","grid_banner_box_shadow":false,"grid_banner_border_radius":"0","grid_banner_heading_color":"","grid_banner_sub_heading_color":"","grid_banner_description_color":"","grid_banner_button_bg_color":"","grid_banner_button_text_color":"","grid_banner_button_hover_bg_color":"","grid_banner_button_hover_text_color":"","grid_banner_content_bg":"","banner_image_overlay_style":"with-overlay","banner_image_overlay_color":"","banner_image_overlay_opacity":"0","banner_image_rotation_degree":"180"}}},"block_order":["6f1f8009-5071-4098-94bf-4c5207dac2d6","2a2ac3fd-9b13-4e56-83f7-6ae82f81943a","5637d3fa-981a-47e7-9a35-8d8596b99cb6"],"settings":{"full":true,"spacing_both_ends":true,"padding":"0,80","margin":"0,0","show_background_image":false,"background_style":"none","background_size":"auto","enable_overlay":false,"background_color":"","overlay_transparency":"0.5","section_heading":"Product Tab(With Banner)","section_sub_heading":"","section_description":"","section_button_text":"","section_button_link":"","section_heading_color":"","section_sub_heading_color":"","section_description_color":"","section_button_bg_color":"","section_button_text_color":"","section_button_hover_bg_color":"","section_button_hover_text_color":"","heading_position":"text-center","content_width":"30\/70","lap_content_width":"35\/65","grouped_content_bg":"","grouped_column_gap":"30","grouped_content_padding":"0","group_border_radius":"0","enable_group_box_shadow":false,"reverse_column":false,"enable_additional_content":true,"additional_block_background_color":"","additional_block_box_shadow":false,"additional_content_padding":"0","additional_block_border_radius":"0","enable_main_content":true,"main_block_background_color":"","enable_main_block_box_shadow":false,"main_block_border_radius":"0","main_content_padding":"0","enable_list_view":false,"grid":"3","post_limit":3,"column_gap":"30","border_radius":"","tab_style":"style-2","tab_alignment":"text-start","tab_link_bg_color":"","tab_link_color":"","tab_link_bg_hover_color":"","tab_link_hover_text_color":"","tab_content_bg_color":"","tab_content_border_color":"","enable_slider":true,"items_per_view":3,"items_laptop_view":3,"items_tablet_view":2,"items_mobile_view":1,"enable_center_mode":false,"rows":1,"enable_autoplay":true,"slider_autoplay":3,"dots":false,"carousel_pagination_alignment":"center_pagination","carousel_pagination_bottom_alignment":"outside_element","arrows":false,"nav_arrow_position":"navigation-top-right","center_nav_arrow_alignment":"inside_container","navigation_button_color":"","navigation_button_icon_color":"","navigation_button_hover_color":"","navigation_button_hover_icon_color":"","navigation_dot_color":"","navigation_dot_active_color":"","custom_class_name":""}},"16494954563bd5a9a8":{"type":"home-product-tab","blocks":{"538fa430-7322-4c64-a7da-df0e063547b6":{"type":"tab","settings":{"tab":"best-collections","block_title":"Featured Collection"}},"8af98be1-8257-4a5b-92c4-3e9a310f46bb":{"type":"tab","settings":{"tab":"best-sellers","block_title":"Best Offer"}},"eb540862-8f22-4539-a2cd-87a7a9cf5a0c":{"type":"menu","settings":{"block_title":"Quick Menu","menu":"footer","block_heading_color":"","block_link_color":"","block_link_hover_color":""}}},"block_order":["538fa430-7322-4c64-a7da-df0e063547b6","8af98be1-8257-4a5b-92c4-3e9a310f46bb","eb540862-8f22-4539-a2cd-87a7a9cf5a0c"],"settings":{"full":true,"spacing_both_ends":true,"padding":"0,80","margin":"0,0","show_background_image":false,"background_style":"none","background_size":"auto","enable_overlay":false,"background_color":"","overlay_transparency":"0.5","section_heading":"Product Tab(With Menu)","section_sub_heading":"","section_description":"","section_button_text":"","section_button_link":"","section_heading_color":"","section_sub_heading_color":"","section_description_color":"","section_button_bg_color":"","section_button_text_color":"","section_button_hover_bg_color":"","section_button_hover_text_color":"","heading_position":"text-center","content_width":"20\/80","lap_content_width":"25\/75","grouped_content_bg":"","grouped_column_gap":"30","grouped_content_padding":"0","group_border_radius":"0","enable_group_box_shadow":false,"reverse_column":false,"enable_additional_content":true,"additional_block_background_color":"","additional_block_box_shadow":false,"additional_content_padding":"0","additional_block_border_radius":"0","enable_main_content":true,"main_block_background_color":"","enable_main_block_box_shadow":false,"main_block_border_radius":"0","main_content_padding":"0","enable_list_view":false,"grid":"3","post_limit":3,"column_gap":"30","border_radius":"","tab_style":"style-2","tab_alignment":"text-start","tab_link_bg_color":"","tab_link_color":"","tab_link_bg_hover_color":"","tab_link_hover_text_color":"","tab_content_bg_color":"","tab_content_border_color":"","enable_slider":true,"items_per_view":3,"items_laptop_view":3,"items_tablet_view":2,"items_mobile_view":1,"enable_center_mode":false,"rows":1,"enable_autoplay":true,"slider_autoplay":3,"dots":false,"carousel_pagination_alignment":"center_pagination","carousel_pagination_bottom_alignment":"outside_element","arrows":false,"nav_arrow_position":"navigation-top-right","center_nav_arrow_alignment":"inside_container","navigation_button_color":"","navigation_button_icon_color":"","navigation_button_hover_color":"","navigation_button_hover_icon_color":"","navigation_dot_color":"","navigation_dot_active_color":"","custom_class_name":""}},"164949546462b97c16":{"type":"home-product-tab","blocks":{"d88b9865-0ab8-43c8-ac8a-6560bb7ebcc4":{"type":"tab","settings":{"tab":"best-collections","block_title":"Tab-1"}},"6d98a4b6-34db-4baf-be1d-191d3f12e3ea":{"type":"tab","settings":{"tab":"best-sellers","block_title":"Tab-2"}},"74092455-e215-4b1d-98dd-5da4102ef124":{"type":"product","settings":{"product":"3-template-gallery-style"}}},"block_order":["d88b9865-0ab8-43c8-ac8a-6560bb7ebcc4","6d98a4b6-34db-4baf-be1d-191d3f12e3ea","74092455-e215-4b1d-98dd-5da4102ef124"],"settings":{"full":true,"spacing_both_ends":true,"padding":"0,80","margin":"0,0","show_background_image":false,"background_style":"none","background_size":"auto","enable_overlay":false,"background_color":"","overlay_transparency":"0.5","section_heading":"Product Tab(With Product Banner)","section_sub_heading":"","section_description":"","section_button_text":"","section_button_link":"","section_heading_color":"","section_sub_heading_color":"","section_description_color":"","section_button_bg_color":"","section_button_text_color":"","section_button_hover_bg_color":"","section_button_hover_text_color":"","heading_position":"text-center","content_width":"30\/70","lap_content_width":"35\/65","grouped_content_bg":"","grouped_column_gap":"30","grouped_content_padding":"0","group_border_radius":"0","enable_group_box_shadow":false,"reverse_column":false,"enable_additional_content":true,"additional_block_background_color":"","additional_block_box_shadow":false,"additional_content_padding":"0","additional_block_border_radius":"0","enable_main_content":true,"main_block_background_color":"","enable_main_block_box_shadow":false,"main_block_border_radius":"0","main_content_padding":"0","enable_list_view":false,"grid":"3","post_limit":3,"column_gap":"30","border_radius":"","tab_style":"style-2","tab_alignment":"text-start","tab_link_bg_color":"","tab_link_color":"","tab_link_bg_hover_color":"","tab_link_hover_text_color":"","tab_content_bg_color":"","tab_content_border_color":"","enable_slider":true,"items_per_view":3,"items_laptop_view":3,"items_tablet_view":2,"items_mobile_view":1,"enable_center_mode":false,"rows":1,"enable_autoplay":true,"slider_autoplay":4,"dots":false,"carousel_pagination_alignment":"center_pagination","carousel_pagination_bottom_alignment":"outside_element","arrows":false,"nav_arrow_position":"navigation-top-right","center_nav_arrow_alignment":"inside_container","navigation_button_color":"","navigation_button_icon_color":"","navigation_button_hover_color":"","navigation_button_hover_icon_color":"","navigation_dot_color":"","navigation_dot_active_color":"","custom_class_name":""}},"1649495470c477fd12":{"type":"home-product-tab","blocks":{"1c20483d-71c3-4e7a-bdcc-2c4f04f20ab4":{"type":"tab","settings":{"tab":"best-collections","block_title":"Tab-1"}},"7455f3a6-a82f-4c23-be22-2783bd9c220a":{"type":"tab","settings":{"tab":"best-sellers","block_title":"Tab-2"}},"35b7b8a4-7d2f-46c8-94cf-82ab7e2931a0":{"type":"timer","settings":{"deal_end_date":"09 July 2023","block_image":"shopify:\/\/shop_images\/Mask_Group_26_680x_1.png","show_image":true,"block_title":"Round Neck Tee","block_sub_title":"Deal End Soon","block_description":"Lorem Ipsum is simply dummy text of the printing and typesetting industry.","block_button_text":"","block_button_link":"","block_text_align":"text-center","grid_banner_bg":"","section_heading_color":"","section_sub_heading_color":"","section_description_color":"","section_button_bg_color":"","section_button_text_color":"","section_button_hover_bg_color":"","section_button_hover_text_color":"","deals_section_color":"","deals_section_bg_color":"","deals_section_timer_color":"","deals_section_timer_duration_color":"","deals_section_timer_duration_bg_color":""}}},"block_order":["1c20483d-71c3-4e7a-bdcc-2c4f04f20ab4","7455f3a6-a82f-4c23-be22-2783bd9c220a","35b7b8a4-7d2f-46c8-94cf-82ab7e2931a0"],"settings":{"full":true,"spacing_both_ends":true,"padding":"0,80","margin":"0,0","show_background_image":false,"background_style":"none","background_size":"auto","enable_overlay":false,"background_color":"","overlay_transparency":"0.5","section_heading":"Product Tab(With Timer)","section_sub_heading":"","section_description":"","section_button_text":"","section_button_link":"","section_heading_color":"","section_sub_heading_color":"","section_description_color":"","section_button_bg_color":"","section_button_text_color":"","section_button_hover_bg_color":"","section_button_hover_text_color":"","heading_position":"text-center","content_width":"30\/70","lap_content_width":"35\/65","grouped_content_bg":"","grouped_column_gap":"30","grouped_content_padding":"0","group_border_radius":"0","enable_group_box_shadow":false,"reverse_column":false,"enable_additional_content":true,"additional_block_background_color":"","additional_block_box_shadow":false,"additional_content_padding":"0","additional_block_border_radius":"0","enable_main_content":true,"main_block_background_color":"","enable_main_block_box_shadow":false,"main_block_border_radius":"0","main_content_padding":"0","enable_list_view":true,"grid":"2","post_limit":4,"column_gap":"30","border_radius":"","tab_style":"style-2","tab_alignment":"text-start","tab_link_bg_color":"","tab_link_color":"","tab_link_bg_hover_color":"","tab_link_hover_text_color":"","tab_content_bg_color":"","tab_content_border_color":"","enable_slider":false,"items_per_view":2,"items_laptop_view":1,"items_tablet_view":2,"items_mobile_view":1,"enable_center_mode":false,"rows":1,"enable_autoplay":true,"slider_autoplay":4,"dots":false,"carousel_pagination_alignment":"center_pagination","carousel_pagination_bottom_alignment":"outside_element","arrows":false,"nav_arrow_position":"navigation-top-right","center_nav_arrow_alignment":"inside_container","navigation_button_color":"","navigation_button_icon_color":"","navigation_button_hover_color":"","navigation_button_hover_icon_color":"","navigation_dot_color":"","navigation_dot_active_color":"","custom_class_name":""}},"164949547716e1836f":{"type":"home-product-tab","blocks":{"abe8e95b-d4e9-4b4d-a2ac-74f2b4569703":{"type":"collection","settings":{"block_title":"Featured Product","collection":"bundle-903710998572","enable_box_shadow":false,"border_radius":"0","collection_column_gap":"30","limit":2,"enable_slider":false,"items_per_view":4,"items_laptop_view":3,"items_tablet_view":2,"items_mobile_view":1,"rows":2,"slider_autoplay":5,"enable_auto_height":false,"dots":false,"carousel_pagination_alignment":"center_pagination","arrows":true,"nav_arrow_position":"navigation-top-right","navigation_button_color":"","navigation_button_icon_color":"","navigation_button_hover_color":"","navigation_button_hover_icon_color":"","navigation_dot_color":"","navigation_dot_active_color":""}},"8a22967e-855e-423f-b118-7ed782c9eecb":{"type":"tab","settings":{"tab":"best-collections","block_title":"Tab-1"}},"b1539889-c399-47ed-b895-1d9d3161eea7":{"type":"tab","settings":{"tab":"best-sellers","block_title":"Tab-2"}}},"block_order":["abe8e95b-d4e9-4b4d-a2ac-74f2b4569703","8a22967e-855e-423f-b118-7ed782c9eecb","b1539889-c399-47ed-b895-1d9d3161eea7"],"settings":{"full":true,"spacing_both_ends":true,"padding":"0,80","margin":"0,0","show_background_image":false,"background_style":"none","background_size":"auto","enable_overlay":false,"background_color":"","overlay_transparency":"0.5","section_heading":"Product Tab(With Collection)","section_sub_heading":"","section_description":"","section_button_text":"","section_button_link":"","section_heading_color":"","section_sub_heading_color":"","section_description_color":"","section_button_bg_color":"","section_button_text_color":"","section_button_hover_bg_color":"","section_button_hover_text_color":"","heading_position":"text-center","content_width":"30\/70","lap_content_width":"35\/65","grouped_content_bg":"","grouped_column_gap":"30","grouped_content_padding":"0","group_border_radius":"0","enable_group_box_shadow":false,"reverse_column":false,"enable_additional_content":true,"additional_block_background_color":"","additional_block_box_shadow":false,"additional_content_padding":"0","additional_block_border_radius":"0","enable_main_content":true,"main_block_background_color":"","enable_main_block_box_shadow":false,"main_block_border_radius":"0","main_content_padding":"0","enable_list_view":false,"grid":"3","post_limit":3,"column_gap":"30","border_radius":"","tab_style":"style-2","tab_alignment":"text-start","tab_link_bg_color":"","tab_link_color":"","tab_link_bg_hover_color":"","tab_link_hover_text_color":"","tab_content_bg_color":"","tab_content_border_color":"","enable_slider":false,"items_per_view":4,"items_laptop_view":3,"items_tablet_view":2,"items_mobile_view":1,"enable_center_mode":false,"rows":3,"enable_autoplay":true,"slider_autoplay":1,"dots":false,"carousel_pagination_alignment":"center_pagination","carousel_pagination_bottom_alignment":"outside_element","arrows":false,"nav_arrow_position":"navigation-top-right","center_nav_arrow_alignment":"inside_container","navigation_button_color":"","navigation_button_icon_color":"","navigation_button_hover_color":"","navigation_button_hover_icon_color":"","navigation_dot_color":"","navigation_dot_active_color":"","custom_class_name":""}},"1649495485ce2fdd47":{"type":"home-product-tab","blocks":{"6fded620-22ae-4f48-b4c9-039ed9d83622":{"type":"tab","settings":{"tab":"featured-products","block_title":"Best Offer"}},"d2c27fe9-9d89-48dd-b439-6429d0325e6d":{"type":"tab","settings":{"tab":"best-collections","block_title":"Best Sellers"}},"b401efbf-7e96-4468-abc3-ca4172fb4d7d":{"type":"tab","settings":{"tab":"best-sellers","block_title":"Sale Offer"}}},"block_order":["6fded620-22ae-4f48-b4c9-039ed9d83622","d2c27fe9-9d89-48dd-b439-6429d0325e6d","b401efbf-7e96-4468-abc3-ca4172fb4d7d"],"settings":{"full":true,"spacing_both_ends":true,"padding":"0,0","margin":"0,0","show_background_image":false,"background_style":"none","background_size":"auto","enable_overlay":false,"background_color":"","overlay_transparency":"0.5","section_heading":"Product Tab Carousel","section_sub_heading":"","section_description":"","section_button_text":"","section_button_link":"","section_heading_color":"","section_sub_heading_color":"","section_description_color":"","section_button_bg_color":"","section_button_text_color":"","section_button_hover_bg_color":"","section_button_hover_text_color":"","heading_position":"text-center","content_width":"30\/70","lap_content_width":"35\/65","grouped_content_bg":"","grouped_column_gap":"30","grouped_content_padding":"0","group_border_radius":"0","enable_group_box_shadow":false,"reverse_column":false,"enable_additional_content":false,"additional_block_background_color":"","additional_block_box_shadow":false,"additional_content_padding":"0","additional_block_border_radius":"0","enable_main_content":true,"main_block_background_color":"","enable_main_block_box_shadow":false,"main_block_border_radius":"0","main_content_padding":"0","enable_list_view":false,"grid":"2","post_limit":4,"column_gap":"30","border_radius":"","tab_style":"style-2","tab_alignment":"text-center","tab_link_bg_color":"","tab_link_color":"","tab_link_bg_hover_color":"","tab_link_hover_text_color":"","tab_content_bg_color":"","tab_content_border_color":"","enable_slider":true,"items_per_view":4,"items_laptop_view":3,"items_tablet_view":2,"items_mobile_view":1,"enable_center_mode":false,"rows":1,"enable_autoplay":true,"slider_autoplay":4,"dots":false,"carousel_pagination_alignment":"center_pagination","carousel_pagination_bottom_alignment":"outside_element","arrows":false,"nav_arrow_position":"navigation-top-right","center_nav_arrow_alignment":"inside_container","navigation_button_color":"","navigation_button_icon_color":"","navigation_button_hover_color":"","navigation_button_hover_icon_color":"","navigation_dot_color":"","navigation_dot_active_color":"","custom_class_name":""}}},"order":["main","164949539727d1cd69","16494954359e80b28b","164949544620c0414a","16494954563bd5a9a8","164949546462b97c16","1649495470c477fd12","164949547716e1836f","1649495485ce2fdd47"]}