{"sections":{"main":{"type":"main-product-template","blocks":{"3b6e88fc-939f-4e66-bad5-721b6f49e39b":{"type":"text","disabled":true,"settings":{"text":"Our Product"}},"bd5fe641-75f6-4c13-999c-d0be32e3bc87":{"type":"title","settings":{}},"7c9c1efb-83bb-46b0-abe9-7c4951265cf4":{"type":"price","settings":{}},"6cfd7cbc-20c9-4329-88e9-30c8ca61d592":{"type":"short_text","settings":{}},"db797c60-1d3c-4034-b55d-151ec5cae2d7":{"type":"deal","disabled":true,"settings":{}},"19be33f4-40db-451a-b5c2-40daa748ac9a":{"type":"fbt","disabled":true,"settings":{}},"cb874c94-c1ed-44c9-a5d6-a12bc6093239":{"type":"vendor","disabled":true,"settings":{}},"22c4f5eb-0a61-4ed2-865c-ec6f809e783c":{"type":"notify-form","disabled":true,"settings":{}},"c0548d06-402e-4234-9a58-03c52a7d6c74":{"type":"type","disabled":true,"settings":{}},"f26a6ae3-78b7-4d9f-885e-fcbc49deba02":{"type":"menu","disabled":true,"settings":{"title":"Custom Menu","linklist":""}},"2ff9f47d-7f11-4be0-b8ec-143624b3ca83":{"type":"collection","disabled":true,"settings":{"title":"","collection":"best-collections","limit":3}},"14952b1f-8a11-46fc-93bc-26529aab775e":{"type":"carousel","disabled":true,"settings":{"title":"","collection":"best-sellers","limit":5}},"f9c96d80-5ab7-4354-839a-07c60d24aabc":{"type":"badge","disabled":true,"settings":{"badge_label":"100% Secured Payment"}},"cad3ad3e-6913-4865-a804-9c9d16146aca":{"type":"social-sharing","disabled":true,"settings":{}}},"block_order":["3b6e88fc-939f-4e66-bad5-721b6f49e39b","bd5fe641-75f6-4c13-999c-d0be32e3bc87","7c9c1efb-83bb-46b0-abe9-7c4951265cf4","6cfd7cbc-20c9-4329-88e9-30c8ca61d592","db797c60-1d3c-4034-b55d-151ec5cae2d7","19be33f4-40db-451a-b5c2-40daa748ac9a","cb874c94-c1ed-44c9-a5d6-a12bc6093239","22c4f5eb-0a61-4ed2-865c-ec6f809e783c","c0548d06-402e-4234-9a58-03c52a7d6c74","f26a6ae3-78b7-4d9f-885e-fcbc49deba02","2ff9f47d-7f11-4be0-b8ec-143624b3ca83","14952b1f-8a11-46fc-93bc-26529aab775e","f9c96d80-5ab7-4354-839a-07c60d24aabc","cad3ad3e-6913-4865-a804-9c9d16146aca"],"settings":{"full":false,"spacing_both_ends":false,"padding":"0,0","margin":"0,0","gallery_type":"thumbnails_horizontal","vertical_style":"dt-sc-product-vertical-thumb-right","enable_zoom":true,"zoom_type":"inner","enable_video_looping":false,"meta-lable-style":"one-half","reviews":true,"show_variants_swatches":true,"swatch_as":"color","show_product_quantity":true,"display_back_in_stock":true,"show_quantity_selector":true,"show_checkout":true,"hide_addtocart":false,"show_wishlist":true,"show_share_buttons":true,"tab_position":"bottom","tab_style":"tab","product_tab1":true,"product_tab1_heading":"Description","product_tab2":true,"product_tab2_heading":"Shipping Information","page_content":"shipping-information","product_tab3":true,"product_tab3_heading":"Reviews","enable_enquiry":false,"enable_sticky_cart":false,"show_adv_product":true,"choose_label":"Choose style","collection":"advanced-product-tagging"}},"product-recommendations":{"type":"product-recommendations","settings":{"full":false,"spacing_both_ends":false,"padding":"0,0","margin":"0,0","heading":"Recommended products","heading_position":"text-center"}}},"order":["main","product-recommendations"]}