{"sections":{"main":{"type":"shop-list","blocks":{"4afe737c-35ed-432f-9c8a-f944ac644d37":{"type":"menu","settings":{"filter_title":"Category","linklist":"sidebar-demo-1"}},"c1f14e69-83d1-4c5d-b400-b6466f295358":{"type":"collection_filter","settings":{}},"d8c06ad2-b5c4-4ce8-a3b5-06f9c9bf52fb":{"type":"carousel","settings":{"title":"Best Sellers","collection":"court","limit":5}},"092d8a62-d51f-4ede-8c05-af1b468c517c":{"type":"image","settings":{"title":"Today's Trend","image":"shopify:\/\/shop_images\/slide-img1_20eea237-39f4-461d-92b9-3644005f3309.jpg","link_text":"Shop Now","link":"\/"}}},"block_order":["4afe737c-35ed-432f-9c8a-f944ac644d37","c1f14e69-83d1-4c5d-b400-b6466f295358","d8c06ad2-b5c4-4ce8-a3b5-06f9c9bf52fb","092d8a62-d51f-4ede-8c05-af1b468c517c"],"settings":{"full":true,"spacing_both_ends":true,"padding":"0,0","margin":"0,24","show_collection_image":false,"banner_position":"with-in-container","show_excerpt":true,"show_sub_collection":true,"items":"3","collections_sort_enable":true,"collections_view_enable":true,"enable_items_per_page":false,"collections_custom_cols":false,"pagination":"loadmore_btn","grid":"3","rows":"4","filter_type":"vertical"}}},"order":["main"]}