{"sections":{"main":{"type":"shop-banner-overlay","blocks":{"4afe737c-35ed-432f-9c8a-f944ac644d37":{"type":"menu","settings":{"filter_title":"Custom Menu","linklist":"follow-us"}},"c1f14e69-83d1-4c5d-b400-b6466f295358":{"type":"collection_filter","settings":{}},"d8c06ad2-b5c4-4ce8-a3b5-06f9c9bf52fb":{"type":"carousel","settings":{"title":"","collection":"banner-overlay","limit":5}},"092d8a62-d51f-4ede-8c05-af1b468c517c":{"type":"image","settings":{"title":"Today's Trend","image":"shopify:\/\/shop_images\/grid03_f8bf24f0-8a41-405d-b771-b94571b893c8.jpg","link_text":"Shop Now","link":"\/"}}},"block_order":["4afe737c-35ed-432f-9c8a-f944ac644d37","c1f14e69-83d1-4c5d-b400-b6466f295358","d8c06ad2-b5c4-4ce8-a3b5-06f9c9bf52fb","092d8a62-d51f-4ede-8c05-af1b468c517c"],"settings":{"full":true,"spacing_both_ends":true,"padding":"0,0","margin":"0,24","show_collection_image":true,"banner_position":"below-navigation","show_excerpt":true,"show_sub_collection":false,"items":"3","collections_sort_enable":true,"collections_view_enable":true,"enable_items_per_page":false,"collections_custom_cols":false,"pagination":"loadmore_btn","grid":"4","rows":"4","filter_type":"drawer"}}},"order":["main"]}