{"sections":{"165898492125bf6597":{"type":"home-grid-slider","blocks":{"165898492150191b16-0":{"type":"image_image","settings":{"image":"shopify:\/\/shop_images\/colimg04.jpg","overlay_title":"Unique Design","overlay_sub_title":"Fabulous Collections","link_text":"Shop Now","link":"shopify:\/\/collections\/left-sidebar"}},"165898492150191b16-1":{"type":"image_image","settings":{"image":"shopify:\/\/shop_images\/colimg03.jpg","overlay_title":"Couple Collection","overlay_sub_title":"Trendy Collections","link_text":"Shop Now","link":"shopify:\/\/collections\/demo-1"}},"165898492150191b16-2":{"type":"image_image","settings":{"image":"shopify:\/\/shop_images\/colimg01_bbc15b22-8e49-4f73-9794-5be980d0e881.jpg","overlay_title":"Trendz Fashion","overlay_sub_title":"Stylish Collections","link_text":"Shop Now","link":"shopify:\/\/collections\/casual-coat"}},"c5be36c3-a27f-48c8-acce-3ae09786ce69":{"type":"image_image","settings":{"image":"shopify:\/\/shop_images\/colimg02_4cb65fd8-0d22-4d20-b80d-97073f1fdf47.jpg","overlay_title":"Ethnic Design","overlay_sub_title":"Girls Fashion","link_text":"Shop Now","link":"shopify:\/\/collections\/banner-overlay"}}},"block_order":["165898492150191b16-0","165898492150191b16-1","165898492150191b16-2","c5be36c3-a27f-48c8-acce-3ae09786ce69"],"settings":{"full":true,"spacing_both_ends":true,"padding":"0,0","margin":"0,50","show_background_image":false,"background_style":"none","background_size":"auto","enable_overlay":false,"background_color":"","overlay_transparency":"0.5","section_heading":"","section_sub_heading":"","section_description":"","section_button_text":"","section_button_link":"","section_heading_color":"","section_sub_heading_color":"","section_description_color":"","section_button_bg_color":"","section_button_text_color":"","section_button_hover_bg_color":"","section_button_hover_text_color":"","heading_position":"text-center","grid":"3","column_gap":"0","enable_content":true,"item_height":400,"item_height_laptop":400,"item_height_tab":350,"item_height_mobile":300,"image_title_color":"","image_sub_title_color":"#000000","image_link_color":"#000000","image_link_hover_color":"#565e41","enable_slider":true,"remove_button_space":false,"enable_auto_height":true,"items_per_view":3,"items_laptop_view":3,"items_tablet_view":2,"items_mobile_view":1,"slider_autoplay":0,"dots":false,"carousel_pagination_alignment":"center_pagination","arrows":true,"nav_arrow_position":"center-navigation","center_nav_arrow_alignment":"along_with_container","navigation_button_color":"","navigation_button_icon_color":"","navigation_button_hover_color":"","navigation_button_hover_icon_color":"","navigation_dot_color":"","navigation_dot_active_color":"","custom_class_name":""}},"main":{"type":"collection-without-sidebar","blocks":{"4afe737c-35ed-432f-9c8a-f944ac644d37":{"type":"menu","disabled":true,"settings":{"filter_title":"Custom Menu","linklist":"side-menu-demo9"}},"c1f14e69-83d1-4c5d-b400-b6466f295358":{"type":"collection_filter","disabled":true,"settings":{}},"d8c06ad2-b5c4-4ce8-a3b5-06f9c9bf52fb":{"type":"carousel","disabled":true,"settings":{"title":"Best Seller","collection":"demo-1","limit":5}},"092d8a62-d51f-4ede-8c05-af1b468c517c":{"type":"image","disabled":true,"settings":{"title":"Today's Trends","image":"shopify:\/\/shop_images\/grid-img1.jpg","link_text":"Shop Now","link":"\/"}}},"block_order":["4afe737c-35ed-432f-9c8a-f944ac644d37","c1f14e69-83d1-4c5d-b400-b6466f295358","d8c06ad2-b5c4-4ce8-a3b5-06f9c9bf52fb","092d8a62-d51f-4ede-8c05-af1b468c517c"],"settings":{"full":true,"spacing_both_ends":true,"padding":"0,0","margin":"0,24","show_collection_image":false,"banner_position":"with-in-container","show_excerpt":true,"show_sub_collection":true,"items":"2","collections_sort_enable":true,"collections_view_enable":true,"enable_items_per_page":true,"collections_custom_cols":false,"pagination":"numbers","grid":"4","rows":"4"}}},"order":["165898492125bf6597","main"]}