{"sections":{"165898594481f1460a":{"type":"home-grid-slider","blocks":{"165898594405c76539-0":{"type":"image_image","settings":{"image":"shopify:\/\/shop_images\/colimg03.jpg","overlay_title":"Authentic Style","overlay_sub_title":"Elegant Products","link_text":"Shop Now","link":"shopify:\/\/collections\/banner-overlay"}},"165898594405c76539-1":{"type":"image_image","settings":{"image":"shopify:\/\/shop_images\/colimg04.jpg","overlay_title":"Fabulous Design","overlay_sub_title":"Popular Collections","link_text":"Shop Now","link":"shopify:\/\/collections\/casual-coat"}},"165898594405c76539-2":{"type":"image_image","settings":{"image":"shopify:\/\/shop_images\/colimg01.jpg","overlay_title":"Unique Model","overlay_sub_title":"Stylish Collections","link_text":"Shop Now","link":"shopify:\/\/collections\/demo1-coats-jackets"}},"aae99cd4-f4f7-4076-852f-76d9667b48e4":{"type":"image_image","settings":{"image":"shopify:\/\/shop_images\/colimg02_4cb65fd8-0d22-4d20-b80d-97073f1fdf47.jpg","overlay_title":"Ethnic Design","overlay_sub_title":"Stylish Collection","link_text":"Shop Now","link":"shopify:\/\/collections\/demo-1"}}},"block_order":["165898594405c76539-0","165898594405c76539-1","165898594405c76539-2","aae99cd4-f4f7-4076-852f-76d9667b48e4"],"settings":{"full":true,"spacing_both_ends":true,"padding":"0,0","margin":"0,50","show_background_image":false,"background_style":"none","background_size":"auto","enable_overlay":false,"background_color":"","overlay_transparency":"0.5","section_heading":"","section_sub_heading":"","section_description":"","section_button_text":"","section_button_link":"","section_heading_color":"","section_sub_heading_color":"","section_description_color":"","section_button_bg_color":"","section_button_text_color":"","section_button_hover_bg_color":"","section_button_hover_text_color":"","heading_position":"text-center","grid":"3","column_gap":"30","enable_content":true,"item_height":450,"item_height_laptop":400,"item_height_tab":350,"item_height_mobile":300,"content_bg":"","image_title_color":"","image_sub_title_color":"#000000","image_link_color":"#000000","image_link_hover_color":"#565e41","enable_slider":true,"remove_button_space":false,"enable_auto_height":true,"items_per_view":3,"items_laptop_view":3,"items_tablet_view":2,"items_mobile_view":1,"slider_autoplay":3,"dots":false,"carousel_pagination_alignment":"center_pagination","arrows":false,"nav_arrow_position":"navigation-bottom-center","center_nav_arrow_alignment":"outside_container","navigation_button_color":"","navigation_button_icon_color":"","navigation_button_hover_color":"","navigation_button_hover_icon_color":"","navigation_dot_color":"","navigation_dot_active_color":"","custom_class_name":""}},"main":{"type":"shop-progress-bar","blocks":{"4afe737c-35ed-432f-9c8a-f944ac644d37":{"type":"menu","settings":{"filter_title":"Category","linklist":"sidebar-demo-1"}},"c1f14e69-83d1-4c5d-b400-b6466f295358":{"type":"collection_filter","settings":{}},"d8c06ad2-b5c4-4ce8-a3b5-06f9c9bf52fb":{"type":"carousel","settings":{"title":"Best Sellers","collection":"demo-1","limit":5}},"092d8a62-d51f-4ede-8c05-af1b468c517c":{"type":"image","settings":{"title":"Today's Trend","image":"shopify:\/\/shop_images\/grid-img1.jpg","link_text":"Shop Now","link":"\/"}}},"block_order":["4afe737c-35ed-432f-9c8a-f944ac644d37","c1f14e69-83d1-4c5d-b400-b6466f295358","d8c06ad2-b5c4-4ce8-a3b5-06f9c9bf52fb","092d8a62-d51f-4ede-8c05-af1b468c517c"],"settings":{"full":true,"spacing_both_ends":true,"padding":"0,0","margin":"0,24","show_collection_image":true,"banner_position":"with-in-container","show_excerpt":true,"show_sub_collection":true,"items":"2","collections_sort_enable":true,"collections_view_enable":true,"enable_items_per_page":false,"collections_custom_cols":false,"pagination":"loadmore_btn","grid":"3","rows":"3","filter_type":"vertical"}}},"order":["165898594481f1460a","main"]}