{"sections":{"16484715585d0b75d2":{"type":"slideshow","blocks":{"7e33837d-b447-4031-9b6f-97da7a46ad45":{"type":"Slider","settings":{"slider_type":"image","image":"shopify:\/\/shop_images\/1.jpg","mobile_image":"shopify:\/\/shop_images\/tm-a.jpg","video_url":"https:\/\/storage.googleapis.com\/coverr-main\/mp4\/Palm_Trees.mp4","iframe_url":"","mobile_bg_clr":"#dddcd6","text_alignment":"text-center","content_position":"dt-sc-flex-center","show_image":false,"show_content":true,"title_2":"50% Sale","subheading_color":"#000000","subheading_size":"94","title":"Unique Fashion","heading_color":"#000000","heading_size":"80","additional_text":"50% OFF","additional_heading_color":"#c1c1bc","additional_heading_size":"214","desc":"Consectetur adipiscing elit duis tristique sollicitudin nibh enim eu turpis egestas pretium aenean pharetra suscipit adipiscing bibendum est ultricie mollis nunc sed id.","desc_color":"#000000","desc_size":"16","button":"Shop Now","link":"shopify:\/\/collections\/casual-coat","btn_bg_color":"#ffffff","btn_txt_color":"#565e41","btn_hoverbg_color":"#000000","btn_hovertxt_color":"#ffffff","button_2":"New Arrivals","link_2":"shopify:\/\/collections\/party-shorts","btn_bg_color_2":"#000000","btn_txt_color_2":"#ffffff","btn_hoverbg_color_2":"#ffffff","btn_hovertxt_color_2":"#565e41","slide_content_bg":"rgba(0,0,0,0)","slide_bg":"#ffffff","enable_additional_button":false,"additional_button_text":"View More","additional_button_link":"","additional_button_text_color":"","additional_button_text_hover_color":""}},"1c3ef5d2-7158-4a50-8def-1e1c84b6a9c6":{"type":"Slider","settings":{"slider_type":"image","image":"shopify:\/\/shop_images\/2.jpg","mobile_image":"shopify:\/\/shop_images\/tm-b.jpg","video_url":"https:\/\/cdn.shopify.com\/s\/files\/1\/3099\/9934\/files\/845f1827c32642fda4eb0765b6dc7f00.HD-1080p-7.2Mbps.mp4?v=1651209135","iframe_url":"","mobile_bg_clr":"#dddcd6","text_alignment":"text-center","content_position":"dt-sc-flex-center","show_image":false,"show_content":true,"title_2":"50% Sale","subheading_color":"#000000","subheading_size":"94","title":"Trendy Designs","heading_color":"","heading_size":"80","additional_text":"50% OFF","additional_heading_color":"#d3d3ce","additional_heading_size":"214","desc":"Quis enim lobortis scelerisque fermentum dui faucibus in ornare in dictum non consectetur a erat nam at lectus curabitur gravida arcu ac quam viverra orci sagittis eu volutpat odio.","desc_color":"","desc_size":"16","button":"Shop Now","link":"shopify:\/\/collections\/sleeveless-dress","btn_bg_color":"#ffffff","btn_txt_color":"#565e41","btn_hoverbg_color":"#000000","btn_hovertxt_color":"#ffffff","button_2":"New Arrivals","link_2":"shopify:\/\/collections\/casual-coat","btn_bg_color_2":"#000000","btn_txt_color_2":"#ffffff","btn_hoverbg_color_2":"#ffffff","btn_hovertxt_color_2":"#565e41","slide_content_bg":"rgba(0,0,0,0)","slide_bg":"#ffffff","enable_additional_button":false,"additional_button_text":"View More","additional_button_link":"","additional_button_text_color":"","additional_button_text_hover_color":""}},"ad2816a5-9c40-4038-98c1-a862ab3cda76":{"type":"Slider","settings":{"slider_type":"image","image":"shopify:\/\/shop_images\/3.jpg","mobile_image":"shopify:\/\/shop_images\/tm-c.jpg","video_url":"https:\/\/storage.googleapis.com\/coverr-main\/mp4\/Palm_Trees.mp4","iframe_url":"","mobile_bg_clr":"#dddcd6","text_alignment":"text-center","content_position":"dt-sc-flex-center","show_image":false,"show_content":true,"title_2":"10% Sale","subheading_color":"#000000","subheading_size":"94","title":"Classic Designs","heading_color":"#000000","heading_size":"80","additional_text":"50% OFF","additional_heading_color":"#d3d3ce","additional_heading_size":"214","desc":"Eu scelerisque felis imperdiet proin fermentum leo vel orci porta non consectetur a erat nam at scelerisque fermentum dui faucibus. Turpis egestas pretium aenean pharetra magna.","desc_color":"","desc_size":"16","button":"Shop Now","link":"shopify:\/\/collections\/party-shorts","btn_bg_color":"#ffffff","btn_txt_color":"#565e41","btn_hoverbg_color":"#000000","btn_hovertxt_color":"#ffffff","button_2":"New Arrivals","link_2":"shopify:\/\/collections\/sleeveless-dress","btn_bg_color_2":"#000000","btn_txt_color_2":"#ffffff","btn_hoverbg_color_2":"#ffffff","btn_hovertxt_color_2":"#565e41","slide_content_bg":"rgba(0,0,0,0)","slide_bg":"#ffffff","enable_additional_button":false,"additional_button_text":"View More","additional_button_link":"","additional_button_text_color":"","additional_button_text_hover_color":""}}},"block_order":["7e33837d-b447-4031-9b6f-97da7a46ad45","1c3ef5d2-7158-4a50-8def-1e1c84b6a9c6","ad2816a5-9c40-4038-98c1-a862ab3cda76"],"settings":{"full":true,"spacing_both_ends":false,"margin":"0,0","slider_height":900,"slider_height_lap":800,"slider_height_tab":700,"slider_height_mobile":660,"video-aspect-ratio":"","content_within_container":false,"enable_box_shadow":false,"border_radius":"0","content_border_radius":"10","autoplay":false,"slideshow_speed":"5000","dots":true,"carousel_pagination_alignment":"center_pagination","carousel_pagination_bottom_alignment":"inside_element","arrows":true,"nav_arrow_position":"center-navigation","center_nav_arrow_alignment":"inside_container","navigation_button_color":"#d1c2bb","navigation_button_icon_color":"#000000","navigation_button_hover_color":"#d1c2bb","navigation_button_hover_icon_color":"#000000","navigation_dot_color":"#a5a5a5","navigation_dot_active_color":"#565e41","custom_class_name":"custom-main-demo-slider"}},"1657190233504335fc":{"type":"home-featured-collection","blocks":{"16571902336effc08b-0":{"type":"collection","settings":{"collection":"modern-dress","block_button_text":"Shop Now","block_text_align":"text-center","content_position":"center","reverse_column":false,"block_banner_bg":"rgba(0,0,0,0)","block_content_box_bg":"","block_heading_color":"","block_sub_heading_color":"","block_description_color":"","block_button_bg_color":"","block_button_text_color":"","block_button_hover_bg_color":"","block_button_hover_text_color":"","overlay_style":"use_overlay","overlay_color":"#e8e3d8","overlay_opacity":"0.6","rotation_degree":"180"}},"3febaac5-33d4-4fff-95b0-3ad52286c7df":{"type":"collection","settings":{"collection":"casual-coat","block_button_text":"Shop Now","block_text_align":"text-center","content_position":"center","reverse_column":false,"block_banner_bg":"rgba(0,0,0,0)","block_content_box_bg":"","block_heading_color":"","block_sub_heading_color":"","block_description_color":"","block_button_bg_color":"","block_button_text_color":"","block_button_hover_bg_color":"","block_button_hover_text_color":"","overlay_style":"use_overlay","overlay_color":"#e8e3d8","overlay_opacity":"0.6","rotation_degree":"180"}},"16571902336effc08b-1":{"type":"collection","settings":{"collection":"party-shorts","block_button_text":"Shop Now","block_text_align":"text-center","content_position":"center","reverse_column":false,"block_banner_bg":"rgba(0,0,0,0)","block_content_box_bg":"","block_heading_color":"","block_sub_heading_color":"","block_description_color":"","block_button_bg_color":"","block_button_text_color":"","block_button_hover_bg_color":"","block_button_hover_text_color":"","overlay_style":"use_overlay","overlay_color":"#e8e3d8","overlay_opacity":"0.6","rotation_degree":"180"}},"04d79418-27ad-47e6-a27a-235cbc107e43":{"type":"collection","settings":{"collection":"sleeveless-dress","block_button_text":"Shop Now","block_text_align":"text-center","content_position":"center","reverse_column":false,"block_banner_bg":"rgba(0,0,0,0)","block_content_box_bg":"","block_heading_color":"","block_sub_heading_color":"","block_description_color":"","block_button_bg_color":"","block_button_text_color":"","block_button_hover_bg_color":"","block_button_hover_text_color":"","overlay_style":"use_overlay","overlay_color":"#e8e3d8","overlay_opacity":"0.6","rotation_degree":"180"}}},"block_order":["16571902336effc08b-0","3febaac5-33d4-4fff-95b0-3ad52286c7df","16571902336effc08b-1","04d79418-27ad-47e6-a27a-235cbc107e43"],"settings":{"full":false,"spacing_both_ends":false,"padding":"0,0","margin":"100,0","show_background_image":false,"background_style":"none","background_size":"auto","enable_overlay":false,"background_color":"","overlay_transparency":"0.5","section_heading":"","section_sub_heading":"","section_description":"","section_button_text":"","section_button_link":"","section_heading_color":"","section_sub_heading_color":"","section_description_color":"","section_button_bg_color":"","section_button_text_color":"","section_button_hover_bg_color":"","section_button_hover_text_color":"","heading_position":"text-center","grid":"4","block_banner_style":"grid","column_gap":"64","equal_height":false,"overlay_style_height":"400","enable_box_shadow":false,"border_radius":"0","content_width":"50\/50","lap_content_width":"35\/65","enable_slider":false,"enable_auto_height":true,"slider_autoplay":0,"items_per_view":2,"dots":true,"carousel_pagination_alignment":"center_pagination","arrows":true,"nav_arrow_position":"center-navigation","center_nav_arrow_alignment":"outside_container","navigation_button_color":"","navigation_button_icon_color":"","navigation_button_hover_color":"","navigation_button_hover_icon_color":"","navigation_dot_color":"","navigation_dot_active_color":"","custom_class_name":"custom-featured-collection"}},"16547565266695f71b":{"type":"home-grid-banner","blocks":{"16547565251d7ef26a-0":{"type":"content","settings":{"grid_banner_type":"image","show_image_title":true,"block_image_title":"SHOP NEW ARRIVALS","block_image_title2":"TRENDING DESIGNS","block_image_title_color":"#d1c2bb","block_image":"shopify:\/\/shop_images\/grid05_ee8020de-8478-4624-a23c-e7e0d4c3cfd7.jpg","block_video":"https:\/\/www.w3schools.com\/tags\/mov_bbb.mp4","video_icon_color":"","video_icon_position":"icon-top-right","content_with_icon":false,"video_icon_outer_size":"60px","video_icon_size":"40px","show_image":true,"show_content":true,"block_title":"Classy Collections","block_title_link":"shopify:\/\/collections\/casual-coat","block_sub_title":"","block_description":"Blandit massa enim nec dui nunc mattis enim elementum sagittis vitae et leo duis cursus turpis massa tincidunt.","block_button_text":"Shop New Arrivals","block_button_link":"shopify:\/\/collections\/party-shorts","block_button_text2":"Shop Trending Products","block_button_link2":"shopify:\/\/collections\/sleeveless-dress","block_text_align":"text-start","content_position":"center-left","reverse_column":false,"block_banner_bg":"rgba(0,0,0,0)","block_content_box_bg":"rgba(0,0,0,0)","block_heading_color":"","block_sub_heading_color":"","block_description_color":"","block_button_bg_color":"rgba(0,0,0,0)","block_button_text_color":"#000000","block_button_hover_bg_color":"rgba(0,0,0,0)","block_button_hover_text_color":"#565e41","overlay_style":"use_overlay","overlay_color":"rgba(0,0,0,0)","overlay_opacity":"0.5","rotation_degree":"180","block_animation_text":"fadeIn"}},"71d24b92-125d-4f9d-bfc9-941bbc7bcbed":{"type":"content","settings":{"grid_banner_type":"image","show_image_title":true,"block_image_title":"TOP FASHION","block_image_title2":"TOP FASHION","block_image_title_color":"#d1c2bb","block_image":"shopify:\/\/shop_images\/grid06_2fa4987f-59e5-4816-af30-8f50aa801a8e.jpg","block_video":"https:\/\/www.w3schools.com\/tags\/mov_bbb.mp4","video_icon_color":"","video_icon_position":"icon-top-right","content_with_icon":false,"video_icon_outer_size":"60px","video_icon_size":"40px","show_image":true,"show_content":true,"block_title":"New Collections","block_title_link":"shopify:\/\/collections\/casual-coat","block_sub_title":"","block_description":"Morbi tristique senectus et netus et malesuada fames ac tincidunt vitae semper sagittis nisl rhoncus mattis rhoncus.","block_button_text":"Shop New Arrivals","block_button_link":"shopify:\/\/collections\/shop-demo-1","block_button_text2":"Shop Trending Products","block_button_link2":"shopify:\/\/collections\/party-shorts","block_text_align":"text-start","content_position":"center-left","reverse_column":true,"block_banner_bg":"rgba(0,0,0,0)","block_content_box_bg":"rgba(0,0,0,0)","block_heading_color":"","block_sub_heading_color":"","block_description_color":"","block_button_bg_color":"","block_button_text_color":"#000000","block_button_hover_bg_color":"","block_button_hover_text_color":"#3d3d3d","overlay_style":"use_overlay","overlay_color":"rgba(0,0,0,0)","overlay_opacity":"0.5","rotation_degree":"180","block_animation_text":"fadeIn"}}},"block_order":["16547565251d7ef26a-0","71d24b92-125d-4f9d-bfc9-941bbc7bcbed"],"settings":{"full":true,"spacing_both_ends":true,"padding":"0,0","margin":"90,100","show_background_image":false,"background_style":"none","background_size":"auto","enable_overlay":false,"background_color":"","overlay_transparency":"0.5","section_heading":"Know Us","section_sub_heading":"","section_description":"Vitae congue eu consequat ac felis pretium nibh ipsum consequat nisl ve augue interdum velit euismod  lorem donec massa sapien","section_button_text":"","section_button_link":"","section_heading_color":"","section_sub_heading_color":"","section_description_color":"","section_button_bg_color":"","section_button_text_color":"","section_button_hover_bg_color":"","section_button_hover_text_color":"","heading_position":"text-center","block_banner_style":"list","column_gap":"80","grid":"2","border_radius":"0","enable_box_shadow":false,"equal_height":false,"content_width":"47\/53","lap_content_width":"50\/50","overlay_style_height":600,"overlay_style_height_laptop":500,"overlay_style_height_mobile":400,"custom_class_name":"custom-list-banner"}},"1654759313da7fd025":{"type":"home-grid-banner","disabled":true,"blocks":{"1654759313e2532c96-0":{"type":"content","settings":{"grid_banner_type":"image","show_image_title":true,"block_image_title":"TRENDZ FASHION","block_image_title2":"Image title","block_image_title_color":"#d9ddcf","block_image":"shopify:\/\/shop_images\/img2.jpg","block_video":"https:\/\/www.w3schools.com\/tags\/mov_bbb.mp4","video_icon_color":"","video_icon_position":"icon-top-right","content_with_icon":false,"video_icon_outer_size":"60px","video_icon_size":"40px","show_image":true,"show_content":true,"block_title":"Men Collections","block_title_link":"","block_sub_title":"TRENDY STYLE","block_description":"Lorem ipsum dolor sit amet, consectetur adipiscing elit, sed do eiusmod tempor incididunt ut labore et dolore magna aliqua. Quis ipsum suspendisse ultrices gravida. Risus commodo viverra maecenas accumsan lacus vel facilisis.","block_button_text":"Shop New Arrivals","block_button_link":"\/","block_button_text2":"","block_button_link2":"","block_text_align":"text-start","content_position":"center","reverse_column":true,"block_banner_bg":"rgba(0,0,0,0)","block_content_box_bg":"rgba(0,0,0,0)","block_heading_color":"#000000","block_sub_heading_color":"#000000","block_description_color":"","block_button_bg_color":"rgba(0,0,0,0)","block_button_text_color":"#000000","block_button_hover_bg_color":"rgba(0,0,0,0)","block_button_hover_text_color":"#565e41","overlay_style":"use_overlay","overlay_color":"rgba(0,0,0,0)","overlay_opacity":"0.5","rotation_degree":"180","block_animation_text":"fadeIn"}}},"block_order":["1654759313e2532c96-0"],"settings":{"full":true,"spacing_both_ends":false,"padding":"0,0","margin":"70,0","show_background_image":false,"background_style":"none","background_size":"auto","enable_overlay":false,"background_color":"","overlay_transparency":"0.5","section_heading":"","section_sub_heading":"","section_description":"","section_button_text":"","section_button_link":"","section_heading_color":"","section_sub_heading_color":"","section_description_color":"","section_button_bg_color":"","section_button_text_color":"","section_button_hover_bg_color":"","section_button_hover_text_color":"","heading_position":"text-center","block_banner_style":"list","column_gap":"30","grid":"2","border_radius":"0","enable_box_shadow":false,"equal_height":false,"content_width":"60\/40","lap_content_width":"50\/50","overlay_style_height":600,"overlay_style_height_laptop":500,"overlay_style_height_mobile":400,"custom_class_name":"custom-list-banner"}},"1657179879952aac39":{"type":"home-html-text","settings":{"full":false,"spacing_both_ends":false,"padding":"200,160","margin":"0,0","show_background_image":true,"background_image":"shopify:\/\/shop_images\/grid07_a966f067-b0d2-435a-bd95-6ea919f3c421.jpg","background_style":"none","background_size":"cover","enable_overlay":false,"background_color":"","overlay_transparency":"0.5","section_heading":"Fancy Dress","section_sub_heading":"Fabulous Summer Cloths","section_description":"Cras ornare arcu dui vivamus arcu felis tortor vitae purus.","section_button_text":"Shop Now","section_button_link":"shopify:\/\/collections\/casual-coat","section_heading_color":"","section_sub_heading_color":"","section_description_color":"","section_button_bg_color":"","section_button_text_color":"","section_button_hover_bg_color":"","section_button_hover_text_color":"","heading_position":"text-center","html":"<div id=\"marquee-text\">Seasonal\n<\/div>","custom_class_name":"custom-main-html-text"}},"1654759336c4c7a41b":{"type":"home-product-carousel","settings":{"full":true,"spacing_both_ends":true,"padding":"0,0","margin":"90,0","show_background_image":false,"background_style":"none","background_size":"auto","enable_overlay":false,"background_color":"","overlay_transparency":"0.5","section_heading":"Famous Collection","section_sub_heading":"","section_description":"","section_button_text":"","section_button_link":"","section_heading_color":"","section_sub_heading_color":"","section_description_color":"","section_button_bg_color":"","section_button_text_color":"","section_button_hover_bg_color":"","section_button_hover_text_color":"","heading_position":"text-center","grouped_content_bg":"","grouped_column_gap":"20","grouped_content_padding":"0","group_border_radius":"","enable_group_box_shadow":false,"reverse_column":false,"content_width":"30\/70","lap_content_width":"35\/65","additional_block_background_color":"","additional_block_box_shadow":false,"additional_content_padding":"0","additional_block_border_radius":"0","enable_main_content":true,"main_block_background_color":"","enable_main_block_box_shadow":false,"main_block_border_radius":"0","main_content_padding":"0","collection":"shop-demo-1","column_gap":"20","border_radius":"0","enable_list_view":false,"grid":"2","post_limit":2,"enable_slider":true,"items_per_view":4,"items_laptop_view":3,"items_tablet_view":2,"items_mobile_view":1,"enable_center_mode":false,"rows":1,"slider_autoplay":0,"enable_auto_height":false,"dots":false,"carousel_pagination_alignment":"center_pagination","carousel_pagination_bottom_alignment":"outside_element","arrows":true,"nav_arrow_position":"navigation-top-center","center_nav_arrow_alignment":"inside_container","navigation_button_color":"","navigation_button_icon_color":"#000000","navigation_button_hover_color":"","navigation_button_hover_icon_color":"#000000","navigation_dot_color":"","navigation_dot_active_color":"","enable_section_collection_button_text":false,"section_collection_button_text":"","section_collection_link":"","custom_class_name":"custom-product-carosual"}},"1654777743997058a9":{"type":"home-flex-banner","blocks":{"8eb7c848-20bd-4154-b71c-5796df888c30":{"type":"image_image","settings":{"image":"shopify:\/\/shop_images\/blog01.jpg","icon_class":"","overlay_title":"The must-have closet essential women wardrobe for the year","link":"shopify:\/\/collections\/casual-coat"}},"9250db1b-f6fd-4bf3-a635-4a79ebc3fafd":{"type":"image_image","settings":{"image":"shopify:\/\/shop_images\/blog02_0c25a6cf-1d74-4193-a6e3-2026edb0cb2d.jpg","icon_class":"","overlay_title":"The outfit that blend elegance and style for your casual wear","link":"shopify:\/\/collections\/modern-dress"}},"10e2c114-ceda-4c35-a6db-5f35a9e539b0":{"type":"image_image","settings":{"image":"shopify:\/\/shop_images\/blog03.jpg","icon_class":"","overlay_title":"Perfectly designed to ensures ultimate comfort and style","link":"shopify:\/\/collections\/party-shorts"}}},"block_order":["8eb7c848-20bd-4154-b71c-5796df888c30","9250db1b-f6fd-4bf3-a635-4a79ebc3fafd","10e2c114-ceda-4c35-a6db-5f35a9e539b0"],"settings":{"full":true,"spacing_both_ends":true,"padding":"0,0","margin":"100,0","show_background_image":false,"background_style":"none","background_size":"auto","enable_overlay":false,"background_color":"","overlay_transparency":"0.5","section_heading":"","section_sub_heading":"","section_description":"","section_button_text":"","section_button_link":"","section_heading_color":"","section_sub_heading_color":"","section_description_color":"","section_button_bg_color":"","section_button_text_color":"","section_button_hover_bg_color":"","section_button_hover_text_color":"","heading_position":"text-start","content_position":"text-end","enable_overlay_content":true,"item_height":670,"item_height_laptop":550,"item_height_tab":500,"item_height_mobile":450,"image_link_text_color":"#ffffff","image_link_hover_text_color":"#ffffff","image_overlay_icon_color":"","image_overlay_color":"#000000","custom_class_name":"custom-flex-banner"}},"165528562091f317bf":{"type":"home-testimonial","blocks":{"8bcd1f7a-7d6a-4afa-aad8-8519825b639e":{"type":"content","settings":{"quote":"<p> Eget est lorem ipsum nisl nunc mi ipsum faucibus nisi porta lorem mollis aliquam ut porttitor leo amet mattis vulputate enim nulla aliquet porttitor lacus luctus proin fermentum leo vel orci porta mattis pellentesque id nibh ornare arcu dui vivamus arcu felis tortor vitae purus faucibus ornare suspendisse sed.<\/p>","icon":"shopify:\/\/shop_images\/test02.jpg","author":"Ema Watson","job":"Monday, Jully 25, 2022","star":"5"}},"165528562093127902-0":{"type":"content","settings":{"quote":"<p>Porttitor leovitae proin sagittis nisl non arcu risus quis varius quam quisque ornare massa eget egestas purus lacus sed turpis tincidunt cursus metus aliquam eleifend mi in tristique risus nec feugiat in fermentum posuere urna at auctor urna nunc id cursus malesuada fames ac est lorem ipsum dolor nisi porta lorem mollis aliquam ut.<\/p>","icon":"shopify:\/\/shop_images\/test03.jpg","author":"Roseanna","job":"Wednesday, 27, 2022","star":"4.5"}},"b9b6ee44-310f-4256-850c-97742f44abfd":{"type":"content","settings":{"quote":"<p>Labore et dolore magna aliqua  pellentesque id nibh tortor id nulla malesuada pellentesque elit eget gravida cum sociis natoque sed do eiusmod tempor incididunt ut adipiscing diam donec adipiscing tristique risus nec pulvinar neque laoreet suspendisse venenatis cras sed felis eget velit aliquet sagittis id adipiscing elit duis tristique sollicitudin nibh.<\/p>","icon":"shopify:\/\/shop_images\/test01.jpg","author":"Morriska","job":"Friday, 29, 2022","star":"5"}}},"block_order":["8bcd1f7a-7d6a-4afa-aad8-8519825b639e","165528562093127902-0","b9b6ee44-310f-4256-850c-97742f44abfd"],"settings":{"full":true,"spacing_both_ends":true,"padding":"0,0","margin":"100,0","show_background_image":false,"background_style":"none","background_size":"auto","enable_overlay":false,"background_color":"","overlay_transparency":"0.5","section_heading":"","section_sub_heading":"","section_description":"","section_button_text":"","section_button_link":"","section_heading_color":"","section_sub_heading_color":"","section_description_color":"","section_button_bg_color":"","section_button_text_color":"","section_button_hover_bg_color":"","section_button_hover_text_color":"","heading_position":"text-center","grid":"1","block_style":"style_3","boxed_styles":"overall_boxed","enable_box_shadow":false,"reverse_column":false,"text_position":"text-center","quote_icon":"shopify:\/\/shop_images\/quote-icon.png","quote_style":"quote-icon-in-content","author_info_style":"style_2","border_radius":"50%","boxed_border_radius":"0","column_gap":"30","content_width":"30\/70","lap_content_width":"20\/80","vertical_position":"vertical-top","testimonial_border_color":"","testimonial_background_color":"#f5f5f5","testimonial_content_color":"#000000","testimonial_review_color":"linear-gradient(180deg, rgba(245, 149, 9, 1) 1%, rgba(255, 192, 2, 1) 100%)","testimonial_author_text_color":"#000000","testimonial_author_designation_color":"#000000","testimonial_author_separator_color":"","testimonial_quote_icon_color":"#000000","enable_slider":true,"enable_auto_height":true,"items_per_view":1,"items_laptop_view":1,"items_tablet_view":1,"items_mobile_view":1,"enable_center_mode":false,"slider_autoplay":0,"dots":false,"carousel_pagination_alignment":"center_pagination","carousel_pagination_bottom_alignment":"outside_element","arrows":true,"nav_arrow_position":"navigation-top-right","center_nav_arrow_alignment":"outside_container","navigation_button_color":"","navigation_button_icon_color":"#000000","navigation_button_hover_color":"","navigation_button_hover_icon_color":"#000000","navigation_dot_color":"","navigation_dot_active_color":"","show_right_block_image":true,"right_block_image":"shopify:\/\/shop_images\/grid11.jpg","custom_class_name":"custom-testimonial"}},"1655448438ae73cc87":{"type":"home-support-block","blocks":{"41dd20d5-e872-443d-825b-c7f05b50ab97":{"type":"mask-image","settings":{"mask_image":"shopify:\/\/shop_images\/icon01.png","title":"Free Shipping","link":"\/","desc":"","heading_hover_color":"#ecc050","block_icon_color":"#000000","block_icon_hover_color":"#ecc050"}},"4761a4bb-33cd-4fd3-82b4-a04de6e03a07":{"type":"mask-image","settings":{"mask_image":"shopify:\/\/shop_images\/icon02.png","title":"Returns","link":"\/","desc":"","heading_hover_color":"#f5978b","block_icon_color":"#000000","block_icon_hover_color":"#f5978b"}},"569993fb-48f6-458a-b17e-d90928579f88":{"type":"mask-image","settings":{"mask_image":"shopify:\/\/shop_images\/icon04.png","title":"Secure Payments","link":"\/","desc":"","heading_hover_color":"#bee1e6","block_icon_color":"#000000","block_icon_hover_color":"#bee1e6"}},"1e13acd1-51e1-45a0-a3f6-eaae49709146":{"type":"mask-image","settings":{"mask_image":"shopify:\/\/shop_images\/icon03.png","title":"Customer Support","link":"\/","desc":"","heading_hover_color":"#f4dfb8","block_icon_color":"#000000","block_icon_hover_color":"#f4dfb8"}}},"block_order":["41dd20d5-e872-443d-825b-c7f05b50ab97","4761a4bb-33cd-4fd3-82b4-a04de6e03a07","569993fb-48f6-458a-b17e-d90928579f88","1e13acd1-51e1-45a0-a3f6-eaae49709146"],"settings":{"full":false,"spacing_both_ends":false,"padding":"0,0","margin":"80,70","show_background_image":false,"background_style":"none","background_size":"auto","enable_overlay":false,"background_color":"","overlay_transparency":"0.5","section_heading":"","section_sub_heading":"","section_description":"","section_button_text":"","section_button_link":"","section_heading_color":"","section_sub_heading_color":"","section_description_color":"","section_button_bg_color":"","section_button_text_color":"","section_button_hover_bg_color":"","section_button_hover_text_color":"","heading_position":"text-center","text_position":"text-center","block_style":"style-3","grid":"4","enable_grid_style":true,"vertical_position":"position-vertical-center","reverse_column":false,"border_radius":"0px","icon_border_radius":"0px","enable_box_shadow":false,"block_icon_outer_size":"89px","block_icon_size":"88px","block_icon_bg":"rgba(0,0,0,0)","block_icon_border_color":"rgba(0,0,0,0)","block_heading_color":"","block_description_color":"","block_button_bg_color":"rgba(0,0,0,0)","block_button_text_color":"#000000","block_button_hover_bg_color":"rgba(0,0,0,0)","block_button_hover_text_color":"#000000","custom_class_name":"custom-main-support-block"}},"1655458912f79b1860":{"type":"home-newsletter","settings":{"full":true,"spacing_both_ends":true,"padding":"0,0","margin":"0,0","show_background_image":false,"background_style":"none","background_size":"auto","background_color":"#f5f5f5","enable_overlay":true,"overlay_transparency":"1","section_heading":"Sign Up News Letter","section_sub_heading":"","section_description":"Laoreet suspendisse venenatis cras sed felis eget velit aliquet sagittis id curabitur gravida arcu ac. Ornare quam viverra orci sagittis eu volutpat odio","section_button_text":"","section_button_link":"","section_heading_color":"","section_sub_heading_color":"","section_description_color":"","section_button_bg_color":"","section_button_text_color":"","section_button_hover_bg_color":"","section_button_hover_text_color":"","heading_position":"text-center","section_position":"text-center","newsletter_form_width":"65%","newsletter_description":"Sign Up our news letter and get our latest updation","news_style":"default","reverse_column":false,"space_in_between":"0px","newsletter_box_border_color":"#000000","newsletter_box_bg_color":"rgba(0,0,0,0)","newsletter_box_border_focus_color":"","newsletter_button_bg_color":"","newsletter_button_text_color":"","newsletter_button_hover_bg_color":"","newsletter_button_hover_text_color":"","newsletter_description_color":"","custom_class_name":"custom-newsletter"}},"1654676858d946e20b":{"type":"home-image-gallery","blocks":{"165467685865eb3b00-0":{"type":"image_image","settings":{"image":"shopify:\/\/shop_images\/insta01.jpg","icon_class":"fa fa-instagram","overlay_title":"","link":"\/"}},"165467685865eb3b00-2":{"type":"image_image","settings":{"image":"shopify:\/\/shop_images\/insta02.jpg","icon_class":"fa fa-instagram","overlay_title":"","link":"\/"}},"165467685865eb3b00-3":{"type":"image_image","settings":{"image":"shopify:\/\/shop_images\/insta03.jpg","icon_class":"fa fa-instagram","overlay_title":"","link":"\/"}},"165467685865eb3b00-4":{"type":"image_image","settings":{"image":"shopify:\/\/shop_images\/insta05.jpg","icon_class":"fa fa-instagram","overlay_title":"","link":"\/"}},"165467685865eb3b00-1":{"type":"image_image","settings":{"image":"shopify:\/\/shop_images\/insta04.jpg","icon_class":"fa fa-instagram","overlay_title":"","link":"\/"}},"898e5675-ad3d-4041-a449-b43062312c5e":{"type":"image_image","settings":{"image":"shopify:\/\/shop_images\/insta06.jpg","icon_class":"fa fa-instagram","overlay_title":"","link":"\/"}}},"block_order":["165467685865eb3b00-0","165467685865eb3b00-2","165467685865eb3b00-3","165467685865eb3b00-4","165467685865eb3b00-1","898e5675-ad3d-4041-a449-b43062312c5e"],"settings":{"full":true,"spacing_both_ends":true,"padding":"0,0","margin":"100,60","show_background_image":false,"background_style":"none","background_size":"auto","enable_overlay":false,"background_color":"","overlay_transparency":"0.5","section_heading":"@Yourinstagram","section_sub_heading":"","section_description":"","section_button_text":"","section_button_link":"","section_heading_color":"","section_sub_heading_color":"","section_description_color":"","section_button_bg_color":"","section_button_text_color":"","section_button_hover_bg_color":"","section_button_hover_text_color":"","heading_position":"text-center","grid":"5","column_gap":"15","image_list_text":"Insta feed","enable_overlay_content":true,"item_height":310,"item_height_laptop":310,"item_height_tab":310,"item_height_mobile":310,"image_link_text_color":"#e6e6e6","image_link_hover_text_color":"","image_overlay_icon_color":"#000000","image_overlay_color":"#ffffff","icon_size":"24","enable_slider":true,"remove_button_space":false,"enable_auto_height":true,"items_per_view":5,"items_laptop_view":4,"items_tablet_view":3,"items_mobile_view":1,"enable_center_mode":false,"slider_autoplay":5,"dots":false,"carousel_pagination_alignment":"center_pagination","arrows":false,"nav_arrow_position":"center-navigation","center_nav_arrow_alignment":"along_with_container","navigation_button_color":"#ffffff","navigation_button_icon_color":"#000000","navigation_button_hover_color":"#000000","navigation_button_hover_icon_color":"#ffffff","navigation_dot_color":"","navigation_dot_active_color":"","custom_class_name":"custom-image-list"}}},"order":["16484715585d0b75d2","1657190233504335fc","16547565266695f71b","1654759313da7fd025","1657179879952aac39","1654759336c4c7a41b","1654777743997058a9","165528562091f317bf","1655448438ae73cc87","1655458912f79b1860","1654676858d946e20b"]}