{"sections":{"main":{"type":"faq-template-1","blocks":{"8011fac7-851e-43b3-b045-4567173de938":{"type":"class","settings":{"class":"","title":"What shipping methods are available?","desc":"Proin libero nunc consequat interdum varius. Tellus in hac habitasse platea dictumst vestibulum rhoncus est. Donec ac odio tempor orci. At augue eget arcu dictum varius duis at. Tempor id eu nisl nunc mi. Pharetra et ultrices neque ornare aenean euismod elementum nisi. Purus in massa tempor nec. Id consectetur purus ut faucibus pulvinar elementum. Tristique et egestas quis ipsum suspendisse."}},"2a05f170-c284-4eb1-a633-f6563a7510aa":{"type":"class","settings":{"class":"","title":"What payment methods are accepted?","desc":"Fusce a fermentum leo. Morbi quis eleifend nulla. Curabitur sit amet nunc sagittis, congue massa sed, condimentum enim. Aenean lacinia risus elementum, viverra justo rhoncus, mattis massa. Praesent ornare nunc rutrum, feugiat ante eu, tempor lacus. Etiam dui leo, scelerisque in congue id, feugiat et eros."}},"cf7f7746-03e1-468e-87c5-066972f5596e":{"type":"class","settings":{"class":"","title":"How do I track my order?","desc":"Integer a erat vitae nunc convallis eleifend eu quis arcu. Vivamus et turpis nibh. Suspendisse vel eros at ex elementum pulvinar in vel ipsum. Donec iaculis ullamcorper ante et faucibus. Pellentesque et augue euismod nunc pharetra consectetur id iaculis ante. Sed eget metus sodales, ullamcorper nulla nec, mollis purus."}},"490aa0cf-8cb1-437c-952a-6380c92b4cd2":{"type":"class","settings":{"class":"","title":"Do you ship internationally?","desc":"Nullam egestas vel lectus non pretium. Nam et lorem id risus scelerisque hendrerit. Suspendisse ornare, magna non volutpat interdum, tellus felis condimentum magna, non laoreet mauris eros vel nisi. In luctus lectus convallis, tempor quam at, eleifend eros. Nunc velit turpis, interdum a mi sit amet, facilisis elementum ex."}},"9843ae61-f83b-49b8-81fc-6a7a8693de9b":{"type":"class","settings":{"class":"fa fa-home","title":"Can I cancel my order?","desc":"In luctus lectus, tempor at, eros. Nunc velit turpis, interdum a mi sit amet, facilisis elementum ex. Nunc vulputate nibh a nisi tempus semper. Morbi nisl leo, pharetra quis dignissim eu, lacinia vel turpis. Nunc eu tempus enim. Curabitur id quam at tortor faucibus faucibus. Vestibulum sit amet amet felis nec a risus."}}},"block_order":["8011fac7-851e-43b3-b045-4567173de938","2a05f170-c284-4eb1-a633-f6563a7510aa","cf7f7746-03e1-468e-87c5-066972f5596e","490aa0cf-8cb1-437c-952a-6380c92b4cd2","9843ae61-f83b-49b8-81fc-6a7a8693de9b"],"settings":{"full":false,"spacing_both_ends":false,"padding":"0,0","margin":"0,0","show_background_image":false,"background_style":"none","background_size":"auto","enable_overlay":false,"background_color":"","overlay_transparency":"0.5","section_heading":"Frequently Asked Question","section_sub_heading":"","section_description":"","section_button_text":"","section_button_link":"","section_heading_color":"","section_sub_heading_color":"","section_description_color":"","section_button_bg_color":"","section_button_text_color":"","section_button_hover_bg_color":"","section_button_hover_text_color":"","heading_position":"text-center","block_style":"default-style","text_position":"text-start","border_radius":"0","grid_gap":"30","enable_box_shadow":true,"enable_heading_icons":false,"faq_icon_size":"30","enable_segmented_layout":true,"segmented_layout_gap":"15","faq_border_color":"#ffffff","faq_heading_color":"#000000","faq_heading_bg_color":"#d9ddcf","faq_content_color":"#000000","faq_content_bg_color":"rgba(0,0,0,0)","custom_class_name":""}}},"order":["main"]}