{"sections":{"main":{"type":"about-us","settings":{}},"1655804998227f2141":{"type":"home-video-banner","settings":{"full":false,"spacing_both_ends":false,"padding":"0,0","margin":"-85,0","show_background_image":false,"background_style":"none","background_size":"cover","enable_overlay":false,"background_color":"","overlay_transparency":"0.5","section_heading":"","section_sub_heading":"","section_description":"","section_button_text":"","section_button_link":"https:\/\/cdn.shopify.com\/videos\/c\/o\/v\/ea637a375da04608b84dd03b4618d259.mp4","section_heading_color":"","section_sub_heading_color":"","section_description_color":"","section_button_bg_color":"","section_button_text_color":"","section_button_hover_bg_color":"","section_button_hover_text_color":"","heading_position":"text-center","block_title":"Passionate About","block_sub_title":"We are","block_description":"Gorem ipsum dolor sit amet, consectetur adipiscing elit, sed do eiusmod tempor incididunt ut labore et dolore magna aliqua. Quis ipsum suspendisse ultrices gravida. Risus commodo viverra maecenas accumsan lacus vel facilisis.","block_button_text":"View More","block_button_link":"shopify:\/\/collections\/shop-demo-1","content_position":"center","block_text_align":"text-center","layout_style":"default","reverse_column":false,"show_image":true,"video_format":"video","video_url":"https:\/\/cdn.shopify.com\/videos\/c\/o\/v\/ea637a375da04608b84dd03b4618d259.mp4","iframe_url":"https:\/\/www.youtube.com\/embed\/JJMPKgyCoSY","video_height":"600","overlay_style":"with-overlay","enable_box_shadow":false,"border_radius":"0","banner_heading_color":"","banner_sub_heading_color":"","banner_description_color":"","banner_button_bg_color":"","banner_button_text_color":"","banner_button_hover_bg_color":"","banner_button_hover_text_color":"","video_overlay_color":"rgba(0,0,0,0)","video_overlay_transparency":"0.5","icon_bg_color":"","icon_color":"","icon_bg_color_hover":"","icon_color_hover":"","custom_class_name":"about-video-banner"}},"16557970421a2b00f4":{"type":"home-custom-section","disabled":true,"blocks":{"165579704255ceee64-0":{"type":"content","settings":{"block_heading":"Main Heading","block_sub_heading":"Sub Heading","block_description":"Lorem ipsum dolor sit amet, consectetur adipiscing elit, sed do eiusmod tempor incididunt ut labore et dolore magna aliqua. Quis ipsum suspendisse ultrices gravida. Risus commodo viverra maecenas accumsan lacus vel facilisis.","html":"<p><b>Enter text with html tags<\/b><\/p>","block_button_text":"","block_button_link":"","heading_position":"text-center","block_img_1":"shopify:\/\/shop_images\/overlay2.jpg","image_1_border_radius":"","image_2_border_radius":"","block_img_title":"","block_img_title_color":"","reverse_column":true,"fullwidth_images":true,"block_heading_color":"","block_sub_heading_color":"","block_description_color":"","block_html_color":"","block_button_bg_color":"","block_button_text_color":"","block_button_hover_bg_color":"","block_button_hover_text_color":""}}},"block_order":["165579704255ceee64-0"],"settings":{"full":false,"spacing_both_ends":false,"padding":"0,0","margin":"0,0","show_background_image":false,"background_style":"none","background_size":"auto","enable_overlay":false,"background_color":"","overlay_transparency":"0.5","section_heading":"","section_sub_heading":"","section_description":"","section_button_text":"","section_button_link":"","section_heading_color":"","section_sub_heading_color":"","section_description_color":"","section_button_bg_color":"","section_button_text_color":"","section_button_hover_bg_color":"","section_button_hover_text_color":"","heading_position":"text-center","column_gap":"30","border_radius":"","content_width":"50\/50","lap_content_width":"40\/60","custom_class_name":"about-custom-section"}},"1655804697afd47e9d":{"type":"home-grid-banner","blocks":{"1655804696cc7e9866-0":{"type":"content","settings":{"grid_banner_type":"image","show_image_title":false,"block_image_title":"Image title","block_image_title2":"Image title","block_image_title_color":"","block_image":"shopify:\/\/shop_images\/grid01_bee3471d-804b-4a84-901a-68f011657d67.jpg","block_video":"https:\/\/www.w3schools.com\/tags\/mov_bbb.mp4","video_icon_color":"","video_icon_position":"icon-top-right","content_with_icon":false,"video_icon_outer_size":"60px","video_icon_size":"40px","show_image":true,"show_content":true,"block_title":"Branded Apparels","block_title_link":"","block_sub_title":"International","block_description":"Lorem ipsum dolor sit amet, consectetur adipiscing elit, sed do eiusmod tempor incididunt ut labore et dolore magna aliqua. Quis ipsum suspendisse ultrices gravida. Risus commodo viverra maecenas accumsan lacus vel facilisis.","block_button_text":"Shop New Arrival","block_button_link":"shopify:\/\/collections\/demo-1","block_button_text2":"","block_button_link2":"","block_text_align":"text-start","content_position":"center","reverse_column":false,"block_banner_bg":"rgba(0,0,0,0)","block_content_box_bg":"rgba(0,0,0,0)","block_heading_color":"","block_sub_heading_color":"","block_description_color":"","block_button_bg_color":"","block_button_text_color":"#000000","block_button_hover_bg_color":"","block_button_hover_text_color":"#565e41","overlay_style":"use_overlay","overlay_color":"rgba(0,0,0,0)","overlay_opacity":"0.5","rotation_degree":"180","block_animation_text":"fadeIn"}}},"block_order":["1655804696cc7e9866-0"],"settings":{"full":true,"spacing_both_ends":false,"padding":"0,0","margin":"70,0","show_background_image":false,"background_style":"none","background_size":"auto","enable_overlay":false,"background_color":"","overlay_transparency":"0.5","section_heading":"","section_sub_heading":"","section_description":"","section_button_text":"","section_button_link":"","section_heading_color":"","section_sub_heading_color":"","section_description_color":"","section_button_bg_color":"","section_button_text_color":"","section_button_hover_bg_color":"","section_button_hover_text_color":"","heading_position":"text-center","block_banner_style":"list","column_gap":"30","grid":"1","border_radius":"0","enable_box_shadow":false,"equal_height":false,"content_width":"50\/50","lap_content_width":"50\/50","overlay_style_height":750,"overlay_style_height_laptop":650,"overlay_style_height_mobile":530,"custom_class_name":"custom-list-banner about"}},"1655796850bd1bb86f":{"type":"home-custom-section","blocks":{"1655796850e5faf5b2-0":{"type":"content","settings":{"block_heading":"What we design!","block_sub_heading":"About us","block_description":"Purus in massa tempor nec feugiat nisl pretium fusce id. Lacus sed viverra tellus in hac habitasse platea dictumst vestibulum. Viverra tellus in hac habitasse platea dictumst vestibulum. Viverra aliquet eget sit amet tellus cras adipiscing enim.  Euismod nisi porta lorem mollis.","html":"<h6>Where does it come from?<\/h6>\n<p>\nEleifend mi in nulla posuere sollicitudin aliquam. Tortor vitae purus faucibus ornare. Venenatis tellus in metus vulputate. Ultrices dui sapien eget mi proin. Malesuada fames ac turpis egestas integer eget aliquet nibh. Magna ac placerat vesti. <\/p>","block_button_text":"Read More","block_button_link":"shopify:\/\/collections\/court","heading_position":"text-start","block_img_1":"shopify:\/\/shop_images\/grid04_f064b164-b2d4-4a52-9f34-eb76960804b9.jpg","image_1_border_radius":"","block_img_2":"shopify:\/\/shop_images\/grid03_a9c0cd65-40c3-41e5-b5b4-7ecb2a98a262.jpg","image_2_border_radius":"","block_img_title":"","block_img_title_color":"","reverse_column":false,"fullwidth_images":true,"block_heading_color":"","block_sub_heading_color":"","block_description_color":"","block_html_color":"","block_button_bg_color":"","block_button_text_color":"","block_button_hover_bg_color":"","block_button_hover_text_color":""}}},"block_order":["1655796850e5faf5b2-0"],"settings":{"full":true,"spacing_both_ends":true,"padding":"100,0","margin":"100,0","show_background_image":false,"background_style":"none","background_size":"auto","enable_overlay":true,"background_color":"#d1c2bb","overlay_transparency":"0.5","section_heading":"","section_sub_heading":"","section_description":"","section_button_text":"","section_button_link":"","section_heading_color":"","section_sub_heading_color":"","section_description_color":"","section_button_bg_color":"","section_button_text_color":"","section_button_hover_bg_color":"","section_button_hover_text_color":"","heading_position":"text-center","column_gap":"30","border_radius":"","content_width":"50\/50","lap_content_width":"40\/60","custom_class_name":"custom-section-banner"}},"1655795812c655614c":{"type":"home-grid-banner","blocks":{"1655795812ad963d80-0":{"type":"content","disabled":true,"settings":{"grid_banner_type":"image","show_image_title":false,"block_image_title":"","block_image_title2":"Image title","block_image_title_color":"#d9ddcf","block_image":"shopify:\/\/shop_images\/img1.jpg","block_video":"https:\/\/www.w3schools.com\/tags\/mov_bbb.mp4","video_icon_color":"","video_icon_position":"icon-top-right","content_with_icon":false,"video_icon_outer_size":"60px","video_icon_size":"40px","show_image":true,"show_content":true,"block_title":"Women Collections","block_title_link":"","block_sub_title":"TRENDY STYLE","block_description":"Lorem ipsum dolor sit amet, consectetur adipiscing elit, sed do eiusmod tempor incididunt ut labore et dolore magna aliqua. Quis ipsum suspendisse ultrices gravida. Risus commodo viverra maecenas accumsan lacus vel facilisis.","block_button_text":"Shop New Arrival","block_button_link":"\/","block_button_text2":"","block_button_link2":"","block_text_align":"text-start","content_position":"center","reverse_column":false,"block_banner_bg":"rgba(0,0,0,0)","block_content_box_bg":"rgba(0,0,0,0)","block_heading_color":"","block_sub_heading_color":"","block_description_color":"","block_button_bg_color":"","block_button_text_color":"#000000","block_button_hover_bg_color":"","block_button_hover_text_color":"#565e41","overlay_style":"use_gradient_overlay","overlay_color":"#565e41","overlay_opacity":"1","rotation_degree":"-180","block_animation_text":"fadeIn"}},"1655795812ad963d80-1":{"type":"content","settings":{"grid_banner_type":"image","show_image_title":false,"block_image_title":"","block_image_title2":"Image title","block_image_title_color":"","block_image":"shopify:\/\/shop_images\/grid02_f6f618b5-040a-4e60-a1c5-eb78cbc4a36e.jpg","block_video":"https:\/\/www.w3schools.com\/tags\/mov_bbb.mp4","video_icon_color":"","video_icon_position":"icon-top-right","content_with_icon":false,"video_icon_outer_size":"60px","video_icon_size":"40px","show_image":true,"show_content":true,"block_title":"Customer Service","block_title_link":"","block_sub_title":"Excellent & Unbeatable","block_description":"Lorem ipsum dolor sit amet, consectetur adipiscing elit, sed do eiusmod tempor incididunt ut labore et dolore magna aliqua. Quis ipsum suspendisse ultrices gravida. Risus commodo viverra maecenas accumsan lacus vel facilisis.","block_button_text":"Shop New Arrivals","block_button_link":"shopify:\/\/collections\/left-sidebar","block_button_text2":"","block_button_link2":"","block_text_align":"text-start","content_position":"center","reverse_column":true,"block_banner_bg":"rgba(0,0,0,0)","block_content_box_bg":"rgba(0,0,0,0)","block_heading_color":"","block_sub_heading_color":"","block_description_color":"","block_button_bg_color":"","block_button_text_color":"#000000","block_button_hover_bg_color":"","block_button_hover_text_color":"#565e41","overlay_style":"use_gradient_overlay","overlay_color":"rgba(0,0,0,0)","overlay_opacity":"1","rotation_degree":"-180","block_animation_text":"fadeIn"}}},"block_order":["1655795812ad963d80-0","1655795812ad963d80-1"],"settings":{"full":true,"spacing_both_ends":true,"padding":"0,0","margin":"100,0","show_background_image":false,"background_style":"none","background_size":"auto","enable_overlay":false,"background_color":"","overlay_transparency":"0.5","section_heading":"","section_sub_heading":"","section_description":"","section_button_text":"","section_button_link":"","section_heading_color":"","section_sub_heading_color":"","section_description_color":"","section_button_bg_color":"","section_button_text_color":"","section_button_hover_bg_color":"","section_button_hover_text_color":"","heading_position":"text-center","block_banner_style":"list","column_gap":"50","grid":"1","border_radius":"0","enable_box_shadow":false,"equal_height":false,"content_width":"50\/50","lap_content_width":"50\/50","overlay_style_height":600,"overlay_style_height_laptop":500,"overlay_style_height_mobile":400,"custom_class_name":"custom-list-banner"}},"1655797636a49da048":{"type":"inner-page-team-section","blocks":{"a8c65d0b-4dd1-4d6f-b91c-104da813de81":{"type":"content","settings":{"image":"shopify:\/\/shop_images\/team03.jpg","name":"Camden","desc":"","designation":"Customer support","facebook":"#","twitter":"#","pinterest":"#","youtube":"#"}},"79c3be41-53c3-4bd4-b620-b02cc0836a83":{"type":"content","settings":{"image":"shopify:\/\/shop_images\/team02.jpg","name":"Audrey","desc":"","designation":"CEO","facebook":"#","twitter":"#","pinterest":"#","youtube":"#"}},"07af3ea9-15c3-4f6a-8084-2796bca9bdaa":{"type":"content","settings":{"image":"shopify:\/\/shop_images\/team01.jpg","name":"Emmett","desc":"","designation":"MD","facebook":"#","twitter":"#","pinterest":"#","youtube":"#"}},"d6c2e8a2-ad22-4fb5-a256-92128b88c35e":{"type":"content","settings":{"image":"shopify:\/\/shop_images\/team04.jpg","name":"Yvonne","desc":"","designation":"Quality Manager","facebook":"#","twitter":"#","pinterest":"#","youtube":"#"}}},"block_order":["a8c65d0b-4dd1-4d6f-b91c-104da813de81","79c3be41-53c3-4bd4-b620-b02cc0836a83","07af3ea9-15c3-4f6a-8084-2796bca9bdaa","d6c2e8a2-ad22-4fb5-a256-92128b88c35e"],"settings":{"enable":true,"full":false,"spacing_both_ends":false,"padding":"0,0","margin":"100,0","show_background_image":false,"background_style":"default","enable_overlay":false,"background_color":"","overlay_transparency":"0.5","section_heading":"Our Team","section_sub_heading":"","section_description":"","section_button_text":"","section_button_link":"","section_heading_color":"","section_sub_heading_color":"","section_description_color":"","section_button_bg_color":"","section_button_text_color":"","section_button_hover_bg_color":"","section_button_hover_text_color":"","heading_position":"text-center","column":"four-column","block_heading_color":"","block_Description_color":"","block_designation_color":"","block_bg":"#e8e9e5","block_social_icon_bg_color":"#565e41","block_social_icon_color":"#ffffff","block_social_icon_hover_bg_color":"#000000","block_social_icon_hover_color":"#ffffff"}}},"order":["main","1655804998227f2141","16557970421a2b00f4","1655804697afd47e9d","1655796850bd1bb86f","1655795812c655614c","1655797636a49da048"]}