{"sections":{"main":{"type":"main-page","settings":{"full":false,"spacing_both_ends":false,"padding":"0,0","margin":"0,0"}},"16496510699beedc70":{"type":"home-slider-width-promo-images","blocks":{"16496510680c9002f1-0":{"type":"Slider","settings":{"slider_type":"image","image":"shopify:\/\/shop_images\/confident-young-woman.jpg","video_url":"https:\/\/storage.googleapis.com\/coverr-main\/mp4\/Palm_Trees.mp4","iframe_url":"","mobile_bg_clr":"","text_alignment":"text-center","content_position":"dt-sc-flex-center","show_image":false,"show_content":false,"title_2":"Sub Heading","subheading_color":"","subheading_size":"20","title":"Heading","heading_color":"","heading_size":"54","desc":"Few lines of short description.","desc_color":"","desc_size":"14","button":"Shop Now","link":"","btn_bg_color":"","btn_txt_color":"","btn_hoverbg_color":"","btn_hovertxt_color":"","button_2":"Shop Now","link_2":"","btn_bg_color_2":"","btn_txt_color_2":"","btn_hoverbg_color_2":"","btn_hovertxt_color_2":"","slide_content_bg":""}},"16496510680c9002f1-1":{"type":"Slider","settings":{"slider_type":"image","image":"shopify:\/\/shop_images\/golden-autumn-leaves.jpg","video_url":"https:\/\/storage.googleapis.com\/coverr-main\/mp4\/Palm_Trees.mp4","iframe_url":"","mobile_bg_clr":"","text_alignment":"text-center","content_position":"dt-sc-flex-center","show_image":false,"show_content":false,"title_2":"Sub Heading","subheading_color":"","subheading_size":"20","title":"Heading","heading_color":"","heading_size":"54","desc":"Few lines of short description.","desc_color":"","desc_size":"14","button":"Shop Now","link":"","btn_bg_color":"","btn_txt_color":"","btn_hoverbg_color":"","btn_hovertxt_color":"","button_2":"Shop Now","link_2":"","btn_bg_color_2":"","btn_txt_color_2":"","btn_hoverbg_color_2":"","btn_hovertxt_color_2":"","slide_content_bg":""}},"16496510680c9002f1-2":{"type":"Slider","settings":{"slider_type":"image","image":"shopify:\/\/shop_images\/model-laughs-barefoot.jpg","video_url":"https:\/\/storage.googleapis.com\/coverr-main\/mp4\/Palm_Trees.mp4","iframe_url":"","mobile_bg_clr":"","text_alignment":"text-center","content_position":"dt-sc-flex-center","show_image":false,"show_content":false,"title_2":"Sub Heading","subheading_color":"","subheading_size":"20","title":"Heading","heading_color":"","heading_size":"54","desc":"Few lines of short description.","desc_color":"","desc_size":"14","button":"Shop Now","link":"","btn_bg_color":"","btn_txt_color":"","btn_hoverbg_color":"","btn_hovertxt_color":"","button_2":"Shop Now","link_2":"","btn_bg_color_2":"","btn_txt_color_2":"","btn_hoverbg_color_2":"","btn_hovertxt_color_2":"","slide_content_bg":""}}},"block_order":["16496510680c9002f1-0","16496510680c9002f1-1","16496510680c9002f1-2"],"settings":{"full":true,"spacing_both_ends":true,"padding":"0,80","margin":"0,0","show_background_image":false,"background_style":"none","background_size":"auto","enable_overlay":false,"background_color":"","overlay_transparency":"0.5","enable_box_shadow":false,"border_radius":"0","content_border_radius":"0","slider_height":800,"slider_height_mobile":500,"autoplay":true,"slideshow_speed":"7000","dots":false,"arrows":false,"nav_arrow_position":"navigation-bottom-center","center_nav_arrow_alignment":"inside_container","navigation_button_color":"","navigation_button_icon_color":"","navigation_button_hover_color":"","navigation_button_hover_icon_color":"","navigation_dot_color":"","navigation_dot_active_color":"","content_width":"70\/30","lap_content_width":"65\/35","tab_content_width":"50\/50","grouped_column_gap":"30","reverse_column":false,"custom_class_name":"","enable_promo_block":true,"promo_block_style":"default","promo_height":210,"promo_height_lap":210,"promo_height_tab":210,"promo_height_mobile":300,"enable_additional_block_1":true,"image_1":"shopify:\/\/shop_images\/model-laughs-barefoot.jpg","title_1":"Why do we use it?","text_1":"","button_1":"","link_1":"","enable_additional_block_2":true,"image_2":"shopify:\/\/shop_images\/aged-map-with-worn-paper-corners.jpg","title_2":"Why do we use it?","text_2":"","button_2":"","link_2":"","enable_additional_block_3":false,"title_3":"Heading","text_3":"Short Description","button_3":"Shop Now","link_3":"","promo_heading_color":"","promo_description_color":"","promo_button_text_color":"","promo_button_bg_color":"","promo_button_hover_text_color":"","promo_button_hover_bg_color":"","promo_grid_bg_color":"","promo_overlay_bg_color":"","promo_overlay_opacity":"0"}},"1649651358a348f4c4":{"type":"home-slider-width-promo-images","blocks":{"1649651358ee5a0d80-0":{"type":"Slider","settings":{"slider_type":"video","image":"shopify:\/\/shop_images\/golden-autumn-leaves.jpg","video_url":"https:\/\/storage.googleapis.com\/coverr-main\/mp4\/Palm_Trees.mp4","iframe_url":"","mobile_bg_clr":"","text_alignment":"text-center","content_position":"dt-sc-flex-center","show_image":false,"show_content":false,"title_2":"Sub Heading","subheading_color":"","subheading_size":"20","title":"Heading","heading_color":"","heading_size":"54","desc":"Few lines of short description.","desc_color":"","desc_size":"14","button":"Shop Now","link":"","btn_bg_color":"","btn_txt_color":"","btn_hoverbg_color":"","btn_hovertxt_color":"","button_2":"Shop Now","link_2":"","btn_bg_color_2":"","btn_txt_color_2":"","btn_hoverbg_color_2":"","btn_hovertxt_color_2":"","slide_content_bg":""}},"1649651358ee5a0d80-1":{"type":"Slider","settings":{"slider_type":"image","image":"shopify:\/\/shop_images\/confident-young-woman.jpg","video_url":"https:\/\/storage.googleapis.com\/coverr-main\/mp4\/Palm_Trees.mp4","iframe_url":"","mobile_bg_clr":"","text_alignment":"text-center","content_position":"dt-sc-flex-center","show_image":false,"show_content":false,"title_2":"Sub Heading","subheading_color":"","subheading_size":"20","title":"Heading","heading_color":"","heading_size":"54","desc":"Few lines of short description.","desc_color":"","desc_size":"14","button":"Shop Now","link":"","btn_bg_color":"","btn_txt_color":"","btn_hoverbg_color":"","btn_hovertxt_color":"","button_2":"Shop Now","link_2":"","btn_bg_color_2":"","btn_txt_color_2":"","btn_hoverbg_color_2":"","btn_hovertxt_color_2":"","slide_content_bg":""}},"1649651358ee5a0d80-2":{"type":"Slider","settings":{"slider_type":"video","image":"shopify:\/\/shop_images\/slider-img.jpg","video_url":"","iframe_url":"<iframe width=\"100%\" height=\"100%\" src=\"https:\/\/www.youtube.com\/embed\/tQG6jYy9xto\" title=\"YouTube video player\" frameborder=\"0\" allow=\"accelerometer; autoplay; clipboard-write; encrypted-media; gyroscope; picture-in-picture\" allowfullscreen><\/iframe>","mobile_bg_clr":"","text_alignment":"text-center","content_position":"dt-sc-flex-center","show_image":false,"show_content":false,"title_2":"Sub Heading","subheading_color":"","subheading_size":"20","title":"Heading","heading_color":"","heading_size":"54","desc":"Few lines of short description.","desc_color":"","desc_size":"14","button":"Shop Now","link":"","btn_bg_color":"","btn_txt_color":"","btn_hoverbg_color":"","btn_hovertxt_color":"","button_2":"Shop Now","link_2":"","btn_bg_color_2":"","btn_txt_color_2":"","btn_hoverbg_color_2":"","btn_hovertxt_color_2":"","slide_content_bg":""}}},"block_order":["1649651358ee5a0d80-0","1649651358ee5a0d80-1","1649651358ee5a0d80-2"],"settings":{"full":true,"spacing_both_ends":true,"padding":"0,0","margin":"0,0","show_background_image":false,"background_style":"none","background_size":"auto","enable_overlay":false,"background_color":"","overlay_transparency":"0.5","enable_box_shadow":false,"border_radius":"0","content_border_radius":"0","slider_height":590,"slider_height_mobile":500,"autoplay":true,"slideshow_speed":"7000","dots":false,"arrows":true,"nav_arrow_position":"center-navigation","center_nav_arrow_alignment":"inside_container","navigation_button_color":"","navigation_button_icon_color":"","navigation_button_hover_color":"","navigation_button_hover_icon_color":"","navigation_dot_color":"","navigation_dot_active_color":"","content_width":"70\/30","lap_content_width":"65\/35","tab_content_width":"50\/50","grouped_column_gap":"30","reverse_column":false,"custom_class_name":"","enable_promo_block":true,"promo_block_style":"overlay","promo_height":300,"promo_height_lap":300,"promo_height_tab":300,"promo_height_mobile":300,"enable_additional_block_1":false,"image_1":"shopify:\/\/shop_images\/model-laughs-barefoot.jpg","title_1":"Why do we use it?","text_1":"","button_1":"","link_1":"","enable_additional_block_2":true,"image_2":"shopify:\/\/shop_images\/aged-map-with-worn-paper-corners.jpg","title_2":"Why do we use it?","text_2":"","button_2":"","link_2":"","enable_additional_block_3":true,"image_3":"shopify:\/\/shop_images\/golden-autumn-leaves.jpg","title_3":"Why do we use it?","text_3":"","button_3":"","link_3":"","promo_heading_color":"#ffffff","promo_description_color":"","promo_button_text_color":"","promo_button_bg_color":"","promo_button_hover_text_color":"","promo_button_hover_bg_color":"","promo_grid_bg_color":"","promo_overlay_bg_color":"#1a1a1a","promo_overlay_opacity":"0.7"}}},"order":["main","16496510699beedc70","1649651358a348f4c4"]}