{"sections":{"main":{"type":"product-template-video","blocks":{"b27f3d49-2892-4256-b259-18d7ea28138a":{"type":"title","settings":{}},"dc4d0264-b716-4234-86bd-c3eadebfcc81":{"type":"price","settings":{}}},"block_order":["b27f3d49-2892-4256-b259-18d7ea28138a","dc4d0264-b716-4234-86bd-c3eadebfcc81"],"settings":{"full":true,"spacing_both_ends":true,"padding":"0,0","margin":"0,0","gallery_type":"thumbnails_horizontal","vertical_style":"dt-sc-product-vertical-thumb-right","enable_zoom":true,"zoom_type":"cloud","enable_video_looping":true,"meta-lable-style":"one-half","reviews":true,"show_variants_swatches":true,"swatch_as":"color","show_product_quantity":true,"display_back_in_stock":true,"show_quantity_selector":true,"show_checkout":true,"hide_addtocart":false,"show_wishlist":true,"show_share_buttons":true,"tab_position":"right","tab_style":"tab","product_tab1":true,"product_tab1_heading":"Description","product_tab2":true,"product_tab2_heading":"Shipping Infomation","page_content":"shipping-information","product_tab3":true,"product_tab3_heading":"Reviews","enable_enquiry":false,"enable_sticky_cart":true,"show_adv_product":false,"choose_label":"Choose style","collection":""}},"product-recommendations":{"type":"product-recommendations","settings":{"full":true,"spacing_both_ends":true,"padding":"0,0","margin":"0,0","heading":"Recommended products","heading_position":"text-center"}}},"order":["main","product-recommendations"]}