{"sections":{"main":{"type":"product-template-right-sidebar","blocks":{"bd5fe641-75f6-4c13-999c-d0be32e3bc87":{"type":"title","settings":{}},"7c9c1efb-83bb-46b0-abe9-7c4951265cf4":{"type":"price","settings":{}},"f14720d8-dc3c-44a3-8bfa-cea5cf644d9d":{"type":"text","settings":{"text":"{{ product.metafields.descriptors.subtitle.value }}"}},"db797c60-1d3c-4034-b55d-151ec5cae2d7":{"type":"deal","settings":{}},"19be33f4-40db-451a-b5c2-40daa748ac9a":{"type":"fbt","settings":{}},"cb874c94-c1ed-44c9-a5d6-a12bc6093239":{"type":"vendor","disabled":true,"settings":{}},"22c4f5eb-0a61-4ed2-865c-ec6f809e783c":{"type":"notify-form","disabled":true,"settings":{}},"c0548d06-402e-4234-9a58-03c52a7d6c74":{"type":"type","disabled":true,"settings":{}},"f26a6ae3-78b7-4d9f-885e-fcbc49deba02":{"type":"menu","settings":{"title":"Category","linklist":"sidebar-demo-1"}},"cad3ad3e-6913-4865-a804-9c9d16146aca":{"type":"social-sharing","settings":{}},"14952b1f-8a11-46fc-93bc-26529aab775e":{"type":"carousel","settings":{"title":"Best Sellers","collection":"court","limit":5}},"2ff9f47d-7f11-4be0-b8ec-143624b3ca83":{"type":"collection","settings":{"title":"New Arrivals","collection":"demo-1","limit":2}},"da034540-acff-4c51-a147-a5fab15b5372":{"type":"size_chart","disabled":true,"settings":{}},"5ea0696a-ebd2-4ab0-aef5-7c955facf0ba":{"type":"image","disabled":true,"settings":{"title":"Sidebar image","image":"shopify:\/\/shop_images\/slide-img1_20eea237-39f4-461d-92b9-3644005f3309.jpg","link_text":"Shop Now","link":""}},"bad358be-f970-4869-93bb-59e2bafcbaa6":{"type":"shopify:\/\/apps\/product-reviews\/blocks\/star_rating\/bae150af-8da8-48b2-9867-398188115e5f","disabled":true,"settings":{"stars_fill_color":"#000000","star_size":15,"text_align":"flex-start","product":"","stars_text_empty":"No reviews"}}},"block_order":["bd5fe641-75f6-4c13-999c-d0be32e3bc87","7c9c1efb-83bb-46b0-abe9-7c4951265cf4","f14720d8-dc3c-44a3-8bfa-cea5cf644d9d","db797c60-1d3c-4034-b55d-151ec5cae2d7","19be33f4-40db-451a-b5c2-40daa748ac9a","cb874c94-c1ed-44c9-a5d6-a12bc6093239","22c4f5eb-0a61-4ed2-865c-ec6f809e783c","c0548d06-402e-4234-9a58-03c52a7d6c74","f26a6ae3-78b7-4d9f-885e-fcbc49deba02","cad3ad3e-6913-4865-a804-9c9d16146aca","14952b1f-8a11-46fc-93bc-26529aab775e","2ff9f47d-7f11-4be0-b8ec-143624b3ca83","da034540-acff-4c51-a147-a5fab15b5372","5ea0696a-ebd2-4ab0-aef5-7c955facf0ba","bad358be-f970-4869-93bb-59e2bafcbaa6"],"settings":{"full":true,"spacing_both_ends":true,"padding":"0,0","margin":"0,0","gallery_type":"thumbnails_horizontal","vertical_style":"dt-sc-product-vertical-thumb-right","enable_zoom":true,"zoom_type":"inner","enable_video_looping":true,"meta-lable-style":"full-width","reviews":false,"show_variants_swatches":true,"swatch_as":"color","show_product_quantity":true,"display_back_in_stock":true,"show_quantity_selector":true,"show_checkout":true,"hide_addtocart":false,"show_wishlist":true,"show_share_buttons":true,"tab_position":"bottom","tab_style":"toggle","product_tab1":true,"product_tab1_heading":"Description","product_tab2":true,"product_tab2_heading":"Shipping Infomation","page_content":"shipping-information","product_tab3":true,"product_tab3_heading":"Reviews","enable_enquiry":true,"enable_sticky_cart":true,"show_adv_product":true,"choose_label":"Choose style","collection":"advanced-product-tagging"}},"product-recommendations":{"type":"product-recommendations","settings":{"full":true,"spacing_both_ends":true,"padding":"0,0","margin":"0,0","heading":"Recommended products","heading_position":"text-center"}}},"order":["main","product-recommendations"]}