{"sections":{"165596747365586a96":{"type":"slideshow","blocks":{"c439ae52-38f9-49f5-b5f5-80f476388e0f":{"type":"Slider","settings":{"slider_type":"image","video_url":"https:\/\/storage.googleapis.com\/coverr-main\/mp4\/Palm_Trees.mp4","iframe_url":"","mobile_bg_clr":"#d9ddcf","text_alignment":"text-center","content_position":"dt-sc-flex-center","block_image":"shopify:\/\/shop_images\/sliderimg01_cfa2ce33-cdbf-4c1e-88fa-868da4ab23e0.jpg","show_image":true,"show_content":true,"title_2":"Fashion","subheading_color":"#000000","subheading_size":"190","title":"Friendly","heading_color":"#000000","heading_size":"190","desc":"<b> 40% <\/b> OFFERS FOR KIDS COLLECTION","desc_color":"#000000","desc_size":"26","button":"Shop Now","link":"shopify:\/\/collections\/best-sellers-demo-4","btn_bg_color":"#e8e9e5","btn_txt_color":"#565e41","btn_hoverbg_color":"#000000","btn_hovertxt_color":"#ffffff","button_2":"New Arrivals","link_2":"shopify:\/\/collections\/best-sellers-demo-4","btn_bg_color_2":"#000000","btn_txt_color_2":"#ffffff","btn_hoverbg_color_2":"#e8e9e5","btn_hovertxt_color_2":"#565e41","slide_content_bg":"rgba(0,0,0,0)","slide_bg":"#f4f4f4","enable_additional_button":true,"additional_image":"shopify:\/\/shop_images\/video-play-icon.png","additional_button_text":"Play Video","additional_button_link":"https:\/\/www.youtube.com\/embed\/bpXxZ9FwUbQ","additional_button_text_color":"#000000","additional_button_text_hover_color":"#565e41"}},"908b3c56-a39c-4e73-bef7-d5c5d64dcf2f":{"type":"Slider","settings":{"slider_type":"image","video_url":"https:\/\/storage.googleapis.com\/coverr-main\/mp4\/Palm_Trees.mp4","iframe_url":"","mobile_bg_clr":"#d9ddcf","text_alignment":"text-center","content_position":"dt-sc-flex-center","block_image":"shopify:\/\/shop_images\/sliderimg03.jpg","show_image":true,"show_content":true,"title_2":"Western","subheading_color":"#000000","subheading_size":"190","title":"Collection","heading_color":"#000000","heading_size":"190","desc":"<b>30%<\/b> OFF FOR WOMEN'S COLLECTION","desc_color":"#000000","desc_size":"26","button":"Shop Now","link":"shopify:\/\/collections\/popular-products-demo-4","btn_bg_color":"#e8e9e5","btn_txt_color":"#565e41","btn_hoverbg_color":"#000000","btn_hovertxt_color":"","button_2":"New Arrivals","link_2":"shopify:\/\/collections\/shop-demo-4","btn_bg_color_2":"#000000","btn_txt_color_2":"#ffffff","btn_hoverbg_color_2":"#e8e9e5","btn_hovertxt_color_2":"#565e41","slide_content_bg":"","slide_bg":"#f4f4f4","enable_additional_button":true,"additional_image":"shopify:\/\/shop_images\/video-play-icon.png","additional_button_text":"Play Video","additional_button_link":"https:\/\/www.youtube.com\/embed\/zvABXor0dyA","additional_button_text_color":"#000000","additional_button_text_hover_color":"#565e41"}},"96aca2d6-a54c-4d4b-bd49-64ccf7a60ae7":{"type":"Slider","settings":{"slider_type":"image","video_url":"https:\/\/storage.googleapis.com\/coverr-main\/mp4\/Palm_Trees.mp4","iframe_url":"","mobile_bg_clr":"#d9ddcf","text_alignment":"text-center","content_position":"dt-sc-flex-center","block_image":"shopify:\/\/shop_images\/sliderimg02_cffc3cbe-3df9-4c09-83b0-4d214b9bff5d.jpg","show_image":true,"show_content":true,"title_2":"Best Party","subheading_color":"#000000","subheading_size":"190","title":"Collection","heading_color":"#000000","heading_size":"190","desc":"10% OFFERS FOR MEN'S COLLECTION","desc_color":"#000000","desc_size":"26","button":"New Arrivals","link":"shopify:\/\/collections\/hot-deals-demo-4","btn_bg_color":"#e8e9e5","btn_txt_color":"#565e41","btn_hoverbg_color":"#000000","btn_hovertxt_color":"#ffffff","button_2":"Shop Now","link_2":"shopify:\/\/collections\/best-sellers-demo-4","btn_bg_color_2":"#000000","btn_txt_color_2":"#ffffff","btn_hoverbg_color_2":"#e8e9e5","btn_hovertxt_color_2":"#565e41","slide_content_bg":"","slide_bg":"#f4f4f4","enable_additional_button":true,"additional_image":"shopify:\/\/shop_images\/video-play-icon.png","additional_button_text":"Play Video","additional_button_link":"https:\/\/www.youtube.com\/embed\/YqnY-jLoDmQ","additional_button_text_color":"#000000","additional_button_text_hover_color":"#565e41"}}},"block_order":["c439ae52-38f9-49f5-b5f5-80f476388e0f","908b3c56-a39c-4e73-bef7-d5c5d64dcf2f","96aca2d6-a54c-4d4b-bd49-64ccf7a60ae7"],"settings":{"full":true,"spacing_both_ends":false,"margin":"0,0","slider_height":900,"slider_height_lap":900,"slider_height_tab":900,"slider_height_mobile":650,"video-aspect-ratio":"","content_within_container":false,"enable_box_shadow":false,"border_radius":"0","content_border_radius":"0","autoplay":false,"slideshow_speed":"5000","dots":true,"carousel_pagination_alignment":"center_pagination","carousel_pagination_bottom_alignment":"inside_element","arrows":true,"nav_arrow_position":"center-navigation","center_nav_arrow_alignment":"inside_container","navigation_button_color":"#d9ddcf","navigation_button_icon_color":"#000000","navigation_button_hover_color":"#d9ddcf","navigation_button_hover_icon_color":"#000000","navigation_dot_color":"#565e41","navigation_dot_active_color":"#ffffff","custom_class_name":"custom-demo3-slideahow"}},"165476026910bbe237":{"type":"home-brand-logos","blocks":{"16547602694e0bd8ec-0":{"type":"Image","settings":{"image":"shopify:\/\/shop_images\/brand-logo4.png","title":"Brand Name","link":""}},"16547602694e0bd8ec-1":{"type":"Image","settings":{"image":"shopify:\/\/shop_images\/brand-logo3.png","title":"Brand Name","link":""}},"16547602694e0bd8ec-2":{"type":"Image","settings":{"image":"shopify:\/\/shop_images\/brand-logo2.png","title":"Brand Name","link":""}},"16547602694e0bd8ec-3":{"type":"Image","settings":{"image":"shopify:\/\/shop_images\/brand-logo1.png","title":"Brand Name","link":""}}},"block_order":["16547602694e0bd8ec-0","16547602694e0bd8ec-1","16547602694e0bd8ec-2","16547602694e0bd8ec-3"],"settings":{"full":false,"spacing_both_ends":false,"padding":"0,0","margin":"100,100","show_background_image":false,"background_style":"none","background_size":"auto","enable_overlay":false,"background_color":"","overlay_transparency":"0.5","section_heading":"","section_sub_heading":"","section_description":"","section_button_text":"","section_button_link":"","section_heading_color":"","section_sub_heading_color":"","section_description_color":"","section_button_bg_color":"","section_button_text_color":"","section_button_hover_bg_color":"","section_button_hover_text_color":"","heading_position":"text-center","grid":"4","block_style":"style-3","enable_box_shadow":false,"column_gap":"50","border_radius":"0","block_border_color":"rgba(0,0,0,0)","block_background_color":"#f4f4f4","block_hover_background_color":"#eeeceb","block_icon_color":"#000000","block_hover_icon_color":"#565e41","enable_slider":true,"enable_auto_height":true,"items_per_view":4,"items_laptop_view":4,"items_tablet_view":3,"items_mobile_view":1,"enable_center_mode":false,"slider_autoplay":5,"dots":false,"carousel_pagination_alignment":"center_pagination","arrows":false,"nav_arrow_position":"navigation-bottom-center","center_nav_arrow_alignment":"outside_container","navigation_button_color":"","navigation_button_icon_color":"","navigation_button_hover_color":"","navigation_button_hover_icon_color":"","navigation_dot_color":"","navigation_dot_active_color":"","custom_class_name":"custom-brand-logo"}},"1655377895f4b51416":{"type":"home-custom-section","blocks":{"1655377895241d3044-0":{"type":"content","settings":{"block_heading":"Cherishing your new styles","block_sub_heading":"Know us","block_description":"Sapien condimentum id venenatis a condimentum vitae lobortis elementum nibh tellus molestie nunc ed nisi lacus sed viverra tellus in hac cursus turpis massa tincidunt dui cras fermentum odio eu feugiat pretium nibh ipsum.","html":"<h6>International fashion designer<\/h6>\n<p>\nRisus commodo viverra maecenas accumsan lacus vel\ndiam donec adipiscing tristique quisque id diam vel quam elementum pulvinar sit amet cursus sit erat pellentesque pellentesque sit amet porttitor eget dolor morbi non.\n<\/p>","block_button_text":"Shop Now","block_button_link":"shopify:\/\/collections\/best-sellers-demo-4","heading_position":"text-start","block_img_1":"shopify:\/\/shop_images\/grid01_2e4ae658-8e78-43a4-905e-01ccfa6ffa54.jpg","image_1_border_radius":"","block_img_2":"shopify:\/\/shop_images\/grid02_a3336f99-4407-45fe-8dd2-2242a609a2c8.jpg","image_2_border_radius":"","block_img_title":"NEW FASHION","block_img_title_color":"#d9ddcf","reverse_column":false,"fullwidth_images":true,"block_heading_color":"","block_sub_heading_color":"","block_description_color":"","block_html_color":"","block_button_bg_color":"","block_button_text_color":"","block_button_hover_bg_color":"","block_button_hover_text_color":""}}},"block_order":["1655377895241d3044-0"],"settings":{"full":true,"spacing_both_ends":true,"padding":"100,0","margin":"0,0","show_background_image":false,"background_style":"none","background_size":"auto","enable_overlay":true,"background_color":"#f4f4f4","overlay_transparency":"1","section_heading":"","section_sub_heading":"","section_description":"","section_button_text":"","section_button_link":"","section_heading_color":"","section_sub_heading_color":"","section_description_color":"","section_button_bg_color":"","section_button_text_color":"","section_button_hover_bg_color":"","section_button_hover_text_color":"","heading_position":"text-center","column_gap":"30","border_radius":"","content_width":"50\/50","lap_content_width":"40\/60","custom_class_name":"custom-section-banner"}},"16546915620b2f2d6c":{"type":"home-product-carousel","settings":{"full":true,"spacing_both_ends":true,"padding":"0,0","margin":"80,70","show_background_image":false,"background_style":"none","background_size":"auto","enable_overlay":false,"background_color":"","overlay_transparency":"0.5","section_heading":"Feature Products","section_sub_heading":"Love Fashion","section_description":"","section_button_text":"","section_button_link":"","section_heading_color":"","section_sub_heading_color":"","section_description_color":"","section_button_bg_color":"","section_button_text_color":"","section_button_hover_bg_color":"","section_button_hover_text_color":"","heading_position":"text-center","grouped_content_bg":"","grouped_column_gap":"30","grouped_content_padding":"0","group_border_radius":"","enable_group_box_shadow":false,"reverse_column":false,"content_width":"30\/70","lap_content_width":"35\/65","additional_block_background_color":"","additional_block_box_shadow":false,"additional_content_padding":"0","additional_block_border_radius":"0","enable_main_content":true,"main_block_background_color":"","enable_main_block_box_shadow":false,"main_block_border_radius":"0","main_content_padding":"0","collection":"shop-demo-4","column_gap":"16","border_radius":"0","enable_list_view":false,"grid":"4","post_limit":4,"enable_slider":true,"items_per_view":4,"items_laptop_view":3,"items_tablet_view":2,"items_mobile_view":1,"enable_center_mode":false,"rows":1,"slider_autoplay":0,"enable_auto_height":false,"dots":false,"carousel_pagination_alignment":"center_pagination","carousel_pagination_bottom_alignment":"outside_element","arrows":true,"nav_arrow_position":"navigation-top-center","center_nav_arrow_alignment":"inside_container","navigation_button_color":"","navigation_button_icon_color":"#000000","navigation_button_hover_color":"","navigation_button_hover_icon_color":"#000000","navigation_dot_color":"","navigation_dot_active_color":"","enable_section_collection_button_text":false,"section_collection_button_text":"","section_collection_link":"","custom_class_name":"custom-product-carosual"}},"1655967358f107399f":{"type":"home-masonry-banner","blocks":{"1655967358545e2806-0":{"type":"content","settings":{"grid_banner_type":"image","block_image":"shopify:\/\/shop_images\/grid04_64b32482-a472-4118-86fc-b47130e86398.jpg","block_video":"https:\/\/www.w3schools.com\/tags\/mov_bbb.mp4","video_icon_color":"","video_icon_position":"icon-top-right","content_with_icon":false,"video_icon_outer_size":"60px","video_icon_size":"40px","show_image":true,"show_content":true,"block_title":"10% OFF","block_title_link":"","block_sub_title":"Best Offers","block_description":"Top Brand Bags","block_button_text":"","block_button_link":"","block_text_align":"text-start","content_position":"center-left","image_position":"center right","reverse_column":false,"block_banner_bg":"rgba(0,0,0,0)","block_heading_color":"#000000","block_sub_heading_color":"#000000","block_description_color":"#565e41","block_button_bg_color":"","block_button_text_color":"","block_button_hover_bg_color":"","block_button_hover_text_color":"","overlay_style":"use_overlay","overlay_color":"","overlay_opacity":"0.5","rotation_degree":"180","enable_addtional_block_image":false,"addtional_grid_heading":"Heading","addtional_block_link":"","addtional_heading_color":"","addtional_overlay_color":"","addtional_overlay_opacity":"0.5","addtional_rotation_degree":"180","block_animation_text":"fadeInRight"}},"1655967358545e2806-1":{"type":"content","settings":{"grid_banner_type":"image","block_image":"shopify:\/\/shop_images\/grid05_555603b1-c142-41d0-a1b8-0127cfda0f84.jpg","block_video":"https:\/\/www.w3schools.com\/tags\/mov_bbb.mp4","video_icon_color":"","video_icon_position":"icon-top-right","content_with_icon":false,"video_icon_outer_size":"60px","video_icon_size":"40px","show_image":true,"show_content":true,"block_title":"20% OFF","block_title_link":"","block_sub_title":"Crazy Products","block_description":"Branded Collection","block_button_text":"Shop Now","block_button_link":"shopify:\/\/collections\/hot-deals-demo-4","block_text_align":"text-center","content_position":"center-right","image_position":"center left","reverse_column":false,"block_banner_bg":"rgba(0,0,0,0)","block_heading_color":"#565e41","block_sub_heading_color":"#000000","block_description_color":"#000000","block_button_bg_color":"","block_button_text_color":"","block_button_hover_bg_color":"","block_button_hover_text_color":"","overlay_style":"use_overlay","overlay_color":"","overlay_opacity":"0.5","rotation_degree":"180","enable_addtional_block_image":false,"addtional_grid_heading":"Heading","addtional_block_link":"","addtional_heading_color":"","addtional_overlay_color":"","addtional_overlay_opacity":"0.5","addtional_rotation_degree":"180","block_animation_text":"fadeInRight"}}},"block_order":["1655967358545e2806-0","1655967358545e2806-1"],"settings":{"full":true,"spacing_both_ends":true,"padding":"0,0","margin":"0,0","show_background_image":false,"background_style":"none","background_size":"auto","enable_overlay":false,"background_color":"","overlay_transparency":"0.5","section_heading":"Stylish Products","section_sub_heading":"New Style","section_description":"","section_button_text":"","section_button_link":"","heading_position":"text-center","section_heading_color":"","section_sub_heading_color":"","section_description_color":"","section_button_bg_color":"","section_button_text_color":"","section_button_hover_bg_color":"","section_button_hover_text_color":"","main_banner_style":"overlay","block_banner_style":"overlay","reverse_column":false,"column_gap":"70px","enable_box_shadow":false,"border_radius":"0","content_width":"50\/50","lap_content_width":"50\/50","primary_text_align":"text-start","primary_position":"top-left","primary_image":"shopify:\/\/shop_images\/grid06_8dee871f-e0a2-44a5-897f-196aa7ad362e.jpg","primary_title":"50%","primary_title_link":"","primary_sub_title":"BEST <br> OFF","primary_description":"","primary_button_text":"Shop Now","primary_button_link":"shopify:\/\/collections\/best-sellers-demo-4","primary_banner_bg":"rgba(0,0,0,0)","primary_banner_content_bg":"rgba(0,0,0,0)","primary_heading_color":"","primary_sub_heading_color":"","primary_description_color":"","primary_button_bg_color":"#000000","primary_button_text_color":"#ffffff","primary_button_hover_bg_color":"#565e41","primary_button_hover_text_color":"#ffffff","primary_content_overlay_opacity":"0.5","overlay_style":"use_overlay","overlay_color":"","overlay_opacity":"0.5","rotation_degree":"180","block_main_animation_text":"fadeInLeft","block_style":"style-2","overlay_style_height":430,"overlay_style_height_laptop":400,"overlay_style_height_tab":400,"overlay_style_height_mobile":380,"custom_class_name":"custom-demo3-masonry"}},"16559674537c809f4b":{"type":"home-product-carousel","settings":{"full":true,"spacing_both_ends":true,"padding":"0,0","margin":"100,0","show_background_image":false,"background_style":"none","background_size":"auto","enable_overlay":false,"background_color":"","overlay_transparency":"0.5","section_heading":"Trending Products","section_sub_heading":"Feel Pretty","section_description":"","section_button_text":"","section_button_link":"","section_heading_color":"","section_sub_heading_color":"","section_description_color":"","section_button_bg_color":"","section_button_text_color":"","section_button_hover_bg_color":"","section_button_hover_text_color":"","heading_position":"text-center","grouped_content_bg":"","grouped_column_gap":"30","grouped_content_padding":"0","group_border_radius":"","enable_group_box_shadow":false,"reverse_column":false,"content_width":"30\/70","lap_content_width":"35\/65","additional_block_background_color":"","additional_block_box_shadow":false,"additional_content_padding":"0","additional_block_border_radius":"0","enable_main_content":true,"main_block_background_color":"","enable_main_block_box_shadow":false,"main_block_border_radius":"0","main_content_padding":"0","collection":"popular-products-demo-4","column_gap":"30","border_radius":"0","enable_list_view":false,"grid":"4","post_limit":4,"enable_slider":true,"items_per_view":4,"items_laptop_view":3,"items_tablet_view":2,"items_mobile_view":1,"enable_center_mode":false,"rows":1,"slider_autoplay":0,"enable_auto_height":false,"dots":false,"carousel_pagination_alignment":"center_pagination","carousel_pagination_bottom_alignment":"outside_element","arrows":true,"nav_arrow_position":"navigation-top-center","center_nav_arrow_alignment":"inside_container","navigation_button_color":"#d9ddcf","navigation_button_icon_color":"#000000","navigation_button_hover_color":"","navigation_button_hover_icon_color":"#000000","navigation_dot_color":"","navigation_dot_active_color":"","enable_section_collection_button_text":false,"section_collection_button_text":"","section_collection_link":"","custom_class_name":"custom-product-carosual"}},"165528562091f317bf":{"type":"home-testimonial","blocks":{"165528562093127902-0":{"type":"content","settings":{"quote":"<p>Fringilla phasellus faucibus quis varius quam quisque id aliquam faucibus purus in massa egestas tellus rutrum tellus pellentesque mauris ultrices eros in cursus turpis massa lectus arcu bibendum at donec et odio pellentesque diam volutpat commodo sed sollicitudin ac orci phasellus egestas tellus pellentesque.<\/p>","icon":"shopify:\/\/shop_images\/test02.jpg","author":"Juslin Matthew","job":"Saturday, Jully 39, 2022","star":"5"}},"8bcd1f7a-7d6a-4afa-aad8-8519825b639e":{"type":"content","settings":{"quote":"<p>Tempor incididunt ut labore et dolore magna aliqua quam vulputate dignissim suspendisse in est ante in vestibulum lectus mauris ultrices eros in cursus turpis massa lectus arcu bibendum at sed lectus vestibulum mattis ullamcorper velit sollicitudin ac orci phasellus egestas tellus rutrum tellus pellentesque.<\/p>","icon":"shopify:\/\/shop_images\/test03.jpg","author":"Cathrina","job":"Saturday, Jully 30,2002","star":"4.5"}},"b9b6ee44-310f-4256-850c-97742f44abfd":{"type":"content","settings":{"quote":"<p>Scelerisque purus semper eget duis at cras tincidunt lobortis feugiat enim ut tellus elementum sagittis vitae quis varius quam quisque id aliquam faucibus purus in massa vulputate eu scelerisque felis imperdiet adipiscing elit pellentesque habitant elit ullamcorper dignissim cras tincidunt lobortis sit amet porttitor eget.<\/p>","icon":"shopify:\/\/shop_images\/test01.jpg","author":"Marry George","job":"Saturday, Jully 30, 2022","star":"5"}}},"block_order":["165528562093127902-0","8bcd1f7a-7d6a-4afa-aad8-8519825b639e","b9b6ee44-310f-4256-850c-97742f44abfd"],"settings":{"full":true,"spacing_both_ends":true,"padding":"0,0","margin":"70,0","show_background_image":false,"background_style":"none","background_size":"auto","enable_overlay":false,"background_color":"","overlay_transparency":"0.5","section_heading":"","section_sub_heading":"","section_description":"","section_button_text":"","section_button_link":"","section_heading_color":"","section_sub_heading_color":"","section_description_color":"","section_button_bg_color":"","section_button_text_color":"","section_button_hover_bg_color":"","section_button_hover_text_color":"","heading_position":"text-center","grid":"1","block_style":"style_3","boxed_styles":"overall_boxed","enable_box_shadow":false,"reverse_column":false,"text_position":"text-center","quote_icon":"shopify:\/\/shop_images\/quote-icon.png","quote_style":"quote-icon-in-content","author_info_style":"style_2","border_radius":"50%","boxed_border_radius":"0","column_gap":"30","content_width":"30\/70","lap_content_width":"20\/80","vertical_position":"vertical-top","testimonial_border_color":"#f4f4f4","testimonial_background_color":"#f4f4f4","testimonial_content_color":"#000000","testimonial_review_color":"linear-gradient(180deg, rgba(245, 149, 9, 1) 1%, rgba(255, 192, 2, 1) 100%)","testimonial_author_text_color":"#000000","testimonial_author_designation_color":"#000000","testimonial_author_separator_color":"","testimonial_quote_icon_color":"#000000","enable_slider":true,"enable_auto_height":true,"items_per_view":1,"items_laptop_view":1,"items_tablet_view":1,"items_mobile_view":1,"enable_center_mode":false,"slider_autoplay":0,"dots":false,"carousel_pagination_alignment":"center_pagination","carousel_pagination_bottom_alignment":"outside_element","arrows":true,"nav_arrow_position":"navigation-top-right","center_nav_arrow_alignment":"outside_container","navigation_button_color":"","navigation_button_icon_color":"#000000","navigation_button_hover_color":"","navigation_button_hover_icon_color":"#000000","navigation_dot_color":"","navigation_dot_active_color":"","show_right_block_image":true,"right_block_image":"shopify:\/\/shop_images\/grid03_7d54d47c-f4da-42f4-abf3-6e1b7b36db3f.jpg","custom_class_name":"custom-testimonial"}},"1654676858d946e20b":{"type":"home-image-gallery","blocks":{"165467685865eb3b00-0":{"type":"image_image","settings":{"image":"shopify:\/\/shop_images\/insta01_d6586ac9-f97d-4a70-808b-5f9cb6e8983f.jpg","icon_class":"fa fa-instagram","overlay_title":"","link":"\/"}},"165467685865eb3b00-1":{"type":"image_image","settings":{"image":"shopify:\/\/shop_images\/insta02_1a3973f5-014c-44a9-919b-08816b47a09e.jpg","icon_class":"fa fa-instagram","overlay_title":"","link":"\/"}},"165467685865eb3b00-2":{"type":"image_image","settings":{"image":"shopify:\/\/shop_images\/insta03_7f7c9c27-7d65-4aae-a265-8274e6a80b9d.jpg","icon_class":"fa fa-instagram","overlay_title":"","link":"\/"}},"165467685865eb3b00-3":{"type":"image_image","settings":{"image":"shopify:\/\/shop_images\/insta05_277141ac-1ee3-4c4e-a13a-5db51246eed5.jpg","icon_class":"fa fa-instagram","overlay_title":"","link":"\/"}},"165467685865eb3b00-4":{"type":"image_image","settings":{"image":"shopify:\/\/shop_images\/insta04_474556ff-a134-41ad-91e4-c4ea4cd23dea.jpg","icon_class":"fa fa-instagram","overlay_title":"","link":"\/"}},"898e5675-ad3d-4041-a449-b43062312c5e":{"type":"image_image","settings":{"image":"shopify:\/\/shop_images\/insta06_991910e2-b852-490f-8aab-cffbcd205117.jpg","icon_class":"fa fa-instagram","overlay_title":"","link":"\/"}}},"block_order":["165467685865eb3b00-0","165467685865eb3b00-1","165467685865eb3b00-2","165467685865eb3b00-3","165467685865eb3b00-4","898e5675-ad3d-4041-a449-b43062312c5e"],"settings":{"full":true,"spacing_both_ends":true,"padding":"0,0","margin":"100,70","show_background_image":false,"background_style":"none","background_size":"auto","enable_overlay":false,"background_color":"","overlay_transparency":"0.5","section_heading":"Join Instagram","section_sub_heading":"Social Share","section_description":"","section_button_text":"","section_button_link":"","section_heading_color":"","section_sub_heading_color":"","section_description_color":"","section_button_bg_color":"","section_button_text_color":"","section_button_hover_bg_color":"","section_button_hover_text_color":"","heading_position":"text-center","grid":"5","column_gap":"15","image_list_text":"Insta Feed","enable_overlay_content":true,"item_height":310,"item_height_laptop":310,"item_height_tab":310,"item_height_mobile":310,"image_link_text_color":"#e6e6e6","image_link_hover_text_color":"","image_overlay_icon_color":"","image_overlay_color":"#000000","icon_size":"24","enable_slider":true,"remove_button_space":false,"enable_auto_height":true,"items_per_view":5,"items_laptop_view":4,"items_tablet_view":3,"items_mobile_view":1,"enable_center_mode":false,"slider_autoplay":5,"dots":false,"carousel_pagination_alignment":"center_pagination","arrows":false,"nav_arrow_position":"center-navigation","center_nav_arrow_alignment":"along_with_container","navigation_button_color":"#ffffff","navigation_button_icon_color":"#000000","navigation_button_hover_color":"#000000","navigation_button_hover_icon_color":"#ffffff","navigation_dot_color":"","navigation_dot_active_color":"","custom_class_name":"custom-image-list"}}},"order":["165596747365586a96","165476026910bbe237","1655377895f4b51416","16546915620b2f2d6c","1655967358f107399f","16559674537c809f4b","165528562091f317bf","1654676858d946e20b"]}