{"sections":{"main":{"type":"about-us","settings":{}},"1655804998227f2141":{"type":"home-video-banner","settings":{"full":false,"spacing_both_ends":false,"padding":"0,0","margin":"0,0","show_background_image":false,"background_style":"none","background_size":"auto","enable_overlay":false,"background_color":"","overlay_transparency":"0.5","section_heading":"","section_sub_heading":"","section_description":"","section_button_text":"","section_button_link":"","section_heading_color":"","section_sub_heading_color":"","section_description_color":"","section_button_bg_color":"","section_button_text_color":"","section_button_hover_bg_color":"","section_button_hover_text_color":"","heading_position":"text-center","block_title":"Main Heading","block_sub_title":"Sub heading","block_description":"Lorem ipsum dolor sit amet, consectetur adipiscing elit, sed do eiusmod tempor incididunt ut labore et dolore magna aliqua. Quis ipsum suspendisse ultrices gravida. Risus commodo viverra maecenas accumsan lacus vel facilisis.","block_button_text":"View More","block_button_link":"\/","content_position":"center","block_text_align":"text-center","layout_style":"default","reverse_column":false,"show_image":true,"video_format":"video","video_url":"https:\/\/storage.googleapis.com\/coverr-main\/mp4\/Palm_Trees.mp4","iframe_url":"https:\/\/www.youtube.com\/embed\/JJMPKgyCoSY","video_height":"600","overlay_style":"with-overlay","enable_box_shadow":false,"border_radius":"0","banner_heading_color":"","banner_sub_heading_color":"","banner_description_color":"","banner_button_bg_color":"","banner_button_text_color":"","banner_button_hover_bg_color":"","banner_button_hover_text_color":"","video_overlay_color":"rgba(0,0,0,0)","video_overlay_transparency":"0.5","icon_bg_color":"","icon_color":"","icon_bg_color_hover":"","icon_color_hover":"","custom_class_name":"about-video-banner"}},"16557970421a2b00f4":{"type":"home-custom-section","disabled":true,"blocks":{"165579704255ceee64-0":{"type":"content","settings":{"block_heading":"Main Heading","block_sub_heading":"Sub Heading","block_description":"Lorem ipsum dolor sit amet, consectetur adipiscing elit, sed do eiusmod tempor incididunt ut labore et dolore magna aliqua. Quis ipsum suspendisse ultrices gravida. Risus commodo viverra maecenas accumsan lacus vel facilisis.","html":"<p><b>Enter text with html tags<\/b><\/p>","block_button_text":"","block_button_link":"","heading_position":"text-center","block_img_1":"shopify:\/\/shop_images\/overlay2.jpg","image_1_border_radius":"","image_2_border_radius":"","block_img_title":"","block_img_title_color":"","reverse_column":true,"fullwidth_images":true,"block_heading_color":"","block_sub_heading_color":"","block_description_color":"","block_html_color":"","block_button_bg_color":"","block_button_text_color":"","block_button_hover_bg_color":"","block_button_hover_text_color":""}}},"block_order":["165579704255ceee64-0"],"settings":{"full":false,"spacing_both_ends":false,"padding":"0,0","margin":"0,0","show_background_image":false,"background_style":"none","background_size":"auto","enable_overlay":false,"background_color":"","overlay_transparency":"0.5","section_heading":"","section_sub_heading":"","section_description":"","section_button_text":"","section_button_link":"","section_heading_color":"","section_sub_heading_color":"","section_description_color":"","section_button_bg_color":"","section_button_text_color":"","section_button_hover_bg_color":"","section_button_hover_text_color":"","heading_position":"text-center","column_gap":"30","border_radius":"","content_width":"50\/50","lap_content_width":"40\/60","custom_class_name":"about-custom-section"}},"1655804697afd47e9d":{"type":"home-grid-banner","blocks":{"1655804696cc7e9866-0":{"type":"content","settings":{"grid_banner_type":"image","show_image_title":false,"block_image_title":"Image title","block_image_title_color":"","block_image":"shopify:\/\/shop_images\/img1.jpg","block_video":"https:\/\/www.w3schools.com\/tags\/mov_bbb.mp4","video_icon_color":"","video_icon_position":"icon-top-right","content_with_icon":false,"video_icon_outer_size":"60px","video_icon_size":"40px","show_image":true,"show_content":true,"block_title":"Women Collections","block_sub_title":"Trendy Style","block_description":"Lorem ipsum dolor sit amet, consectetur adipiscing elit, sed do eiusmod tempor incididunt ut labore et dolore magna aliqua. Quis ipsum suspendisse ultrices gravida. Risus commodo viverra maecenas accumsan lacus vel facilisis.","block_button_text":"Shop New Arrival","block_button_link":"\/","block_text_align":"text-start","content_position":"center","reverse_column":false,"block_banner_bg":"rgba(0,0,0,0)","block_content_box_bg":"rgba(0,0,0,0)","block_heading_color":"","block_sub_heading_color":"","block_description_color":"","block_button_bg_color":"","block_button_text_color":"#000000","block_button_hover_bg_color":"","block_button_hover_text_color":"#565e41","overlay_style":"use_overlay","overlay_color":"","overlay_opacity":"0.5","rotation_degree":"180","block_animation_text":"fadeIn"}}},"block_order":["1655804696cc7e9866-0"],"settings":{"full":true,"spacing_both_ends":false,"padding":"0,0","margin":"80,0","show_background_image":false,"background_style":"none","background_size":"auto","enable_overlay":false,"background_color":"","overlay_transparency":"0.5","section_heading":"","section_sub_heading":"","section_description":"","section_button_text":"","section_button_link":"","section_heading_color":"","section_sub_heading_color":"","section_description_color":"","section_button_bg_color":"","section_button_text_color":"","section_button_hover_bg_color":"","section_button_hover_text_color":"","heading_position":"text-center","block_banner_style":"list","column_gap":"30","grid":"1","border_radius":"0","enable_box_shadow":false,"equal_height":false,"content_width":"50\/50","lap_content_width":"40\/60","overlay_style_height":600,"overlay_style_height_laptop":500,"overlay_style_height_mobile":400,"custom_class_name":"custom-list-banner"}},"1655796850bd1bb86f":{"type":"home-custom-section","blocks":{"1655796850e5faf5b2-0":{"type":"content","settings":{"block_heading":"What we design!","block_sub_heading":"About us","block_description":"Lorem Ipsum is simply dummy text of the printing and typesetting industry. Lorem Ipsum has been the industry's standard dummy text ever since the 1500s, when an unknown printer took a galley of type and scrambled it to make a type specimen book.","html":"<h6>Where does it come from?<\/h6>\n<p>\nContrary to popular belief, Lorem Ipsum is not simply random text. It has roots in a piece of classical Latin literature from 45 BC, making it over 2000 years old. Richard McClintock, a Latin professor at Hampden-Sydney College in Virginia, <\/p>","block_button_text":"Read More","block_button_link":"\/","heading_position":"text-start","block_img_1":"shopify:\/\/shop_images\/grid01_36e4aca0-42e4-4b65-bae2-7f686742ae09.jpg","image_1_border_radius":"","block_img_2":"shopify:\/\/shop_images\/grid-01.jpg","image_2_border_radius":"","block_img_title":"","block_img_title_color":"","reverse_column":false,"fullwidth_images":true,"block_heading_color":"","block_sub_heading_color":"","block_description_color":"","block_html_color":"","block_button_bg_color":"","block_button_text_color":"","block_button_hover_bg_color":"","block_button_hover_text_color":""}}},"block_order":["1655796850e5faf5b2-0"],"settings":{"full":true,"spacing_both_ends":true,"padding":"100,0","margin":"100,0","show_background_image":false,"background_style":"none","background_size":"auto","enable_overlay":true,"background_color":"#d9ddcf","overlay_transparency":"0.5","section_heading":"","section_sub_heading":"","section_description":"","section_button_text":"","section_button_link":"","section_heading_color":"","section_sub_heading_color":"","section_description_color":"","section_button_bg_color":"","section_button_text_color":"","section_button_hover_bg_color":"","section_button_hover_text_color":"","heading_position":"text-center","column_gap":"30","border_radius":"","content_width":"50\/50","lap_content_width":"40\/60","custom_class_name":"custom-section-banner"}},"1655795812c655614c":{"type":"home-grid-banner","blocks":{"1655795812ad963d80-0":{"type":"content","disabled":true,"settings":{"grid_banner_type":"image","show_image_title":false,"block_image_title":"","block_image_title_color":"#d9ddcf","block_image":"shopify:\/\/shop_images\/img1.jpg","block_video":"https:\/\/www.w3schools.com\/tags\/mov_bbb.mp4","video_icon_color":"","video_icon_position":"icon-top-right","content_with_icon":false,"video_icon_outer_size":"60px","video_icon_size":"40px","show_image":true,"show_content":true,"block_title":"Women Collections","block_sub_title":"TRENDY STYLE","block_description":"Lorem ipsum dolor sit amet, consectetur adipiscing elit, sed do eiusmod tempor incididunt ut labore et dolore magna aliqua. Quis ipsum suspendisse ultrices gravida. Risus commodo viverra maecenas accumsan lacus vel facilisis.","block_button_text":"Shop New Arrival","block_button_link":"\/","block_text_align":"text-start","content_position":"center","reverse_column":false,"block_banner_bg":"rgba(0,0,0,0)","block_content_box_bg":"rgba(0,0,0,0)","block_heading_color":"","block_sub_heading_color":"","block_description_color":"","block_button_bg_color":"","block_button_text_color":"#000000","block_button_hover_bg_color":"","block_button_hover_text_color":"#565e41","overlay_style":"use_gradient_overlay","overlay_color":"#565e41","overlay_opacity":"1","rotation_degree":"-180","block_animation_text":"fadeIn"}},"1655795812ad963d80-1":{"type":"content","settings":{"grid_banner_type":"image","show_image_title":false,"block_image_title":"","block_image_title_color":"","block_image":"shopify:\/\/shop_images\/img2.jpg","block_video":"https:\/\/www.w3schools.com\/tags\/mov_bbb.mp4","video_icon_color":"","video_icon_position":"icon-top-right","content_with_icon":false,"video_icon_outer_size":"60px","video_icon_size":"40px","show_image":true,"show_content":true,"block_title":"Men Collections","block_sub_title":"Trendy style","block_description":"Lorem ipsum dolor sit amet, consectetur adipiscing elit, sed do eiusmod tempor incididunt ut labore et dolore magna aliqua. Quis ipsum suspendisse ultrices gravida. Risus commodo viverra maecenas accumsan lacus vel facilisis.","block_button_text":"Shop New Arrivals","block_button_link":"\/","block_text_align":"text-start","content_position":"center","reverse_column":true,"block_banner_bg":"rgba(0,0,0,0)","block_content_box_bg":"rgba(0,0,0,0)","block_heading_color":"","block_sub_heading_color":"","block_description_color":"","block_button_bg_color":"","block_button_text_color":"#000000","block_button_hover_bg_color":"","block_button_hover_text_color":"#565e41","overlay_style":"use_gradient_overlay","overlay_color":"#565e41","overlay_opacity":"1","rotation_degree":"-180","block_animation_text":"fadeIn"}}},"block_order":["1655795812ad963d80-0","1655795812ad963d80-1"],"settings":{"full":true,"spacing_both_ends":false,"padding":"0,0","margin":"100,0","show_background_image":false,"background_style":"none","background_size":"auto","enable_overlay":false,"background_color":"","overlay_transparency":"0.5","section_heading":"","section_sub_heading":"","section_description":"","section_button_text":"","section_button_link":"","section_heading_color":"","section_sub_heading_color":"","section_description_color":"","section_button_bg_color":"","section_button_text_color":"","section_button_hover_bg_color":"","section_button_hover_text_color":"","heading_position":"text-center","block_banner_style":"list","column_gap":"50","grid":"1","border_radius":"0","enable_box_shadow":false,"equal_height":false,"content_width":"50\/50","lap_content_width":"50\/50","overlay_style_height":600,"overlay_style_height_laptop":500,"overlay_style_height_mobile":400,"custom_class_name":"custom-list-banner"}},"1655797636a49da048":{"type":"inner-page-team-section","blocks":{"a8c65d0b-4dd1-4d6f-b91c-104da813de81":{"type":"content","settings":{"image":"shopify:\/\/shop_images\/team-01_800x_925b1ca8-e18d-4fa6-854f-852d7449faf1.jpg","name":"Name","designation":"Customer support","facebook":"#","twitter":"#","pinterest":"#","youtube":"#"}},"79c3be41-53c3-4bd4-b620-b02cc0836a83":{"type":"content","settings":{"image":"shopify:\/\/shop_images\/team-01_800x_925b1ca8-e18d-4fa6-854f-852d7449faf1.jpg","name":"Name","designation":"Customer support","facebook":"#","twitter":"#","pinterest":"#","youtube":"#"}},"07af3ea9-15c3-4f6a-8084-2796bca9bdaa":{"type":"content","settings":{"image":"shopify:\/\/shop_images\/team-01_800x_925b1ca8-e18d-4fa6-854f-852d7449faf1.jpg","name":"Name","designation":"Customer support","facebook":"#","twitter":"#","pinterest":"#","youtube":"#"}},"d6c2e8a2-ad22-4fb5-a256-92128b88c35e":{"type":"content","settings":{"image":"shopify:\/\/shop_images\/team-01_800x_925b1ca8-e18d-4fa6-854f-852d7449faf1.jpg","name":"Name","designation":"Customer support","facebook":"#","twitter":"#","pinterest":"#","youtube":"#"}}},"block_order":["a8c65d0b-4dd1-4d6f-b91c-104da813de81","79c3be41-53c3-4bd4-b620-b02cc0836a83","07af3ea9-15c3-4f6a-8084-2796bca9bdaa","d6c2e8a2-ad22-4fb5-a256-92128b88c35e"],"settings":{"enable":true,"full":false,"spacing_both_ends":false,"padding":"0,0","margin":"100,0","show_background_image":false,"background_style":"default","enable_overlay":false,"background_color":"","overlay_transparency":"0.5","section_heading":"Our Team","section_sub_heading":"","section_description":"","section_button_text":"","section_button_link":"","section_heading_color":"","section_sub_heading_color":"","section_description_color":"","section_button_bg_color":"","section_button_text_color":"","section_button_hover_bg_color":"","section_button_hover_text_color":"","heading_position":"text-center","column":"four-column","block_heading_color":"","block_designation_color":"","block_bg":"rgba(0,0,0,0)","block_social_icon_bg_color":"#565e41","block_social_icon_color":"#ffffff","block_social_icon_hover_bg_color":"#000000","block_social_icon_hover_color":"#ffffff"}}},"order":["main","1655804998227f2141","16557970421a2b00f4","1655804697afd47e9d","1655796850bd1bb86f","1655795812c655614c","1655797636a49da048"]}