{"sections":{"main":{"type":"faq-template-1","blocks":{"68dc88d8-4fab-4295-a50e-ab34e0e21863":{"type":"icon","settings":{"title":"How will my order be delivered to me?","desc":"Magna fermentum iaculis eu non diam phasellus vestibulum lorem. Amet volutpat consequat mauris nunc congue nisi vitae. Turpis egestas maecenas pharetra convallis posuere morbi leo urna. Proin libero nunc consequat interdum varius. Tellus in hac habitasse platea dictumst vestibulum rhoncus est. Donec ac odio tempor orci. At augue eget arcu dictum varius duis at. Tempor id eu nisl nunc mi."}},"30b16160-3f60-49ed-accb-a061e678d6b8":{"type":"icon","settings":{"title":"How do I track my order?","desc":"Pharetra et ultrices neque ornare aenean euismod elementum nisi. Purus in massa tempor nec. Id consectetur purus ut faucibus pulvinar elementum. Tristique et egestas quis ipsum suspendisse. Et pharetra pharetra massa massa. Faucibus a pellentesque sit amet porttitor. Potenti nullam ac tortor vitae purus faucibus ornare suspendisse. Scelerisque mauris pellentesque pulvinar pellentesque. Diam in arcu cursus euismod quis viverra."}},"81b77e20-706f-4855-b81f-6551f652bb36":{"type":"icon","settings":{"title":"How do I check the status of my order?","desc":"Aenean euismod elementum nisi quis eleifend quam adipiscing vitae proin.  Sit amet cursus sit amet dictum. Donec massa sapien faucibus et molestie. Proin fermentum leo vel orci porta non pulvinar neque. Volutpat lacus laoreet non curabitur gravida. Vitae tempus quam pellentesque nec nam. Magna fringilla urna porttitor rhoncus dolor purus non enim. Nulla facilisi cras fermentum odio. Faucibus scelerisque eleifend donec pretium. Venenatis cras sed felis eget velit."}},"7c4d2a7c-1f3c-4410-935c-e1361a72ccb7":{"type":"icon","settings":{"title":"What shipping methods are available?","desc":"Orci nulla pellentesque dignissim enim sit amet. Mattis ullamcorper velit sed ullamcorper morbi tincidunt ornare.  Dolor sit amet consectetur adipiscing. Aliquam faucibus purus in massa tempor nec feugiat nisl. Urna duis convallis convallis tellus id interdum. Fringilla phasellus faucibus scelerisque eleifend. Consequat ac felis donec et odio pellentesque diam. Eget nullam non nisi est sit amet facilisis. Diam quam nulla porttitor massa id neque. Dictumst quisque sagittis purus sit amet volutpat consequat."}},"381095d8-3e90-42f5-950e-58fed7ef3103":{"type":"icon","settings":{"title":"How I cancel my order?","desc":"Proin nibh nisl condimentum id venenatis a. Faucibus nisl tincidunt eget nullam non. Sollicitudin nibh sit amet commodo nulla facilisi nullam vehicula ipsum. Aliquet eget sit amet tellus cras adipiscing enim eu turpis. Ut pharetra sit amet aliquam id diam maecenas ultricies. Et ligula ullamcorper malesuada proin libero.  Turpis massa sed elementum tempus egestas sed sed risus pretium. Euismod quis viverra nibh cras pulvinar mattis nunc. Morbi tempus iaculis urna id volutpat lacus laoreet non curabitur."}},"4397e945-ff9f-4c2f-a85e-2c321758bcf2":{"type":"class","disabled":true,"settings":{"class":"","title":"Heading","desc":"Lorem ipsum dolor sit amet"}},"7a6a60ef-ca82-491f-b3bf-c32baf0d0735":{"type":"icon","disabled":true,"settings":{"title":"Heading","desc":"Lorem ipsum dolor sit amet"}}},"block_order":["68dc88d8-4fab-4295-a50e-ab34e0e21863","30b16160-3f60-49ed-accb-a061e678d6b8","81b77e20-706f-4855-b81f-6551f652bb36","7c4d2a7c-1f3c-4410-935c-e1361a72ccb7","381095d8-3e90-42f5-950e-58fed7ef3103","4397e945-ff9f-4c2f-a85e-2c321758bcf2","7a6a60ef-ca82-491f-b3bf-c32baf0d0735"],"settings":{"full":false,"spacing_both_ends":false,"padding":"0,0","margin":"0,0","show_background_image":false,"background_style":"none","background_size":"auto","enable_overlay":false,"background_color":"","overlay_transparency":"0.5","section_heading":"Top Customer Questions","section_sub_heading":"","section_description":"","section_button_text":"","section_button_link":"","section_heading_color":"","section_sub_heading_color":"","section_description_color":"","section_button_bg_color":"","section_button_text_color":"","section_button_hover_bg_color":"","section_button_hover_text_color":"","heading_position":"text-center","block_style":"default-style","text_position":"text-start","border_radius":"0","grid_gap":"30","enable_box_shadow":true,"enable_heading_icons":true,"faq_icon_size":"30","enable_segmented_layout":true,"segmented_layout_gap":"15","faq_border_color":"#9f6000","faq_heading_color":"","faq_heading_bg_color":"","faq_content_color":"","faq_content_bg_color":"","custom_class_name":""}}},"order":["main"]}