{"sections":{"163939830182b8c7a3":{"type":"slideshow","blocks":{"4e8c31c7-49f6-4947-b139-0d55e84db37c":{"type":"Slider","settings":{"image":"shopify:\/\/shop_images\/Slider-1.jpg","mobile_image":"shopify:\/\/shop_images\/Mobile_Slider-1.jpg","mobile_bg_clr":"#feeae3","text_alignment":"text-start","content_position":"center-left","show_image":false,"title_2":"Board","subheading_color":"#ff6700","subheading_size":"100","title":"Skating","heading_color":"#ff6700","heading_size":"100","desc":"Lorem ipsum dolor sit amet, consectetur adipiscing elit, sed do eiusmod tempor incididunt ut labore et dolore magna aliqua. Quis ipsum suspendisse ultrices gravida.\n Risus commodo viverra maecenas accumsan lacus vel facilisis.","desc_color":"#565656","desc_size":"16","button":"Read more","link":"shopify:\/\/blogs\/news","btn_bg_color":"","btn_txt_color":"#3c3c3c","btn_hoverbg_color":"#ff6700","btn_hovertxt_color":"#ffffff","button_2":"","link_2":"","btn_bg_color_2":"","btn_txt_color_2":"","btn_hoverbg_color_2":"","btn_hovertxt_color_2":"","slide_content_bg":"rgba(0,0,0,0)"}}},"block_order":["4e8c31c7-49f6-4947-b139-0d55e84db37c"],"settings":{"full":true,"spacing_both_ends":true,"margin":"0,0","slider_height":890,"slider_height_lap":700,"slider_height_tab":600,"slider_height_mobile":700,"content_within_container":false,"enable_box_shadow":false,"border_radius":"0","content_border_radius":"0","autoplay":false,"slideshow_speed":"5000","dots":false,"carousel_pagination_alignment":"center_pagination","carousel_pagination_bottom_alignment":"inside_element","arrows":false,"nav_arrow_position":"navigation-bottom-center","center_nav_arrow_alignment":"inside_container","navigation_button_color":"","navigation_button_icon_color":"","navigation_button_hover_color":"","navigation_button_hover_icon_color":"","navigation_dot_color":"","navigation_dot_active_color":"","custom_class_name":"skate-slide"}},"16393983674fefc8f3":{"type":"home-custom-section","blocks":{"1639398367ee7c54ca-0":{"type":"content","settings":{"block_heading":"","block_sub_heading":"","block_description":"","html":"","block_button_text":"","block_button_link":"","heading_position":"text-start","block_img_1":"shopify:\/\/shop_images\/home-image-1.png","image_1_border_radius":"","image_2_border_radius":"","reverse_column":false,"fullwidth_images":true,"block_heading_color":"","block_sub_heading_color":"","block_description_color":"","block_html_color":"","block_button_bg_color":"","block_button_text_color":"","block_button_hover_bg_color":"","block_button_hover_text_color":""}},"1639398367ee7c54ca-1":{"type":"content","settings":{"block_heading":"ABOUT US","block_sub_heading":"","block_description":"Quis ipsum suspendisse ultrices gravida. Risus commodo viverra maecenas accumsan lacus vel facilisis. Lorem ipsum dolor sit amet, consectetur adipiscing elit, sed do eiusmod tempor incididunt ut labore et dolore magna aliqua.","html":"<ul>\n<li>Nisi quis eleifend quam adipiscing vitae proin.<\/li>\n<li>Diam in arcu cursus euismod quis viverra.<\/li>\n<li>Eget velit aliquet sagittis id consec.<\/li>\n<li>Enim nulla aliquet porttitor lacus luctus accumsan tortor. Molestie nunc non blandit massa enim nec dui.<\/li>\n<\/ul>","block_button_text":"","block_button_link":"","heading_position":"text-start","image_1_border_radius":"","block_img_2":"shopify:\/\/shop_images\/home-image-2.png","image_2_border_radius":"","reverse_column":false,"fullwidth_images":false,"block_heading_color":"","block_sub_heading_color":"","block_description_color":"","block_html_color":"","block_button_bg_color":"","block_button_text_color":"","block_button_hover_bg_color":"","block_button_hover_text_color":""}}},"block_order":["1639398367ee7c54ca-0","1639398367ee7c54ca-1"],"settings":{"full":true,"spacing_both_ends":true,"padding":"150,50","margin":"0,0","show_background_image":false,"background_style":"none","background_size":"auto","enable_overlay":false,"background_color":"","overlay_transparency":"0.5","section_heading":"","section_sub_heading":"","section_description":"","section_button_text":"","section_button_link":"","section_heading_color":"","section_sub_heading_color":"","section_description_color":"","section_button_bg_color":"","section_button_text_color":"","section_button_hover_bg_color":"","section_button_hover_text_color":"","heading_position":"text-center","column_gap":"0","border_radius":"","content_width":"50\/42","lap_content_width":"55\/35","custom_class_name":"Skatees-custom-section"}},"1639369754630dc931":{"type":"home-grid-banner","blocks":{"1639369754abde2fa4-0":{"type":"content","settings":{"block_image":"shopify:\/\/shop_images\/home-image-3.jpg","show_image":true,"block_title":"Ocean Skateboard","use_title_link":true,"block_button_link1":"","block_sub_title":"","block_description":"Risus commodo viverra maecenas accumsan lacus vel facilisis. Lorem ipsum dolor sit amet, consectetur adipiscing elit, sed do eiusmod tempor incididunt ut labore et dolore magna aliqua. Quis ipsum suspendisse ultrices gravida.","block_button_text":"Read More","block_button_link":"shopify:\/\/collections\/best-sellers","block_text_align":"text-start","content_position":"center","reverse_column":true,"block_banner_bg":"rgba(0,0,0,0)","block_content_box_bg":"rgba(0,0,0,0)","block_heading_color":"#ff6700","block_sub_heading_color":"","block_description_color":"#565656","block_button_bg_color":"#ffffff","block_button_text_color":"#3c3c3c","block_button_hover_bg_color":"#ff6700","block_button_hover_text_color":"#ffffff","overlay_style":"use_overlay","overlay_color":"rgba(0,0,0,0)","overlay_opacity":"0","rotation_degree":"180"}}},"block_order":["1639369754abde2fa4-0"],"settings":{"full":false,"spacing_both_ends":false,"padding":"50,0","margin":"0,0","show_background_image":false,"background_style":"none","background_size":"auto","enable_overlay":false,"background_color":"#faf7f2","overlay_transparency":"0","section_heading":"","section_sub_heading":"","section_description":"","section_button_text":"","section_button_link":"","section_heading_color":"","section_sub_heading_color":"","section_description_color":"","section_button_bg_color":"","section_button_text_color":"","section_button_hover_bg_color":"","section_button_hover_text_color":"","heading_position":"text-center","block_banner_style":"list","column_gap":"30","grid":"2","border_radius":"20","enable_box_shadow":false,"equal_height":false,"content_width":"40\/60","lap_content_width":"40\/60","overlay_style_height":600,"overlay_style_height_laptop":500,"overlay_style_height_mobile":400,"custom_class_name":"skatees-grid-one"}},"16400744881b7ee292":{"type":"home-grid-banner","blocks":{"16400744885b97d2f2-1":{"type":"content","settings":{"block_image":"shopify:\/\/shop_images\/home-image-4.jpg","show_image":true,"block_title":"Mini Skateboard","use_title_link":true,"block_button_link1":"","block_sub_title":"","block_description":"Xirem ipsum dolor sit amet, consectetur adipiscing elit, sed do eiusmod tempor incididunt ut labore et dolore magna aliqua. Quis ipsum suspendisse ultrices gravida. Risus commodo viverra maecenas accumsan lacus vel facilisis.","block_button_text":"Read More","block_button_link":"shopify:\/\/collections\/latest-arraivals","block_text_align":"text-start","content_position":"center","reverse_column":false,"block_banner_bg":"rgba(0,0,0,0)","block_content_box_bg":"rgba(0,0,0,0)","block_heading_color":"#ff6700","block_sub_heading_color":"","block_description_color":"#565656","block_button_bg_color":"#faf7f2","block_button_text_color":"#3c3c3c","block_button_hover_bg_color":"#ff6700","block_button_hover_text_color":"#ffffff","overlay_style":"use_overlay","overlay_color":"rgba(0,0,0,0)","overlay_opacity":"0","rotation_degree":"180"}}},"block_order":["16400744885b97d2f2-1"],"settings":{"full":false,"spacing_both_ends":false,"padding":"0,50","margin":"0,0","show_background_image":false,"after_image":"shopify:\/\/shop_images\/home-image-3_3510bbb8-6f5b-4f0e-bfe0-206f9007382e.png","background_style":"none","background_size":"auto","enable_overlay":true,"background_color":"#faf7f2","overlay_transparency":"1","section_heading":"","section_sub_heading":"","section_description":"","section_button_text":"","section_button_link":"","section_heading_color":"","section_sub_heading_color":"","section_description_color":"","section_button_bg_color":"","section_button_text_color":"","section_button_hover_bg_color":"","section_button_hover_text_color":"","heading_position":"text-center","block_banner_style":"list","column_gap":"30","grid":"2","border_radius":"20","enable_box_shadow":false,"equal_height":false,"content_width":"40\/60","lap_content_width":"40\/60","overlay_style_height":600,"overlay_style_height_laptop":500,"overlay_style_height_mobile":400,"custom_class_name":"skatees-grid-two"}},"1639375429b886a09f":{"type":"home-product-carousel","blocks":{"6376282c-7a9b-4db7-bf69-94c50043fa6a":{"type":"banner","settings":{"block_image":"shopify:\/\/shop_images\/home-image-6.png","show_image":true,"block_title":"","block_sub_title":"","block_description":"","block_button_text":"","block_button_link":"","block_banner_style":"grid","block_text_align":"text-center","grid_banner_box_shadow":false,"grid_banner_border_radius":"0","overlay_style_height":"400","content_position":"center","grid_banner_heading_color":"","grid_banner_sub_heading_color":"","grid_banner_description_color":"","grid_banner_button_bg_color":"","grid_banner_button_text_color":"","grid_banner_button_hover_bg_color":"","grid_banner_button_hover_text_color":"","grid_banner_content_bg":"rgba(0,0,0,0)","banner_image_overlay_style":"with-overlay","banner_image_overlay_color":"rgba(0,0,0,0)","banner_image_overlay_opacity":"0.5","banner_image_rotation_degree":"180"}}},"block_order":["6376282c-7a9b-4db7-bf69-94c50043fa6a"],"settings":{"full":true,"spacing_both_ends":true,"padding":"140,75","margin":"0,0","show_background_image":false,"background_style":"none","background_size":"auto","enable_overlay":false,"background_color":"","overlay_transparency":"0.5","section_heading":"Our unique collections","section_sub_heading":"","section_description":"Non odio euismod lacinia at quis risus.","section_button_text":"","section_button_link":"","section_heading_color":"","section_sub_heading_color":"","section_description_color":"","section_button_bg_color":"","section_button_text_color":"","section_button_hover_bg_color":"","section_button_hover_text_color":"","heading_position":"text-center","grouped_content_bg":"","grouped_column_gap":"30","grouped_content_padding":"0","group_border_radius":"0","enable_group_box_shadow":false,"reverse_column":false,"content_width":"20\/75","lap_content_width":"25\/75","additional_block_background_color":"","additional_block_box_shadow":false,"additional_content_padding":"0","additional_block_border_radius":"0","enable_main_content":true,"main_block_background_color":"","enable_main_block_box_shadow":false,"main_block_border_radius":"0","main_content_padding":"0","collection":"unique-collections","column_gap":"30","border_radius":"0","enable_list_view":false,"grid":"3","post_limit":3,"enable_slider":false,"items_per_view":4,"rows":3,"slider_autoplay":0,"enable_auto_height":false,"dots":false,"carousel_pagination_alignment":"center_pagination","carousel_pagination_bottom_alignment":"outside_element","arrows":false,"nav_arrow_position":"navigation-top-right","center_nav_arrow_alignment":"inside_container","navigation_button_color":"","navigation_button_icon_color":"","navigation_button_hover_color":"","navigation_button_hover_icon_color":"","navigation_dot_color":"","navigation_dot_active_color":"","custom_class_name":"skatees-carousel"}},"1639398373dc19b84e":{"type":"home-hotspot","blocks":{"d9e8ecfc-e99d-4455-a074-26e3bb149b72":{"type":"content","settings":{"title":"Griptape","text":"","link_text":"","link":"","top_position":"20","left_position":"22","text_position":"on-right","content_alignment":"text-start"}},"69cf720d-fe44-4a65-a022-cdc443f1175d":{"type":"content","settings":{"title":"Deck","text":"","link_text":"Shop Now","link":"","top_position":"33","left_position":"56","text_position":"on-right","content_alignment":"text-start"}},"f56616af-149d-4648-b031-9935c998fdad":{"type":"content","settings":{"title":"Nose","text":"","link_text":"Shop Now","link":"","top_position":"55","left_position":"96","text_position":"on-right","content_alignment":"text-start"}},"e7609e7b-9fd8-4328-8562-7c95e2fc227e":{"type":"content","settings":{"title":"Tail","text":"","link_text":"Shop Now","link":"","top_position":"42","left_position":"7","text_position":"on-right","content_alignment":"text-start"}},"f6a44244-c53a-4cf9-bdbd-feadcc270ab3":{"type":"content","settings":{"title":"Truck","text":"","link_text":"Shop Now","link":"","top_position":"66","left_position":"48","text_position":"on-right","content_alignment":"text-start"}},"f61f7f8c-245a-4ab4-9ebb-0f645dcd6c9d":{"type":"content","settings":{"title":"Wheel","text":"","link_text":"Shop Now","link":"","top_position":"100","left_position":"64","text_position":"on-right","content_alignment":"text-start"}}},"block_order":["d9e8ecfc-e99d-4455-a074-26e3bb149b72","69cf720d-fe44-4a65-a022-cdc443f1175d","f56616af-149d-4648-b031-9935c998fdad","e7609e7b-9fd8-4328-8562-7c95e2fc227e","f6a44244-c53a-4cf9-bdbd-feadcc270ab3","f61f7f8c-245a-4ab4-9ebb-0f645dcd6c9d"],"settings":{"full":false,"spacing_both_ends":false,"padding":"135,155","margin":"0,0","show_background_image":false,"after_image":"shopify:\/\/shop_images\/home-image-09.png","background_style":"none","background_size":"auto","enable_overlay":true,"background_color":"#faf7f2","overlay_transparency":"1","section_heading":"","section_sub_heading":"","section_description":"","section_button_text":"","section_button_link":"","section_heading_color":"","section_sub_heading_color":"","section_description_color":"","section_button_bg_color":"","section_button_text_color":"","section_button_hover_bg_color":"","section_button_hover_text_color":"","heading_position":"text-center","spot_image":"shopify:\/\/shop_images\/home-image-8.png","hotspot_overlay":true,"hotspot_overlay_color":"#ff6700","hotspot_overlay_transparency":"0.5","hotspot_tooltip_style":"style-2","hotspot_style":"style-1","dots_color_1":"#ff6700","dots_bg_color_1":"rgba(0,0,0,0)","dots_hovercolor_1":"#ffffff","dots_hoverbg_color_1":"#ff6700","hotspot_outer_color":"#ff6700","icon_format":"icon","icon":"fa fa-circle-o","enable_box_shadow":false,"border_radius":"0","hotspot_icon_text_size":16,"hotspot_size":36,"hotspot_outer_size":2,"hotspot_content_size":300,"hotspot_content_size_laptop":300,"hotspot_content_size_tablet":275,"hotspot_content_size_mobile":250,"hotspot_content_bg_color":"rgba(0,0,0,0)","hotspot_content_title_color":"#3c3c3c","hotspot_content_title_hover_color":"#ff6700","hotspot_content_description_color":"","hotspot_content_button_bg_color":"rgba(0,0,0,0)","hotspot_content_button_text_color":"","hotspot_content_button_bg_hover_color":"","hotspot_content_button_text_hover_color":"","custom_class_name":"skatees-hotspot"}},"1639398877e277d6b9":{"type":"home-featured-blog","settings":{"full":true,"spacing_both_ends":true,"padding":"140,50","margin":"0,0","show_background_image":false,"background_style":"none","background_size":"auto","enable_overlay":false,"background_color":"","overlay_transparency":"0.5","section_heading":"Latest News & Blog","section_sub_heading":"","section_description":"Non odio euismod lacinia at quis risus.","section_button_text":"","section_button_link":"","section_heading_color":"","section_sub_heading_color":"","section_description_color":"","section_button_bg_color":"","section_button_text_color":"","section_button_hover_bg_color":"","section_button_hover_text_color":"","heading_position":"text-center","blog":"news","blog_show_author":true,"blog_show_date":true,"blog_comments":false,"blog_show_tag":false,"blog_show_button":true,"blog_show_description":false,"enable_blog_icons":false,"block_banner_style":"grid-style","post_limit":3,"grid":"3","text_position":"text-start","enable_box_shadow":true,"vertical_position":"vertical-center","content_width":"50\/50","lap_content_width":"40\/60","overlay_style_height":400,"overlay_style":"use_overlay","overlay_color":"","overlay_opacity":"0.5","rotation_degree":"180","split_blog_layout":false,"split_gap":"30","enable_masonry_grid":false,"main_banner_style":"grid-style","additional_banner_style":"list-style","enable_masonry_reverse":false,"blog_bg_color":"","blog_link_color":"","blog_link_hover_color":"","blog_text_color":"","blog_icon_color":"","blog_button_bg_color":"","blog_button_text_color":"","blog_button_bg_hover_color":"","blog_button_text_hover_color":"","blog_link_color_overlay":"","blog_link_hover_color_overlay":"","blog_text_color_overlay":"","blog_icon_color_overlay":"","blog_button_bg_color_overlay":"","blog_button_text_color_overlay":"#ff6700","blog_button_bg_hover_color_overlay":"","blog_button_text_hover_color_overlay":"#3c3c3c","masonry_content_width":"50\/50","lap_masonry_content_width":"40\/60","enable_slider":false,"enable_auto_height":true,"items_per_view":2,"column_gap":"30","slider_autoplay":0,"dots":true,"carousel_pagination_alignment":"center_pagination","arrows":true,"nav_arrow_position":"center-navigation","center_nav_arrow_alignment":"outside_container","navigation_button_color":"","navigation_button_icon_color":"","navigation_button_hover_color":"","navigation_button_hover_icon_color":"","navigation_dot_color":"","navigation_dot_active_color":"","custom_class_name":"skatees-blog"}},"1639398881dcc925a0":{"type":"home-testimonial","blocks":{"1f281056-21eb-4d17-b393-f3b030b9552f":{"type":"content","settings":{"quote":"<p>Lorem ipsum dolor sit amet, consectetur adipiscing elit, sed do eiusmod tempor incididunt ut labore et dolore magna aliqua. Quis ipsum suspendisse ultrices gravida.<\/p>","icon":"shopify:\/\/shop_images\/testimonial-02.jpg","author":"Johana Doe","job":"Designer","star":"3"}},"0a9540f6-8cac-4356-a6c1-14dd5172ba6c":{"type":"content","settings":{"quote":"<p> Quis ipsum suspendisse ultrices gravida. Lorem ipsum dolor sit amet, consectetur adipiscing elit, sed do eiusmod tempor incididunt ut labore et dolore magna aliqua.<\/p>","icon":"shopify:\/\/shop_images\/testimonial-04.jpg","author":"David Bratt","job":"Professor","star":"3"}},"16393988818f09976b-0":{"type":"content","settings":{"quote":"<p>Consectetur adipiscing elit, sed do eiusmod tempor incididunt ut labore et dolore magna aliqua. Quis ipsum suspendisse ultrices gravida. Lorem ipsum dolor sit amet.<\/p>","icon":"shopify:\/\/shop_images\/testimonial-01.jpg","author":"Hellen","job":"Dancer","star":"3"}},"84d53867-02ca-40ad-a976-f2e8ae1c827d":{"type":"content","disabled":true,"settings":{"quote":"<p>Lorem ipsum dolor sit amet, consectetur adipiscing elit, sed do eiusmod tempor incididunt ut labore et dolore magna aliqua. Quis ipsum suspendisse ultrices gravida.<\/p>","icon":"shopify:\/\/shop_images\/testimonial-03.jpg","author":"Lucus Frank","job":"Designer","star":"3"}},"a98de594-07b2-4f98-a731-4fc7ecde1b70":{"type":"content","disabled":true,"settings":{"quote":"<p>Lorem ipsum dolor sit amet, consectetur adipiscing elit, sed do eiusmod tempor incididunt ut labore et dolore magna aliqua. Quis ipsum suspendisse ultrices gravida.<\/p>","icon":"shopify:\/\/shop_images\/testimonial-02.jpg","author":"John Doe","job":"Designer","star":"2.5"}},"84197f1b-e5c2-4f2b-9819-18ceb2faba43":{"type":"content","disabled":true,"settings":{"quote":"<p>Lorem ipsum dolor sit amet, consectetur adipiscing elit, sed do eiusmod tempor incididunt ut labore et dolore magna aliqua. Quis ipsum suspendisse ultrices gravida.<\/p>","icon":"shopify:\/\/shop_images\/testimonial-01.jpg","author":"Bratt","job":"Designer","star":"3"}}},"block_order":["1f281056-21eb-4d17-b393-f3b030b9552f","0a9540f6-8cac-4356-a6c1-14dd5172ba6c","16393988818f09976b-0","84d53867-02ca-40ad-a976-f2e8ae1c827d","a98de594-07b2-4f98-a731-4fc7ecde1b70","84197f1b-e5c2-4f2b-9819-18ceb2faba43"],"settings":{"full":true,"spacing_both_ends":false,"padding":"50,75","margin":"0,0","show_background_image":false,"background_style":"none","background_size":"auto","enable_overlay":false,"background_color":"","overlay_transparency":"0.5","section_heading":"Our Clients Speaks","section_sub_heading":"","section_description":"Non odio euismod lacinia at quis risus.","section_button_text":"","section_button_link":"","section_heading_color":"","section_sub_heading_color":"","section_description_color":"","section_button_bg_color":"","section_button_text_color":"","section_button_hover_bg_color":"","section_button_hover_text_color":"","heading_position":"text-center","grid":"1","block_style":"style_2","boxed_styles":"overall_boxed","enable_box_shadow":true,"reverse_column":false,"text_position":"text-center","quote_icon":"shopify:\/\/shop_images\/quates.png","quote_style":"quote-icon-in-image","author_info_style":"style_1","border_radius":"50px","boxed_border_radius":"20","column_gap":"30","content_width":"30\/70","lap_content_width":"20\/80","vertical_position":"vertical-center","testimonial_border_color":"#ffffff","testimonial_background_color":"#ffffff","testimonial_content_color":"#565656","testimonial_review_color":"#ffc149","testimonial_author_text_color":"#242424","testimonial_author_designation_color":"#6c6c6c","testimonial_author_separator_color":"#ffffff","testimonial_quote_icon_color":"#ff6700","enable_slider":true,"enable_auto_height":true,"items_per_view":4,"slider_autoplay":0,"dots":true,"carousel_pagination_alignment":"center_pagination","carousel_pagination_bottom_alignment":"outside_element","arrows":false,"nav_arrow_position":"center-navigation","center_nav_arrow_alignment":"outside_container","navigation_button_color":"","navigation_button_icon_color":"","navigation_button_hover_color":"","navigation_button_hover_icon_color":"","navigation_dot_color":"#e7e7e7","navigation_dot_active_color":"#ff6700","custom_class_name":"skatees-testimonial"}},"1632297793c915ee57":{"type":"home-video-banner","settings":{"full":true,"spacing_both_ends":false,"padding":"50,75","margin":"0,0","show_background_image":false,"background_style":"default","background_size":"auto","enable_overlay":true,"background_color":"#ffffff","overlay_transparency":"0.5","section_heading":"","section_sub_heading":"","section_description":"","section_button_text":"","section_button_link":"","section_heading_color":"","section_sub_heading_color":"","section_description_color":"","section_button_bg_color":"","section_button_text_color":"","section_button_hover_bg_color":"","section_button_hover_text_color":"","heading_position":"text-center","block_title":"","block_sub_title":"","block_description":"","block_button_text":"","block_button_link":"","content_position":"center","block_text_align":"text-center","block_image":"shopify:\/\/shop_images\/home-image-010.jpg","show_image":true,"video_format":"modal","video_url":"https:\/\/storage.googleapis.com\/coverr-main\/mp4\/Palm_Trees.mp4","iframe_url":"https:\/\/www.youtube.com\/embed\/JJMPKgyCoSY","video_height":"700","overlay_style":"with-overlay","enable_box_shadow":false,"border_radius":"0","banner_heading_color":"","banner_sub_heading_color":"","banner_description_color":"","banner_button_bg_color":"","banner_button_text_color":"","banner_button_hover_bg_color":"","banner_button_hover_text_color":"","video_overlay_color":"","video_overlay_transparency":"0.5","icon_bg_color":"#ffffff","icon_color":"#ff6700","icon_bg_color_hover":"#ff6700","icon_color_hover":"#ffffff","custom_class_name":"skatees-video"}},"1639399278c588c995":{"type":"home-newsletter","settings":{"full":false,"spacing_both_ends":false,"padding":"40,40","margin":"0,0","show_background_image":false,"background_style":"none","background_size":"auto","background_color":"","enable_overlay":false,"overlay_transparency":"0.5","section_heading":"Sign Up for News & Get 10% Off","section_sub_heading":"","section_description":"","section_button_text":"","section_button_link":"","section_heading_color":"","section_sub_heading_color":"","section_description_color":"","section_button_bg_color":"","section_button_text_color":"","section_button_hover_bg_color":"","section_button_hover_text_color":"","heading_position":"text-start","section_position":"text-end","newsletter_form_width":"65%","newsletter_description":"","news_style":"style-4","reverse_column":false,"space_in_between":"10px","newsletter_box_border_color":"#ff6700","newsletter_box_bg_color":"","newsletter_box_border_focus_color":"#3c3c3c","newsletter_button_bg_color":"","newsletter_button_text_color":"#ff6700","newsletter_button_hover_bg_color":"rgba(0,0,0,0)","newsletter_button_hover_text_color":"#3c3c3c","newsletter_description_color":"","custom_class_name":"skatees-newsletter"}}},"order":["163939830182b8c7a3","16393983674fefc8f3","1639369754630dc931","16400744881b7ee292","1639375429b886a09f","1639398373dc19b84e","1639398877e277d6b9","1639398881dcc925a0","1632297793c915ee57","1639399278c588c995"]}