{"sections":{"main":{"type":"about-us","settings":{}},"1639986012ea21bee0":{"type":"home-grid-banner","blocks":{"16399860118ed4ecfb-0":{"type":"content","settings":{"block_image":"shopify:\/\/shop_images\/about01.jpg","show_image":true,"block_title":"Skating","use_title_link":true,"block_button_link1":"","block_sub_title":"","block_description":"","block_button_text":"Read More","block_button_link":"shopify:\/\/collections\/hot-deals","block_text_align":"text-center","content_position":"center","reverse_column":false,"block_banner_bg":"rgba(0,0,0,0)","block_content_box_bg":"","block_heading_color":"#ffffff","block_sub_heading_color":"","block_description_color":"","block_button_bg_color":"","block_button_text_color":"","block_button_hover_bg_color":"","block_button_hover_text_color":"","overlay_style":"use_overlay","overlay_color":"#3c3c3c","overlay_opacity":"0.56","rotation_degree":"180"}},"16399860118ed4ecfb-1":{"type":"content","settings":{"block_image":"shopify:\/\/shop_images\/about02.jpg","show_image":true,"block_title":"Comfort","use_title_link":true,"block_button_link1":"","block_sub_title":"","block_description":"","block_button_text":"Read More","block_button_link":"shopify:\/\/collections\/hot-deals","block_text_align":"text-center","content_position":"center","reverse_column":false,"block_banner_bg":"rgba(0,0,0,0)","block_content_box_bg":"","block_heading_color":"#ffffff","block_sub_heading_color":"","block_description_color":"","block_button_bg_color":"","block_button_text_color":"","block_button_hover_bg_color":"","block_button_hover_text_color":"","overlay_style":"use_overlay","overlay_color":"#3c3c3c","overlay_opacity":"0.56","rotation_degree":"180"}},"064c5c0a-7077-438f-8a5d-b8d271cb6331":{"type":"content","settings":{"block_image":"shopify:\/\/shop_images\/about03.jpg","show_image":true,"block_title":"Style","use_title_link":true,"block_button_link1":"","block_sub_title":"","block_description":"","block_button_text":"Read More","block_button_link":"shopify:\/\/collections\/latest-arraivals","block_text_align":"text-center","content_position":"center","reverse_column":false,"block_banner_bg":"rgba(0,0,0,0)","block_content_box_bg":"","block_heading_color":"#ffffff","block_sub_heading_color":"","block_description_color":"","block_button_bg_color":"","block_button_text_color":"","block_button_hover_bg_color":"","block_button_hover_text_color":"","overlay_style":"use_overlay","overlay_color":"#3c3c3c","overlay_opacity":"0.56","rotation_degree":"180"}},"3e22a966-76ad-4f98-9427-40c6f00d64b5":{"type":"content","settings":{"block_image":"shopify:\/\/shop_images\/about04.jpg","show_image":true,"block_title":"Durable","use_title_link":true,"block_button_link1":"","block_sub_title":"","block_description":"","block_button_text":"Read More","block_button_link":"shopify:\/\/collections\/trending-products","block_text_align":"text-center","content_position":"center","reverse_column":false,"block_banner_bg":"rgba(0,0,0,0)","block_content_box_bg":"","block_heading_color":"#ffffff","block_sub_heading_color":"","block_description_color":"","block_button_bg_color":"","block_button_text_color":"","block_button_hover_bg_color":"","block_button_hover_text_color":"","overlay_style":"use_overlay","overlay_color":"#3c3c3c","overlay_opacity":"0.56","rotation_degree":"180"}}},"block_order":["16399860118ed4ecfb-0","16399860118ed4ecfb-1","064c5c0a-7077-438f-8a5d-b8d271cb6331","3e22a966-76ad-4f98-9427-40c6f00d64b5"],"settings":{"full":false,"spacing_both_ends":false,"padding":"0,120","margin":"0,0","show_background_image":false,"background_style":"none","background_size":"auto","enable_overlay":false,"background_color":"","overlay_transparency":"0.5","section_heading":"Skateboarding Makes A Lot Easier","section_sub_heading":"","section_description":"Ullamcorper velit sed ullamcorper morbi. Morbi non arcu risus quis varius. Blandit turpis cursus in hac habitasse platea dictumst quisque. Mattis aliquam faucibus purus in. Tempus imperdiet nulla malesuada pellentesque elit eget gravida cum.","section_button_text":"","section_button_link":"","section_heading_color":"","section_sub_heading_color":"","section_description_color":"","section_button_bg_color":"","section_button_text_color":"","section_button_hover_bg_color":"","section_button_hover_text_color":"","heading_position":"text-center","block_banner_style":"overlay","column_gap":"30","grid":"4","border_radius":"20","enable_box_shadow":false,"equal_height":false,"content_width":"50\/50","lap_content_width":"40\/60","overlay_style_height":300,"overlay_style_height_laptop":300,"overlay_style_height_mobile":300,"custom_class_name":"inner-grid-banner"}},"1639987057544d9b1d":{"type":"home-support-block","blocks":{"16a27539-7a71-4063-9488-e48fc8b98b0a":{"type":"icon","settings":{"icon":"shopify:\/\/shop_images\/about_icon_1.png","title":"Skatees","desc":"","link_text":"","link":"shopify:\/\/collections"}},"17be60db-7fa0-47a4-ad5e-227a8b893814":{"type":"icon","settings":{"icon":"shopify:\/\/shop_images\/about_icon2.png","title":"Helmet","desc":"","link_text":"","link":"shopify:\/\/collections"}},"2acd087c-7a6c-4232-a619-1d7b7c6bf33b":{"type":"icon","settings":{"icon":"shopify:\/\/shop_images\/about_icon3.png","title":"Eyeglass","desc":"","link_text":"","link":"shopify:\/\/collections"}},"0585d684-0998-4eae-8ed9-5bbe1713f0b5":{"type":"icon","settings":{"icon":"shopify:\/\/shop_images\/about_icon4.png","title":"Board","desc":"","link_text":"","link":"shopify:\/\/collections"}},"5a025142-9e67-4c22-8729-dfd37baa68c8":{"type":"icon","settings":{"icon":"shopify:\/\/shop_images\/about_icon_5.png","title":"Skatedress","desc":"","link_text":"","link":"shopify:\/\/collections"}}},"block_order":["16a27539-7a71-4063-9488-e48fc8b98b0a","17be60db-7fa0-47a4-ad5e-227a8b893814","2acd087c-7a6c-4232-a619-1d7b7c6bf33b","0585d684-0998-4eae-8ed9-5bbe1713f0b5","5a025142-9e67-4c22-8729-dfd37baa68c8"],"settings":{"full":false,"spacing_both_ends":false,"padding":"120,120","margin":"0,0","show_background_image":false,"background_style":"none","background_size":"auto","enable_overlay":true,"background_color":"#faf7f2","overlay_transparency":"1","section_heading":"User Friendly Skateboard Gadgets","section_sub_heading":"","section_description":"","section_button_text":"","section_button_link":"","section_heading_color":"","section_sub_heading_color":"","section_description_color":"","section_button_bg_color":"","section_button_text_color":"","section_button_hover_bg_color":"","section_button_hover_text_color":"","heading_position":"text-center","text_position":"text-center","block_style":"default-style","grid":"5","enable_grid_style":true,"vertical_position":"position-default","reverse_column":false,"border_radius":"0px","icon_border_radius":"0px","enable_box_shadow":false,"block_icon_outer_size":"150px","block_icon_size":"150px","block_border_color":"rgba(0,0,0,0)","block_bg":"rgba(0,0,0,0)","block_icon_bg":"rgba(0,0,0,0)","block_icon_border_color":"rgba(0,0,0,0)","block_heading_color":"","block_description_color":"","block_button_bg_color":"","block_button_text_color":"","block_button_hover_bg_color":"","block_button_hover_text_color":"","custom_class_name":"inner-support-block-one"}},"1639986031ac8e984b":{"type":"home-masonry-banner","blocks":{"1639986031a188a7a2-0":{"type":"content","settings":{"block_image":"shopify:\/\/shop_images\/about_06.jpg","show_image":true,"block_title":"NOSTRUD EXERCITATION","use_title":true,"block_sub_title":"","block_description":"","block_button_text":"","block_button_link":"shopify:\/\/collections","block_text_align":"text-center","content_position":"center","image_position":"center","reverse_column":false,"block_banner_bg":"rgba(0,0,0,0)","block_heading_color":"#ffffff","block_heading_hover_color":"#565656","block_sub_heading_color":"","block_description_color":"","block_button_bg_color":"","block_button_text_color":"","block_button_hover_bg_color":"","block_button_hover_text_color":"","overlay_style":"use_overlay","overlay_color":"#ff6700","overlay_opacity":"0.45","rotation_degree":"180"}},"1639986031a188a7a2-1":{"type":"content","settings":{"block_image":"shopify:\/\/shop_images\/about_07.jpg","show_image":true,"block_title":"NOSTRUD EXERCITATION","use_title":true,"block_sub_title":"","block_description":"","block_button_text":"","block_button_link":"shopify:\/\/collections","block_text_align":"text-center","content_position":"center","image_position":"center","reverse_column":false,"block_banner_bg":"rgba(0,0,0,0)","block_heading_color":"#faf7f2","block_heading_hover_color":"#565656","block_sub_heading_color":"","block_description_color":"","block_button_bg_color":"","block_button_text_color":"","block_button_hover_bg_color":"","block_button_hover_text_color":"","overlay_style":"use_overlay","overlay_color":"#ff6700","overlay_opacity":"0.45","rotation_degree":"180"}}},"block_order":["1639986031a188a7a2-0","1639986031a188a7a2-1"],"settings":{"full":false,"spacing_both_ends":false,"padding":"120,120","margin":"0,0","show_background_image":false,"background_image":"shopify:\/\/shop_images\/about_05.jpg","background_style":"none","background_size":"auto","enable_overlay":false,"background_color":"","overlay_transparency":"0.5","section_heading":"Enjoy with Skateboard","section_sub_heading":"","section_description":"Tincidunt augue interdum velit euismod. Faucibus a pellentesque sit amet porttitor eget dolor morbi. Nisl rhoncus mattis rhoncus urna neque viverra justo nec. Hendrerit gravida rutrum quisque non tellus orci ac.Dolor sit amet consectetur adipiscing elit.","section_button_text":"Read More","section_button_link":"shopify:\/\/collections\/best-sellers","heading_position":"text-center","section_heading_color":"","section_sub_heading_color":"","section_description_color":"","section_button_bg_color":"","section_button_text_color":"","section_button_hover_bg_color":"","section_button_hover_text_color":"","main_banner_style":"overlay","block_banner_style":"overlay","reverse_column":false,"column_gap":"30px","enable_box_shadow":false,"border_radius":"20","content_width":"65\/35","lap_content_width":"65\/35","primary_text_align":"text-center","primary_position":"center","primary_image":"shopify:\/\/shop_images\/about_05.jpg","primary_title":"Nostrud Exercitation","use_title":true,"primary_sub_title":"","primary_description":"","primary_button_text":"","primary_button_link":"shopify:\/\/collections","primary_banner_bg":"rgba(0,0,0,0)","primary_heading_color":"#ffffff","primary_heading_hover_color":"#565656","primary_sub_heading_color":"","primary_description_color":"","primary_button_bg_color":"","primary_button_text_color":"","primary_button_hover_bg_color":"","primary_button_hover_text_color":"","overlay_style":"use_overlay","overlay_color":"#ff6700","overlay_opacity":"0.45","rotation_degree":"180","block_style":"style-2","overlay_style_height":350,"overlay_style_height_laptop":350,"overlay_style_height_tab":350,"overlay_style_height_mobile":350,"custom_class_name":"inner-masonry-banner"}},"16399908683a2316f9":{"type":"home-support-block","blocks":{"16399908687366ca08-0":{"type":"class","settings":{"class":"fa fa-podcast","title":"RESPONSIVE","desc":"Neque viverra justo nec ultrices. Vivamus arcu felis bibendum ut. Aenean pharetra magna ac placerat vestibulum lectus mauris ultrices.Quis commodo sed diam donec.","link_text":"","link":""}},"16399908687366ca08-1":{"type":"class","settings":{"class":"fa fa-home","title":"CUSTOMIZABLE","desc":"Vitae congue eu consequat ac felis donec et. Risus feugiat in ante metus. Tempor id eu nisl nunc mi ipsum faucibus. Sit amet venenatis urna cursus.","link_text":"View More","link":""}},"16399908687366ca08-2":{"type":"class","settings":{"class":"fa fa-wrench","title":"MAINTENANCE","desc":"Fusce ut placerat orci nulla pellentesque dignissim enim. Proin libero nunc consequat interdum. Ac auctor augue mauris augue neque gravida indiam.","link_text":"View More","link":""}},"a5f2a4c3-4944-4835-aad8-ee43f29aadeb":{"type":"class","settings":{"class":"fa fa-globe","title":"FUNCTIONALITY","desc":"Sed vulputate odio ut enim. At tempor commodo ullamcorper a. Nunc congue nisi vitae suscipit tellus mauris a. Justo nec ultrices dui sapien eget libero.","link_text":"View More","link":""}}},"block_order":["16399908687366ca08-0","16399908687366ca08-1","16399908687366ca08-2","a5f2a4c3-4944-4835-aad8-ee43f29aadeb"],"settings":{"full":false,"spacing_both_ends":false,"padding":"120,120","margin":"0,0","show_background_image":false,"background_style":"none","background_size":"auto","enable_overlay":true,"background_color":"#faf7f2","overlay_transparency":"1","section_heading":"COMFORTABLE WAY TO RIDE YOUR SKATE","section_sub_heading":"","section_description":"","section_button_text":"","section_button_link":"","section_heading_color":"","section_sub_heading_color":"","section_description_color":"","section_button_bg_color":"","section_button_text_color":"","section_button_hover_bg_color":"","section_button_hover_text_color":"","heading_position":"text-center","text_position":"text-start","block_style":"default-style","grid":"2","enable_grid_style":false,"vertical_position":"position-default","reverse_column":false,"border_radius":"0px","icon_border_radius":"0px","enable_box_shadow":false,"block_icon_outer_size":"70px","block_icon_size":"34px","block_border_color":"","block_bg":"","block_icon_bg":"#ff6700","block_icon_border_color":"rgba(0,0,0,0)","block_heading_color":"","block_description_color":"","block_button_bg_color":"","block_button_text_color":"","block_button_hover_bg_color":"","block_button_hover_text_color":"","custom_class_name":"inner-support-block-two"}},"164000009796c2e654":{"type":"inner-page-team-section","blocks":{"94f6764c-04f7-4aba-a973-59801793cf72":{"type":"content","settings":{"image":"shopify:\/\/shop_images\/team_01.png","name":"Sheeran Lindsey","designation":"Designer","facebook":"","twitter":"","pinterest":"","youtube":""}},"cfa9a881-d0d8-40ec-8ac7-579b1845e541":{"type":"content","settings":{"image":"shopify:\/\/shop_images\/team_02.png","name":"Joel Duncan","designation":"Supervisor","facebook":"","twitter":"","pinterest":"","youtube":""}},"1f55b530-901e-4c7d-9d3b-a55f122b3d70":{"type":"content","settings":{"image":"shopify:\/\/shop_images\/team_03.png","name":"Alexandra Mcdonald","designation":"Administrator","facebook":"","twitter":"","pinterest":"","youtube":""}},"e1affce6-2b00-4b98-b3cc-0020bcc68f11":{"type":"content","settings":{"image":"shopify:\/\/shop_images\/team_04.png","name":"Roshan Curry","designation":"Director","facebook":"","twitter":"","pinterest":"","youtube":""}}},"block_order":["94f6764c-04f7-4aba-a973-59801793cf72","cfa9a881-d0d8-40ec-8ac7-579b1845e541","1f55b530-901e-4c7d-9d3b-a55f122b3d70","e1affce6-2b00-4b98-b3cc-0020bcc68f11"],"settings":{"enable":true,"full":false,"spacing_both_ends":false,"padding":"120,0","margin":"0,0","show_background_image":false,"background_style":"default","enable_overlay":false,"background_color":"","overlay_transparency":"0.5","section_heading":"Team Work","section_sub_heading":"","section_description":"","section_button_text":"","section_button_link":"","section_heading_color":"","section_sub_heading_color":"","section_description_color":"","section_button_bg_color":"","section_button_text_color":"","section_button_hover_bg_color":"","section_button_hover_text_color":"","heading_position":"text-center","column":"four-column","block_heading_color":"","block_designation_color":"","block_bg":"rgba(0,0,0,0)","block_social_icon_bg_color":"","block_social_icon_color":"","block_social_icon_hover_bg_color":"","block_social_icon_hover_color":""}}},"order":["main","1639986012ea21bee0","1639987057544d9b1d","1639986031ac8e984b","16399908683a2316f9","164000009796c2e654"]}