{"sections":{"main":{"type":"services","settings":{}},"164000186150daa260":{"type":"home-grid-banner","blocks":{"16400018612f0f8113-0":{"type":"content","settings":{"block_image":"shopify:\/\/shop_images\/services_01.jpg","show_image":true,"block_title":"Premier","use_title_link":true,"block_button_link1":"","block_sub_title":"","block_description":"New","block_button_text":"","block_button_link":"shopify:\/\/collections","block_text_align":"text-center","content_position":"center","reverse_column":false,"block_banner_bg":"rgba(0,0,0,0)","block_content_box_bg":"","block_heading_color":"#ffffff","block_sub_heading_color":"#ffffff","block_description_color":"#ffffff","block_button_bg_color":"","block_button_text_color":"","block_button_hover_bg_color":"","block_button_hover_text_color":"","overlay_style":"use_overlay","overlay_color":"#ff6700","overlay_opacity":"0.5","rotation_degree":"180"}},"16400018612f0f8113-1":{"type":"content","settings":{"block_image":"shopify:\/\/shop_images\/services_02.jpg","show_image":true,"block_title":"Finest","use_title_link":true,"block_button_link1":"","block_sub_title":"","block_description":"New","block_button_text":"","block_button_link":"shopify:\/\/collections","block_text_align":"text-center","content_position":"center","reverse_column":false,"block_banner_bg":"rgba(0,0,0,0)","block_content_box_bg":"","block_heading_color":"#ffffff","block_sub_heading_color":"#ffffff","block_description_color":"#ffffff","block_button_bg_color":"","block_button_text_color":"","block_button_hover_bg_color":"","block_button_hover_text_color":"","overlay_style":"use_overlay","overlay_color":"#ff6700","overlay_opacity":"0.5","rotation_degree":"180"}},"a008efe8-0f92-4dec-8195-dcb6edb6be19":{"type":"content","settings":{"block_image":"shopify:\/\/shop_images\/services_03.jpg","show_image":true,"block_title":"Highly","use_title_link":true,"block_button_link1":"","block_sub_title":"","block_description":"New","block_button_text":"","block_button_link":"shopify:\/\/collections","block_text_align":"text-center","content_position":"center","reverse_column":false,"block_banner_bg":"rgba(0,0,0,0)","block_content_box_bg":"","block_heading_color":"#ffffff","block_sub_heading_color":"#ffffff","block_description_color":"#ffffff","block_button_bg_color":"","block_button_text_color":"","block_button_hover_bg_color":"","block_button_hover_text_color":"","overlay_style":"use_overlay","overlay_color":"#ff6700","overlay_opacity":"0.5","rotation_degree":"180"}}},"block_order":["16400018612f0f8113-0","16400018612f0f8113-1","a008efe8-0f92-4dec-8195-dcb6edb6be19"],"settings":{"full":false,"spacing_both_ends":false,"padding":"0,120","margin":"0,0","show_background_image":false,"background_style":"none","background_size":"auto","enable_overlay":false,"background_color":"","overlay_transparency":"0.5","section_heading":"SKATEBOARDING IS THE BEST CRAVING","section_sub_heading":"","section_description":"","section_button_text":"","section_button_link":"","section_heading_color":"#ff6700","section_sub_heading_color":"","section_description_color":"","section_button_bg_color":"","section_button_text_color":"","section_button_hover_bg_color":"","section_button_hover_text_color":"","heading_position":"text-center","block_banner_style":"overlay","column_gap":"30","grid":"3","border_radius":"20","enable_box_shadow":false,"equal_height":false,"content_width":"50\/50","lap_content_width":"40\/60","overlay_style_height":600,"overlay_style_height_laptop":500,"overlay_style_height_mobile":400,"custom_class_name":"service-grid-one"}},"1640002046d2ea053d":{"type":"home-support-block","blocks":{"ef69b51a-5e78-495f-a01c-7cf80349cd02":{"type":"icon","settings":{"icon":"shopify:\/\/shop_images\/services_icon_01.png","title":"ACCESSORIES","desc":"Lorem ipsum dolor sit amet, consectetur adipiscing elit, sed do eiusmod tempor incididunt ut labore et dolore magna aliqua. Pharetra ultricies.","link_text":"","link":"shopify:\/\/collections"}},"4229178b-5e0f-4a99-b6e1-392853ef2bb4":{"type":"icon","settings":{"icon":"shopify:\/\/shop_images\/services_icon_02.png","title":"WHEELS","desc":"Lorem ipsum dolor sit amet consectetur adipiscing elit duis tristique. Faucibus scelerisque eleifend donec pretium vulputate sapien nec sagittis.","link_text":"","link":"shopify:\/\/collections"}},"ab4a1bbf-8373-4ee0-85ed-8ac6f2ad073a":{"type":"icon","settings":{"icon":"shopify:\/\/shop_images\/services_icon_03.png","title":"LONGBOARDS","desc":"Habitasse platea dictumst quisque sagittis purus sit amet volutpat consequat. Faucibus pulvinar elementum integer enim neque. Auctor neque vitae quam.","link_text":"","link":"shopify:\/\/collections"}},"cb104289-7cbe-4f88-bff0-723ea3fa5789":{"type":"icon","settings":{"icon":"shopify:\/\/shop_images\/services_icon_04.png","title":"SLIDERS","desc":"Tristique senectus et netus et malesuada fames ac turpis. Molestie a iaculis at erat pellentesque. Tellus at urna condimentum pellentesque id nibh tortor.","link_text":"","link":"shopify:\/\/collections"}}},"block_order":["ef69b51a-5e78-495f-a01c-7cf80349cd02","4229178b-5e0f-4a99-b6e1-392853ef2bb4","ab4a1bbf-8373-4ee0-85ed-8ac6f2ad073a","cb104289-7cbe-4f88-bff0-723ea3fa5789"],"settings":{"full":false,"spacing_both_ends":false,"padding":"120,120","margin":"0,0","show_background_image":false,"background_style":"none","background_size":"auto","enable_overlay":true,"background_color":"#faf7f2","overlay_transparency":"1","section_heading":"AVAILABLE IN ALL SIZES","section_sub_heading":"","section_description":"","section_button_text":"","section_button_link":"","section_heading_color":"","section_sub_heading_color":"","section_description_color":"","section_button_bg_color":"","section_button_text_color":"","section_button_hover_bg_color":"","section_button_hover_text_color":"","heading_position":"text-center","text_position":"text-start","block_style":"default-style","grid":"2","enable_grid_style":false,"vertical_position":"position-default","reverse_column":false,"border_radius":"0px","icon_border_radius":"","enable_box_shadow":false,"block_icon_outer_size":"100px","block_icon_size":"100px","block_border_color":"","block_bg":"","block_icon_bg":"rgba(0,0,0,0)","block_icon_border_color":"#faf7f2","block_heading_color":"","block_description_color":"","block_button_bg_color":"","block_button_text_color":"","block_button_hover_bg_color":"","block_button_hover_text_color":"","custom_class_name":"service-support-section"}},"1640002881d139913a":{"type":"home-grid-banner","blocks":{"164000288145704806-1":{"type":"content","settings":{"block_image":"shopify:\/\/shop_images\/gridbanner_image.jpg","show_image":true,"block_title":"Join Us : Check Out Our Boards","use_title_link":true,"block_button_link1":"","block_sub_title":"","block_description":"Ut sem viverra aliquet eget sit. Sed velit dignissim sodales ut eu sem integer vitae Amet mattis vulputate enim nulla aliquet accumsan","block_button_text":"Shop Now","block_button_link":"shopify:\/\/collections\/best-sellers","block_text_align":"text-center","content_position":"center","reverse_column":false,"block_banner_bg":"rgba(0,0,0,0)","block_content_box_bg":"rgba(0,0,0,0)","block_heading_color":"#ff6700","block_sub_heading_color":"#ff6700","block_description_color":"#ffffff","block_button_bg_color":"","block_button_text_color":"","block_button_hover_bg_color":"","block_button_hover_text_color":"","overlay_style":"use_overlay","overlay_color":"#ff6700","overlay_opacity":"0.6","rotation_degree":"180"}}},"block_order":["164000288145704806-1"],"settings":{"full":false,"spacing_both_ends":false,"padding":"120,0","margin":"0,0","show_background_image":false,"background_image":"shopify:\/\/shop_images\/breadcrumb.png","background_style":"none","background_size":"auto","enable_overlay":false,"background_color":"#faf7f2","overlay_transparency":"0.5","section_heading":"","section_sub_heading":"","section_description":"","section_button_text":"","section_button_link":"","section_heading_color":"","section_sub_heading_color":"","section_description_color":"","section_button_bg_color":"","section_button_text_color":"","section_button_hover_bg_color":"","section_button_hover_text_color":"","heading_position":"text-center","block_banner_style":"overlay","column_gap":"30","grid":"1","border_radius":"0","enable_box_shadow":false,"equal_height":false,"content_width":"50\/50","lap_content_width":"40\/60","overlay_style_height":400,"overlay_style_height_laptop":400,"overlay_style_height_mobile":400,"custom_class_name":"Service-grid-two"}}},"order":["main","164000186150daa260","1640002046d2ea053d","1640002881d139913a"]}