{"sections":{"main":{"type":"contact","settings":{"full":false,"spacing_both_ends":false,"padding":"0,0","margin":"0,0","section_heading":"","section_sub_heading":"","section_description":"","section_button_text":"","section_button_link":"","section_heading_color":"","section_sub_heading_color":"","section_description_color":"","section_button_bg_color":"","section_button_text_color":"","section_button_hover_bg_color":"","section_button_hover_text_color":"","heading_position":"text-center","contact_layout":"block_layout","enable_gmap":false,"contact_iframe_code":"","enable_contact_info":true,"contactborder_color":"#ebebeb","contact_hvrborder_color":"#ff6700","icontactheading_color":"#000000","contacticon_bg_color":"#000000","contacticon_color":"#ffffff","contacticon_hoverbg_color":"#ff6700","contacticonhover_color":"#ffffff","contact_phone":true,"contact_module_contact_phonetitle":"Phone","contact_icon_1":"fa fa-phone","contact_phone1":"<b>Toll-Free: <\/b>0000 - 123 - 456789","contact_phone2":"<b>Fax: <\/b> 0000 - 123 - 456789","contact_module_email":true,"contact_module_contact_title":"Email","contact_icon_2":"fa fa-envelope","contact_module_email1":"info@example.com","contact_module_email2":"support@example.com","contact_module_address":true,"contact_module_address_title":"Address","contact_icon_3":"fa fa-location-arrow","contact_module_address1":"No: 58 A, East Madison Street,","contact_module_address2":"Baltimore, MD, USA 4508","enable_contact_form":true,"contact_form_title":"Contact Form"}}},"order":["main"]}