{"sections":{"main":{"type":"main-product-template","blocks":{"bd5fe641-75f6-4c13-999c-d0be32e3bc87":{"type":"title","settings":{}},"d097b4c7-221d-46a2-88c1-e9669834d6ae":{"type":"shopify:\/\/apps\/product-reviews\/blocks\/star_rating\/bae150af-8da8-48b2-9867-398188115e5f","settings":{"stars_fill_color":"#ff6700","star_size":12,"text_align":"center","product":"{{product}}","stars_text_empty":""}},"f14720d8-dc3c-44a3-8bfa-cea5cf644d9d":{"type":"text","settings":{"text":"{{ product.metafields.descriptors.subtitle.value }}"}},"7c9c1efb-83bb-46b0-abe9-7c4951265cf4":{"type":"price","settings":{}},"db797c60-1d3c-4034-b55d-151ec5cae2d7":{"type":"deal","settings":{}},"1f512db9-2367-421b-a215-378e4df4b069":{"type":"size_chart","disabled":true,"settings":{}},"cb874c94-c1ed-44c9-a5d6-a12bc6093239":{"type":"vendor","settings":{}},"c0548d06-402e-4234-9a58-03c52a7d6c74":{"type":"type","settings":{}},"959fd2b2-81db-41a1-b8a0-21c2e6d9819f":{"type":"share","settings":{}},"f26a6ae3-78b7-4d9f-885e-fcbc49deba02":{"type":"menu","settings":{"title":"Category","linklist":"sidebar-menu"}},"2ff9f47d-7f11-4be0-b8ec-143624b3ca83":{"type":"collection","settings":{"title":"Best Collection","collection":"unique-collections","limit":3}},"14952b1f-8a11-46fc-93bc-26529aab775e":{"type":"carousel","disabled":true,"settings":{"title":"","collection":"unique-collections","limit":5}}},"block_order":["bd5fe641-75f6-4c13-999c-d0be32e3bc87","d097b4c7-221d-46a2-88c1-e9669834d6ae","f14720d8-dc3c-44a3-8bfa-cea5cf644d9d","7c9c1efb-83bb-46b0-abe9-7c4951265cf4","db797c60-1d3c-4034-b55d-151ec5cae2d7","1f512db9-2367-421b-a215-378e4df4b069","cb874c94-c1ed-44c9-a5d6-a12bc6093239","c0548d06-402e-4234-9a58-03c52a7d6c74","959fd2b2-81db-41a1-b8a0-21c2e6d9819f","f26a6ae3-78b7-4d9f-885e-fcbc49deba02","2ff9f47d-7f11-4be0-b8ec-143624b3ca83","14952b1f-8a11-46fc-93bc-26529aab775e"],"settings":{"gallery_type":"thumbnails_hide","vertical_style":"dt-sc-product-vertical-thumb-right","enable_zoom":true,"enable_video_looping":true,"reviews":true,"show_variants_swatches":true,"show_size_chart":false,"show_product_quantity":true,"display_back_in_stock":true,"show_quantity_selector":true,"show_checkout":true,"hide_addtocart":false,"show_wishlist":true,"show_share_buttons":true,"tab_position":"bottom","product_tab1":true,"product_tab1_heading":"Product Description","product_tab2":true,"product_tab2_heading":"Additional information","page_content":"shipping-details","product_tab3":true,"product_tab3_heading":"Reviews","enable_enquiry":false,"enable_sticky_cart":false}},"product-recommendations":{"type":"product-recommendations","settings":{"show_product_recommendations":true,"heading":"Recommended Products","heading_position":"text-center"}}},"order":["main","product-recommendations"]}