{"sections":{"16484715585d0b75d2":{"type":"slideshow","blocks":{"7e33837d-b447-4031-9b6f-97da7a46ad45":{"type":"Slider","settings":{"slider_type":"image","video_url":"https:\/\/storage.googleapis.com\/coverr-main\/mp4\/Palm_Trees.mp4","iframe_url":"","mobile_bg_clr":"#d9ddcf","text_alignment":"text-center","content_position":"dt-sc-flex-center","block_image":"shopify:\/\/shop_images\/4-1.jpg","show_image":true,"show_content":true,"title_2":"Pretty Look","subheading_color":"#000000","subheading_size":"18","title":"Crazy Fashion","heading_color":"#000000","heading_size":"46","desc":"Magnis dis parturient montes nascetur ridiculus at consectetur lorem donec arcu ac tortor dignissim convallis aenean et enim lobortis scelerisque fermentum.","desc_color":"#000000","desc_size":"16","button":"Shop Now","link":"shopify:\/\/collections\/hot-deals-demo-10","btn_bg_color":"#000000","btn_txt_color":"#ffffff","btn_hoverbg_color":"#565e41","btn_hovertxt_color":"#ffffff","button_2":"","link_2":"\/","btn_bg_color_2":"#565e41","btn_txt_color_2":"#ffffff","btn_hoverbg_color_2":"#d9ddcf","btn_hovertxt_color_2":"#565e41","slide_content_bg":"rgba(0,0,0,0)","slide_bg":"#d9ddcf","enable_additional_button":false,"additional_button_text":"View More","additional_button_link":"","additional_button_text_color":"","additional_button_text_hover_color":"","additional_desc":"Special Offer","additional_color":"#000000","additional_text_size":"20"}},"1c3ef5d2-7158-4a50-8def-1e1c84b6a9c6":{"type":"Slider","settings":{"slider_type":"image","video_url":"https:\/\/cdn.shopify.com\/s\/files\/1\/3099\/9934\/files\/845f1827c32642fda4eb0765b6dc7f00.HD-1080p-7.2Mbps.mp4?v=1651209135","iframe_url":"","mobile_bg_clr":"#d9ddcf","text_alignment":"text-center","content_position":"dt-sc-flex-center","block_image":"shopify:\/\/shop_images\/4-3.jpg","show_image":true,"show_content":true,"title_2":"Unique Style","subheading_color":"#000000","subheading_size":"18","title":"Trendy Dress","heading_color":"#000000","heading_size":"46","desc":"Hendrerit dolor magna eget arcu risus quis varius quam quisque id sed adipiscing diam donec adipiscing tristique risus nec feugiat.","desc_color":"#000000","desc_size":"16","button":"Shop Now","link":"shopify:\/\/collections\/new-shop-demo-10","btn_bg_color":"#000000","btn_txt_color":"#ffffff","btn_hoverbg_color":"#565e41","btn_hovertxt_color":"#ffffff","button_2":"","link_2":"","btn_bg_color_2":"#565e41","btn_txt_color_2":"#ffffff","btn_hoverbg_color_2":"#d9ddcf","btn_hovertxt_color_2":"#565e41","slide_content_bg":"rgba(0,0,0,0)","slide_bg":"#d9ddcf","enable_additional_button":false,"additional_button_text":"View More","additional_button_link":"","additional_button_text_color":"","additional_button_text_hover_color":"","additional_desc":"Fashion Feet","additional_color":"#000000","additional_text_size":"20"}},"ad2816a5-9c40-4038-98c1-a862ab3cda76":{"type":"Slider","settings":{"slider_type":"image","video_url":"https:\/\/storage.googleapis.com\/coverr-main\/mp4\/Palm_Trees.mp4","iframe_url":"","mobile_bg_clr":"#d9ddcf","text_alignment":"text-center","content_position":"dt-sc-flex-center","block_image":"shopify:\/\/shop_images\/4-2.jpg","show_image":true,"show_content":true,"title_2":"Special Sale","subheading_color":"#000000","subheading_size":"18","title":"Morden Outfits","heading_color":"#000000","heading_size":"46","desc":"Gravida ristique magna sit amet purus quis aliquam ut porttitor leo a diam sollicitudin tempor id massa sed elementum tempus egestas sed.","desc_color":"#000000","desc_size":"16","button":"Shop Now","link":"shopify:\/\/collections\/popular-products-demo-10","btn_bg_color":"#000000","btn_txt_color":"#ffffff","btn_hoverbg_color":"#565e41","btn_hovertxt_color":"#ffffff","button_2":"","link_2":"","btn_bg_color_2":"#565e41","btn_txt_color_2":"#ffffff","btn_hoverbg_color_2":"#d9ddcf","btn_hovertxt_color_2":"#565e41","slide_content_bg":"rgba(0,0,0,0)","slide_bg":"#d9ddcf","enable_additional_button":false,"additional_button_text":"View More","additional_button_link":"","additional_button_text_color":"","additional_button_text_hover_color":"","additional_desc":"Hot Deals","additional_color":"","additional_text_size":"20"}}},"block_order":["7e33837d-b447-4031-9b6f-97da7a46ad45","1c3ef5d2-7158-4a50-8def-1e1c84b6a9c6","ad2816a5-9c40-4038-98c1-a862ab3cda76"],"settings":{"full":true,"spacing_both_ends":false,"margin":"0,0","slider_height":1010,"slider_height_lap":740,"slider_height_tab":650,"slider_height_mobile":600,"video-aspect-ratio":"","content_within_container":true,"enable_box_shadow":false,"border_radius":"0","content_border_radius":"10","autoplay":false,"slideshow_speed":"5000","dots":true,"carousel_pagination_alignment":"center_pagination","carousel_pagination_bottom_alignment":"inside_element","arrows":true,"nav_arrow_position":"center-navigation","center_nav_arrow_alignment":"inside_container","navigation_button_color":"#c8cdbb","navigation_button_icon_color":"#000000","navigation_button_hover_color":"","navigation_button_hover_icon_color":"#000000","navigation_dot_color":"#000000","navigation_dot_active_color":"#565e41","custom_class_name":"custom-type-slider2"}},"165546151639701b55":{"type":"home-masonry-banner","blocks":{"16554615161239956a-0":{"type":"content","settings":{"grid_banner_type":"image","block_image":"shopify:\/\/shop_images\/grid05_60c68ee5-d4f7-4e82-bdb0-26695a5e7789.jpg","block_video":"https:\/\/www.w3schools.com\/tags\/mov_bbb.mp4","video_icon_color":"","video_icon_position":"icon-top-right","content_with_icon":false,"video_icon_outer_size":"60px","video_icon_size":"40px","show_image":true,"show_content":true,"block_title":"Trumpet Dress Collection","block_title_link":"shopify:\/\/collections\/popular-products-demo-10","block_sub_title":"","block_description":"Ornare quam viverra orci sagittis eu volutpat odio facilisis.","block_button_text":"Shop Now","block_button_link":"shopify:\/\/collections\/hot-deals-demo-10","block_text_align":"text-center","content_position":"center","image_position":"center","reverse_column":false,"block_banner_bg":"rgba(0,0,0,0)","block_heading_color":"","block_sub_heading_color":"","block_description_color":"","block_button_bg_color":"","block_button_text_color":"","block_button_hover_bg_color":"","block_button_hover_text_color":"","overlay_style":"use_overlay","overlay_color":"#fddec9","overlay_opacity":"0.6","rotation_degree":"180","enable_addtional_block_image":false,"addtional_grid_heading":"Heading","addtional_block_link":"","addtional_heading_color":"","addtional_overlay_color":"","addtional_overlay_opacity":"0.5","addtional_rotation_degree":"180","block_animation_text":"fadeInUp"}}},"block_order":["16554615161239956a-0"],"settings":{"full":false,"spacing_both_ends":false,"padding":"0,0","margin":"100,0","show_background_image":false,"background_style":"none","background_size":"auto","enable_overlay":false,"background_color":"","overlay_transparency":"0.5","section_heading":"","section_sub_heading":"","section_description":"","section_button_text":"","section_button_link":"","heading_position":"text-center","section_heading_color":"","section_sub_heading_color":"","section_description_color":"","section_button_bg_color":"","section_button_text_color":"","section_button_hover_bg_color":"","section_button_hover_text_color":"","main_banner_style":"overlay","block_banner_style":"overlay","reverse_column":false,"column_gap":"100px","enable_box_shadow":false,"border_radius":"0","content_width":"50\/50","lap_content_width":"50\/50","primary_text_align":"text-center","primary_position":"center","primary_image":"shopify:\/\/shop_images\/grid03_6bb815fd-1478-41c6-b597-a9c4918aac15.jpg","primary_title":"Bubble Dress Collections","primary_title_link":"shopify:\/\/collections\/hot-deals-demo-10","primary_sub_title":"","primary_description":"Condimentum mattis pellentesque id nibh.","primary_button_text":"Shop Now","primary_button_link":"shopify:\/\/collections\/new-shop-demo-10","primary_banner_bg":"rgba(0,0,0,0)","primary_banner_content_bg":"rgba(0,0,0,0)","primary_heading_color":"","primary_sub_heading_color":"","primary_description_color":"","primary_button_bg_color":"","primary_button_text_color":"","primary_button_hover_bg_color":"","primary_button_hover_text_color":"","primary_content_overlay_opacity":"0.5","overlay_style":"use_overlay","overlay_color":"#fddec9","overlay_opacity":"0.6","rotation_degree":"180","block_main_animation_text":"fadeInUp","block_style":"style-2","overlay_style_height":900,"overlay_style_height_laptop":550,"overlay_style_height_tab":500,"overlay_style_height_mobile":450,"custom_class_name":"custom-masonry-overlay-banner2"}},"165546251578d676a1":{"type":"home-masonry-banner","blocks":{"1655462515e81cd2b2-0":{"type":"content","disabled":true,"settings":{"grid_banner_type":"image","block_video":"https:\/\/www.w3schools.com\/tags\/mov_bbb.mp4","video_icon_color":"","video_icon_position":"icon-top-right","content_with_icon":false,"video_icon_outer_size":"60px","video_icon_size":"40px","show_image":true,"show_content":true,"block_title":"Title","block_title_link":"","block_sub_title":"Sub title","block_description":"Short description","block_button_text":"","block_button_link":"","block_text_align":"text-center","content_position":"center","image_position":"center","reverse_column":false,"block_banner_bg":"","block_heading_color":"","block_sub_heading_color":"","block_description_color":"","block_button_bg_color":"","block_button_text_color":"","block_button_hover_bg_color":"","block_button_hover_text_color":"","overlay_style":"use_overlay","overlay_color":"","overlay_opacity":"0.5","rotation_degree":"180","enable_addtional_block_image":false,"addtional_grid_heading":"Heading","addtional_block_link":"","addtional_heading_color":"","addtional_overlay_color":"","addtional_overlay_opacity":"0.5","addtional_rotation_degree":"180","block_animation_text":"fadeIn"}}},"block_order":["1655462515e81cd2b2-0"],"settings":{"full":false,"spacing_both_ends":false,"padding":"0,0","margin":"100,0","show_background_image":false,"background_style":"none","background_size":"auto","enable_overlay":false,"background_color":"","overlay_transparency":"0.5","section_heading":"","section_sub_heading":"","section_description":"","section_button_text":"","section_button_link":"","heading_position":"text-center","section_heading_color":"","section_sub_heading_color":"","section_description_color":"","section_button_bg_color":"","section_button_text_color":"","section_button_hover_bg_color":"","section_button_hover_text_color":"","main_banner_style":"overlay","block_banner_style":"overlay","reverse_column":false,"column_gap":"30px","enable_box_shadow":false,"border_radius":"0","content_width":"56\/100","lap_content_width":"70\/100","primary_text_align":"text-center","primary_position":"center","primary_image":"shopify:\/\/shop_images\/grid06_57406778-9ee1-47be-bc56-348ad7d5e1b4.jpg","primary_title":"Kimono Dress Collection","primary_title_link":"shopify:\/\/collections\/hot-deals-demo-10","primary_sub_title":"","primary_description":"Eu lobortis elementum nibh tellus molestie nunc.","primary_button_text":"Shop Now","primary_button_link":"shopify:\/\/collections\/new-arrivals-demo-10","primary_banner_bg":"rgba(0,0,0,0)","primary_banner_content_bg":"rgba(0,0,0,0)","primary_heading_color":"","primary_sub_heading_color":"","primary_description_color":"","primary_button_bg_color":"","primary_button_text_color":"","primary_button_hover_bg_color":"","primary_button_hover_text_color":"","primary_content_overlay_opacity":"0.5","overlay_style":"use_overlay","overlay_color":"#fddec9","overlay_opacity":"0.6","rotation_degree":"180","block_main_animation_text":"none","block_style":"style-2","overlay_style_height":500,"overlay_style_height_laptop":550,"overlay_style_height_tab":500,"overlay_style_height_mobile":450,"custom_class_name":"custom-masonry-overlay-banner2-center"}},"1655462266d7173fb2":{"type":"home-masonry-banner","blocks":{"1655462266276a286b-0":{"type":"content","settings":{"grid_banner_type":"image","block_image":"shopify:\/\/shop_images\/grid04_cbeb31ce-af6c-411d-986c-2ad9aadabf3b.jpg","block_video":"https:\/\/www.w3schools.com\/tags\/mov_bbb.mp4","video_icon_color":"","video_icon_position":"icon-top-right","content_with_icon":false,"video_icon_outer_size":"60px","video_icon_size":"40px","show_image":true,"show_content":true,"block_title":"Babydoll Dress Collection","block_title_link":"shopify:\/\/collections\/popular-products-demo-10","block_sub_title":"","block_description":"Aliquam ultrices sagittis orci a scelerisque purus.","block_button_text":"Shop Now","block_button_link":"shopify:\/\/collections\/new-shop-demo-10","block_text_align":"text-center","content_position":"center","image_position":"center","reverse_column":false,"block_banner_bg":"rgba(0,0,0,0)","block_heading_color":"","block_sub_heading_color":"","block_description_color":"","block_button_bg_color":"","block_button_text_color":"","block_button_hover_bg_color":"","block_button_hover_text_color":"","overlay_style":"use_overlay","overlay_color":"#fddec9","overlay_opacity":"0.6","rotation_degree":"180","enable_addtional_block_image":false,"addtional_grid_heading":"Heading","addtional_block_link":"","addtional_heading_color":"","addtional_overlay_color":"","addtional_overlay_opacity":"0.5","addtional_rotation_degree":"180","block_animation_text":"fadeInUp"}}},"block_order":["1655462266276a286b-0"],"settings":{"full":false,"spacing_both_ends":false,"padding":"0,0","margin":"100,0","show_background_image":false,"background_style":"none","background_size":"auto","enable_overlay":false,"background_color":"","overlay_transparency":"0.5","section_heading":"","section_sub_heading":"","section_description":"","section_button_text":"","section_button_link":"","heading_position":"text-center","section_heading_color":"","section_sub_heading_color":"","section_description_color":"","section_button_bg_color":"","section_button_text_color":"","section_button_hover_bg_color":"","section_button_hover_text_color":"","main_banner_style":"overlay","block_banner_style":"overlay","reverse_column":true,"column_gap":"100px","enable_box_shadow":false,"border_radius":"0","content_width":"50\/50","lap_content_width":"50\/50","primary_text_align":"text-center","primary_position":"center","primary_image":"shopify:\/\/shop_images\/grid02_0afb166f-476a-4f91-b333-e58396317ce0.jpg","primary_title":"Tutu Dress Collections","primary_title_link":"shopify:\/\/collections\/hot-deals-demo-10","primary_sub_title":"","primary_description":"Felis eget velit aliquet sagittis id consectetur purus.","primary_button_text":"Shop Now","primary_button_link":"shopify:\/\/collections\/new-shop-demo-10","primary_banner_bg":"rgba(0,0,0,0)","primary_banner_content_bg":"rgba(0,0,0,0)","primary_heading_color":"","primary_sub_heading_color":"","primary_description_color":"","primary_button_bg_color":"","primary_button_text_color":"","primary_button_hover_bg_color":"","primary_button_hover_text_color":"","primary_content_overlay_opacity":"0.5","overlay_style":"use_overlay","overlay_color":"#fddec9","overlay_opacity":"0.6","rotation_degree":"180","block_main_animation_text":"fadeInUp","block_style":"style-2","overlay_style_height":900,"overlay_style_height_laptop":550,"overlay_style_height_tab":500,"overlay_style_height_mobile":450,"custom_class_name":"custom-masonry-overlay-banner2"}},"1657095418d3439e8d":{"type":"home-deal-banner","settings":{"full":false,"spacing_both_ends":false,"padding":"80,90","margin":"100,0","show_background_image":true,"background_image":"shopify:\/\/shop_images\/grid07_ec4468b7-92ad-4878-8f97-d646c7d6e197.jpg","background_style":"fixed","background_size":"cover","enable_overlay":false,"background_color":"","overlay_transparency":"0.5","section_heading":"Passion for fashion","section_sub_heading":"","section_description":"","section_button_text":"","section_button_link":"","heading_position":"text-center","section_heading_color":"","section_sub_heading_color":"","section_description_color":"","section_button_bg_color":"","section_button_text_color":"","section_button_hover_bg_color":"","section_button_hover_text_color":"","show_image":false,"block_title":"","block_sub_title":"","block_description":"","deal_end_date":"30 DEC 2022","deals_border_radius":"0","block_button_text":"Shop now","block_button_link":"shopify:\/\/collections\/hot-deals-demo-10","block_text_align":"text-center","title_color":"","sub_title_color":"","description_color":"","button_bg_color":"","button_text_color":"","button_hover_bg_color":"","button_hover_text_color":"","deals_section_bg_color":"rgba(0,0,0,0)","deals_section_timer_color":"#000000","deals_section_timer_duration_color":"#000000","custom_class_name":"custom-deal-banner"}},"1655459066e8c3c5fa":{"type":"home-masonry-banner","blocks":{"16554590650d11f5c6-0":{"type":"content","settings":{"grid_banner_type":"image","block_image":"shopify:\/\/shop_images\/grid10.jpg","block_video":"https:\/\/www.w3schools.com\/tags\/mov_bbb.mp4","video_icon_color":"","video_icon_position":"icon-top-right","content_with_icon":false,"video_icon_outer_size":"60px","video_icon_size":"40px","show_image":true,"show_content":true,"block_title":"Tunic Dress Collections","block_title_link":"shopify:\/\/collections\/new-arrivals-demo-10","block_sub_title":"","block_description":"Libero enim sed faucibus turpis accumsan in nisl nisi scelerisque.","block_button_text":"Shop Now","block_button_link":"shopify:\/\/collections\/popular-products-demo-10","block_text_align":"text-center","content_position":"center","image_position":"center","reverse_column":false,"block_banner_bg":"rgba(0,0,0,0)","block_heading_color":"","block_sub_heading_color":"","block_description_color":"","block_button_bg_color":"","block_button_text_color":"","block_button_hover_bg_color":"","block_button_hover_text_color":"","overlay_style":"use_overlay","overlay_color":"#fddec9","overlay_opacity":"0.5","rotation_degree":"180","enable_addtional_block_image":false,"addtional_grid_heading":"Heading","addtional_block_link":"","addtional_heading_color":"","addtional_overlay_color":"","addtional_overlay_opacity":"0.5","addtional_rotation_degree":"180","block_animation_text":"fadeInUp"}},"16554590650d11f5c6-1":{"type":"content","settings":{"grid_banner_type":"image","block_image":"shopify:\/\/shop_images\/grid09.jpg","block_video":"https:\/\/www.w3schools.com\/tags\/mov_bbb.mp4","video_icon_color":"","video_icon_position":"icon-top-right","content_with_icon":false,"video_icon_outer_size":"60px","video_icon_size":"40px","show_image":true,"show_content":true,"block_title":"Sheath Dress Collections","block_title_link":"shopify:\/\/collections\/hot-deals-demo-10","block_sub_title":"","block_description":"Tellus cras adipiscing enim eu turpis egestas pretium aenean pharetra.","block_button_text":"Shop Now","block_button_link":"shopify:\/\/collections\/new-shop-demo-10","block_text_align":"text-center","content_position":"center","image_position":"center","reverse_column":false,"block_banner_bg":"rgba(0,0,0,0)","block_heading_color":"","block_sub_heading_color":"","block_description_color":"","block_button_bg_color":"","block_button_text_color":"","block_button_hover_bg_color":"","block_button_hover_text_color":"","overlay_style":"use_overlay","overlay_color":"#fddec9","overlay_opacity":"0.5","rotation_degree":"180","enable_addtional_block_image":false,"addtional_grid_heading":"Heading","addtional_block_link":"","addtional_heading_color":"","addtional_overlay_color":"rgba(0,0,0,0)","addtional_overlay_opacity":"0.5","addtional_rotation_degree":"180","block_animation_text":"fadeInUp"}}},"block_order":["16554590650d11f5c6-0","16554590650d11f5c6-1"],"settings":{"full":false,"spacing_both_ends":false,"padding":"0,0","margin":"100,0","show_background_image":false,"background_style":"none","background_size":"auto","enable_overlay":false,"background_color":"","overlay_transparency":"0.5","section_heading":"","section_sub_heading":"","section_description":"","section_button_text":"","section_button_link":"","heading_position":"text-center","section_heading_color":"","section_sub_heading_color":"","section_description_color":"","section_button_bg_color":"","section_button_text_color":"","section_button_hover_bg_color":"","section_button_hover_text_color":"","main_banner_style":"overlay","block_banner_style":"overlay","reverse_column":true,"column_gap":"100px","enable_box_shadow":false,"border_radius":"0","content_width":"50\/50","lap_content_width":"50\/50","primary_text_align":"text-center","primary_position":"center","primary_image":"shopify:\/\/shop_images\/grid08.jpg","primary_title":"Shirt Dress Collection","primary_title_link":"shopify:\/\/collections\/new-arrivals-demo-10","primary_sub_title":"","primary_description":"Vitae congue mauris rhoncus aenean vel elit posuere","primary_button_text":"Shop Now","primary_button_link":"shopify:\/\/collections\/hot-deals-demo-10","primary_banner_bg":"rgba(0,0,0,0)","primary_banner_content_bg":"rgba(0,0,0,0)","primary_heading_color":"","primary_sub_heading_color":"","primary_description_color":"","primary_button_bg_color":"","primary_button_text_color":"","primary_button_hover_bg_color":"","primary_button_hover_text_color":"","primary_content_overlay_opacity":"0.5","overlay_style":"use_overlay","overlay_color":"#fddec9","overlay_opacity":"0.5","rotation_degree":"180","block_main_animation_text":"fadeInUp","block_style":"style-2","overlay_style_height":860,"overlay_style_height_laptop":550,"overlay_style_height_tab":500,"overlay_style_height_mobile":450,"custom_class_name":"custom-masonry-overlay-banner"}},"1655458912f79b1860":{"type":"home-newsletter","settings":{"full":true,"spacing_both_ends":true,"padding":"100,20","margin":"0,0","show_background_image":false,"background_style":"none","background_size":"auto","background_color":"#d9ddcf","enable_overlay":true,"overlay_transparency":"1","section_heading":"Join Us : News Letter","section_sub_heading":"","section_description":"Bbibendum arcu vita elementum curabitur vitae aliquam sem fringilla ut morbi tincidunt augue interdum nisl pretium fusce id velit ut tortor.","section_button_text":"","section_button_link":"","section_heading_color":"","section_sub_heading_color":"","section_description_color":"","section_button_bg_color":"","section_button_text_color":"","section_button_hover_bg_color":"","section_button_hover_text_color":"","heading_position":"text-center","section_position":"text-center","newsletter_form_width":"80%","newsletter_description":"Sign up and getting our latest updation.","news_style":"default","reverse_column":false,"space_in_between":"0px","newsletter_box_border_color":"#000000","newsletter_box_bg_color":"rgba(0,0,0,0)","newsletter_box_border_focus_color":"","newsletter_button_bg_color":"#565e41","newsletter_button_text_color":"#ffffff","newsletter_button_hover_bg_color":"#000000","newsletter_button_hover_text_color":"#ffffff","newsletter_description_color":"","custom_class_name":"custom-newsletter"}}},"order":["16484715585d0b75d2","165546151639701b55","165546251578d676a1","1655462266d7173fb2","1657095418d3439e8d","1655459066e8c3c5fa","1655458912f79b1860"]}