{"sections":{"main":{"type":"main-page","settings":{"full":false,"spacing_both_ends":false,"padding":"0,0","margin":"0,0"}},"164968500599b05c74":{"type":"home-video-banner","settings":{"full":false,"spacing_both_ends":false,"padding":"0,80","margin":"0,0","show_background_image":false,"background_style":"none","background_size":"auto","enable_overlay":false,"background_color":"","overlay_transparency":"0.5","section_heading":"Video Banner(Self Host Video)","section_sub_heading":"","section_description":"","section_button_text":"","section_button_link":"","section_heading_color":"","section_sub_heading_color":"","section_description_color":"","section_button_bg_color":"","section_button_text_color":"","section_button_hover_bg_color":"","section_button_hover_text_color":"","heading_position":"text-center","block_title":"Where does it come from?","block_sub_title":"Where can I get some?","block_description":"It is a long established fact that a reader will be distracted by the readable content of a page when looking at its layout.","block_button_text":"Show More","block_button_link":"#","content_position":"center","block_text_align":"text-center","layout_style":"default","reverse_column":false,"show_image":true,"video_format":"video","video_url":"https:\/\/storage.googleapis.com\/coverr-main\/mp4\/Palm_Trees.mp4","iframe_url":"https:\/\/www.youtube.com\/embed\/JJMPKgyCoSY","video_height":"500","overlay_style":"with-overlay","enable_box_shadow":false,"border_radius":"0","banner_heading_color":"#ffffff","banner_sub_heading_color":"#ffffff","banner_description_color":"#ffffff","banner_button_bg_color":"","banner_button_text_color":"","banner_button_hover_bg_color":"","banner_button_hover_text_color":"","video_overlay_color":"#000000","video_overlay_transparency":"0.5","icon_bg_color":"","icon_color":"","icon_bg_color_hover":"","icon_color_hover":"","custom_class_name":""}},"1649685103b9fb0314":{"type":"home-video-banner","settings":{"full":false,"spacing_both_ends":false,"padding":"0,80","margin":"0,0","show_background_image":false,"background_style":"none","background_size":"auto","enable_overlay":false,"background_color":"","overlay_transparency":"0.5","section_heading":"Video Banner(External)","section_sub_heading":"","section_description":"","section_button_text":"","section_button_link":"","section_heading_color":"","section_sub_heading_color":"","section_description_color":"","section_button_bg_color":"","section_button_text_color":"","section_button_hover_bg_color":"","section_button_hover_text_color":"","heading_position":"text-center","block_title":"Where does it come from?","block_sub_title":"Where can I get some?","block_description":"It is a long established fact that a reader will be distracted by the readable content of a page when looking at its layout. The point of using Lorem Ipsum is that it has a more-or-less normal distribution of letters.","block_button_text":"Show More","block_button_link":"#","content_position":"center","block_text_align":"text-center","layout_style":"default","reverse_column":false,"show_image":true,"video_format":"iframe","video_url":"https:\/\/storage.googleapis.com\/coverr-main\/mp4\/Palm_Trees.mp4","iframe_url":"https:\/\/www.youtube.com\/embed\/JJMPKgyCoSY","video_height":"500","overlay_style":"with-overlay","enable_box_shadow":false,"border_radius":"0","banner_heading_color":"#ffffff","banner_sub_heading_color":"#ffffff","banner_description_color":"#ffffff","banner_button_bg_color":"","banner_button_text_color":"","banner_button_hover_bg_color":"","banner_button_hover_text_color":"","video_overlay_color":"#000000","video_overlay_transparency":"0.5","icon_bg_color":"","icon_color":"","icon_bg_color_hover":"","icon_color_hover":"","custom_class_name":""}},"1649685184e484df02":{"type":"home-video-banner","settings":{"full":false,"spacing_both_ends":false,"padding":"0,80","margin":"0,0","show_background_image":false,"background_style":"none","background_size":"auto","enable_overlay":false,"background_color":"","overlay_transparency":"0.5","section_heading":"Video Banner(Popup)","section_sub_heading":"","section_description":"","section_button_text":"","section_button_link":"","section_heading_color":"","section_sub_heading_color":"","section_description_color":"","section_button_bg_color":"","section_button_text_color":"","section_button_hover_bg_color":"","section_button_hover_text_color":"","heading_position":"text-center","block_title":"Why do we use it?","block_sub_title":"","block_description":"It is a long established fact that a reader will be distracted by the readable content of a page when looking at its layout.","block_button_text":"Show More","block_button_link":"#","content_position":"center","block_text_align":"text-center","layout_style":"default","reverse_column":true,"block_image":"shopify:\/\/shop_images\/slider.jpg","show_image":true,"video_format":"modal","video_url":"https:\/\/storage.googleapis.com\/coverr-main\/mp4\/Palm_Trees.mp4","iframe_url":"https:\/\/www.youtube.com\/embed\/JJMPKgyCoSY","video_height":"500","overlay_style":"with-overlay","enable_box_shadow":true,"border_radius":"0","banner_heading_color":"#ffffff","banner_sub_heading_color":"#ffffff","banner_description_color":"#ffffff","banner_button_bg_color":"","banner_button_text_color":"","banner_button_hover_bg_color":"","banner_button_hover_text_color":"","video_overlay_color":"#000000","video_overlay_transparency":"0.5","icon_bg_color":"","icon_color":"","icon_bg_color_hover":"","icon_color_hover":"","custom_class_name":""}},"1649741021d9bdb430":{"type":"home-video-banner","settings":{"full":false,"spacing_both_ends":false,"padding":"0,80","margin":"0,0","show_background_image":false,"background_style":"none","background_size":"auto","enable_overlay":false,"background_color":"","overlay_transparency":"0.5","section_heading":"Video Banner(Play Icon Image)","section_sub_heading":"","section_description":"","section_button_text":"","section_button_link":"","section_heading_color":"","section_sub_heading_color":"","section_description_color":"","section_button_bg_color":"","section_button_text_color":"","section_button_hover_bg_color":"","section_button_hover_text_color":"","heading_position":"text-center","block_title":"","block_sub_title":"","block_description":"","block_button_text":"","block_button_link":"","content_position":"center","block_text_align":"text-center","layout_style":"default","reverse_column":false,"block_image":"shopify:\/\/shop_images\/slider-img.jpg","show_image":true,"video_format":"modal","video_icon":"shopify:\/\/shop_images\/play_ff570253-b7ea-4f29-b56e-363f86ccf4ae.png","video_url":"https:\/\/storage.googleapis.com\/coverr-main\/mp4\/Palm_Trees.mp4","iframe_url":"https:\/\/www.youtube.com\/embed\/JJMPKgyCoSY","video_height":"500","overlay_style":"with-overlay","enable_box_shadow":false,"border_radius":"0","banner_heading_color":"","banner_sub_heading_color":"","banner_description_color":"","banner_button_bg_color":"","banner_button_text_color":"","banner_button_hover_bg_color":"","banner_button_hover_text_color":"","video_overlay_color":"#000000","video_overlay_transparency":"0.5","icon_bg_color":"rgba(0,0,0,0)","icon_color":"","icon_bg_color_hover":"rgba(0,0,0,0)","icon_color_hover":"","custom_class_name":""}},"16497397701e63d651":{"type":"home-video-banner","settings":{"full":false,"spacing_both_ends":false,"padding":"0,80","margin":"0,0","show_background_image":false,"background_style":"none","background_size":"auto","enable_overlay":false,"background_color":"","overlay_transparency":"0.5","section_heading":"Video Banner(Two Column)","section_sub_heading":"","section_description":"","section_button_text":"","section_button_link":"","section_heading_color":"","section_sub_heading_color":"","section_description_color":"","section_button_bg_color":"","section_button_text_color":"","section_button_hover_bg_color":"","section_button_hover_text_color":"","heading_position":"text-center","block_title":"Why do we use it?","block_sub_title":"","block_description":"It is a long established fact that a reader will be distracted by the readable content of a page when looking at its layout.","block_button_text":"Show More","block_button_link":"#","content_position":"center","block_text_align":"text-center","layout_style":"two-column","reverse_column":false,"show_image":true,"video_format":"video","video_url":"https:\/\/storage.googleapis.com\/coverr-main\/mp4\/Palm_Trees.mp4","iframe_url":"https:\/\/www.youtube.com\/embed\/JJMPKgyCoSY","video_height":"500","overlay_style":"with-overlay","enable_box_shadow":false,"border_radius":"0","banner_heading_color":"#ffffff","banner_sub_heading_color":"#ffffff","banner_description_color":"#ffffff","banner_button_bg_color":"","banner_button_text_color":"","banner_button_hover_bg_color":"","banner_button_hover_text_color":"","video_overlay_color":"#1a1a1a","video_overlay_transparency":"0.5","icon_bg_color":"","icon_color":"","icon_bg_color_hover":"","icon_color_hover":"","custom_class_name":""}},"16497408106f645a14":{"type":"home-video-banner","settings":{"full":false,"spacing_both_ends":false,"padding":"0,80","margin":"0,0","show_background_image":false,"background_style":"none","background_size":"auto","enable_overlay":false,"background_color":"","overlay_transparency":"0.5","section_heading":"Video Banner(Two Column)","section_sub_heading":"","section_description":"","section_button_text":"","section_button_link":"","section_heading_color":"","section_sub_heading_color":"","section_description_color":"","section_button_bg_color":"","section_button_text_color":"","section_button_hover_bg_color":"","section_button_hover_text_color":"","heading_position":"text-center","block_title":"Where does it come from?","block_sub_title":"","block_description":"It is a long established fact that a reader will be distracted by the readable content of a page when looking at its layout.","block_button_text":"","block_button_link":"","content_position":"center","block_text_align":"text-center","layout_style":"two-column","reverse_column":true,"show_image":true,"video_format":"iframe","video_url":"https:\/\/storage.googleapis.com\/coverr-main\/mp4\/Palm_Trees.mp4","iframe_url":"https:\/\/www.youtube.com\/embed\/JJMPKgyCoSY","video_height":"500","overlay_style":"with-overlay","enable_box_shadow":false,"border_radius":"0","banner_heading_color":"#ffffff","banner_sub_heading_color":"#ffffff","banner_description_color":"#ffffff","banner_button_bg_color":"","banner_button_text_color":"","banner_button_hover_bg_color":"","banner_button_hover_text_color":"","video_overlay_color":"#1a1a1a","video_overlay_transparency":"0.5","icon_bg_color":"","icon_color":"","icon_bg_color_hover":"","icon_color_hover":"","custom_class_name":""}},"1649740875d3913cc1":{"type":"home-video-banner","settings":{"full":false,"spacing_both_ends":false,"padding":"0,80","margin":"0,0","show_background_image":false,"background_style":"none","background_size":"auto","enable_overlay":false,"background_color":"","overlay_transparency":"0.5","section_heading":"Video Banner(Two Column)","section_sub_heading":"","section_description":"","section_button_text":"","section_button_link":"","section_heading_color":"","section_sub_heading_color":"","section_description_color":"","section_button_bg_color":"","section_button_text_color":"","section_button_hover_bg_color":"","section_button_hover_text_color":"","heading_position":"text-center","block_title":"Where does it come from?","block_sub_title":"","block_description":"It is a long established fact that a reader will be distracted by the readable content of a page when looking at its layout.","block_button_text":"","block_button_link":"","content_position":"center","block_text_align":"text-center","layout_style":"two-column","reverse_column":false,"block_image":"shopify:\/\/shop_images\/aged-map-with-worn-paper-corners.jpg","show_image":true,"video_format":"modal","video_url":"https:\/\/storage.googleapis.com\/coverr-main\/mp4\/Palm_Trees.mp4","iframe_url":"https:\/\/www.youtube.com\/embed\/JJMPKgyCoSY","video_height":"500","overlay_style":"with-overlay","enable_box_shadow":false,"border_radius":"0","banner_heading_color":"#ffffff","banner_sub_heading_color":"#ffffff","banner_description_color":"#ffffff","banner_button_bg_color":"","banner_button_text_color":"","banner_button_hover_bg_color":"","banner_button_hover_text_color":"","video_overlay_color":"#1a1a1a","video_overlay_transparency":"0.5","icon_bg_color":"","icon_color":"","icon_bg_color_hover":"","icon_color_hover":"","custom_class_name":""}},"1649741031665c441b":{"type":"home-video-banner","settings":{"full":false,"spacing_both_ends":false,"padding":"0,80","margin":"0,0","show_background_image":false,"background_style":"none","background_size":"auto","enable_overlay":false,"background_color":"","overlay_transparency":"0.5","section_heading":"Video Banner(Play Icon Image)","section_sub_heading":"","section_description":"","section_button_text":"","section_button_link":"","section_heading_color":"","section_sub_heading_color":"","section_description_color":"","section_button_bg_color":"","section_button_text_color":"","section_button_hover_bg_color":"","section_button_hover_text_color":"","heading_position":"text-center","block_title":"","block_sub_title":"","block_description":"","block_button_text":"","block_button_link":"","content_position":"center","block_text_align":"text-center","layout_style":"two-column","reverse_column":true,"block_image":"shopify:\/\/shop_images\/confident-young-woman.jpg","show_image":true,"video_format":"modal","video_icon":"shopify:\/\/shop_images\/play_ff570253-b7ea-4f29-b56e-363f86ccf4ae.png","video_url":"https:\/\/storage.googleapis.com\/coverr-main\/mp4\/Palm_Trees.mp4","iframe_url":"https:\/\/www.youtube.com\/embed\/JJMPKgyCoSY","video_height":"500","overlay_style":"with-overlay","enable_box_shadow":false,"border_radius":"0","banner_heading_color":"","banner_sub_heading_color":"","banner_description_color":"","banner_button_bg_color":"","banner_button_text_color":"","banner_button_hover_bg_color":"","banner_button_hover_text_color":"","video_overlay_color":"#1a1a1a","video_overlay_transparency":"0.5","icon_bg_color":"rgba(0,0,0,0)","icon_color":"","icon_bg_color_hover":"rgba(0,0,0,0)","icon_color_hover":"","custom_class_name":""}},"1649741279f6b99f0d":{"type":"home-video-banner","settings":{"full":false,"spacing_both_ends":false,"padding":"0,0","margin":"0,0","show_background_image":false,"background_style":"none","background_size":"auto","enable_overlay":false,"background_color":"","overlay_transparency":"0.5","section_heading":"Video Banner(With Mask Overlay)","section_sub_heading":"","section_description":"","section_button_text":"","section_button_link":"","section_heading_color":"","section_sub_heading_color":"","section_description_color":"","section_button_bg_color":"","section_button_text_color":"","section_button_hover_bg_color":"","section_button_hover_text_color":"","heading_position":"text-center","block_title":"Why do we use it?","block_sub_title":"","block_description":"","block_button_text":"","block_button_link":"","content_position":"center","block_text_align":"text-center","layout_style":"default","reverse_column":false,"show_image":true,"video_format":"video","video_url":"https:\/\/storage.googleapis.com\/coverr-main\/mp4\/Palm_Trees.mp4","iframe_url":"https:\/\/www.youtube.com\/embed\/JJMPKgyCoSY","video_height":"500","overlay_style":"with-mask-image with-overlay","video_mask":"shopify:\/\/shop_images\/video-mask.png","enable_box_shadow":false,"border_radius":"0","banner_heading_color":"#ffffff","banner_sub_heading_color":"","banner_description_color":"","banner_button_bg_color":"","banner_button_text_color":"","banner_button_hover_bg_color":"","banner_button_hover_text_color":"","video_overlay_color":"#1a1a1a","video_overlay_transparency":"0.5","icon_bg_color":"","icon_color":"","icon_bg_color_hover":"","icon_color_hover":"","custom_class_name":""}}},"order":["main","164968500599b05c74","1649685103b9fb0314","1649685184e484df02","1649741021d9bdb430","16497397701e63d651","16497408106f645a14","1649740875d3913cc1","1649741031665c441b","1649741279f6b99f0d"]}