{"current":{"favicon":"shopify:\/\/shop_images\/favicon.png","preloader_enable":true,"preloader":"shopify:\/\/shop_images\/Aaraa-logo-gif-animation_f141847a-8f64-4e3e-b530-8e1360d663a9.gif","header_font":"montserrat_n7","h1_size":50,"h2_size":42,"h3_size":30,"h4_size":28,"h5_size":20,"h6_size":18,"base_font":"twentieth_century_n4","type_base_size":16,"type_base_size_tablet":16,"type_base_size_tablet_mobile":16,"heading_line_height":1.2,"body_line_height":1.5,"additional_font":"lucia_n4","type_additional_size":20,"custom_font_script_1":"@import url('https:\/\/fonts.googleapis.com\/css2?family=DM+Sans:ital,wght@0,400;0,500;0,700;1,400;1,500;1,700&display=swap');","custom_font_family_1":"'DM Sans', sans-serif;","custom_font_script_2":"@import url('https:\/\/fonts.googleapis.com\/css2?family=DM+Sans:ital,wght@0,400;0,500;0,700;1,400;1,500;1,700&display=swap');","custom_font_family_2":"'DM Sans', sans-serif;","custom_font_script_3":"@import url('https:\/\/fonts.googleapis.com\/css2?family=Water+Brush&display=swap');","custom_font_family_3":"'Water Brush', cursive;","container_width":1460,"tab_container_width":960,"fullwidth_gap":1,"gutter_width":40,"overall_border_radius":0,"base_transitions":"all 0.3s linear","primary_color":"#d6a6ad","secondary_color":"#f4e9d4","tertiary_color":"#bee1e6","body_bg_color":"#ffffff","body_text_color":"#000000","overlay_color":"#bee1e6","link_color":"#000000","link_hover_color":"#d6a6ad","heading_color":"#000000","border_color":"#bee1e6","product_bg_color":"rgba(0,0,0,0)","product_padding":"30px 0px 0px 0px","product_text_color":"#000000","product_title_color":"#000000","product_title_hover_color":"#d6a6ad","vendor_color":"#000000","button_bg_color":"#d6a6ad","button_text_color":"#000000","button_bg_hover_color":"#bee1e6","button_text_hover_color":"#000000","button_border_color":"#d6a6ad","button_hover_border_color":"#bee1e6","button_border_width":0,"button_border_radius":0,"button_padding":"12px 32px 12px 32px","custom_button_style":true,"custom_button_icon":"shopify:\/\/shop_images\/icon-arrow.png","swatch_button_bg_clr":"#ffffff","swatch_button_clr":"#000000","swatch_button_active_bg_clr":"#000000","swatch_button_active_clr":"#ffffff","product_button_clr":"#000000","product_button_bg_clr":"#e9e9e9","product_tab_color_clr":"#000000","product_tab_bg_color_clr":"#e9e9e9","product_tab_hover_color_clr":"#000000","product_tab_hover_bg_color_clr":"rgba(0,0,0,0)","gradient":"linear-gradient(310deg, rgba(17, 189, 251, 1) 15%, rgba(33, 249, 150, 1) 85%)","gradient_hover":"linear-gradient(228deg, rgba(21, 209, 252, 1) 14%, rgba(187, 48, 254, 1) 83%)","blog_bg_color":"#f3eeeb","blog_link_color":"#000000","blog_link_hover_color":"#d6a6ad","blog_text_color":"#000000","blog_icon_color":"#d6a6ad","blog_button_bg_color":"rgba(0,0,0,0)","blog_button_text_color":"#000000","blog_button_bg_hover_color":"rgba(0,0,0,0)","blog_button_text_hover_color":"#000000","blog_link_hover_color_overlay":"#181818","blog_text_color_overlay":"#ffffff","blog_icon_color_overlay":"#ffffff","blog_button_bg_color_overlay":"#d6a6ad","blog_button_text_color_overlay":"#ffffff","blog_button_bg_hover_color_overlay":"#181818","blog_border_radius":0,"blog_gutter_width":40,"blog_padding":"34px 20px 45px","form_bg":"#f3eeeb","input_bg":"rgba(0,0,0,0)","input_padding":"12px 16px 12px 16px","shadow_color":"#1a1a1a","shadow_color_light":"#e1e1e1","title_image_enable":false,"title_image":"shopify:\/\/shop_images\/quote-icon-2.png","title_image_position":"place_on_top","use_breadcrumb":true,"color_image_overlay":"#bee1e6","breadcrumb_text_color":"#181818","breadcrumb_text_hover_color":"#d6a6ad","breadcrumb_style":"start","image_overlay_opacity":99,"breadcrumb_padding_top":50,"breadcrumb_padding_bottom":50,"breadcrumb_margin_bottom":80,"enable_quick_view":false,"show_product_swatches":true,"show_quick_shop_product_link":true,"show_quick_shop_desc":true,"quick_view_desc_truncate":"20","enable_scroll_to_top":true,"collections_show_sale_circle":true,"collections_show_sold_out_circle":true,"secondary_image_use":true,"offer_price_enable":true,"collections_show_new_circle":false,"display_vendor":false,"truncated_description":false,"excerpt_count":"10","enable_add_cart":true,"item_aignment":"content-left","product_button_style":"over_thumb","enable_button_icon":false,"icon_alignment":"icon-center","enable_compare":false,"enable_wishlist":false,"display_color_variant":false,"display_item_size":true,"product_review":false,"product_gallary_slider":true,"sidebar_width":400,"product_gap":50,"product_page_sidebar":"full-width","collection_sidebar_use":"left-sidebar","blog_page_sidebar":"right-sidebar","collection_sidebar_mobile":true,"product_sidebar_mobile":false,"sidebar_title_bg":"rgba(0,0,0,0)","sidebar_title_border":"#f3eeeb","cart_notes_enable":false,"ajax_cart_method":"drawer","search_grid":"4","search_results_per_page":"8","enable_timer":true,"timer_heading":"Deal ends in","timer_button_bg":"#ba8d69","social_twitter_link":"#","social_facebook_link":"#","social_pinterest_link":"","social_google_plus_link":"","social_instagram_link":"#","social_tumblr_link":"","social_youtube_link":"#","social_vimeo_link":"","social_rss_link":"","social_linkedin_link":"","social_sharing_blog":true,"social_sharing_count":true,"share_facebook":true,"share_twitter":true,"share_pinterest":true,"share_google":true,"cart_goal_range":"USD[10], INR[740.91]","enable_fake_visitors":true,"min_count":10,"max_count":100,"fake_heading":"People are viewing this right now","enable_fake_sales":true,"minqty":10,"maxqty":100,"password_bg_img":"shopify:\/\/shop_images\/modern-jewelry-and-accessories-on-display.jpg","password_logo":"shopify:\/\/shop_images\/Aaraa-logo-gif-animation-2.gif","logo_txt_color":"#d6a6ad","pwd_header_color":"#d6a6ad","pwd_show_share_buttons":false,"pwd_newsletter_enable":true,"pwd_newsletter_form_heading_clr":"#1a1a1a","pwd_newsletter_inpt_bg":"#ffffff","pwd_newsletter_btn_bg":"#d6a6ad","pwd_newsletter_btn_hoverbg":"#0a0505","pwd_placeholder_txt":"#d6a6ad","social_title_clr":"#0a0505","social_icon_clr":"#d6a6ad","social__icon_hoverclr":"#0a0505","checkout_logo_image":"shopify:\/\/shop_images\/aaraa-logo.png","checkout_body_background_color":"#f9feff","checkout_input_background_color_mode":"transparent","checkout_sidebar_background_color":"#f9feff","checkout_heading_font":"Source Sans Pro","checkout_body_font":"Source Sans Pro","checkout_accent_color":"#d6a6ad","checkout_button_color":"#d6a6ad","show_wislist":true,"timer":"903710998572@10\/24\/2022_00:00:00","gradient_button_bg_color":"linear-gradient(270deg, rgba(49, 202, 209, 1) 66%, rgba(249, 208, 163, 1) 100%)","sidebar_style":"grid","animae_enable":true,"favicon_enable":true,"enable_collection_sidebar":true,"enable_boxed":true,"breadcrumb_bg_image":true,"boxed_bg_color":"#ce5252","count_down_enable":true,"count_down_collections":true,"home_productdeal_time":"24 May","enable_color_swatch":true,"show_prt_quickview_desc":false,"show_smart_checkout":true,"social_sharing_style":"normal","sections":{"header":{"type":"header","blocks":{"8b94bd55-596d-4b11-8f3f-f2486888af6d":{"type":"promo_image","settings":{"mega_1":"","mega_columns":"six-column","row_reverse":false,"image_1":"shopify:\/\/shop_images\/aaranewletter.gif","title_1":"","button_1":"","link_1":"","image_2":"shopify:\/\/shop_images\/aara.gif","title_2":"","button_2":"","link_2":"","title_3":"","button_3":"","link_3":"","title_4":"","button_4":"","link_4":""}},"9a293b0b-5169-4de3-b9e6-78bcfd01de73":{"type":"promo_image","settings":{"mega_1":"Shop","mega_columns":"four-column-long-img","row_reverse":false,"image_1":"shopify:\/\/shop_images\/aara-megamenu-shop.gif","title_1":"","button_1":"","link_1":"","title_2":"","button_2":"","link_2":"","title_3":"","button_3":"","link_3":"","title_4":"","button_4":"","link_4":""}},"564c9f11-5d4d-4a8b-b7ca-ef0414753f9c":{"type":"promo_banner","settings":{"mega_1":"Products","mega_columns":"six-column","row_reverse":false,"image_1":"shopify:\/\/shop_images\/aaramegamanu.gif","title_1":"","button_1":"","link_1":"","title_2":"","button_2":"","link_2":""}},"e528d22c-6e8c-4c40-ada1-f7189bf9c794":{"type":"promo_image","settings":{"mega_1":"Features","mega_columns":"six-column","row_reverse":false,"image_1":"shopify:\/\/shop_images\/insta02.jpg","title_1":"","button_1":"","link_1":"","title_2":"","button_2":"","link_2":"","title_3":"","button_3":"","link_3":"","title_4":"","button_4":"","link_4":""}},"5743e34c-e466-4d2f-bbd2-67a0e747aeb1":{"type":"promo_banner","settings":{"mega_1":"","mega_columns":"six-column","row_reverse":false,"image_1":"shopify:\/\/shop_images\/header-img.gif","title_1":"","button_1":"","link_1":"","image_2":"shopify:\/\/shop_images\/header-img.gif","title_2":"","button_2":"","link_2":""}}},"block_order":["8b94bd55-596d-4b11-8f3f-f2486888af6d","9a293b0b-5169-4de3-b9e6-78bcfd01de73","564c9f11-5d4d-4a8b-b7ca-ef0414753f9c","e528d22c-6e8c-4c40-ada1-f7189bf9c794","5743e34c-e466-4d2f-bbd2-67a0e747aeb1"],"settings":{"full":true,"spacing_both_ends":true,"use_sticky_header":true,"use_sticky_mobile":true,"transparent_header":false,"show_announcement":true,"hide_announcement_mobile":false,"home_page_only":false,"bg_color":"#d6a6ad","text_color":"#000000","text_hover_color":"#ffffff","text":"<p>Free Shipping On Order Above $25 <a href=\"\/collections\" target=\"_blank\" title=\"All collections\">Shop now<\/a><\/p>","announcement_height":40,"topbar_bg":"#ffffff","disable_topbar":true,"disable_topbar_mobile":true,"header_mail":"sample@example.com","header_phone":"9876543210","header_contact":"#000000","header_contact_hover":"#d6a6ad","logo":"shopify:\/\/shop_images\/aaraa-logo.png","logo_max_width":175,"menu_align":"logo_left","show_header_social":true,"search_type":"search-icon","enable_predictive_search":true,"social_icon_color":"#000000","social_icon_hover_color":"#d6a6ad","social_icon_bg":"rgba(0,0,0,0)","social_icon_hover_bg":"rgba(0,0,0,0)","show_account":true,"show_header_cart":true,"show_header_wishlist":false,"show_header_compare":false,"icon_color":"#181818","icon_hover_color":"#d6a6ad","icon_bg":"rgba(0,0,0,0)","icon_hover_bg":"rgba(0,0,0,0)","enable_menu_indicator":true,"pick_menu":"main-menu","show_secondary_menu":false,"secondary_menu":"","header_bg":"#ffffff","menu_color":"#000000","menu_active_color":"#000000","menu_active_bg":"rgba(0,0,0,0)","mega_menu_bg":"#ffffff","submenu_color":"#000000","submenu_hover_color":"#d6a6ad","font_size":16,"font_size_sub":16,"show_header_currency":false,"enable_sale":true,"sale_txt":"Sale","sale_tags":"Shop","enable_new":true,"new_txt":"New","new_tags":"Services","enable_hot":false,"hot_txt":"Hot","hot_tags":"Pages"}},"modal-newsletter":{"type":"modal-newsletter","settings":{"enable_newsletter_modal":true,"modal_popup_width":33,"dt_sc_cookie-expires":1,"dt_sc_cookie-modal-delay":"1000","overlay_background_color":"#181818","overlay_background_transparency":"0.75","block_text_align":"text-center","dt_sc_modal_bg_image":"shopify:\/\/shop_images\/aaranewletter.gif","enable_overlay":true,"background_color":"#ffffff","overlay_transparency":"0.75","form_style":"style-6","style_6_reverse":true,"form_gap":"15px","dt_sc_cookie_sub_title":"","dt_sc_cookie-modal-title":"Get <span>10% Off<\/span> on your  first order","dt_sc_cookie-modal-content":"Subscribe now and receive a discount on your first order","dt_sc_newsletter_additional_content":"","enable_social_icon":true,"enable_subscribe_icon":false,"section_title_color":"#181818","title_span":"#d6a6ad","section_sub_title_color":"#181818","form_bg":"#ffffff","button_bg_color":"#d6a6ad","button_text_color":"#000000","button_hover_bg_color":"#bee1e6","button_hover_text_color":"#000000","additional_text_color":"","social_icon_color":"#000000","social_icon_hover_color":"#d6a6ad"}},"product-recommendations":{"type":"product-recommendations","settings":{"show_product_recommendations":true,"heading":"Recommended products","heading_position":"text-center"}},"footer":{"type":"footer","blocks":{"38792050-49db-4adc-87eb-b891837eb853":{"type":"custom","settings":{"title":"","text":"<p><strong>Shop now & get 10% off on every products.<\/strong><\/p>","container_width":100,"column_alignment":"text-center"}},"5f9366d2-feae-4bae-a90c-c2d6b5a6b6c3":{"type":"split","settings":{}},"fc673e94-de81-455f-bc70-636c5e5a8c60":{"type":"menu","settings":{"title":"Customer Services","menu":"footer-menu1","container_width":25,"column_alignment":"text-start","footer_menu_style":"vertical"}},"28a557d9-cccb-40c8-a425-5693a91b930e":{"type":"menu","settings":{"title":"Visit us","menu":"visit-us","container_width":25,"column_alignment":"text-start","footer_menu_style":"vertical"}},"33bbe157-674c-40b3-9ffe-e048f0cd4d13":{"type":"menu","settings":{"title":"Company","menu":"company","container_width":25,"column_alignment":"text-start","footer_menu_style":"vertical"}},"77c85649-ae6a-4778-91f4-0feda1d6c49b":{"type":"newsletter","settings":{"title":"Send Feedback To Us","richtext":"","newsletter_btn_color":"#181818","newsletter_btn_bg":"rgba(0,0,0,0)","newsletter_btn_hover_color":"#d6a6ad","newsletter_btn_hover_bg":"rgba(0,0,0,0)","container_width":25,"column_alignment":"text-start"}}},"block_order":["38792050-49db-4adc-87eb-b891837eb853","5f9366d2-feae-4bae-a90c-c2d6b5a6b6c3","fc673e94-de81-455f-bc70-636c5e5a8c60","28a557d9-cccb-40c8-a425-5693a91b930e","33bbe157-674c-40b3-9ffe-e048f0cd4d13","77c85649-ae6a-4778-91f4-0feda1d6c49b"],"settings":{"full":false,"spacing_both_ends":false,"padding":"40,0","top_space":60,"footer_bg_clr":"#f8d8dd","color_opacity":1,"footer_bg_img":true,"image_1":"shopify:\/\/shop_images\/footer-logo_e576a4d8-e44d-4d10-85a2-c6eff45f5a04.png","segmented_bg_clr":"rgba(0,0,0,0)","segmented_padding":"12,12","show_footer_title":true,"footer_top_bg":"#d6a6ad","footer_heading_clr":"#000000","footer_txt_clr":"#000000","footer_link_clr":"#000000","footer_link_hover_clr":"#7b7b7b","footer__bottom_bg":"rgba(0,0,0,0)","footer_color":"#000000","footer_link_hover":"#7b7b7b","color_borders":"rgba(0,0,0,0)","footer_news_letter_bg":"#ffffff","show_payment_icons":true,"show_copyright":true,"show_social":true,"social_placement":"footer_bottom","social_style":"inline","newsletter_placement":"default","payment_placement":"default","enable_inline_footer_menu":false,"footer":"main-menu","copyright_text":"Design Themes","copyright_link":"https:\/\/themeforest.net\/user\/designthemes\/portfolio","copyright_link_color":"#000000","copyright_link_color_hover":"#7b7b7b"}},"gdpr-cookies":{"type":"gdpr-cookies","settings":{"show_gdpr":true,"style":"right","enable_box_shadow":true,"text":"Please click Accept Cookies to continue to use the site.","accept":"Accept","decline":"Decline","bg_color":"#f3eeeb","text_color":"#000000","button_bg_color":"#d6a6ad","button_text_color":"#000000","button_text_hover_color":"#ffffff","button_bg_hover_color":"#000000","button_padding":"2px 15px"}},"related-products":{"type":"related-products","settings":{"show_related_products":true,"title":"Related products","heading_position":"text-center","grid":"5","rows":"1","enable_slider":true,"enable_auto_height":true,"autoplay":true,"pagination":false,"carousel_pagination_alignment":"center_pagination","carousel_pagination_bottom_alignment":"inside_element","navigation":true,"nav_arrow_position":"navigation-bottom-center","center_nav_arrow_alignment":"inside_container","navigation_button_color":"#ba8d69","navigation_button_icon_color":"#ffffff","navigation_button_hover_color":"#181818","navigation_button_hover_icon_color":"#ffffff","navigation_dot_color":"#ba8d69","navigation_dot_active_color":"#181818","column_gap":"30"}},"recently-viewed-products":{"type":"recently-viewed-products","settings":{"show_product_recently":true,"title":"Recently viewed products","heading_position":"text-center","items_to_show":"4"}},"customer-purchased":{"type":"customer-purchased","blocks":{"a99cf698-9b20-4fae-b092-53ec06ddc104":{"type":"image","settings":{"product":"flannel-shirt","from":"Texas, US","time":"10 minutes ago"}},"9d66bd40-a2ec-4683-a573-704c38a7a0e9":{"type":"image","settings":{"product":"jean-pants","from":"Newyork, US","time":"45 minutes ago"}},"230b0ecb-020f-4c39-bf47-52b587056412":{"type":"image","settings":{"product":"box-pleats-skirt","from":"Chennai, India","time":"19 minutes ago"}},"8dbb4b4f-d9ca-4553-b804-4271607154ff":{"type":"image","settings":{"product":"denim-shirt","from":"Sydney, Australia","time":"27 minutes ago"}}},"block_order":["a99cf698-9b20-4fae-b092-53ec06ddc104","9d66bd40-a2ec-4683-a573-704c38a7a0e9","230b0ecb-020f-4c39-bf47-52b587056412","8dbb4b4f-d9ca-4553-b804-4271607154ff"],"settings":{"display_recent_purchase":true,"placement":"left","text":"Customer recently purchased"}},"home-featured-product":{"type":"home-featured-product","settings":{"featured_product":"bardot-skater-dress","gallery_type":"thumbnails_horizontal","enable_zoom":true,"enable_video_looping":true,"show_variants_swatches":true,"show_product_vendor":true,"show_product_type":true,"show_product_sku":true,"show_product_quantity":true,"display_back_in_stock":true,"show_quantity_selector":true,"show_checkout":true}},"contact":{"type":"contact","settings":{"full":false,"spacing_both_ends":false,"padding":"10,10","margin":"0,0","section_heading":"Contact us","section_sub_heading":"Sub Heading","section_description":"Use this text to share the information which you like!.","section_button_text":"","section_heading_color":"","section_sub_heading_color":"","section_description_color":"","section_button_bg_color":"","section_button_text_color":"","section_button_hover_bg_color":"","section_button_hover_text_color":"","heading_position":"text-center","contact_layout":"left_iconblock_form_inline","enable_gmap":true,"contact_iframe_code":"<iframe width=\"1920\" height=\"578\" style=\"border:0;overflow:hidden;\" src=\"https:\/\/maps.google.co.in\/?ie=UTF8&t=m&ll=-37.823006,144.977388&spn=0.02034,0.042915&z=14&output=embed\"><\/iframe>","enable_contact_info":true,"icontactheading_color":"","contacticon_bg_color":"","contacticon_color":"","contacticonhover_color":"","contact_module_address":true,"contact_module_address_title":"Address","contact_module_address1":"No: 58 A, East Madison Street,","contact_module_address2":"Baltimore, MD, USA\n4508","contact_module_email1":"mail@example.com","contact_phone1":"<b>Toll-Free: <\/b> 0803 - 080 - 3081","contact_module_email2":"support@somemail.com","contact_phone2":"<b>Fax: <\/b> 0803 - 080 - 3082","enable_contact_form":true,"contact_form_title":"Contact Form"}},"password-header":{"type":"password-header","settings":{}},"password-content":{"type":"password-content","settings":{}},"password-footer":{"type":"password-footer","settings":{}},"faq-template":{"type":"faq-template","blocks":{"5d191c96-8d35-4362-947b-ef16b49342b4":{"type":"icon","settings":{"title":"How will my order be delivered to me?","desc":"Curabitur nec risus vitae nibh bibendum gravida ut sit amet augue. Aliquam non mauris magna. Vestibulum malesuada enim pretium nulla sollicitudin, sit amet euismod ante egestas. Quisque urna eros, suscipit vel ullamcorper eu, scelerisque in eros. In id nulla laoreet mauris pharetra euismod."}},"ef11f4fd-c7f3-4bc9-8970-b5d788377d6e":{"type":"icon","settings":{"title":"What do I need to know?","desc":"Fusce a fermentum leo. Morbi quis eleifend nulla. Curabitur sit amet nunc sagittis, congue massa sed, condimentum enim. Aenean lacinia risus elementum, viverra justo rhoncus, mattis massa. Praesent ornare nunc rutrum, feugiat ante eu, tempor lacus. Etiam dui leo, scelerisque in congue id, feugiat et eros."}},"2499bbd9-d47f-44e8-a918-fa4b07735657":{"type":"icon","settings":{"title":"How will I know if order is placed successfully?","desc":"Integer a erat vitae nunc convallis eleifend eu quis arcu. Vivamus et turpis nibh. Suspendisse vel eros at ex elementum pulvinar in vel ipsum. Donec iaculis ullamcorper ante et faucibus. Pellentesque et augue euismod nunc pharetra consectetur id iaculis ante. Sed eget metus sodales, ullamcorper nulla nec, mollis purus."}},"b8ab706c-7b7c-4e3c-aad5-50292bdac1cf":{"type":"icon","settings":{"title":"How do I check the status of my order?","desc":"Nullam egestas vel lectus non pretium. Nam et lorem id risus scelerisque hendrerit. Suspendisse ornare, magna non volutpat interdum, tellus felis condimentum magna, non laoreet mauris eros vel nisi. In luctus lectus convallis, tempor quam at, eleifend eros. Nunc velit turpis, interdum a mi sit amet, facilisis elementum ex."}},"32e5aeb1-8843-49b5-ad22-2635c6237bf2":{"type":"icon","settings":{"title":"Can I cancel my order?","desc":"In luctus lectus, tempor at, eros. Nunc velit turpis, interdum a mi sit amet, facilisis elementum ex. Nunc vulputate nibh a nisi tempus semper. Morbi nisl leo, pharetra quis dignissim eu, lacinia vel turpis. Nunc eu tempus enim. Curabitur id quam at tortor faucibus faucibus. Vestibulum sit amet amet felis nec a risus."}},"1b4b54c9-8880-4fe6-9658-1dc17d72ad38":{"type":"icon","settings":{"title":"Do you allow exchanges?","desc":"Curabitur luctus dui sit amet feugiat. Suspendisse vel lectus sit amet odio bibendum. Cras consectetur urna quis rutrum. Ut ligula ipsum, auctor non ante at, malesuada euismod leo. Vestibulum vel nibh ligula. Maecenas sed iaculis libero. Aenean at neque placerat, mattis justo sit amet, sagittis. et dui laoreet, commodo sem."}},"0a49e50b-928f-473c-9d2d-c6b9cb97a97f":{"type":"class","settings":{"class":"fa fa-home","title":"Heading","desc":"Lorem ipsum dolor sit amet"}}},"block_order":["5d191c96-8d35-4362-947b-ef16b49342b4","ef11f4fd-c7f3-4bc9-8970-b5d788377d6e","2499bbd9-d47f-44e8-a918-fa4b07735657","b8ab706c-7b7c-4e3c-aad5-50292bdac1cf","32e5aeb1-8843-49b5-ad22-2635c6237bf2","1b4b54c9-8880-4fe6-9658-1dc17d72ad38","0a49e50b-928f-473c-9d2d-c6b9cb97a97f"],"settings":{"full":false,"spacing_both_ends":false,"section_heading":"","section_sub_heading":"","section_description":"","section_button_text":"","section_button_link":"","section_heading_color":"#000000","section_sub_heading_color":"#000000","section_description_color":"#000000","section_button_bg_color":"#ba8d69","section_button_text_color":"#ffffff","section_button_hover_bg_color":"#181818","section_button_hover_text_color":"#ffffff","heading_position":"text-center","block_style":"default-style","text_position":"text-start","border_radius":"0","enable_box_shadow":false,"enable_heading_icons":false,"faq_icon_size":"30","enable_segmented_layout":true,"segmented_layout_gap":"20","faq_heading_color":"#181818","faq_heading_bg_color":"#fcded6","faq_content_color":"#1a1a1a","faq_content_bg_color":"#fff5f2","custom_class_name":""}},"inner-page-team-section":{"type":"inner-page-team-section","blocks":{"87423189-7920-4045-99e2-148c25a11979":{"type":"content","settings":{"image":"shopify:\/\/shop_images\/support-block-image.jpg","name":"Name","designation":"Customer support","facebook":"#","twitter":"#","pinterest":"#","youtube":"#"}},"8e98ff50-12a4-4169-8919-91f92bd960a3":{"type":"content","settings":{"image":"shopify:\/\/shop_images\/support-block-image.jpg","name":"Name","designation":"Customer support","facebook":"#","twitter":"#","pinterest":"#","youtube":"#"}},"af12c133-f72e-4a02-a6a1-e161127752eb":{"type":"content","settings":{"image":"shopify:\/\/shop_images\/support-block-image.jpg","name":"Name","designation":"Customer support","facebook":"#","twitter":"#","pinterest":"#","youtube":"#"}},"1568878c-641d-4f2b-8110-53208a8b8555":{"type":"content","settings":{"image":"shopify:\/\/shop_images\/support-block-image.jpg","name":"Name","designation":"Customer support","facebook":"#","twitter":"#","pinterest":"#","youtube":"#"}}},"block_order":["87423189-7920-4045-99e2-148c25a11979","8e98ff50-12a4-4169-8919-91f92bd960a3","af12c133-f72e-4a02-a6a1-e161127752eb","1568878c-641d-4f2b-8110-53208a8b8555"],"settings":{"full":false,"spacing_both_ends":false,"padding":"10,10","margin":"0,0","show_background_image":false,"background_style":"default","enable_overlay":false,"background_color":"","overlay_transparency":"0.5","section_heading":"inner-page our team","section_sub_heading":"Sub Heading","section_description":"Use this text to share the information which you like!.","section_button_text":"","section_button_link":"","section_heading_color":"","section_sub_heading_color":"","section_description_color":"","section_button_bg_color":"","section_button_text_color":"","section_button_hover_bg_color":"","section_button_hover_text_color":"","heading_position":"text-center","column":"four-column","block_heading_color":"","block_designation_color":"","block_social_icon_bg_color":"","block_social_icon_color":"","block_social_icon_hover_bg_color":"","block_social_icon_hover_color":""}},"1625463344dad1f849":{"type":"slideshow","blocks":{"4c516436-6dbf-4e7a-9a98-247eb52ed300":{"type":"Slider","settings":{"mobile_bg_clr":"","text_alignment":"text-center","content_position":"dt-sc-flex-center","show_image":false,"title_2":"Sub Heading","subheading_color":"","subheading_size":"20","desc":"Few lines of short description.","desc_color":"","desc_size":"14","button":"Shop Now","link":"","btn_bg_color":"","btn_txt_color":"","btn_hoverbg_color":"","btn_hovertxt_color":"","button_2":"","link_2":"","btn_bg_color_2":"","btn_txt_color_2":"","btn_hoverbg_color_2":"","btn_hovertxt_color_2":"","slide_content_bg":""}},"7a7d1364-f948-4c91-984f-e95ae233b188":{"type":"Slider","settings":{"mobile_bg_clr":"","text_alignment":"text-center","content_position":"dt-sc-flex-center","show_image":false,"title_2":"Sub Heading","subheading_color":"","subheading_size":"20","desc":"Few lines of short description.","desc_color":"","desc_size":"14","button":"Shop Now","link":"","btn_bg_color":"","btn_txt_color":"","btn_hoverbg_color":"","btn_hovertxt_color":"","button_2":"","link_2":"","btn_bg_color_2":"","btn_txt_color_2":"","btn_hoverbg_color_2":"","btn_hovertxt_color_2":"","slide_content_bg":""}}},"block_order":["4c516436-6dbf-4e7a-9a98-247eb52ed300","7a7d1364-f948-4c91-984f-e95ae233b188"],"settings":{"full":true,"spacing_both_ends":false,"margin":"0,0","slider_height":850,"slider_height_lap":700,"slider_height_tab":600,"slider_height_mobile":350,"content_within_container":false,"enable_box_shadow":false,"border_radius":"0","content_border_radius":"0","autoplay":false,"slideshow_speed":"5000","dots":true,"carousel_pagination_alignment":"center_pagination","carousel_pagination_bottom_alignment":"inside_element","arrows":false,"nav_arrow_position":"navigation-bottom-center","center_nav_arrow_alignment":"outside_container","navigation_button_color":"","navigation_button_icon_color":"","navigation_button_hover_color":"","navigation_button_hover_icon_color":"","navigation_dot_color":"","navigation_dot_active_color":"","custom_class_name":""}},"16254637395b779024":{"type":"home-product-carousel","settings":{"full":false,"spacing_both_ends":false,"padding":"0,0","margin":"100,100","show_background_image":false,"background_style":"default","enable_overlay":false,"background_color":"","overlay_transparency":"0.5","section_heading":"Product Carousel","section_sub_heading":"","section_description":"","section_button_text":"","section_button_link":"","section_heading_color":"","section_sub_heading_color":"","section_description_color":"","section_button_bg_color":"","section_button_text_color":"","section_button_hover_bg_color":"","section_button_hover_text_color":"","heading_position":"text-start","grouped_content_bg":"","grouped_column_gap":"30","grouped_content_padding":"0","group_border_radius":"0","enable_group_box_shadow":false,"reverse_column":false,"content_width":"30\/70","lap_content_width":"35\/65","additional_block_background_color":"","additional_block_box_shadow":false,"additional_content_padding":"0","additional_block_border_radius":"0","enable_main_content":true,"main_block_background_color":"","enable_main_block_box_shadow":false,"main_block_border_radius":"0","main_content_padding":"0","collection":"","column_gap":"30","border_radius":"0","enable_list_view":false,"grid":"4","post_limit":2,"enable_slider":false,"items_per_view":4,"rows":3,"slider_autoplay":0,"enable_auto_height":false,"dots":false,"carousel_pagination_alignment":"center_pagination","carousel_pagination_bottom_alignment":"outside_element","arrows":false,"nav_arrow_position":"navigation-top-right","center_nav_arrow_alignment":"inside_container","navigation_button_color":"","navigation_button_icon_color":"","navigation_button_hover_color":"","navigation_button_hover_icon_color":"","navigation_dot_color":"","navigation_dot_active_color":"","custom_class_name":""}},"16254638834e702403":{"type":"home-grid-banner","blocks":{"16254638834e702403-0":{"type":"content","settings":{"show_image":true,"block_title":"Title","block_sub_title":"","block_description":"Pair text with an image to focus on your chosen product, collection, or blog post. Add details on availability, style, or even provide a review.","block_button_text":"Button","block_button_link":"shopify:\/\/collections\/best-collections","block_text_align":"text-start","content_position":"center-left","reverse_column":false,"block_banner_bg":"","block_content_box_bg":"","block_heading_color":"","block_sub_heading_color":"","block_description_color":"","block_button_bg_color":"","block_button_text_color":"","block_button_hover_bg_color":"","block_button_hover_text_color":"","overlay_style":"use_overlay","overlay_color":"","overlay_opacity":"0.5","rotation_degree":"180"}}},"block_order":["16254638834e702403-0"],"settings":{"full":false,"spacing_both_ends":false,"padding":"0,0","margin":"0,0","show_background_image":false,"background_style":"default","enable_overlay":false,"background_color":"","overlay_transparency":"0.5","section_heading":"","section_sub_heading":"","section_description":"","section_button_text":"","section_button_link":"","section_heading_color":"","section_sub_heading_color":"","section_description_color":"","section_button_bg_color":"","section_button_text_color":"","section_button_hover_bg_color":"","section_button_hover_text_color":"","heading_position":"text-center","block_banner_style":"list","column_gap":"30","grid":"2","border_radius":"0","enable_box_shadow":false,"equal_height":false,"content_width":"50\/50","lap_content_width":"40\/60","overlay_style_height":600,"overlay_style_height_laptop":500,"overlay_style_height_mobile":400,"custom_class_name":""}},"162546445354753e59":{"type":"home-featured-blog","settings":{"full":false,"spacing_both_ends":false,"padding":"100,100","margin":"100,100","show_background_image":false,"background_style":"default","enable_overlay":true,"background_color":"","overlay_transparency":"0.5","section_heading":"Blog Listing","section_sub_heading":"","section_description":"","section_button_text":"","section_button_link":"","section_heading_color":"","section_sub_heading_color":"","section_description_color":"","section_button_bg_color":"","section_button_text_color":"","section_button_hover_bg_color":"","section_button_hover_text_color":"","heading_position":"text-center","blog":"news","blog_show_author":true,"blog_show_date":true,"blog_comments":false,"blog_show_tag":false,"blog_show_button":true,"blog_show_description":true,"enable_blog_icons":false,"block_banner_style":"grid-style","post_limit":1,"grid":"1","text_position":"text-center","enable_box_shadow":false,"vertical_position":"vertical-center","content_width":"50\/50","lap_content_width":"40\/60","overlay_style_height":400,"overlay_style":"use_overlay","overlay_color":"","overlay_opacity":"0.5","rotation_degree":"180","split_blog_layout":false,"split_gap":"30","enable_masonry_grid":false,"main_banner_style":"grid-style","additional_banner_style":"list-style","enable_masonry_reverse":false,"blog_bg_color":"","blog_link_color":"","blog_link_hover_color":"","blog_text_color":"","blog_icon_color":"","blog_button_bg_color":"","blog_button_text_color":"","blog_button_bg_hover_color":"","blog_button_text_hover_color":"","blog_link_color_overlay":"","blog_link_hover_color_overlay":"","blog_text_color_overlay":"","blog_icon_color_overlay":"","blog_button_bg_color_overlay":"","blog_button_text_color_overlay":"","blog_button_bg_hover_color_overlay":"","blog_button_text_hover_color_overlay":"","masonry_content_width":"50\/50","lap_masonry_content_width":"40\/60","enable_slider":false,"enable_auto_height":true,"items_per_view":2,"column_gap":"30","slider_autoplay":0,"dots":true,"carousel_pagination_alignment":"center_pagination","arrows":true,"nav_arrow_position":"center-navigation","center_nav_arrow_alignment":"outside_container","navigation_button_color":"","navigation_button_icon_color":"","navigation_button_hover_color":"","navigation_button_hover_icon_color":"","navigation_dot_color":"","navigation_dot_active_color":"","custom_class_name":""}},"1625464732dee99c61":{"type":"home-masonry-banner","blocks":{"1625464732dee99c61-0":{"type":"content","settings":{"show_image":true,"block_title":"Title","block_sub_title":"Sub title","block_description":"Short description","block_button_text":"","block_button_link":"","block_text_align":"text-center","content_position":"center","image_position":"center","reverse_column":false,"block_banner_bg":"","block_heading_color":"","block_sub_heading_color":"","block_description_color":"","block_button_bg_color":"","block_button_text_color":"","block_button_hover_bg_color":"","block_button_hover_text_color":"","overlay_style":"use_overlay","overlay_color":"","overlay_opacity":"0.5","rotation_degree":"180"}},"1625464732dee99c61-1":{"type":"content","settings":{"show_image":true,"block_title":"Title","block_sub_title":"Sub title","block_description":"Short description","block_button_text":"","block_button_link":"","block_text_align":"text-center","content_position":"center","image_position":"center","reverse_column":false,"block_banner_bg":"","block_heading_color":"","block_sub_heading_color":"","block_description_color":"","block_button_bg_color":"","block_button_text_color":"","block_button_hover_bg_color":"","block_button_hover_text_color":"","overlay_style":"use_overlay","overlay_color":"","overlay_opacity":"0.5","rotation_degree":"180"}}},"block_order":["1625464732dee99c61-0","1625464732dee99c61-1"],"settings":{"full":false,"spacing_both_ends":false,"padding":"0,0","margin":"0,0","show_background_image":false,"background_style":"default","enable_overlay":false,"background_color":"","overlay_transparency":"0.5","section_heading":"Masonry grid banner","section_sub_heading":"Sub Heading","section_description":"Use this text to share the information which you like!.","section_button_text":"","section_button_link":"","heading_position":"text-center","section_heading_color":"","section_sub_heading_color":"","section_description_color":"","section_button_bg_color":"","section_button_text_color":"","section_button_hover_bg_color":"","section_button_hover_text_color":"","main_banner_style":"overlay","block_banner_style":"overlay","reverse_column":false,"column_gap":"30px","enable_box_shadow":false,"border_radius":"0","content_width":"65\/35","lap_content_width":"40\/60","primary_text_align":"text-center","primary_position":"center","primary_title":"Title","primary_sub_title":"Sub title","primary_description":"Short description","primary_button_text":"","primary_button_link":"","primary_banner_bg":"","primary_heading_color":"","primary_sub_heading_color":"","primary_description_color":"","primary_button_bg_color":"","primary_button_text_color":"","primary_button_hover_bg_color":"","primary_button_hover_text_color":"","overlay_style":"use_overlay","overlay_color":"","overlay_opacity":"0.5","rotation_degree":"180","block_style":"style-2","overlay_style_height":300,"overlay_style_height_laptop":550,"overlay_style_height_tab":500,"overlay_style_height_mobile":450,"custom_class_name":""}},"gift_card-logo":{"type":"gift_card-logo","settings":{"logo":"shopify:\/\/shop_images\/thumb-image-new.png","logo_max_width":100}}},"content_for_index":["1625463344dad1f849","16254637395b779024","16254638834e702403","162546445354753e59","1625464732dee99c61"]}}